Timestamp,Inner_Env,Outer_Env,Index_Dist,Mid_Dist,Ring_Dist,Pinky_Dist,Label
1775545546.4245143,325.18,824.22,0.2247779711028666,0.2921302619475434,0.3032495605831348,0.3208834533491148,0
1775545546.488965,324.16,824.92,0.2211616929968425,0.290278278609986,0.3009036668803888,0.3250319530077966,0
1775545546.5144978,325.78,824.32,0.2164492406119749,0.287521623713047,0.2999008192391786,0.3208815934496359,0
1775545546.5421968,325.06,823.94,0.2186363147827636,0.2911382458246196,0.3003291835600698,0.3199796815149803,0
1775545546.6016674,325.96,823.56,0.2197878691689616,0.2897895231773986,0.300080403260419,0.3214994432989385,0
1775545546.633419,326.04,823.94,0.2195984037839677,0.2914832897175186,0.3002201940154529,0.3210533627485706,0
1775545546.6698308,326.2,824.02,0.2188383341127831,0.2896936659227839,0.3005400046592869,0.3221902225156335,0
1775545546.6972744,327.06,824.02,0.2174057439776508,0.2890488616450227,0.2970724854622545,0.3197856588856901,0
1775545546.7272322,327.2,823.46,0.2188127793283997,0.2896329176831005,0.2994529271341088,0.32017366656397,0
1775545546.7526157,325.56,824.42,0.2188117901715747,0.2894698819185158,0.3002536222209762,0.3218851666913929,0
1775545546.7873394,324.12,823.82,0.220213670350965,0.2905014818747351,0.3003756419867027,0.322383414329782,0
1775545546.815219,323.86,823.82,0.2193026014506039,0.2906556173626196,0.3001739700050014,0.3219522888736947,0
1775545546.8429985,324.64,823.24,0.2173803012286967,0.2900063157287368,0.3003447332430836,0.3213953452303378,0
1775545546.870716,322.7,823.7,0.2190811300701512,0.2885044809250743,0.3006976898937144,0.3208480816299943,0
1775545546.898461,322.26,823.12,0.2187136457006971,0.2879385360770274,0.2993610488172479,0.3211196810332248,0
1775545546.926356,321.16,823.3,0.2175847650397346,0.2876389901474485,0.2988659083062983,0.3205323827033565,0
1775545546.9540665,321.92,823.1,0.2173471887311572,0.2893502746870433,0.298400018579914,0.3211675126454041,0
1775545546.982051,320.64,823.14,0.2180826659711771,0.2892794584376711,0.2982995436788242,0.3206512828747343,0
1775545547.0095856,321.9,822.52,0.2177927638414797,0.2887655633292473,0.298098585642509,0.3200271768111989,0
1775545547.0374277,320.96,822.98,0.2172959689152344,0.2881457436790971,0.2969294055542997,0.3187323811933092,0
1775545547.0654604,321.6,822.0,0.2190136917061585,0.28777890889633,0.2972802040878444,0.3201280453832576,0
1775545547.0929973,320.82,822.38,0.2174967436979778,0.2881792704907929,0.2972876366667971,0.3199178729311366,0
1775545547.1209798,321.02,821.92,0.2187682564426685,0.2876004906084051,0.2974127301280614,0.3184267486823217,0
1775545547.1553953,322.08,821.58,0.2198177594061951,0.2889201381612343,0.2969563366983836,0.3205262829667777,0
1775545547.183165,323.78,821.36,0.2197098729177851,0.2910069811134574,0.2979403041390765,0.3207218271420971,0
1775545547.2179248,322.2,821.36,0.2204593474981032,0.2889144539258023,0.2978496654784159,0.3201895528913878,0
1775545547.2527034,321.58,820.68,0.2178659619380739,0.2878354204796937,0.2970232995654315,0.3203123438458441,0
1775545547.2805245,319.88,820.68,0.2190282377882093,0.2876921574500391,0.2982701508033197,0.3208885217677705,0
1775545547.3152332,321.24,820.08,0.2188733087592171,0.2874766780607941,0.2968637971716843,0.320048077465552,0
1775545547.3430524,319.08,820.16,0.218782567002871,0.2890528616119255,0.2969056904527695,0.3198461859506382,0
1775545547.3846266,320.32,819.72,0.2173170092670024,0.2869049371825553,0.2963627007326687,0.3198390789371564,0
1775545547.419387,319.46,819.04,0.2173600967590566,0.2884529165017432,0.2971143061821308,0.3203252246288243,0
1775545547.4643683,319.24,818.76,0.2190256967801773,0.2895905110937346,0.2962038906109883,0.319550443134139,0
1775545547.488505,317.82,818.72,0.2202702222533739,0.2919434171770623,0.2979229404413469,0.321255620210591,0
1775545547.5123343,318.54,818.0,0.2187503244892019,0.2910800141629528,0.2976042254998485,0.321775141627837,0
1775545547.544861,317.24,818.0,0.2173727485526268,0.2904313945294344,0.2962243690263634,0.3226085101670629,0
1775545547.5771909,317.96,817.3,0.2194347805974685,0.2928531059900098,0.297524423787214,0.3246112901020735,0
1775545547.6282885,317.32,817.3,0.2200684094478044,0.2937971639747206,0.2999866386569606,0.323607789056379,0
1775545547.6573734,317.92,816.76,0.2219681303120612,0.2950441443671917,0.3037711169219712,0.3256313372913176,0
1775545547.690227,316.48,816.76,0.2215301785051144,0.2949561424884464,0.299911067778,0.3262188023809559,0
1775545547.7205694,317.94,816.02,0.2217686132811374,0.29641669040961,0.3009508758467167,0.3260304134292094,0
1775545547.7546396,317.06,815.48,0.2215226186912595,0.2971366970318666,0.299787495926025,0.3277011150142855,0
1775545547.7899437,318.98,815.08,0.2231433913739339,0.2973692360873061,0.3039834389208388,0.3262681428554379,0
1775545547.834774,318.76,814.68,0.2241341708503512,0.2980541488487813,0.3036351060342195,0.3248646058401017,0
1775545547.8653507,321.12,814.24,0.2257611325633352,0.2980795184792572,0.3029323089075688,0.3270698167214115,0
1775545547.8991437,319.46,814.32,0.2259898503241736,0.2991955977725485,0.3021798929178562,0.3279695296058072,0
1775545547.9455104,320.0,814.42,0.2270138819282874,0.3008097527485685,0.3067262126892749,0.3282040986039501,0
1775545547.9776576,319.6,814.64,0.2265701045938365,0.3008386544017867,0.3061325514185695,0.3274257584911176,0
1775545548.0093172,319.26,814.04,0.2253030609258146,0.2988857032816153,0.3061523897569224,0.3267502017831931,0
1775545548.044669,318.16,814.16,0.2262454562121654,0.3011602283260475,0.3062764188417627,0.3299951121566421,0
1775545548.0894885,318.86,813.34,0.2274865930944527,0.2996999259699074,0.3084587520682381,0.330025059862905,0
1775545548.120513,316.68,813.14,0.2262567909904292,0.2996126787165201,0.3070196143421614,0.3300599996710672,0
1775545548.1530938,317.38,812.66,0.228085616668466,0.3014856322772728,0.3100024607078631,0.3289992452362512,0
1775545548.1854186,316.64,812.66,0.2274629138688619,0.2993435141914318,0.308147079433532,0.3297206569123791,0
1775545548.2165608,317.44,812.0,0.2267766114079701,0.2983631970417846,0.3068088272961808,0.3283166344740343,0
1775545548.2495258,315.6,812.1,0.2256878961674001,0.2960162388674593,0.3072764365637457,0.3259422935129716,0
1775545548.281694,317.76,811.46,0.2231701270791428,0.2948171537735344,0.3061107941380931,0.3270644051221895,0
1775545548.3134103,317.34,811.46,0.2219351379596132,0.2922932242308921,0.3011534237289077,0.3252313594105485,0
1775545548.346243,318.5,810.84,0.2228681695056948,0.2911104278720572,0.3011054886628741,0.3276343254992973,0
1775545548.3800845,317.74,810.76,0.2230090565173542,0.290648633166261,0.3010257494966856,0.3266521349391251,0
1775545548.4266803,319.64,810.22,0.2212636420987579,0.2905663600289551,0.3009121292159954,0.3267198777324276,0
1775545548.4571958,318.46,810.22,0.2216387604761583,0.2926140892749379,0.3034800851521721,0.3300549263976746,0
1775545548.4907904,318.8,809.82,0.2238843265546206,0.2912746099529393,0.301904524975185,0.3289188989802874,0
1775545548.5202563,317.46,809.36,0.2241433402012654,0.2928028362873205,0.3030041042602844,0.3309744018617924,0
1775545548.5532694,318.74,809.0,0.2243839851462914,0.2946291535659803,0.3053415127434715,0.3313673592143432,0
1775545548.5854945,317.76,809.0,0.2174939579662491,0.2917546735316119,0.2999212572581504,0.3276777271730985,0
1775545548.6174576,318.74,808.44,0.2161400041921238,0.2926032958163947,0.2984904292656227,0.3293702740749551,0
1775545548.6484804,318.0,808.96,0.2144768444516997,0.2943604380855864,0.2949299363264447,0.3279192366151047,0
1775545548.6813028,320.42,808.22,0.2132693537419905,0.2910233654412696,0.2943637361949833,0.3272522363485835,0
1775545548.71356,320.12,808.32,0.211817737660662,0.2897106079362112,0.2917585591092188,0.3263807717261692,0
1775545548.7456062,320.96,808.08,0.2118019833404171,0.2885341220782597,0.2942576979174858,0.326623484517947,0
1775545548.7774725,319.68,808.26,0.2145280460005406,0.290394416074003,0.2943985628997064,0.3274141792908931,0
1775545548.8111973,320.6,807.98,0.2137748027842427,0.2892130078988943,0.2946962405444175,0.3258945538865819,0
1775545548.857344,319.02,807.98,0.2142354658930214,0.2898241238766215,0.296983914191162,0.3267330362797086,0
1775545548.8892376,318.84,806.94,0.2163514562677266,0.2932469595008397,0.297719595071841,0.3283600897026097,0
1775545548.9204395,318.68,807.32,0.2184784148219239,0.2949803109309791,0.3010779019759878,0.3290895134409753,0
1775545548.9523923,319.8,807.12,0.2185646723215901,0.2957805028019784,0.3011916366893484,0.3283432804681868,0
1775545548.986765,318.38,807.6,0.2188317770916402,0.2952073809348996,0.3010116900028384,0.3282630421754846,0
1775545549.017329,319.48,806.78,0.2170306729255699,0.291608507364355,0.2973533817248027,0.324059886351923,0
1775545549.0509164,319.62,807.28,0.2194114441163147,0.2925013664499981,0.2983142086039286,0.3235145537559268,0
1775545549.081561,320.14,806.74,0.2175380085733471,0.2920472200083047,0.295096683606767,0.3234187342880555,0
1775545549.1147828,319.46,807.12,0.2159958121653233,0.291928806821316,0.2955379978642551,0.3236916086824521,0
1775545549.146762,319.88,806.0,0.2165329918515135,0.2915938574820472,0.2962989819332349,0.3244158433001691,0
1775545549.1764874,318.78,806.04,0.2173821136811921,0.2922232326936721,0.2967361964513243,0.3236213726079098,0
1775545549.210097,319.56,805.5,0.2176637470163626,0.2926027295269987,0.2960198681350602,0.3244303044115894,0
1775545549.2464638,318.74,805.86,0.218744079327654,0.2926418794389078,0.2958688819303682,0.3226472135681144,0
1775545549.289652,319.26,805.46,0.2182761634983203,0.2921226563264739,0.294716826518382,0.3221492007091492,0
1775545549.3213148,318.68,805.06,0.2179510387096281,0.2925459335064255,0.2978424225947115,0.3232479733815811,0
1775545549.353304,319.18,804.72,0.2182372593757643,0.293571168372726,0.295930208325599,0.3248097356967124,0
1775545549.3854244,319.16,804.72,0.2181071598496884,0.2936810242567634,0.2975340688703475,0.3244059317504114,0
1775545549.4172385,320.18,804.06,0.2177767707835533,0.2927904647010747,0.297502774707846,0.3253909484818604,0
1775545549.4485474,319.02,803.38,0.2189319234787478,0.2936369220717293,0.2989884294226298,0.3256462012393535,0
1775545549.4813778,317.94,802.96,0.2177470276683669,0.2930140027105174,0.2979434792260405,0.3258247777733785,0
1775545549.513438,315.92,803.38,0.2162705482283838,0.291105611379055,0.2958251903015407,0.3236737669772066,0
1775545549.547257,316.38,802.44,0.215509628549313,0.2908265700011634,0.2939795398066906,0.3223435066203687,0
1775545549.5773983,315.56,802.38,0.2159123972077782,0.291038716334514,0.2955780949894805,0.3239450426399878,0
1775545549.61081,315.6,801.04,0.2148541016964791,0.2896499697126984,0.2936875824484332,0.3219146873949133,0
1775545549.6474562,314.44,800.96,0.2145812759292446,0.2889509326093245,0.2935225485849336,0.3220251437114227,0
1775545549.690678,315.18,800.32,0.2142330163422559,0.287951537569994,0.2925999816860873,0.3205288138968425,0
1775545549.721491,313.98,800.3,0.2144453321806231,0.2889784938267826,0.2935976263174166,0.3222147590972561,0
1775545549.7548213,314.4,799.82,0.2157731922236835,0.2898160432253127,0.2936446852123077,0.3220286782466197,0
1775545549.7852912,314.66,800.02,0.2129845380824573,0.2871240622930471,0.2931069544069896,0.3217880197332519,0
1775545549.8173246,315.36,799.58,0.2135029996693173,0.2876050290350488,0.293692341215141,0.3215687077033756,0
1775545549.848987,314.84,799.58,0.2137025073192252,0.2883897430832142,0.2943173857523429,0.3219112371270442,0
1775545549.8812785,314.86,799.12,0.2152405528542887,0.2894248781618968,0.2943774527092733,0.3216995960970067,0
1775545549.9133797,315.12,798.64,0.2131185171454427,0.2886158388419433,0.2934895852381342,0.3209128506140395,0
1775545549.9478564,314.06,798.0,0.2142659914983818,0.2876472346226338,0.293710915943341,0.321393984612892,0
1775545549.9779186,313.24,798.48,0.2126491746282446,0.2852218317198831,0.293522992103969,0.3220106827887867,0
1775545550.0095167,313.46,797.76,0.2103790900414582,0.284768246328784,0.2908185976268712,0.3192599305697269,0
1775545550.0412674,313.44,797.58,0.2161832522400059,0.2885298234318933,0.2929481636939774,0.3205366790765613,0
1775545550.07537,313.94,796.78,0.2133193943667174,0.2870281581989312,0.2923395054632999,0.3210540971926819,0
1775545550.121433,314.1,796.78,0.2174402955513393,0.2908677576491796,0.2935756465692546,0.32151226618383,0
1775545550.1532598,314.74,796.12,0.2171363289616912,0.2917741100276518,0.2974068433232449,0.323611923517731,0
1775545550.185335,314.8,796.6,0.2146278717888952,0.2887498410318122,0.2941214507180532,0.323977091667641,0
1775545550.2163603,315.2,796.46,0.2152987786191789,0.2901668008141557,0.2932089318477011,0.3210904938891184,0
1775545550.249886,315.48,795.9,0.2154273576403244,0.2915172158635141,0.29427341559518,0.3201189279472977,0
1775545550.281617,315.76,795.36,0.2158697285043271,0.2903010064854274,0.2939149136898296,0.3205579638047145,0
1775545550.314366,314.96,794.66,0.2157504673759871,0.2908702400693109,0.2935622782668279,0.3188080101228501,0
1775545550.3484564,314.22,794.3,0.2159701904716992,0.2904361898197256,0.2939114980892607,0.3181170118715992,0
1775545550.3787997,311.96,794.36,0.2169389271132551,0.2921876252032338,0.2956791765442483,0.3207695836333734,0
1775545550.4093652,311.26,793.62,0.2185589990432045,0.2929184163258659,0.2953204621617246,0.3214787804621986,0
1775545550.4416437,310.56,793.72,0.2194642435091812,0.2939035863480451,0.2964137655143397,0.3209759637582467,0
1775545550.4723186,311.98,792.52,0.2196523805079088,0.2951815690653436,0.2975088514758269,0.3233552104946652,0
1775545550.5060167,310.4,792.98,0.2184139624046815,0.2941803736755635,0.2970817705461858,0.3250847636565135,0
1775545550.5401511,310.28,792.24,0.2213698164893955,0.2970120770587761,0.2989155807110076,0.3251375007351863,0
1775545550.5844097,309.08,792.42,0.2225445608698094,0.2981490983382434,0.2994579073526381,0.3263938414479286,0
1775545550.61752,308.86,791.8,0.2236981171712661,0.3002803890849073,0.3029984725382663,0.3303824012338441,0
1775545550.6488216,309.1,791.92,0.2231135911391125,0.2995725408915631,0.3008133902614516,0.3259460839669771,0
1775545550.681441,309.0,791.98,0.2238605097202864,0.300018582773894,0.301059061705373,0.3278197265660112,0
1775545550.713264,308.38,791.96,0.2213527588643869,0.2964205334053441,0.2987095346868632,0.3265337898152144,0
1775545550.7490857,308.04,791.54,0.2219353312724434,0.29600383507501,0.2989074750043444,0.3238506136063849,0
1775545550.776417,306.92,791.7,0.2206234670369284,0.295345321017978,0.2976066040617378,0.3224412054403519,0
1775545550.8093858,308.24,791.3,0.2219040393132364,0.2961634299152786,0.2978255723852052,0.3230985389598984,0
1775545550.8405256,306.92,791.54,0.2213488189108336,0.2957926445556441,0.2992265673557029,0.3272302146681299,0
1775545550.8746324,307.16,791.18,0.2219339218504748,0.2970500836680876,0.3016144318017887,0.3339803864985482,0
1775545550.9083896,307.08,791.62,0.2242329692979835,0.2983232564224562,0.303441552278659,0.3353232961004847,0
1775545550.9546096,304.82,790.8,0.2236487955749067,0.2985233421554606,0.3041514687184792,0.3368455411221622,0
1775545550.9851625,303.76,791.36,0.2269091239993511,0.3016736146001623,0.308103430972131,0.33532976294279,0
1775545551.018782,303.98,790.74,0.2345522151283722,0.3062806332920754,0.3142224073705945,0.3328096854049968,0
1775545551.0492797,302.0,791.42,0.2432282691108002,0.3113320177761055,0.3172032034950371,0.3296058881418948,0
1775545551.0816858,301.62,791.28,0.2496814126902688,0.3143819187925416,0.3155044861995825,0.3222830310946484,0
1775545551.113239,300.62,791.44,0.2554264817705928,0.3186205547514332,0.3176762079276252,0.3204013381292224,0
1775545551.1493466,301.34,791.12,0.2605245938169939,0.3217171076355959,0.3224188789132326,0.3145750559704058,0
1775545551.1762612,299.86,791.06,0.2617239121772205,0.324932129222147,0.3275476291520547,0.3160748744892291,0
1775545551.2093964,299.4,791.0,0.2635265357678301,0.3263238792874835,0.3297040690045006,0.3183081485596762,0
1775545551.2404425,298.8,791.16,0.2667338642953689,0.3289493423281872,0.3362626318134721,0.320881284854711,0
1775545551.2732692,299.66,790.86,0.2663979418817512,0.3315011172308519,0.3358303413992011,0.3215755230751431,0
1775545551.3054118,298.94,790.34,0.2699710098967932,0.332180710249877,0.3348276938958054,0.3216058992986335,0
1775545551.3396015,300.46,790.14,0.2698223154786868,0.331661455794862,0.3349627976753754,0.3213534732722932,0
1775545551.385007,300.16,790.38,0.2730298813554563,0.3329860810632541,0.3383281140680345,0.3221793011333483,0
1775545551.4165163,300.44,790.04,0.2706880960491417,0.3315512499091768,0.338912808096885,0.3240568612905484,0
1775545551.449485,299.2,789.74,0.2685561707583788,0.3296231771302061,0.3386949998078286,0.3236503352210982,0
1775545551.481241,298.96,789.42,0.271377707885481,0.3339489813899873,0.3402158825563221,0.3202553534032875,0
1775545551.5147953,297.28,789.9,0.2701217470024692,0.3314123862644987,0.3406126178765797,0.3242509659060408,0
1775545551.5501423,297.94,789.48,0.2714657237632062,0.3328560321166418,0.3413932558015274,0.3246026103104757,0
1775545551.5793424,296.96,790.0,0.2716347265035687,0.3345016552561285,0.3406148925003626,0.3247785363553159,0
1775545551.610167,297.26,789.76,0.2689242872743915,0.3358029305982282,0.339952217656387,0.327145143949133,0
1775545551.6430333,296.16,789.24,0.2688967326201951,0.3322270127531261,0.3396403683625631,0.3231919179387257,0
1775545551.6733596,295.86,789.32,0.2689057996016846,0.3320450068030326,0.3373774762453427,0.3229182545267526,0
1775545551.705479,294.9,788.98,0.2697469550180307,0.3329990839072639,0.3374705328213861,0.324177916695703,0
1775545551.7375388,293.78,788.96,0.2682383894627689,0.3325033800589595,0.3381063149686342,0.3235932412928941,0
1775545551.7710545,292.54,789.66,0.2681577115590034,0.3323329357575594,0.338000579240815,0.3236513430812547,0
1775545551.817306,292.12,789.58,0.2687653284988917,0.3332084278494739,0.3369191755092653,0.3249034218807536,0
1775545551.8497434,291.88,789.66,0.2694955192707428,0.3319920718682356,0.3396296998396801,0.3227203006432858,0
1775545551.881312,291.2,788.98,0.2683483934436763,0.3331044440433767,0.3367128667419217,0.3239617686370406,0
1775545551.9133527,289.64,789.74,0.271092858364227,0.332658992940834,0.3373281935744852,0.3219160878890001,0
1775545551.9499607,289.3,789.26,0.2667605434819735,0.3321803576256126,0.3358011574726553,0.3234554896814759,0
1775545551.9765124,288.82,790.12,0.2674961270195905,0.3311324567150834,0.3373275173608913,0.3223381491610457,0
1775545552.0082376,288.74,789.82,0.2671137930038133,0.33458979970452,0.3365182761308212,0.3242904092764502,0
1775545552.0413976,288.34,790.18,0.2682728624991516,0.3326554243374071,0.3398512472596224,0.3235380414095282,0
1775545552.07401,288.88,790.0,0.2697331266817148,0.3347200261076914,0.341506066943669,0.3258179344412769,0
1775545552.104605,288.52,790.04,0.2655911438252388,0.334037891915991,0.336855161747863,0.3248982262630973,0
1775545552.138599,287.38,789.98,0.266347814548339,0.3324152357613673,0.3383246183842315,0.3248618096806303,0
1775545552.1685948,287.4,790.42,0.2656624869740052,0.3330318645946627,0.3396407121948835,0.3262216873109819,0
1775545552.201544,286.78,790.52,0.2662326567938428,0.3348900731220167,0.3396232491866578,0.3272056876859119,0
1775545552.2347164,287.16,790.42,0.2672664498671316,0.3352343126099082,0.3402646786240141,0.3268327934673271,0
1775545552.2680132,286.0,790.44,0.2656034838874317,0.3350909260071751,0.3374417668500415,0.3280310642947064,0
1775545552.3135335,285.38,789.84,0.2667763312847572,0.3330724689901459,0.3396676199271575,0.3278313378889805,0
1775545552.3499155,285.7,789.58,0.2647443203049189,0.334512314123282,0.3377193641332443,0.3274220020557973,0
1775545552.3764017,284.74,789.1,0.2662299190626265,0.3357527503714941,0.3378307445352141,0.3284768922812647,0
1775545552.409494,285.2,789.08,0.2652021799755809,0.3350348539845556,0.3383072248605897,0.3280800014001651,0
1775545552.440436,284.14,789.1,0.2631834823267343,0.3328636513020245,0.3348592627265885,0.3268612909604433,0
1775545552.47342,283.24,789.14,0.2640930920908209,0.333266484983589,0.3379486940329964,0.3280038531683047,0
1775545552.5047245,282.92,789.12,0.2651280574904539,0.3341950614279799,0.3371508677274505,0.3285021934927635,0
1775545552.5370743,282.44,789.02,0.2638821515613021,0.3335272210672345,0.3367276894309842,0.3277703410156226,0
1775545552.5685298,280.88,788.88,0.2656787239701954,0.3342334881364894,0.3371873409419474,0.3285338961246589,0
1775545552.6024384,282.72,788.66,0.2644921698043914,0.3343344154112506,0.3371653694227404,0.3291287986079861,0
1775545552.6506867,282.56,788.74,0.2647309523374363,0.3344175769545207,0.3371126883862859,0.3292941278098484,0
1775545552.681422,282.26,788.44,0.2641188119474596,0.3344109297512792,0.3361748346075388,0.3278791641628837,0
1775545552.7135413,282.32,788.72,0.2631211056284695,0.3328861449501459,0.3348475155324178,0.3284492056199298,0
1775545552.7503717,281.34,788.42,0.263569421148323,0.3342407989281952,0.337250824155604,0.3297414170632007,0
1775545552.7790773,281.16,789.3,0.2624296502036847,0.3352898563976032,0.337309193899539,0.330078780332544,0
1775545552.8093648,280.76,788.9,0.2627967029850325,0.3344229769741931,0.3362019011773656,0.3303016552334771,0
1775545552.842716,280.92,789.08,0.2645775698624468,0.3344337880520105,0.3373731524239575,0.3300644814180389,0
1775545552.8736615,281.54,788.82,0.2643894152982146,0.3358818583892193,0.3369928277972147,0.3326167706847208,0
1775545552.9069395,281.56,788.76,0.2644614593592418,0.3350594062320698,0.3375657634134744,0.3306942397438226,0
1775545552.9373772,281.32,788.86,0.2642093945554596,0.3348501616681004,0.3356733064772648,0.3309865658887373,0
1775545552.9697113,280.84,789.52,0.264402984587462,0.3350282921572024,0.3360260225260749,0.3298925960200336,0
1775545553.0007267,280.34,789.02,0.265458414320209,0.335618076911825,0.3371775816646671,0.3307381561198063,0
1775545553.0333486,280.16,789.04,0.2646123209617998,0.3355984588622888,0.3357742734364401,0.3294743304216065,0
1775545553.0673835,280.86,788.7,0.2642512871165658,0.3356428728215431,0.3369936038774591,0.3302447581043149,0
1775545553.1132934,282.12,789.3,0.2643185744774803,0.3344890364060072,0.3360504628342904,0.3302867292558645,0
1775545553.1453342,281.64,789.04,0.2622893056716153,0.3328860222415268,0.3338923685923071,0.3300648542888491,0
1775545553.177449,282.92,789.54,0.2640516548609602,0.334520685368952,0.3349409407928871,0.3304686090761089,0
1775545553.2086067,283.44,789.5,0.2637976166494908,0.3333316659461148,0.3357973092962646,0.3308057750499409,0
1775545553.241309,283.34,789.96,0.2637627760164966,0.3338445703495838,0.3352415955689622,0.3294193516174274,0
1775545553.2731955,282.4,789.62,0.2632602876433471,0.3340327713219412,0.3349960899045364,0.3307011419120589,0
1775545553.305699,283.08,790.58,0.2636835764669789,0.3345886445955515,0.3362822488021214,0.3313295988327761,0
1775545553.3373935,283.54,790.26,0.2644834292809974,0.3342589766684167,0.3350859861455491,0.3315259100297787,0
1775545553.3693929,284.6,791.1,0.2643351567756333,0.3349551176078833,0.3355701422255052,0.330765796732921,0
1775545553.4026186,285.42,790.96,0.2652288946330085,0.3355455642143858,0.3351931261931785,0.3306447613050555,0
1775545553.4324625,285.32,790.84,0.2636956792934482,0.3340912276951504,0.3342179473107108,0.3307303694684559,0
1775545553.4668336,286.02,790.76,0.2636612042548081,0.3337802739196022,0.3341532372028025,0.330821011472992,0
1775545553.5124469,286.36,790.64,0.2638153150346934,0.3341777636282476,0.3350101060272208,0.3305413400016029,0
1775545553.5465567,286.08,790.86,0.2641309086823676,0.3340958444430615,0.3349361488132009,0.3303273144399041,0
1775545553.5773487,287.94,789.94,0.2643774718439539,0.3352062102817904,0.3340576020269083,0.3304099980472887,0
1775545553.6095033,287.7,790.54,0.2637165223342227,0.3335559766693837,0.3338229460635423,0.3297590413480133,0
1775545553.6413977,287.56,789.68,0.2642413478742901,0.3340849767657649,0.3357438827704394,0.3317788428328509,0
1775545553.6732876,287.56,790.32,0.2658216413137671,0.3356720565885477,0.3354343410924806,0.3312867300509783,0
1775545553.705463,289.26,789.22,0.2629557617869013,0.3323495819152299,0.334114840296803,0.3295029593557066,0
1775545553.7374268,289.4,790.0,0.2641019889229062,0.334841024118873,0.3346472596450437,0.3309952053736626,0
1775545553.7694898,290.44,789.02,0.2646449596424801,0.3340783688784473,0.334118281348015,0.3308412100078861,0
1775545553.8005054,291.0,789.82,0.2655170871579596,0.3344464997655416,0.3345100302612157,0.3311793899168849,0
1775545553.8334632,292.5,788.64,0.264530199812884,0.3348064341017401,0.3336519531246553,0.3304695804177471,0
1775545553.8655736,293.68,789.26,0.263690505082875,0.3340072689890922,0.3343006619916805,0.329912888784026,0
1775545553.8992138,294.14,788.7,0.2637668317252243,0.3336147351925299,0.3336719425935171,0.3303426354442331,0
1775545553.9454665,295.24,789.08,0.2636580851448827,0.3326921988167389,0.3321061072888367,0.3303546307325457,0
1775545553.9775803,295.56,789.08,0.2645178379963412,0.3345090791023489,0.3333990877973709,0.3310550191014949,0
1775545554.009442,294.24,789.54,0.2638209524382958,0.3350069332205251,0.3358144161220276,0.3313943226579837,0
1775545554.0429263,296.32,789.54,0.2654565440861777,0.3363056643939945,0.3368183330057102,0.3340631725828797,0
1775545554.0734203,296.22,790.24,0.2651616136268889,0.3359240783742533,0.336096253385289,0.3324497166576746,0
1775545554.1066835,298.36,789.68,0.264858716314744,0.3354098261964209,0.3359697347610937,0.3330277890808945,0
1775545554.1376498,299.16,789.9,0.2656300193419208,0.3363539859627337,0.3373321888456876,0.332965356778253,0
1775545554.1707897,301.22,789.28,0.2655217374704772,0.3356683436007711,0.3366852137258184,0.3340367364312924,0
1775545554.2004635,301.72,789.3,0.2647549481583742,0.3360243605595016,0.3346334071619709,0.3337457956426465,0
1775545554.2333727,303.3,789.04,0.2657655815347036,0.3365519578520042,0.3351549631811734,0.3336275263286179,0
1775545554.2645175,302.8,789.5,0.2641724987248558,0.3361083918299823,0.3347553537697212,0.3321627046809006,0
1775545554.2981043,304.6,789.24,0.2641384436442058,0.3346350706378357,0.3357482181889263,0.333124358884248,0
1775545554.3312466,304.32,789.54,0.2646895048864582,0.3351341235983939,0.3348561190597942,0.3318928123509386,0
1775545554.3694403,306.26,788.94,0.2650218310096721,0.3358249651605377,0.3355784587257435,0.3315124014981525,0
1775545554.409395,306.86,789.4,0.2640015965357464,0.3364127269207692,0.3351194848005361,0.3314961164509666,0
1775545554.4454892,308.36,788.52,0.2643793268958557,0.3360052847441824,0.3346791461338598,0.3295951806283965,0
1775545554.4734445,309.26,788.62,0.2647606578475241,0.3356134895804971,0.3332571004892993,0.3296019328516597,0
1775545554.5046473,311.68,788.08,0.2637200324425442,0.3346031436836162,0.3342667569000002,0.3316334270209434,0
1775545554.536904,310.68,788.4,0.2641387633265568,0.3354160590565381,0.3343653642855618,0.3305737618140705,0
1775545554.5692914,311.82,787.92,0.2663756253669779,0.3367831371146176,0.3370057213608778,0.3310825284578003,0
1775545554.6015768,311.24,788.26,0.2655857470102064,0.336725799560593,0.3364343178135882,0.3321616875763465,0
1775545554.6333995,316.26,787.6,0.2639938369566588,0.3364638685234202,0.336203382503735,0.332228404978676,0
1775545554.666475,316.38,788.36,0.2661513877555877,0.3379474278382464,0.3373205208675162,0.3318499123891715,0
1775545554.6972473,318.08,787.58,0.2629068338151328,0.3366812615938225,0.3365762838451009,0.3314199952197045,0
1775545554.7308831,317.7,788.14,0.2638267653942822,0.3368032207325181,0.3361432582888796,0.3318247879346185,0
1775545554.764542,318.84,787.18,0.261293234051173,0.3338179489076335,0.3333208221710849,0.3286694446359826,0
1775545554.811018,318.7,787.5,0.2632034981870312,0.333748726084609,0.3343822836033207,0.3298624466632032,0
1775545554.8404708,320.36,786.5,0.263308821333833,0.3344910524319147,0.3355127946598479,0.3321273029453309,0
1775545554.873451,319.56,786.8,0.2632885343780887,0.3350757494193387,0.3336681692789756,0.3306408733222137,0
1775545554.905358,321.7,785.78,0.2641629016839893,0.3357947159392852,0.3351651743193001,0.331406123090833,0
1775545554.9374018,323.24,786.66,0.2637441831974532,0.3355786147747525,0.3356510927871949,0.3318783193888345,0
1775545554.9696405,325.58,785.44,0.2626490837008292,0.3352260835306042,0.3357811075695341,0.3302616397567613,0
1775545555.000574,325.98,785.92,0.2636739644944409,0.3355988854615328,0.3356370828474788,0.3302942773909582,0
1775545555.0334938,327.72,784.84,0.2615943191846073,0.3339826070793209,0.3337606589973622,0.3307256729356551,0
1775545555.0652022,328.1,785.62,0.2631116323840418,0.3357010615050642,0.33500676566932,0.3303140326544178,0
1775545555.0964923,330.46,784.74,0.2619128605196179,0.3344149046133316,0.3339950586629603,0.3301004364534936,0
1775545555.1293302,330.96,785.16,0.2629704890178021,0.334755457393834,0.3353556894472741,0.331696314054281,0
1775545555.1636908,333.8,783.98,0.263538405440317,0.3350079466191601,0.3360656424630101,0.3309065705274404,0
1775545555.2093294,333.56,784.44,0.2636551847655902,0.3350912197836249,0.3352161356743718,0.3313314174358974,0
1775545555.2418256,335.16,784.04,0.262724219759652,0.3353573478366796,0.3347641974699565,0.3307599457565807,0
1775545555.2734346,336.72,784.3,0.2628885260101017,0.3356643322629122,0.3361004813867673,0.3307109175830859,0
1775545555.3067455,340.22,783.84,0.2621488543588923,0.3352656511782763,0.3343217336046763,0.3308028525025466,0
1775545555.337274,340.9,784.22,0.2631797855846309,0.3355440663501667,0.3357299885387831,0.3326604561236926,0
1775545555.370823,344.5,783.64,0.2635202280644464,0.3347711647228001,0.3351346975223218,0.3316092111733548,0
1775545555.4004133,345.34,783.68,0.2633182490828859,0.335734150136503,0.335550709615968,0.3323590257138507,0
1775545555.4340255,347.74,783.66,0.2628056982178091,0.3358373180096012,0.3351377269405832,0.3312116499653094,0
1775545555.464497,347.56,783.88,0.2640607268333431,0.3367530771623959,0.3366418744854994,0.3334160171009022,0
1775545555.4976697,349.76,783.86,0.2640532609341928,0.3368915659584453,0.337455918113411,0.3319094887726967,0
1775545555.5296564,350.6,784.16,0.2633341960354279,0.3366635019028471,0.3368269318072052,0.3321074300900491,0
1775545555.560609,353.46,783.74,0.2638155059486279,0.3362966049523269,0.3357244830507362,0.3324810151445345,0
1775545555.5934818,353.3,784.14,0.2637496477748548,0.3363137853411415,0.3350656776407099,0.3320251210393127,0
1775545555.6282718,356.24,783.38,0.2636652002030231,0.3355422353933092,0.3356802872588622,0.3321185273496698,0
1775545555.6724997,359.24,783.96,0.2641614267565557,0.3370782698257235,0.3356808357787103,0.3333049531996979,0
1775545555.7053056,361.18,783.22,0.2632827657361726,0.33679054992987,0.3344948857417434,0.3309653274999189,0
1775545555.7364187,361.66,783.24,0.2630491079912825,0.3341211373534656,0.3343449573716979,0.3291811685379517,0
1775545555.7695966,364.16,782.86,0.2640890465542664,0.3374101961884435,0.3368425878942024,0.333414178723258,0
1775545555.801329,365.14,783.78,0.2630499648998767,0.3359831504968827,0.3355787914389029,0.3318988888009273,0
1775545555.833374,367.84,783.18,0.2632335073027738,0.3363684932104431,0.3362354563720393,0.332306937717013,0
1775545555.864684,369.56,783.94,0.2648573608800076,0.3376115524075928,0.3373485653347778,0.3316349301559766,0
1775545555.8965745,372.04,782.46,0.2635029565021345,0.337178320295221,0.3362576621282428,0.3322829403052667,0
1775545555.9306972,373.6,783.88,0.2647338129539058,0.3378501361716525,0.3363581148731265,0.3337181196543073,0
1775545555.9617214,375.44,782.48,0.2631711419153298,0.336166069014691,0.3363367685988654,0.3320737613042148,0
1775545555.995406,376.7,783.46,0.2633386462321442,0.3360389728750008,0.3354694057664506,0.331437395137056,0
1775545556.0415874,382.5,782.16,0.2641702619130852,0.3363222356350502,0.3357528486274501,0.3325843209552431,0
1775545556.075734,383.44,783.06,0.2635603667327074,0.3359495460132389,0.3368643494595511,0.3347545123810838,0
1775545556.1055057,386.26,782.06,0.2630626172209616,0.3358969311902158,0.3354526735681639,0.3336464016560613,0
1775545556.1367023,386.76,783.22,0.2631734118947685,0.3367105481602151,0.3375572599113845,0.3344939339887052,0
1775545556.1693306,388.8,782.54,0.26277116643609,0.3365257560162735,0.3349192045233086,0.3320020794313342,0
1775545556.200961,390.3,783.5,0.2625604611915169,0.3358503126344347,0.3343526762584993,0.3315043324543943,0
1775545556.2331986,393.6,782.78,0.2637941132328817,0.3367269258618138,0.3360257513394212,0.3335120537451935,0
1775545556.2654066,394.4,783.6,0.2632209800541332,0.3364651537162628,0.3355542700043799,0.3324267925961955,0
1775545556.29747,393.94,782.86,0.2631428999165414,0.3359830334402409,0.3363326605743683,0.3342095490138758,0
1775545556.3294718,394.7,783.62,0.2645527458407394,0.3369811776740117,0.3375296135489616,0.3338011349156791,0
1775545556.3603497,396.88,782.68,0.2653288372453858,0.3367688754654426,0.3369012461142277,0.3338708956565575,0
1775545556.3933735,397.6,783.42,0.2634119420012554,0.3370509412182678,0.3352928722342825,0.3322293201949267,0
1775545556.427062,400.36,782.9,0.2649293204857808,0.3376949030664747,0.3377496161504476,0.3334081447312759,0
1775545556.4734256,401.28,783.76,0.2630627390368322,0.3360398242302381,0.3357090284858712,0.3333009219467041,0
1775545556.5055888,402.26,783.06,0.264227593893861,0.3374651432747635,0.3360331736334402,0.3333244610612321,0
1775545556.5381198,402.98,783.96,0.2627937782358849,0.3369529857090476,0.3356918725745095,0.3332698984314969,0
1775545556.5707304,404.96,783.56,0.2624880730963448,0.3365313394567364,0.3358444113383851,0.3332981171824233,0
1775545556.601275,405.58,783.64,0.2626646408287658,0.3370292313164356,0.3357321816554799,0.3326578545859802,0
1775545556.6347675,406.82,783.66,0.2631164073365485,0.3367864925982811,0.3358419700113142,0.3337487881441349,0
1775545556.6647425,407.24,784.08,0.2647221766785765,0.3387387629607902,0.3371503489193356,0.334451175361711,0
1775545556.698879,408.24,784.32,0.2646572087633839,0.3375825815202023,0.3372506326071709,0.3337396722636894,0
1775545556.7292893,408.2,784.5,0.2639411651256911,0.3382874590354027,0.3372150476718684,0.3332021584615048,0
1775545556.7604792,409.76,784.8,0.2624289453264638,0.3370625859793607,0.3361363057104263,0.3337294678093356,0
1775545556.793735,409.48,785.12,0.2649099792448106,0.3397807076764573,0.3386056508801991,0.3354800563075583,0
1775545556.8266754,410.04,786.42,0.2644682420154628,0.3388205371917472,0.3385932834467793,0.3348306895243942,0
1775545556.8629212,411.44,785.7,0.2641172441531719,0.3380974645920101,0.3370765256674922,0.3339896187063557,0
1775545556.9052677,412.96,787.02,0.2631777355072484,0.3370337065527108,0.3382318773820376,0.3332577536033315,0
1775545556.936378,411.98,786.44,0.2645401815959856,0.338907440950866,0.3385031625502555,0.3342796662311296,0
1775545556.969545,412.22,788.48,0.2633374504512233,0.3379123681955057,0.3366237339254306,0.3336643219244648,0
1775545557.0012507,410.76,787.06,0.2629195874479418,0.337222350052218,0.3375295866424049,0.3345422270052885,0
1775545557.0334277,409.76,790.4,0.2630161574944178,0.3375695201972157,0.336927718913451,0.3331480403211712,0
1775545557.0718973,409.4,788.46,0.2630868566931901,0.3375385270488676,0.3377096179446983,0.3330339173499511,0
1775545557.0965674,410.6,791.34,0.263158141267353,0.3385399700776741,0.3371846743219293,0.3340484780059404,0
1775545557.129392,410.9,789.42,0.2628186548337318,0.3373581299737895,0.3370980159472647,0.3327093530362413,0
1775545557.1603324,412.02,792.78,0.2644917979843009,0.3385923522575329,0.3367871310636326,0.333727026692886,0
1775545557.194503,411.9,790.7,0.2653764780717346,0.3395207398450533,0.337814970663461,0.3353843126912645,0
1775545557.224424,412.66,794.22,0.2637825352559574,0.3377275476086082,0.3372186624961656,0.334871726795437,0
1775545557.2576416,413.16,792.14,0.264308855336447,0.337585853793608,0.3371368337468286,0.3348516196833739,0
1775545557.2912867,414.78,795.94,0.2638782318346583,0.3374100432573935,0.3373079043359824,0.3344134076849798,0
1775545557.3388357,413.36,793.7,0.2638713926382734,0.3380292196163316,0.3371467064655161,0.333841360662583,0
1775545557.3693454,414.64,797.72,0.2640027394788927,0.3378589793230741,0.3368897535408471,0.3342717843490677,0
1775545557.401538,414.66,795.62,0.2625725952097831,0.3357189481466965,0.3351966158876928,0.3343826918837572,0
1775545557.4325824,415.26,799.0,0.2636860018930244,0.3377980182895559,0.3368064310755485,0.334137104532864,0
1775545557.4653962,415.1,796.96,0.2634360730924979,0.337722191798846,0.3371109159090347,0.3326260878912623,0
1775545557.4975386,415.64,800.66,0.2651957565744551,0.338454974903453,0.3369924924496515,0.334310607666152,0
1775545557.5295174,414.2,798.74,0.2663083301724485,0.339487668691246,0.3386979026084669,0.3360432249687842,0
1775545557.5604331,414.84,802.72,0.2644855937275978,0.3388404131986706,0.3374205200696464,0.3355773565652845,0
1775545557.5933998,414.7,799.9,0.2650172145545509,0.3393998212083678,0.338881468112227,0.3355809363662578,0
1775545557.6251452,415.86,804.18,0.2641050924941214,0.3382527373181779,0.3368734974458097,0.3357817699809573,0
1775545557.6569808,416.5,801.72,0.2640992120162026,0.3389350915556356,0.3381309694694956,0.3356194574118781,0
1775545557.690683,413.58,806.58,0.2647052978359597,0.3392284373318707,0.338379765673814,0.3356112568559161,0
1775545557.7371962,413.16,803.52,0.2652407781529236,0.3392191424088178,0.338206472985495,0.3353505315420621,0
1775545557.769375,415.2,808.64,0.263454584904437,0.3386776856372234,0.3382284610721103,0.336615328414707,0
1775545557.801406,415.74,805.36,0.2655055135037959,0.339479200455507,0.3381291442423463,0.3347933634986648,0
1775545557.8350403,417.54,810.56,0.2635879956971231,0.3377824169051501,0.3360188396598617,0.3351594322233133,0
1775545557.865411,417.96,807.22,0.2662371885315416,0.3385247349327394,0.3371452069638487,0.3345344830464578,0
1775545557.8989906,420.12,813.62,0.2643859915003897,0.337823865974003,0.3378351562605589,0.3337735044064422,0
1775545557.9293962,420.78,809.76,0.2646725106625454,0.3401006212942731,0.3379721891219743,0.3353370465540756,0
1775545557.962799,422.02,815.64,0.2654266063003093,0.3401062341120487,0.3389534882110404,0.3355199428484096,0
1775545557.9933724,422.44,811.84,0.2641194092244861,0.3380804709466516,0.337692156708426,0.3351947643428813,0
1775545558.02529,424.46,817.98,0.2640307835093177,0.3378950595641153,0.3370952097594999,0.3343672943535174,0
1775545558.0565307,425.08,814.34,0.2651255188356395,0.3394849370154333,0.3384948245329114,0.3345270236831106,0
1775545558.0894065,426.48,819.96,0.2642282404609611,0.3394979525284043,0.3379042972627651,0.3360699049580569,0
1775545558.122043,427.82,816.6,0.2639438728854209,0.3375929992157467,0.3373577328041724,0.3353783154608729,0
1775545558.156665,433.04,822.76,0.2652801840274589,0.3391949840745689,0.3377955132542086,0.3355131898793757,0
1775545558.2007244,434.72,818.84,0.2651851377759709,0.3391392217733143,0.3384486517486648,0.3367705097273966,0
1775545558.2332995,437.66,825.1,0.2652471475786831,0.3387926631932044,0.3383363446545636,0.3353620251542048,0
1775545558.2647488,439.98,821.56,0.2643973762262808,0.337958627007976,0.3361336140163389,0.3342555555249054,0
1775545558.297653,443.3,827.5,0.2635517690851123,0.3369029172904033,0.3370945430593944,0.3350470169367754,0
1775545558.3294516,444.2,823.96,0.2636801444546135,0.3375751236264432,0.3363646689701866,0.3350979936706009,0
1775545558.3606205,448.26,829.6,0.2656268328804749,0.3387245353948613,0.3358206403876339,0.3341092542058869,0
1775545558.3932314,449.64,826.06,0.2638612120050724,0.3377458934864491,0.3371909987105015,0.3343339379079332,0
1775545558.4254496,452.06,831.54,0.2657134010842593,0.3382276210769808,0.3378474400373442,0.3351584710639266,0
1775545558.4580393,452.74,827.98,0.2632556123775393,0.3371588309945964,0.3353633383428264,0.3333872181346187,0
1775545558.4894676,456.04,833.16,0.2638909079471156,0.3380120120351618,0.3376464984252184,0.3355906983245962,0
1775545558.5225866,456.98,830.86,0.2641987031123559,0.3372172904424941,0.3363181736044351,0.3341035967881431,0
1775545558.5570338,459.02,835.54,0.2643747619449295,0.337853375646042,0.3369286119126066,0.3338754269602608,0
1775545558.6028533,460.24,832.62,0.2644333345202882,0.3370983937302262,0.3367779355510835,0.334587884091148,0
1775545558.6333387,463.72,836.9,0.2647803804552448,0.3382101792591888,0.3368958482728142,0.3345021018855654,0
1775545558.6644926,465.68,834.76,0.2642445274442322,0.3370398547858786,0.3363244361652064,0.3332300096396436,0
1775545558.697481,469.5,838.02,0.2649353929017353,0.3380839048099449,0.3357717308459056,0.3328842943557081,0
1775545558.7293725,470.72,836.26,0.2631127136875958,0.3372383307929686,0.335545435686192,0.3332088705920592,0
1775545558.7603135,473.72,839.68,0.2649340539384706,0.3382876312008587,0.3371708815701764,0.3339656578953632,0
1775545558.7932892,475.42,838.06,0.263091101712505,0.3371139419755201,0.3356949262671574,0.333667995742836,0
1775545558.825279,478.8,841.0,0.2627667519451986,0.3350549906685108,0.3339647228835424,0.3323997445798567,0
1775545558.85745,480.08,839.54,0.2633326189153416,0.3374071769281,0.335984219782457,0.333778695429667,0
1775545558.8896418,483.88,842.14,0.2638036124231653,0.3378479901143758,0.3372330580033433,0.334882320630112,0
1775545558.9214249,484.68,840.24,0.26282109700809,0.3370968976461516,0.3364550283747561,0.3338051137215754,0
1775545558.9573388,489.76,843.12,0.2647379245912025,0.3374878612329785,0.3360496393801739,0.3335544118369493,0
1775545558.9870188,491.94,841.42,0.2641265683004327,0.3378493054768996,0.33709422112868,0.3330445586116685,0
1775545559.0325472,496.44,843.8,0.2638741068630033,0.3375616445720106,0.3353752133990856,0.3319675165213509,0
1775545559.0643938,498.3,842.36,0.2633589032245644,0.3375085711943797,0.3359087207018259,0.3329115355308165,0
1775545559.0988646,503.2,845.36,0.2656937866382925,0.3384373830566551,0.337503866659043,0.3345467319923105,0
1775545559.1295316,504.04,843.58,0.2622985613713394,0.3365686429929321,0.3355881141423057,0.3326160922770552,0
1775545559.1627576,507.78,846.54,0.2639444730392653,0.3370987037536661,0.3357991855012378,0.3340650250581055,0
1775545559.19225,509.16,844.92,0.2636958866848343,0.3379735402477211,0.3374469434170849,0.3345265516697585,0
1775545559.226911,512.26,847.86,0.2634665648222551,0.3361115746851538,0.3341683046458986,0.3316793662884383,0
1775545559.257849,513.42,846.48,0.2645279399802802,0.3376504298150708,0.3367814213109416,0.3328510359184606,0
1775545559.2895615,515.8,849.26,0.2635139637027298,0.336656216305932,0.3362790084001045,0.332940705879635,0
1775545559.3214476,516.52,847.84,0.2652934472988003,0.3376834441921123,0.3361881250556331,0.3316021423206227,0
1775545559.3580034,518.62,850.02,0.2635565856677067,0.337288607435003,0.3355894000863546,0.3313680477696947,0
1775545559.3877392,520.3,849.08,0.2648445451035182,0.3372219916525615,0.3347225032865388,0.3309052290604842,0
1775545559.4332647,521.94,851.0,0.2647573301591261,0.3368719520201,0.3357993074232667,0.3326517110150663,0
1775545559.4647417,521.76,850.22,0.2633504484436834,0.3372015305965717,0.3364151992628617,0.3330762787566116,0
1775545559.4980192,523.0,852.26,0.2651664420766179,0.3382119254328338,0.337845609859868,0.3325139913166532,0
1775545559.5285904,522.12,851.56,0.2639381340393215,0.337779349008869,0.3349445095758385,0.3313364491509155,0
1775545559.5601242,523.72,852.6,0.2632314205252299,0.3366562930306377,0.3348590348411856,0.3315231427871838,0
1775545559.593721,523.98,852.42,0.2637415476238449,0.3371357995754596,0.3369200377229386,0.3330012492672163,0
1775545559.6246064,526.08,853.56,0.2637575686758952,0.3374483802246015,0.3361574279580585,0.3332713176211137,0
1775545559.6581154,524.86,853.48,0.2638716558442943,0.3376130803483118,0.3359686391716912,0.3321312776788175,0
1775545559.6895618,525.4,854.42,0.2648179941079475,0.3381622197676796,0.3369196513875012,0.331064216821355,0
1775545559.7226844,523.7,854.12,0.2639444321152387,0.3384557610655618,0.3356330791503256,0.329796094320516,0
1775545559.7579565,524.5,855.32,0.2641597628008768,0.3365135481026089,0.3358350711163658,0.3312608367788975,0
1775545559.7868955,523.42,854.88,0.2643787440425283,0.3377780575171863,0.3356178191607262,0.3317141212595596,0
1775545559.8205469,521.52,855.8,0.2648282920470796,0.3384621237056212,0.3362081607992104,0.331749246947587,0
1775545559.8654532,520.28,855.5,0.2636283089303565,0.3381045471388198,0.3357253313791998,0.331019422747235,0
1775545559.8973937,518.66,856.38,0.2633903353800616,0.3379498660828161,0.3359135005742858,0.3316687755447811,0
1775545559.9291625,515.86,856.3,0.2636178061254139,0.3375081844935884,0.3365572910515593,0.333534883513051,0
1775545559.9613168,515.38,857.08,0.2634956438797931,0.3379321483602633,0.3350543221070848,0.3311563520292953,0
1775545559.993382,513.54,856.92,0.2651781571720464,0.3376508470225082,0.336271299411629,0.3308218191452398,0
1775545560.0254006,512.54,857.68,0.2636094009411233,0.3366344812151345,0.3360154680726043,0.3310151998907802,0
1775545560.0582829,511.44,857.68,0.2641530444937012,0.3375659840711129,0.335430919430862,0.3310362163301558,0
1775545560.0895295,511.7,858.4,0.2647474547935639,0.3370179968500453,0.3361231483226472,0.3327119448806457,0
1775545560.120468,510.8,858.4,0.2644997421663387,0.3377951365667339,0.3365197455890886,0.3321615010594047,0
1775545560.1534593,509.98,858.96,0.2629036836540136,0.3368179421100361,0.3353501984436067,0.330694662440739,0
1775545560.1857305,508.06,858.58,0.2636068445195827,0.336727636974301,0.3353761656728489,0.3313594469664278,0
1775545560.2173696,508.06,859.2,0.2636804119515292,0.3378120075852721,0.335480056692774,0.3314590446821525,0
1775545560.2509818,506.98,859.16,0.2634051462677153,0.3365192202119714,0.3356469553273592,0.3331421444983898,0
1775545560.297358,506.08,859.9,0.2641540312757283,0.337314712649138,0.3370200784972399,0.3326774860858936,0
1775545560.3291595,504.62,859.9,0.2629473369490781,0.3375231118321588,0.3352777346508431,0.331434428463498,0
1775545560.362656,502.46,860.1,0.2624315188741168,0.3368246977287317,0.3362758843016469,0.334147313876999,0
1775545560.3934033,499.4,860.22,0.2637680599447792,0.3366372686971302,0.3353218383882681,0.332584919613844,0
1775545560.4268503,498.12,860.32,0.2629859215612158,0.3377311175844002,0.3353276995595302,0.332652855183601,0
1775545560.4588504,495.06,860.14,0.2646421705439407,0.3383474160448879,0.3352281301970894,0.3327491445209137,0
1775545560.492061,493.0,860.56,0.2642816146792726,0.3386397987674048,0.3357959222674855,0.333612806064589,0
1775545560.5215695,490.42,861.52,0.2661832464665674,0.3399157299999487,0.3385769652029569,0.3337994326715014,0
1775545560.5525527,489.7,862.34,0.2650994837026282,0.3394717107912984,0.3384759282593585,0.3327891827616074,0
1775545560.5854604,488.64,862.58,0.2661885981635901,0.340504628562067,0.339232998394842,0.3345138484982869,0
1775545560.6175785,485.9,863.36,0.2672854796955989,0.3409924652813957,0.3400792309934227,0.3350532467598444,0
1775545560.6496189,483.14,863.28,0.2663579446787928,0.3401219047114324,0.3366023085368058,0.3337802995809488,0
1775545560.6836748,480.28,864.04,0.2653320057092094,0.3384221995293896,0.3359199792927239,0.3337122112262277,0
1775545560.7284365,476.42,864.04,0.2664667548998081,0.339633340151676,0.3388005915769781,0.3360751051897007,0
1775545560.7613423,472.96,864.46,0.2653020004545601,0.3399551352293206,0.3377996277242013,0.3348996093301659,0
1775545560.7933226,471.8,864.46,0.2653026200619211,0.3389658655606545,0.3363123458072833,0.3320794010688231,0
1775545560.8255196,469.76,864.54,0.2652204014046985,0.3385353820572433,0.3381578226722814,0.333841688425234,0
1775545560.859441,468.26,864.52,0.2645260886826094,0.3398573848046784,0.3370925126216435,0.3337992528616614,0
1775545560.8885589,467.48,864.98,0.2657837604916012,0.3402939640163018,0.3383609581894608,0.3345288799006563,0
1775545560.922026,465.28,865.44,0.2679630555406465,0.3408690551309419,0.3390055508421743,0.3338625325684913,0
1775545560.9597554,463.86,865.56,0.2651861510467553,0.3393429944744462,0.338333113596643,0.3339424736872101,0
1775545560.986683,461.26,865.46,0.2650469435678618,0.3395734199505162,0.3389197772617719,0.3342779122407898,0
1775545561.017453,460.96,865.74,0.2642509365402834,0.3382068417834267,0.3371391539595809,0.3354402657071331,0
1775545561.0509827,459.3,865.74,0.2661931719851497,0.3401182444795853,0.3365203803085379,0.3322060893190249,0
1775545561.084521,457.98,865.94,0.2654827420065402,0.3392464669640874,0.3378922706063972,0.3346784741998824,0
1775545561.1309605,457.3,866.2,0.2655276884223722,0.3395197898422629,0.338686252049693,0.3356696852172207,0
1775545561.161341,456.48,865.86,0.2655765509218536,0.3390158838167347,0.3371981495242935,0.3340357300999969,0
1775545561.1923068,454.62,866.44,0.2651395564165756,0.3387112357320501,0.3385357722336687,0.333931448518651,0
1775545561.2257524,454.66,865.8,0.2657847325381596,0.3393461556364215,0.3382092161541054,0.3348017217849784,0
1775545561.2603943,453.26,866.6,0.264341409295687,0.3376525286203717,0.3347433062858964,0.3319335030665409,0
1775545561.289883,451.64,866.28,0.2646262944580927,0.3378625761842739,0.3374844897625947,0.3329483452554714,0
1775545561.3206978,450.9,866.82,0.2631215645017158,0.3373544163510146,0.3351544899297546,0.3336633342058646,0
1775545561.3534372,450.12,866.88,0.2644184331813395,0.3377767383596856,0.336007053966,0.331984585109357,0
1775545561.3842554,449.24,867.64,0.264077070972951,0.3360301164494722,0.3348419166047511,0.3321187567737312,0
1775545561.417327,447.12,867.54,0.265478051372181,0.3376793641930001,0.3357108432504482,0.3344213547904558,0
1775545561.44962,445.24,868.12,0.2636222894499964,0.3361117661978515,0.3341621323094449,0.3324196631964805,0
1775545561.4814827,443.5,867.62,0.264951281589421,0.3363979124925764,0.3351087897644056,0.3333294428171412,0
1775545561.5151148,442.14,867.82,0.260861662909971,0.3297256999936827,0.3315525873203826,0.3316951821285744,0
1775545561.5625856,441.88,867.28,0.2620012405976417,0.3255624827739898,0.3290378215790377,0.3306719579416042,0
1775545561.5955253,440.3,867.84,0.2585549737773637,0.316351326464396,0.3152076085570679,0.3201626262080351,0
1775545561.626682,438.42,867.6,0.2464696462634095,0.3007971368002591,0.3045638421020272,0.3069259579345775,0
1775545561.6611185,437.12,868.32,0.2361105423230031,0.2894649817794391,0.2945411166196682,0.3008508211981648,0
1775545561.689266,436.48,867.84,0.2179486926645538,0.2695285576612221,0.280832359971629,0.2932182070277517,0
1775545561.7212996,434.66,867.84,0.1970717272077568,0.2473397794079622,0.2609479761712377,0.2831417767790445,0
1775545561.7550132,433.08,867.94,0.1784776031139216,0.22031926956563,0.2392457937957327,0.2703664378936237,0
1775545561.785318,433.06,867.94,0.1513252216659552,0.1787521628231798,0.2139635158828254,0.256138297377742,1
1775545561.8175845,431.66,867.84,0.1290210865563134,0.1646433286509809,0.2029937812255942,0.2437723353652603,1
1775545561.8492637,431.98,868.22,0.1112338702287325,0.1492342757440708,0.1917137202389719,0.2393286536890006,1
1775545561.8814738,432.06,868.28,0.0957834079100502,0.1298806697282617,0.1740983319183535,0.225976670075214,1
1775545561.9136236,430.3,869.4,0.0930310349688406,0.1328307798180322,0.1741653233118233,0.2204768833947459,1
1775545561.947297,429.3,868.64,0.0887676999668482,0.1322642692818758,0.1720292266770001,0.2171859026852838,1
1775545561.9933412,427.66,869.52,0.0869779355468233,0.1346260975507368,0.1755883328178825,0.2152134593069009,1
1775545562.0245876,426.0,868.9,0.0953739966739671,0.13921985202085,0.1743290947257718,0.2105747872299541,1
1775545562.0574808,425.28,868.94,0.0929200811719808,0.1356322974389296,0.1650316253342046,0.1968933933439075,1
1775545562.089622,424.76,867.66,0.1012567489850998,0.1430240887607982,0.1650254761710604,0.1894454429330136,1
1775545562.1213987,426.02,868.48,0.1033449383318098,0.1404942258607016,0.1608499420403508,0.1769731795099102,1
1775545562.1524024,425.04,867.82,0.1270835043227596,0.1534130467119779,0.1667346813157937,0.1752209098616803,1
1775545562.1857896,425.68,867.66,0.1288750325942883,0.15317580861842,0.1654857485514907,0.1691911979529437,1
1775545562.2172768,424.04,866.96,0.1185087896473241,0.1492648632595264,0.1668526176953427,0.1695392863831231,1
1775545562.2504644,423.44,867.36,0.1209544518532554,0.1360581686968264,0.1580829056429654,0.1546072514654632,1
1775545562.281521,422.3,866.26,0.1343737208686882,0.1420835311711276,0.1617859897265091,0.1534191533926376,1
1775545562.315778,422.46,867.18,0.1471939182935912,0.1489822903323774,0.1682331194757771,0.163363926668424,1
1775545562.344629,421.44,866.4,0.1511428513748929,0.1432629679727761,0.1637346938419859,0.1619085470929234,1
1775545562.378255,422.14,866.92,0.154548536803702,0.1510973799299932,0.1710364199195904,0.1720575160530531,1
1775545562.4128077,420.94,866.14,0.1552770142639794,0.1499719792546521,0.1674670016524747,0.1730381315007003,1
1775545562.4626763,420.16,866.8,0.1506713999259216,0.142327717227854,0.1629792528955356,0.1718670106099616,1
1775545562.4894495,419.44,866.04,0.1486302617073348,0.1413164029739053,0.1648813820494679,0.1776311926180734,1
1775545562.5214577,418.28,867.04,0.144244590227455,0.1311962097894039,0.155684842991336,0.1740391502053215,1
1775545562.5535932,416.72,866.22,0.1332552539683508,0.1178482032699339,0.1454176297597086,0.1686896658489979,1
1775545562.585471,416.5,866.8,0.1312862392937087,0.1137276360297041,0.1411283105568374,0.1676056062123962,1
1775545562.61639,416.1,866.1,0.1273755888030844,0.1064408346231123,0.1361864254924771,0.1631322517638995,1
1775545562.649426,416.56,867.38,0.1244323176548022,0.10121929610827,0.1327779021758006,0.1594994843132062,1
1775545562.68135,414.76,866.16,0.12090292589773,0.0971825435771917,0.1294148432754982,0.1554874668801099,1
1775545562.71271,412.96,867.22,0.1174362901843572,0.0945599417968095,0.128624893402762,0.1538105288816454,1
1775545562.7453427,410.82,865.82,0.1130622709575578,0.0924173187527705,0.1281609964503582,0.1558961014488213,1
1775545562.779094,409.22,867.06,0.1106418192409804,0.0908067503006495,0.1266557980065835,0.154801775013345,1
1775545562.824565,407.78,865.68,0.1080806144783747,0.0904143937310527,0.1254548236268647,0.1547321366025507,1
1775545562.8573933,407.96,866.58,0.1074392640515038,0.0913221229322723,0.128613774190338,0.1558103205811207,1
1775545562.8907752,405.7,864.74,0.1046084635099371,0.0892207684315775,0.1258730137451394,0.1538037026672835,1
1775545562.9215562,404.76,865.62,0.1038212793999616,0.0892858373262889,0.1287698920811894,0.1572093908034309,1
1775545562.954792,402.38,863.84,0.1024462739525534,0.0895158986561134,0.1280827921187378,0.1565516208422389,1
1775545562.9845638,0.0,0.0,0.1019890629438029,0.091379222888751,0.1303878380307603,0.1585549506550049,1
1775545563.0189466,267.26,811.06,0.1024910783785803,0.091929797687045,0.1298932757524495,0.1571195427748289,1
1775545563.0483737,263.56,810.36,0.1011394647877993,0.0910588672561083,0.1309636525958543,0.1582342014565629,1
1775545563.0815418,268.14,814.56,0.0993655578300832,0.0915560754777961,0.1313522764295921,0.1607123548850021,1
1775545563.1133282,268.54,816.06,0.0964280508408884,0.0916622990671635,0.1334107067422424,0.1611417860826245,1
1775545563.1452625,269.56,819.8,0.0976608204299112,0.0926133659786421,0.1327139584511504,0.1619950450439593,1
1775545563.1776233,270.08,815.26,0.0969929537868466,0.0914501232656335,0.1324723588498154,0.1608883050782227,1
1775545563.2113636,271.24,818.94,0.0972913761108355,0.092204845358545,0.1336031820336989,0.1618115990961591,1
1775545563.256611,272.02,814.44,0.0949985923887864,0.0909558150648669,0.1319750709451757,0.1606504125347414,1
1775545563.2892866,271.42,816.98,0.0945144007859209,0.0909547624424829,0.1307851087199033,0.1603922281365408,1
1775545563.321376,269.92,812.24,0.0949413435230988,0.0903523496573271,0.1320067464965215,0.1598793083545498,1
1775545563.3536477,270.5,815.82,0.0943999043208696,0.0919704375727997,0.1334644064033384,0.1611896005217275,1
1775545563.3848271,277.5,813.04,0.0909825118497274,0.0849539387532068,0.126968180371823,0.1561200936328965,1
1775545563.4174843,277.66,818.86,0.0918994934196869,0.0885221136078372,0.1303267463838213,0.1588383166552349,1
1775545563.4511836,280.48,820.14,0.0916522752871631,0.0876970834081259,0.1293287438690839,0.1573474178950049,1
1775545563.4973197,282.42,827.28,0.0972446364098987,0.0892588548281628,0.1302616654000786,0.1583042464758503,1
1775545563.530547,284.4,826.76,0.0933833865316132,0.091405367440178,0.1318762302663903,0.1591878595767211,1
1775545563.5642178,285.08,831.9,0.0947811997290328,0.0899467774764709,0.1305994015118614,0.1590645673453155,1
1775545563.5954251,286.78,827.66,0.0949009800295963,0.0903384004214483,0.1309446869661292,0.1594168811624329,1
1775545563.6287644,288.16,830.32,0.0886777008560359,0.0878996516430427,0.1292979818970175,0.1566377228025455,1
1775545563.6746163,286.2,826.84,0.0928940780295741,0.0878689868723086,0.1284560098917024,0.1569040505905859,1
1775545563.7057295,288.18,826.3,0.0917235354286342,0.0894879912306678,0.130238844227996,0.158091628315637,1
1775545563.739541,286.38,825.0,0.0948377296816294,0.0919426103545597,0.1330596434092098,0.1617169972104318,1
1775545563.7844126,287.52,824.74,0.0943148368386208,0.0927870322824449,0.1338259308382897,0.1618517605779202,1
1775545563.8174074,287.42,817.76,0.0915464145444579,0.0901534732595908,0.1313579424197798,0.1595679083998795,1
1775545563.8493428,288.38,821.48,0.0896302232675278,0.0902301459300394,0.1324148662690612,0.1607184122065395,1
1775545563.882462,285.12,821.82,0.0885121984754892,0.0880063817412396,0.1298737300649891,0.1588619702362128,1
1775545563.9295654,285.66,829.62,0.0895965546327062,0.0897029531856277,0.1309318801534941,0.1590357467792346,1
1775545563.964389,288.8,823.68,0.0905913176042236,0.0884195746727991,0.1303492295698569,0.1590449154224884,1
1775545563.9934812,289.84,824.0,0.0929103023571539,0.0893256874169811,0.1308318668302701,0.1584611672916877,1
1775545564.027259,291.96,821.32,0.0924984759192058,0.0892990492931478,0.1304447170526265,0.1576581385338138,1
1775545564.073702,292.56,821.68,0.0940436715204016,0.0902298280655351,0.1306612104169342,0.1586272332114984,1
1775545564.1053052,288.26,820.3,0.093074902149815,0.0895742134492851,0.1305483893609208,0.1591339339957575,1
1775545564.1374016,289.32,820.02,0.08761263933458,0.0855883206520481,0.1274953949296078,0.1549594486072494,1
1775545564.1683085,282.98,816.04,0.0881639069992147,0.0853407762468681,0.1277091645584395,0.1558491766648367,1
1775545564.2020152,280.82,819.22,0.0902663671536767,0.0875283151319058,0.1285287470397123,0.156192441538599,1
1775545564.235538,278.12,817.44,0.0905106142795229,0.0874897274919556,0.128028795966686,0.1561748868994233,1
1775545564.2833326,276.46,820.54,0.0921167049649012,0.0888662132968662,0.1294856331328669,0.158452136190924,1
1775545564.3124633,272.64,819.88,0.0911248130312064,0.0879995310642165,0.1286337105378686,0.1579120013875266,1
1775545564.347194,280.2,815.98,0.0945126092774386,0.0900993235414181,0.1293714153254731,0.1575615225097093,1
1775545564.3764443,277.96,812.48,0.090428427675815,0.0837642456572518,0.1249311855612205,0.1524952192923483,1
1775545564.4092913,276.62,810.34,0.0912042453846406,0.0872804227274448,0.128135119703355,0.1546439587520962,1
1775545564.4405482,269.3,813.04,0.0934288140690223,0.0890335809738405,0.1301002369617269,0.1581359449107868,1
1775545564.473515,270.96,811.12,0.0918470680186365,0.0879416285178009,0.1290935528557769,0.15754659237464,1
1775545564.5054927,274.6,815.02,0.0903026851507745,0.0870335883386206,0.1271886912519411,0.1561081734801736,1
1775545564.5378664,269.7,815.94,0.0904695735684373,0.0874170369967001,0.1290526532727771,0.1573401817141221,1
1775545564.568301,271.0,815.18,0.0898692261654952,0.0874970640189362,0.1278438552192004,0.155906497281495,1
1775545564.6015506,269.96,816.06,0.0903784315749391,0.0858714206489028,0.1254758483252034,0.1541493966494072,1
1775545564.635395,272.38,815.68,0.0896129723747669,0.086965951897111,0.1280868950418829,0.1570714602689645,1
1775545564.680278,273.64,818.36,0.0906843297676093,0.086929398218386,0.127710549035877,0.1563983971447551,1
1775545564.7137222,271.14,816.6,0.093481903288054,0.0873881339517423,0.1281102375399987,0.1572000660968516,1
1775545564.745503,275.14,817.24,0.0884374113366242,0.0846601200325404,0.1263913406995916,0.1543660685349407,1
1775545564.7774112,280.9,818.0,0.0934903179778259,0.0863991731028805,0.1265272256272562,0.1547173052853185,1
1775545564.808369,277.96,821.36,0.0915484829030142,0.0864566821883335,0.1271811707129277,0.1553386284842544,1
1775545564.8429189,275.94,820.28,0.0915832840569816,0.0854283497265944,0.1264313377861563,0.1531491419546239,1
1775545564.8734305,274.8,816.3,0.0919691975077208,0.0848294905619781,0.1263831892859423,0.1537822583469819,1
1775545564.907128,273.08,818.36,0.0894981183860225,0.0872482240854755,0.1288614575630988,0.1567737702590336,1
1775545564.937324,272.92,815.84,0.0902545767824051,0.0879745743362061,0.1296907515533835,0.1578142729652554,1
1775545564.9708035,276.16,818.68,0.0897154654269944,0.0857854301494909,0.1270685301229029,0.1546894017280734,1
1775545565.0016084,281.88,820.16,0.0926586672358625,0.0879792122954377,0.1273605966882517,0.1546918891618554,1
1775545565.0335703,284.14,821.44,0.0928611259958512,0.087798155189831,0.1283272002603815,0.1569349176819479,1
1775545565.0671926,287.18,819.2,0.0915800656106525,0.0859576838605336,0.1273154780248783,0.1564641520928107,1
1775545565.113376,276.6,820.76,0.0899474247867162,0.0853399060738487,0.1270185070370327,0.1551310341995309,1
1775545565.1454673,276.08,815.52,0.0951290959455785,0.0885677853416526,0.1286769598339744,0.15737261473496,1
1775545565.1764276,274.54,812.66,0.0899235190884002,0.0886661771382527,0.1304455956834623,0.1576802370185308,1
1775545565.2093892,274.72,807.88,0.0909758446274888,0.0858000046728486,0.1274896187706456,0.1559391975449495,1
1775545565.241515,267.72,810.22,0.0885560065438571,0.0861038156389551,0.1265470384601419,0.1554708590976135,1
1775545565.2725248,276.84,804.24,0.0866959477771848,0.0845155547644964,0.1258741303615331,0.154279974155104,1
1775545565.305725,277.26,806.54,0.0903856878319599,0.0873240920581505,0.1285035347807072,0.1574491636490746,1
1775545565.3376927,280.2,803.84,0.0900359229076916,0.0884148311874311,0.1293341360373545,0.156846432109937,1
1775545565.36846,280.58,803.8,0.0893898722146704,0.0865169988328429,0.1270162442102156,0.156597027236635,1
1775545565.4017253,280.2,802.66,0.0927923296194546,0.0887289663683067,0.1297389013266132,0.1591394092610134,1
1775545565.4333706,281.54,803.86,0.0873814246542097,0.085321900822133,0.1279289696329568,0.1564929215073438,1
1775545565.4663608,281.36,804.18,0.089311348734562,0.0872749418873612,0.1291274800207281,0.1582850336260003,1
1775545565.4999497,282.32,808.1,0.0909080415166141,0.087264597816998,0.1269812243455522,0.157308543368969,1
1775545565.5466585,282.22,805.92,0.0880480314092656,0.0863606050800235,0.127150477998889,0.1557858633578921,1
1775545565.5762064,286.36,806.22,0.0924816208550996,0.0852543842362105,0.1257218719099004,0.1541816995755022,1
1775545565.6110857,286.52,801.46,0.0903457100592526,0.0862352503773906,0.1280547611782754,0.1580407711502598,1
1775545565.6405685,283.78,804.76,0.0880695424624466,0.0845995346520109,0.1258391833227304,0.1551339908625179,1
1775545565.6735113,282.18,802.72,0.0886941125607102,0.0851160742960671,0.1284149424664707,0.1577835701583242,1
1775545565.705197,278.46,802.98,0.0890850908897145,0.0840973443465885,0.1259720456346022,0.1543464805544814,1
1775545565.7374592,279.06,801.16,0.0867621885390255,0.0847642362606176,0.1263932720245766,0.1549952373536349,1
1775545565.7684777,275.28,799.34,0.0910385022145111,0.0855536071186871,0.126307678920661,0.1556872805475555,1
1775545565.801469,274.42,801.36,0.0889463151919006,0.0869273048001246,0.1290016363940933,0.1583224286696097,1
1775545565.833334,276.64,804.08,0.0921085439488536,0.0853032928785568,0.1254057565455672,0.1549697760494915,1
1775545565.8664768,275.5,801.34,0.0919140109290476,0.0873961631254432,0.1280661787866986,0.1560037241225337,1
1775545565.8993025,274.2,803.92,0.0888796647635586,0.0852066738208161,0.1269335411183468,0.1560935976965429,1
1775545565.9453566,273.7,798.28,0.090292658616194,0.0850279657662864,0.1257808264655874,0.1554984581683233,1
1775545565.9775517,275.88,801.22,0.090935314275919,0.0850379527212774,0.1257217644729502,0.1544785291446573,1
1775545566.009669,269.34,803.82,0.0888310590895413,0.0831930928009656,0.1242459324962357,0.1536434197681336,1
1775545566.0414436,270.28,809.26,0.08988267180245,0.0856565252835513,0.1276044090768883,0.1565038447113491,1
1775545566.0732822,268.4,810.86,0.088976150174139,0.0854598630099709,0.1258979920571364,0.1538642337504297,1
1775545566.1066475,271.22,811.7,0.0895557486120821,0.0849705078739182,0.1260111883897077,0.155065324152176,1
1775545566.137386,271.82,812.0,0.0890332338319765,0.0855049474261985,0.1266244454794497,0.1560248637188032,1
1775545566.1708355,269.3,814.04,0.0895434113303288,0.0851382675344557,0.1259145681136211,0.1558998154872912,1
1775545566.2012608,267.24,809.32,0.0893148046530881,0.0845738097750183,0.1257581395964274,0.1553385426611262,1
1775545566.2349863,269.76,810.4,0.08814890715139,0.0864286638013813,0.127935669865865,0.1557795206682074,1
1775545566.2666194,271.38,808.4,0.0884695851942472,0.0837977338283952,0.1249748571776813,0.1535539644307436,1
1775545566.2964516,270.3,814.58,0.0915610242118253,0.0856821778491135,0.1261190790681701,0.1558730009781884,1
1775545566.330286,269.2,806.96,0.0902748858468915,0.085461995285463,0.1252365324359415,0.1545297928732152,1
1775545566.3773756,273.98,808.68,0.0912833300770956,0.0853911639067235,0.1250240424155157,0.1546478769613223,1
1775545566.408316,269.94,804.82,0.0891162940101624,0.0861611990868382,0.1261711106755301,0.1561781653763674,1
1775545566.4414375,265.24,806.58,0.0889365143054308,0.0844646107203205,0.1249712743693235,0.1540047624846159,1
1775545566.4733615,265.9,801.48,0.0862763726467863,0.0821645532249994,0.1229348950664785,0.1531324315126163,1
1775545566.5055163,263.84,800.18,0.0900362291239155,0.0844642646447974,0.1248378116519686,0.1547934740240064,1
1775545566.5371108,263.02,799.58,0.0888129470830239,0.0860969939786725,0.1283781900840676,0.1565210979514985,1
1775545566.5686667,257.1,799.26,0.086358136077658,0.0845519822211996,0.1282189769575932,0.1559525064218388,1
1775545566.6013644,256.66,802.2,0.0899989806033477,0.084377471317071,0.1255179124541466,0.1543689024457787,1
1775545566.6333823,254.1,801.72,0.0909137709738801,0.0868340140793748,0.1275276941968017,0.1577809239791358,1
1775545566.6674275,248.36,798.0,0.0899875701253011,0.0839924053771564,0.1258078104253046,0.1554570369754005,1
1775545566.6973643,245.22,801.6,0.088889505974704,0.0844679912167913,0.1270127741928565,0.1562420576595325,1
1775545566.7309072,241.24,803.22,0.0872726186383105,0.0834302330776524,0.1254877720271724,0.1546258064369107,1
1775545566.7674367,245.54,801.24,0.0898223679659546,0.0878844362399083,0.1283565565766408,0.1570258497986108,1
1775545566.8110144,247.92,802.74,0.089354313185461,0.0874864264395231,0.1281604191368114,0.1572077238568644,1
1775545566.8403594,246.16,804.08,0.0874201613675676,0.0815019033548219,0.124400441784059,0.1541868938881637,1
1775545566.8748746,244.52,803.14,0.088429047586925,0.0775199963413012,0.1200150002335103,0.1501535889350529,1
1775545566.9054482,250.02,800.62,0.0898944008226132,0.083705421959363,0.1256682648707036,0.1554170607631128,1
1775545566.9376886,240.38,801.56,0.0926394566797131,0.087905480154492,0.1287299121958069,0.1569892232318839,1
1775545566.9691126,239.26,801.46,0.0995961827098382,0.0957031552265876,0.1379328907298889,0.1638009599750862,1
1775545567.001445,234.44,798.08,0.1024433945643049,0.1022836880892782,0.1494634558411834,0.1740639845156014,1
1775545567.0333505,236.86,802.02,0.1082273440965817,0.106245316679441,0.1531957429718557,0.1778559483607845,1
1775545567.0678902,235.78,798.04,0.1062651338965543,0.1097448969203681,0.160106492336905,0.18277383580563,1
1775545567.0973012,234.38,795.54,0.1079763031506326,0.1141227518323228,0.1684763521963989,0.1935305603595987,1
1775545567.1293817,232.72,794.14,0.1066489670223369,0.1218121621380677,0.1755132833594888,0.192540512378919,1
1775545567.1609688,229.6,795.9,0.0861179447189375,0.1153830859422015,0.1646725583229706,0.1755307299909071,1
1775545567.1939762,227.5,796.78,0.081033403174015,0.1100275419859262,0.151001412608975,0.1631668979431076,1
1775545567.22707,227.76,794.12,0.0728525981975303,0.1102657714934078,0.1512691686966467,0.1624600655360789,1
1775545567.2723522,226.64,795.02,0.0752536470701762,0.1198104135290967,0.1502699326566755,0.16391694722788,1
1775545567.3054504,225.4,796.14,0.0666613167162926,0.1135878351897751,0.1413752284131192,0.158929164626332,1
1775545567.3375647,226.68,798.8,0.0520467292053046,0.0954907696042836,0.1250994088576395,0.1561849173980221,1
1775545567.3697188,228.82,798.92,0.0388053540757697,0.0864349896678908,0.122207964711236,0.1630757126140917,1
1775545567.401382,226.28,799.56,0.0361756085725992,0.0763441548843349,0.1222559455009182,0.1721473770720069,1
1775545567.434813,229.7,800.06,0.0456837055618745,0.0824414509286824,0.131431539628709,0.1867360125328831,1
1775545567.468371,230.56,798.38,0.0657711456959235,0.0998235617628296,0.14420879414609,0.2035505852020829,1
1775545567.4987755,230.44,799.12,0.1027626457881634,0.1297567847989736,0.1625782363896155,0.2258786093923276,1
1775545567.5292954,231.56,800.52,0.1235291550903615,0.1554661379842866,0.1809397868303232,0.2379802795194515,1
1775545567.5605752,233.16,798.58,0.1538906333055673,0.1934537691606045,0.2134286038065828,0.268109392154654,1
1775545567.594105,231.98,802.0,0.1825744720113701,0.2272495909976332,0.2416583780045073,0.2869688830950016,0
1775545567.627291,228.82,801.56,0.2108186912974392,0.25688213153623,0.2759679202523352,0.3048134947272872,0
1775545567.6732502,228.68,802.7,0.2260488207068403,0.2786624081996995,0.2995246076186817,0.3192526808120942,0
1775545567.7055993,225.26,802.04,0.2371584215571887,0.295831726783851,0.3152315748184489,0.3302668587205365,0
1775545567.737226,228.1,800.52,0.2497420296688786,0.3110757854140049,0.3289346997904229,0.3420412020981363,0
1775545567.769562,225.18,799.32,0.2611344436343599,0.3244127317912622,0.3436391283882772,0.3555539926458916,0
1775545567.8013604,225.7,798.36,0.2695699281495272,0.3325792582802779,0.3515251851934091,0.3625420557844349,0
1775545567.8332975,226.32,795.9,0.2731872770342343,0.3391376282568526,0.3549602400606544,0.3670945679829141,0
1775545567.8693206,226.42,797.94,0.2778249223897261,0.345387031092544,0.3598740842588731,0.3702325406608514,0
1775545567.897361,223.26,796.22,0.27827899646177,0.3476727524724712,0.3612677379082131,0.3718383306136106,0
1775545567.9292305,222.88,799.18,0.2808298057381896,0.3491841579061226,0.3629778861786112,0.3729804742664426,0
1775545567.9616258,222.46,794.78,0.2801673415641675,0.3502129705168166,0.3641567969870367,0.3758866995179314,0
1775545567.9947205,223.5,798.48,0.2828418316356381,0.350958718287485,0.3652046106037414,0.3767234802886891,0
1775545568.0283847,220.58,798.5,0.2823362804461148,0.3502907324883015,0.3634706995276398,0.3755858212883827,0
1775545568.0749905,221.66,798.34,0.278952595536711,0.3468539114101115,0.3600940628520025,0.3744200042971743,0
1775545568.1053858,226.04,796.76,0.2781272282372987,0.3474225021343168,0.3603149415234742,0.3764537116210844,0
1775545568.1387997,222.8,798.08,0.2764161905733568,0.3471920734160132,0.3590391720671247,0.3769621448758204,0
1775545568.169861,224.62,802.98,0.2771685648620244,0.3485050616025327,0.3581651293867204,0.3764181257133815,0
1775545568.2005255,224.98,804.54,0.2789730294554435,0.3494475054600685,0.3571995242813072,0.3727338380059434,0
1775545568.2335017,231.54,803.66,0.2801520942779054,0.3507935058553679,0.358931520485909,0.3728849518790581,0
1775545568.270049,230.84,801.7,0.2796050812950726,0.3494741128577867,0.3590138696144086,0.37422785552667,0
1775545568.2972915,229.8,803.46,0.278839979733977,0.3496950696869954,0.3595647839336284,0.373772067022018,0
1775545568.3285007,229.34,803.6,0.2802477670984227,0.3503699058292297,0.3597242141719356,0.3735746248984251,0
1775545568.3606167,228.04,801.54,0.2792383616721244,0.349610234558485,0.3586731875563287,0.3750500646174783,0
1775545568.3933942,227.48,798.84,0.2804928225151031,0.3504793661353845,0.3601821249266897,0.373883155182588,0
1775545568.4252837,225.68,804.3,0.2801021055611211,0.3488434755056561,0.3582546830642342,0.3714478882938699,0
1775545568.459067,223.02,804.66,0.2796212363222827,0.3494943237049595,0.3585871339775783,0.3721561904536873,0
1775545568.5053463,223.5,806.82,0.2819573901581085,0.3510586071601136,0.3598480481058268,0.3719989890920592,0
1775545568.536987,223.78,807.76,0.2799682588408526,0.3507366831844213,0.3591414762777958,0.372927328206772,0
1775545568.5702105,224.44,808.86,0.2806357450305171,0.3509427271616784,0.3580298957394507,0.3708796679236252,0
1775545568.6004684,223.6,808.2,0.2794766333348049,0.3494456107911353,0.3580666153228384,0.3709422040506919,0
1775545568.6344192,218.68,808.0,0.2799492043631921,0.3504138068099957,0.3574279476694115,0.369175942813647,0
1775545568.6702366,218.34,811.64,0.2811629855244928,0.3523618529107423,0.3595893312597475,0.3719494750660955,0
1775545568.6978693,211.44,809.22,0.2808793792073876,0.3518774503176707,0.360291525564473,0.3729354484827331,0
1775545568.7292905,211.72,811.78,0.281832110124562,0.3525414849184026,0.3613896685330268,0.3705994950223562,0
1775545568.762897,209.36,815.34,0.2817922471875149,0.3527077459807762,0.3613094505469555,0.3736536342268832,0
1775545568.7969503,209.68,815.04,0.2815644246329795,0.3521085226789452,0.3596640063011619,0.3707819291265492,0
1775545568.841264,210.22,815.36,0.2821581507303521,0.3525727522385583,0.3602231231497532,0.3720851619847874,0
1775545568.872601,211.58,814.66,0.2806068291232195,0.3518002099644304,0.3590317909244315,0.3707896850099727,0
1775545568.9054108,208.98,815.16,0.2806105048508064,0.3516390231670468,0.3597520877947232,0.3693522373417464,0
1775545568.9391265,210.88,813.94,0.2819263299134145,0.3541205686259271,0.3609743390183736,0.3735410745525964,0
1775545568.9856048,209.8,813.76,0.2812996908424431,0.3530055861548558,0.3612238581542855,0.371553331525571,0
1775545569.0164998,210.5,811.54,0.2824710351016906,0.353084293102943,0.362021635891956,0.3720357520043624,0
1775545569.0496266,208.02,810.76,0.2814809878044075,0.3528620352289509,0.3604453254594191,0.3704463437889005,0
1775545569.0832348,208.96,814.0,0.2817125168038646,0.3525766155364976,0.3613641735221515,0.3697087442007888,0
1775545569.1294348,204.96,814.74,0.2800127083866731,0.3525045889433247,0.3602684991505882,0.3700034427301108,0
1775545569.1613066,204.96,813.56,0.2806081130437654,0.3515259540856981,0.3608289707610018,0.3698888243626993,0
1775545569.193335,203.28,818.0,0.2808293391592095,0.3538551863146741,0.3614767708792171,0.3711322056386776,0
1775545569.225476,202.34,817.6,0.2814773483869353,0.3531341025359497,0.3634602856001329,0.3717709324202948,0
1775545569.2574244,202.74,819.88,0.2804754236627142,0.3534869119846665,0.361897328754993,0.3712778482423597,0
1775545569.291776,205.34,817.84,0.2818440930996336,0.3527754931284085,0.362851626132715,0.3704683310526893,0
1775545569.3204515,207.18,817.52,0.2815024512580573,0.353791917632968,0.3624695239871814,0.3718653007762316,0
1775545569.3543596,207.6,817.36,0.2807047358218758,0.3521199861246003,0.3618633344843678,0.371731838128237,0
1775545569.3870063,206.46,816.18,0.2811880543005957,0.3524287269008841,0.3626276740835656,0.3710185664251568,0
1775545569.4348204,203.96,814.92,0.2819137911335658,0.3531294678854338,0.3638529815203827,0.3713224474934016,0
1775545569.4711835,201.74,815.72,0.2814120896776793,0.3526525698574067,0.3638942627116213,0.3717533148976853,0
1775545569.4974942,199.56,816.68,0.2817976931552953,0.3525694591334286,0.3625449338044349,0.3699705529700131,0
1775545569.5294168,195.64,818.82,0.2813867865424007,0.3526891281776799,0.3621913059576361,0.3694937862088759,0
1775545569.5612185,197.28,821.18,0.2814386737259812,0.3526563367011473,0.3623735014339051,0.3700239013862262,0
1775545569.5939727,197.56,821.94,0.2820577610434728,0.3534064942702973,0.3634239067628761,0.3696708075441863,0
1775545569.6244624,196.86,818.1,0.2813147636189692,0.3534535637215809,0.3625556388861448,0.369250727327913,0
1775545569.6573825,197.02,819.06,0.2820067793551878,0.3527926788300343,0.3612808577769313,0.3684095303292614,0
1775545569.6885235,197.9,820.5,0.2836216343336596,0.3547931830751695,0.3637042082351799,0.370800524928714,0
1775545569.72149,196.82,823.54,0.2829743899319029,0.3535232887145237,0.3635060141956819,0.3703764479461476,0
1775545569.753677,196.5,822.2,0.28454118233278,0.3544900486330082,0.3652587326077838,0.3710790940036037,0
1775545569.7869363,192.24,819.1,0.2831565232017841,0.3521050242508257,0.3620735529455836,0.3676571045856386,0
1775545569.8333702,193.32,818.18,0.2845365176075726,0.3523398569320699,0.3623003169133778,0.3686282148574836,0
1775545569.866713,192.26,815.62,0.2872903371714326,0.3538703413569837,0.365311314319467,0.3689325618987227,0
1775545569.899008,192.08,815.64,0.29006277001379,0.3555835428545446,0.3642603903266678,0.3681006025355179,0
1775545569.930406,190.98,818.44,0.2918625670943585,0.3556576814105909,0.3642770525271226,0.36757464078544,0
1775545569.96131,190.98,817.82,0.2858190739051476,0.3473884143038097,0.3569052799892807,0.3609012414526562,0
1775545569.9948366,189.54,822.46,0.2793233581911254,0.332115439622424,0.3435598174740676,0.353202560690916,0
1775545570.025533,192.84,825.14,0.2660085904195322,0.3132204830271018,0.3284354818259651,0.3439548407522267,0
1775545570.0586994,195.56,826.18,0.2357997729182196,0.270260368705803,0.2929269564472231,0.3251757211533497,0
1775545570.0894802,196.28,825.5,0.1917537073229436,0.2141583331743155,0.2501331810538419,0.3027969704283862,1
1775545570.1214323,197.94,823.4,0.1394284111967068,0.1678316131809608,0.2145604151515868,0.273036323570105,1
1775545570.1534483,198.16,821.46,0.0905094143319099,0.1204088462003932,0.1695614338099217,0.2272204639205296,1
1775545570.1873474,198.3,820.6,0.0531101035901449,0.0969677232645719,0.143693253311378,0.196574409109242,1
1775545570.2325523,196.74,821.38,0.0412070130934218,0.0910856494155086,0.1332658159806139,0.1753360050217951,1
1775545570.2652705,193.52,824.74,0.0598789441871839,0.0989745142831362,0.1269699217720738,0.1569884013027676,1
1775545570.2965896,192.66,825.4,0.0787200677906016,0.1141926183960431,0.1341470647027622,0.1472729356368867,1
1775545570.3295114,196.42,825.22,0.0955950753434327,0.101645871549975,0.1234353901428689,0.1204457958728052,1
1775545570.3603077,196.98,824.6,0.0984524058134961,0.0933796947083427,0.1208625565451239,0.1265041833416168,1
1775545570.3935776,203.02,825.0,0.1343317686833651,0.1182592099364218,0.1402150326422981,0.135805314727497,1
1775545570.4258175,203.06,826.46,0.1325319795061876,0.1126989839059525,0.1295173054373715,0.1235951109542743,1
1775545570.4569955,205.66,826.22,0.1374426156460031,0.1180212634887606,0.1275248990178382,0.1297466754951254,1
1775545570.489891,205.8,825.06,0.1427393028303044,0.1202355971409944,0.1345635850529354,0.1397866835190385,1
1775545570.5216074,204.98,827.76,0.1437344885492839,0.1204046781728714,0.1334470203229324,0.1461690311819155,1
1775545570.5549736,207.78,825.92,0.1352374632813717,0.1096683284181972,0.1302691729100989,0.1576793521066752,1
1775545570.58558,210.4,826.88,0.1317404957634403,0.107458509530006,0.1341255966842146,0.165123157893327,1
1775545570.6191936,207.82,825.42,0.1207825047489549,0.1022810506583085,0.1372300195114737,0.1705982724506827,1
1775545570.6644087,209.3,825.56,0.117126817978044,0.0998462629404526,0.1350495434264619,0.1683411462345694,1
1775545570.6909077,208.84,821.36,0.1135557526697903,0.102617133723996,0.1360246937669697,0.1686723693190246,1
1775545570.7282686,209.76,819.64,0.1139195641382357,0.1039183825634892,0.1375933056743613,0.1702900188905804,1
1775545570.7612894,208.28,816.3,0.1119244021248359,0.0988713663499793,0.1330678191805483,0.1656985054837525,1
1775545570.793398,211.88,818.56,0.1095045750296342,0.0948360779625954,0.1291193511236162,0.1626732122272277,1
1775545570.825237,209.14,821.08,0.1107223457766606,0.0964931052012437,0.1296764152245938,0.1613981312199688,1
1775545570.8572502,210.62,817.34,0.1058768352382215,0.0901213140326929,0.123635787456616,0.154453063415212,1
1775545570.8893116,212.14,817.76,0.1059434606205091,0.0906786691476287,0.1262708026829865,0.1567249492722149,1
1775545570.9206128,211.1,815.48,0.1037998272402485,0.0847999108282349,0.1179385329193167,0.1478975042170717,1
1775545570.9532769,208.88,816.34,0.1044651356020644,0.0840476203175794,0.1144645720440808,0.1447120805976993,1
1775545570.985386,206.62,816.38,0.1051482198732246,0.0835517328878442,0.1131772621824086,0.143922231009391,1
1775545571.017513,206.92,817.02,0.1011028463965291,0.0768077848015562,0.1069012694379039,0.1387520423055308,1
1775545571.0512989,208.34,818.84,0.1031950521050101,0.0793565812629312,0.10882704893777,0.1387848488147241,1
1775545571.0952778,209.32,826.08,0.1002670175543683,0.0779716437546063,0.1085278177469431,0.1377880689395656,1
1775545571.1294167,211.3,827.62,0.0983019837627582,0.0774034911958968,0.1082574014601185,0.1393143944848561,1
1775545571.1605835,210.68,827.62,0.0973310856340147,0.077726303474357,0.1093476430404867,0.1394966695683518,1
1775545571.194422,208.74,825.72,0.0962978545919091,0.0773700431236845,0.1082182651228255,0.1387906583646413,1
1775545571.2253666,206.72,822.98,0.1016536659159302,0.0788747643263225,0.1085170738599553,0.1392224892388339,1
1775545571.2587364,206.46,823.84,0.0971583895104782,0.0785419703715391,0.1109364360419798,0.141284939633718,1
1775545571.2896926,204.54,821.62,0.0975543934248004,0.0778831489138516,0.1097939044377149,0.1410290895767092,1
1775545571.3229127,204.14,820.48,0.0974528581179152,0.0797643654630938,0.1118454098262625,0.143017188238501,1
1775545571.352399,202.08,814.86,0.096806457873888,0.0787232809845911,0.1109470498175507,0.141212287948763,1
1775545571.3867445,203.42,810.84,0.0971728185705664,0.0807967165976158,0.1130761368065269,0.1442402492002839,1
1775545571.43323,203.96,810.8,0.095669711691638,0.0778973801599225,0.1104775574730488,0.1415167160986595,1
1775545571.4652174,204.44,813.18,0.0960398130903361,0.0768969658313267,0.1094011092320469,0.1406369619053362,1
1775545571.4975493,205.22,813.18,0.0979419105384283,0.0796929503057036,0.1110343057381133,0.142528748899506,1
1775545571.5313802,205.16,812.82,0.0956722363516803,0.0768536737695337,0.1096068000178052,0.1410046139354754,1
1775545571.576392,206.82,810.16,0.0959910311926899,0.0791053617849747,0.1108898278632966,0.1418297192672092,1
1775545571.627349,206.84,806.78,0.0985976985000515,0.0790311311500908,0.1090487801404634,0.139207580790546,1
1775545571.6768343,208.24,806.42,0.0946849104014247,0.0771176285120583,0.108448577918452,0.1391188502322049,1
1775545571.72128,209.46,800.7,0.0946051305789749,0.0776752948442183,0.1091149719037501,0.1404797736944929,1
1775545571.7534432,209.04,797.96,0.0958453730654985,0.0787137415948597,0.1122734705196849,0.1426052008754862,1
1775545571.7875907,207.12,798.22,0.0958589635564106,0.0791385224275457,0.1117374411646137,0.1410235195851029,1
1775545571.833384,207.24,800.66,0.0966618069812037,0.0821970866073099,0.1150157868159415,0.1442378875182794,1
1775545571.866894,210.44,803.92,0.0974469409068856,0.0794106095852597,0.112514869582328,0.1429006663597187,1
1775545571.8972678,210.88,806.16,0.0959163367926271,0.0820554501820081,0.1156510997227859,0.1457993090026853,1
1775545571.9308677,210.2,805.98,0.0930738675373111,0.0791769019872192,0.1137395790291422,0.1440116992625289,1
1775545571.9646454,209.7,805.2,0.0980849964178053,0.0820375522231496,0.1156091701648983,0.1457941174720805,1
1775545572.0107958,212.38,797.12,0.095159210250423,0.0795152350978865,0.112279886583135,0.1426605816965812,1
1775545572.0413785,213.42,798.74,0.0941451726106948,0.0794377202272257,0.1129165593496862,0.1437785293832877,1
1775545572.0746665,216.14,797.98,0.0962096634990524,0.0810149161179672,0.1149731958644255,0.1451630821892382,1
1775545572.121424,216.18,798.56,0.0962436167498924,0.082843120399971,0.1166694993271013,0.1464200223664924,1
1775545572.153261,213.62,797.98,0.0939512844994724,0.0815330021543317,0.1158641733161699,0.1434589797058347,1
1775545572.1856594,214.02,797.06,0.0928308535462063,0.0793706422460984,0.113452132143543,0.1444223619098556,1
1775545572.2174013,213.28,795.32,0.092220016389922,0.0826200629999873,0.1175934210625767,0.1458121927733372,1
1775545572.2484632,212.26,797.32,0.0954564620007124,0.082035855995973,0.1155211636315702,0.1450940494178911,1
1775545572.2814708,209.36,791.36,0.0948235135323426,0.0815396642498395,0.1156269933774452,0.1467931663879442,1
1775545572.3134208,206.64,794.78,0.0939501657115847,0.0805835213680092,0.1153589059906056,0.1447181218933788,1
1775545572.3444889,204.22,794.34,0.0945903917995396,0.0810146351238704,0.1153067941726452,0.1440458152575441,1
1775545572.3764627,205.08,795.92,0.0942280198413188,0.0819526372013113,0.116119268836742,0.146292936587593,1
1775545572.4092956,203.86,795.76,0.0960082734082748,0.0824820856672103,0.1177704335057387,0.1469728673765793,1
1775545572.4415617,202.34,798.9,0.0944982025363806,0.0813401187085102,0.1151830041710383,0.1447925582038388,1
1775545572.4756153,205.3,798.58,0.0951910452710075,0.083575978846407,0.1188551976260324,0.1466620729152398,1
1775545572.522523,204.78,803.04,0.0947870454088399,0.0862822722527385,0.1201080916587546,0.1491978736781835,1
1775545572.5536015,205.9,799.94,0.0936893181344628,0.0838623237371675,0.1162020770455602,0.1444635530362755,1
1775545572.5865817,211.12,800.06,0.0941743690087882,0.0842131945999965,0.1175143462393828,0.1440565402962991,1
1775545572.616207,208.98,798.76,0.0935766024471932,0.0825163596969877,0.1167636984427334,0.145503653514373,1
1775545572.650903,207.96,800.02,0.0945242705466245,0.0845674633785434,0.1176560973643563,0.1453456889982244,1
1775545572.68035,207.82,800.98,0.0928505670382664,0.0830479735994144,0.1173444235640326,0.1463097120553179,1
1775545572.7132504,206.68,802.06,0.0935493254897326,0.0823712218177312,0.1177245145348884,0.1463172807577322,1
1775545572.745371,209.24,800.96,0.0922933162188944,0.0821404350524259,0.1165823349545808,0.145971323221895,1
1775545572.7769468,207.66,803.88,0.0933277956231245,0.0814890967753823,0.116810248088548,0.1458404326129842,1
1775545572.809501,208.86,799.96,0.0931433309902702,0.0799522207108072,0.1138756839831221,0.1441819650382679,1
1775545572.8414495,207.92,793.98,0.0901336540378681,0.0814405653367808,0.1161892641397216,0.1459511637520529,1
1775545572.8758523,211.02,792.84,0.0905805662176046,0.0830810781690315,0.1180476167167361,0.1474052463270295,1
1775545572.90768,212.0,794.1,0.0920804564944343,0.0813900022462947,0.1150658907701559,0.144449665052033,1
1775545572.9533153,216.58,793.92,0.0929590317067334,0.0814678345712002,0.1147409139628464,0.1436112997428897,1
1775545572.9852283,220.0,795.38,0.0949033331117232,0.0843030404300977,0.1173978460019445,0.146736341874119,1
1775545573.0172331,219.5,793.8,0.0934887811628975,0.0809147564491842,0.1140689276682685,0.1430980984668113,1
1775545573.0483236,220.2,798.14,0.0928851380243406,0.0805369950026634,0.1128949696266086,0.1410057382875007,1
1775545573.0815551,217.9,799.6,0.0906430766688402,0.0798449553471644,0.1149433439925844,0.1423397866197462,1
1775545573.1134253,218.26,804.42,0.0951616767205033,0.0829980374429787,0.1165518602541443,0.1440668798403447,1
1775545573.1468086,220.78,804.96,0.092985558087653,0.0821966443927601,0.1197854671087036,0.1469859227630146,1
1775545573.1774397,219.8,807.88,0.0939508366607483,0.0821134149625585,0.1195249937538699,0.1452710014000437,1
1775545573.2108746,220.3,807.52,0.0939676052050239,0.0804928606209694,0.118426905840146,0.1438570579427456,1
1775545573.2417123,221.26,806.72,0.1011835698713106,0.0900185372457253,0.1289166583156844,0.1548099868034855,1
1775545573.2765777,222.3,806.46,0.1041907706811541,0.0995055820525066,0.1387228826643163,0.1619851656637287,1
1775545573.3066747,220.72,813.08,0.1096518296838546,0.1049700144254493,0.1476534124605778,0.1716062171907646,1
1775545573.353208,219.02,816.28,0.1162619561400684,0.10846852260111,0.1528898708443627,0.1773057038602282,1
1775545573.3843963,218.92,816.28,0.1160751782376513,0.1062945076122416,0.1513634462213526,0.1761355076101077,1
1775545573.4174902,218.56,817.52,0.1165788193935931,0.1098222432795513,0.1579746718954536,0.182319708700177,1
1775545573.4496355,215.84,816.28,0.105537609976592,0.104281882170707,0.1563263117043722,0.1803372758678262,1
1775545573.4804935,216.72,819.8,0.1037411143826616,0.10194436271038,0.1574198217214767,0.1817545850021074,1
1775545573.51326,217.04,818.04,0.096134528995041,0.1017101691497585,0.153717578286084,0.1754657888230153,1
1775545573.5452192,209.7,815.2,0.0838583077568236,0.1043603786904158,0.1568988699279824,0.1665127459115836,1
1775545573.576812,209.44,815.06,0.0786706747998226,0.1101660535038181,0.156298330037718,0.1625825773370553,1
1775545573.609352,208.48,815.18,0.0899357799995853,0.1188511946891958,0.1546615727590701,0.1662079827389171,1
1775545573.6411307,208.52,817.32,0.0803646424248419,0.1183683784764269,0.1485174465441007,0.1692291170853485,1
1775545573.6769404,210.66,820.32,0.035183317747142,0.0859716857133964,0.1269550957080542,0.1704397553034923,1
1775545573.7054884,210.36,823.16,0.0446874211521245,0.0923046883283721,0.1374209313120149,0.1858470152119874,1
1775545573.7391214,207.64,822.96,0.0533432694704502,0.0996317414332167,0.1495202643577856,0.1986086441666076,1
1775545573.7865815,208.86,822.5,0.0504867909610243,0.0979047939893193,0.1488638212789125,0.1981099766972648,1
1775545573.8173974,208.76,822.72,0.0629402317550961,0.10234498577766,0.1491019019145636,0.2038596158797551,1
1775545573.8507383,207.14,824.96,0.0907115338085679,0.1230738545179966,0.1572706412638952,0.2157215259776234,1
1775545573.8800125,207.76,823.18,0.1146515355366726,0.1530995806225317,0.178974426274081,0.2343984251090707,1
1775545573.9150655,208.44,825.64,0.1479624037614403,0.1913197369796709,0.2083165824043983,0.2522412050991588,1
1775545573.9444172,211.56,826.08,0.1745636323055743,0.2263491637080387,0.2439405776464683,0.2761033965624138,0
1775545573.977136,209.36,827.3,0.2073347460005718,0.2618570207455969,0.2809784718017332,0.2946881376178077,0
1775545574.0091584,212.22,827.26,0.2242842978721708,0.2825266868797702,0.298790386022506,0.3105429255640575,0
1775545574.041478,211.6,828.46,0.2366307910738537,0.2956090073602234,0.3088656124505575,0.3175642872773231,0
1775545574.0769362,210.04,828.06,0.2538856785617433,0.3155550064008112,0.3254670472901834,0.3305544398622823,0
1775545574.1047838,209.98,829.42,0.258218650142745,0.3197929134553131,0.328644213786213,0.3361567156747977,0
1775545574.1373906,206.14,829.38,0.263925307167933,0.3239598171276954,0.3317376428559488,0.3403950264869836,0
1775545574.1711705,207.34,825.76,0.2659939563440132,0.3249954580972716,0.3330402759515791,0.3404529925866906,0
1775545574.2173908,206.16,826.02,0.2635356666756592,0.3250927582611965,0.3326399739495395,0.3394628376031477,0
1775545574.249368,202.88,828.52,0.2666053584926514,0.3276139062656916,0.3342961440981523,0.342281698583923,0
1775545574.2804294,203.7,832.74,0.267455731587405,0.3280719214839971,0.3371223412544438,0.3450922488484046,0
1775545574.313537,203.4,833.16,0.269801221705356,0.3340847663459305,0.339052152514819,0.3455765788420821,0
1775545574.3454916,203.52,830.92,0.2697230353315103,0.3337688933519948,0.3400280403783388,0.3489859939056081,0
1775545574.3778365,204.48,831.24,0.2703057643373638,0.3348561766860875,0.3405380005855086,0.3508073264726151,0
1775545574.4109955,201.98,832.34,0.2699138192631777,0.3342076471333324,0.3408779686652622,0.3512081764220288,0
1775545574.440626,202.82,827.8,0.2692457111976439,0.3319801997613079,0.3367750930905547,0.3507148285981196,0
1775545574.4744897,202.0,829.84,0.2677793083961834,0.3278431066991152,0.3340811333800196,0.3478044214768098,0
1775545574.5044394,202.06,830.32,0.2667949632269318,0.3271095075201939,0.3344422460682533,0.345450385007314,0
1775545574.5383136,202.32,830.24,0.2675297360021486,0.3281089725743341,0.3347778148454894,0.3450928386799647,0
1775545574.5685213,201.58,830.72,0.2673500387686459,0.3287831274527765,0.3349361289560534,0.3475927714787096,0
1775545574.5963,199.78,831.12,0.2685681010048156,0.3303187271831216,0.3370091598920509,0.3498704343977372,0
1775545574.6322458,197.32,832.32,0.2685789315060219,0.3302569829362641,0.3371825687068068,0.3490736281067986,0
1775545574.66615,197.26,832.3,0.2678926524742635,0.3306043025198109,0.3370966381436511,0.3476436727814806,0
1775545574.712598,196.84,828.24,0.2675200863130622,0.3292328836567924,0.3351528038287295,0.3461433123386771,0
1775545574.744429,198.82,825.68,0.2669264204546386,0.3302929565069128,0.3351816958192002,0.347618303047733,0
1775545574.7787223,200.18,827.94,0.2677030669589121,0.3308884794639429,0.3364150296769981,0.3488276521692478,0
1775545574.8086388,199.72,827.02,0.2670280703916072,0.3308898026754961,0.3357071212808141,0.349806835065974,0
1775545574.841515,199.98,826.14,0.2678179562358804,0.332403345198501,0.3374000770299762,0.3502792756015692,0
1775545574.873391,198.18,825.44,0.2683106633919762,0.3316821131084657,0.336075090953285,0.3508416456487216,0
1775545574.904593,197.18,823.08,0.2688309569736536,0.3329444869093376,0.336529047209778,0.3504375515607053,0
1775545574.9374592,195.9,823.16,0.2691918039538614,0.3338489202856838,0.3377579579245693,0.3516973438845446,0
1775545574.9684806,196.14,820.92,0.2685437956543813,0.3321943295641775,0.3366094889737026,0.3514265732684551,0
1775545575.0026498,196.86,816.68,0.2696370566421774,0.333929802784232,0.3373817251180747,0.351858588377347,0
1775545575.0501962,196.32,818.42,0.2686431962135295,0.3334090296171542,0.3373372885575097,0.3510400349906932,0
1775545575.0807953,195.42,815.32,0.2682633622940623,0.3334194664975197,0.3374078952062262,0.3516963819875334,0
1775545575.114638,196.52,817.4,0.2665136856494847,0.3323053591025383,0.3368888683883935,0.3512366448581731,0
1775545575.1445005,196.12,813.88,0.2682930355124267,0.3327636180534467,0.336229624706728,0.3501878130329647,0
1775545575.1794467,197.54,816.64,0.2683499823205144,0.3314693267454116,0.3356688863064635,0.3501747692296819,0
1775545575.2091925,201.02,811.46,0.2675718076781617,0.3327412983033048,0.3355734164393684,0.3490458368992578,0
1775545575.241557,201.04,811.68,0.2679879031332591,0.3321856876109527,0.3363134659614694,0.3498036262542933,0
1775545575.2733326,201.38,810.04,0.2672683446806016,0.3322344344940112,0.335048379084324,0.3495072617072087,0
1775545575.3043413,202.34,808.9,0.26727355132721,0.331346034812233,0.3346817540703879,0.3495883480950041,0
1775545575.33741,201.46,810.42,0.2676802461288716,0.3326620323343162,0.3356323461119443,0.3493960106373561,0
1775545575.3712296,202.94,807.44,0.267454151908324,0.3312893057602334,0.3354908273356813,0.3496406225668033,0
1775545575.4173942,203.46,807.06,0.2669733311313418,0.3316421447463811,0.3353440769647576,0.3497498361062768,0
1775545575.4499211,202.14,805.6,0.267784305950579,0.3319121269684559,0.3358761032090219,0.3498685373207703,0
1775545575.4816144,201.92,806.2,0.2686810349776639,0.331943262544671,0.3360391320814473,0.3490357069771349,0
1775545575.514609,203.64,803.72,0.2686242047433321,0.3328784882874372,0.3357756571765915,0.3492253560247731,0
1775545575.5604224,204.7,804.44,0.268132442989475,0.3323710516417242,0.3359213161454927,0.3492111229265944,0
1775545575.5933251,203.92,804.86,0.2683154501250258,0.3314390669343831,0.3351204802557095,0.3500685429161973,0
1775545575.6256092,203.6,805.5,0.2670726578900587,0.3296741165885042,0.3328425103173378,0.3474793922113697,0
1775545575.659304,203.5,804.92,0.2672578979722638,0.3310424048108277,0.3345594540635069,0.3493263651965081,0
1775545575.696382,199.86,802.58,0.2673820901071493,0.3293266356813243,0.3310664899604882,0.3455717207890051,0
1775545575.7367957,201.02,802.38,0.268351364810945,0.3303333079433942,0.334050179284683,0.3459985594317404,0
1775545575.7704265,202.08,802.64,0.2663534526027063,0.3299430787625753,0.3322425801081841,0.3464102245422691,0
1775545575.80465,203.12,805.12,0.2675421375890329,0.3285020343825258,0.3307819562787443,0.3465023620933873,0
1775545575.850392,202.7,807.04,0.2678694497420474,0.3273331430398225,0.3305976628000079,0.3439310410318417,0
1775545575.881394,201.44,809.66,0.267660964489859,0.3277813477820672,0.330114592580696,0.3438881927123913,0
1775545575.912514,201.58,808.64,0.2671108310200881,0.3253201045891338,0.3272605570067125,0.3422601758835737,0
1775545575.9462922,200.18,806.98,0.2662363662359127,0.3252872252441543,0.3258059616066411,0.3406250430765638,0
1775545575.9803972,201.08,803.12,0.2657229621254819,0.3248534643604364,0.3258817930266893,0.339981439339546,0
1775545576.0246773,201.5,804.52,0.2634114028871921,0.3222351965784318,0.3231836855745396,0.3386429824107372,0
1775545576.0572102,201.82,805.54,0.2621645675632391,0.3215987316082175,0.3235683516290372,0.3384407116519574,0
1775545576.0902898,200.86,806.7,0.2619555948788437,0.3210994848431414,0.3221119802490165,0.3377126892183309,0
1775545576.124287,202.2,804.28,0.261644464269101,0.321325782984238,0.3219799141364646,0.3357774043724754,0
1775545576.1696622,201.64,808.7,0.2622259641750835,0.3211347399665065,0.3223457830148991,0.3359540879290694,0
1775545576.2013102,203.0,807.16,0.2608631144335947,0.3203333364686737,0.32220483695315,0.3348443430368286,0
1775545576.2336197,202.36,809.56,0.2611765066506048,0.319220493320391,0.3214075245832992,0.334864153601847,0
1775545576.2654488,201.54,807.76,0.2618864723854852,0.3193002818345634,0.3219608582623222,0.3340161045580217,0
1775545576.2972803,201.74,808.24,0.2613028370420734,0.3196245290785893,0.3218451290670752,0.3348364768774284,0
1775545576.3293626,201.54,807.08,0.2607619454285825,0.3194382090240097,0.3213800094721711,0.3340713801546171,0
1775545576.3624816,202.7,806.0,0.2611413857562163,0.3181126918242803,0.3208394733912391,0.3348503806884828,0
1775545576.3937798,203.18,803.74,0.2610616788170628,0.3185179536445417,0.3201083509958212,0.3344931343188356,0
1775545576.426768,203.82,808.78,0.2576293212163756,0.3142899309661874,0.3173354580121353,0.3331337540195942,0
1775545576.4604287,204.36,808.66,0.2573182428694575,0.3126312287930916,0.3154028795643462,0.3334338629607508,0
1775545576.4974449,202.7,808.8,0.2566210370086447,0.3118437075129764,0.3132725060586092,0.3332408616725625,0
1775545576.5370998,201.32,808.3,0.2533259519520638,0.3025064868179729,0.3073556850586224,0.3300795010939417,0
1775545576.5690677,202.22,810.5,0.24854597256245,0.2928530594483067,0.3037531351330675,0.3310785317250994,0
1775545576.6014774,203.72,809.24,0.2494926516210327,0.2894522419195511,0.3046267432041871,0.3331039283658251,0
1775545576.63344,203.54,814.96,0.2426022136027701,0.2794302800200904,0.2969709822375936,0.3315465104683901,0
1775545576.6646907,200.52,813.9,0.2204670783112764,0.2519493164176788,0.2740694155457757,0.3205410669495333,0
1775545576.697448,200.5,815.18,0.188342624612614,0.2105751068789142,0.2444963651112335,0.3036113309668907,1
1775545576.7293055,201.16,817.74,0.1285894106607627,0.1570064545686772,0.2017395025724578,0.2800851718652474,1
1775545576.7615795,200.82,815.16,0.0987431327151955,0.1340240813491193,0.1845909788422863,0.2593957887941964,1
1775545576.792529,201.04,815.92,0.0685908058272131,0.1135225062902511,0.1637269121502627,0.2201351968010986,1
1775545576.8244417,200.2,817.88,0.0529312826746773,0.0973882256022525,0.1438346774221669,0.1900739716787303,1
1775545576.8582716,198.84,816.2,0.0425639714858852,0.0901376371972152,0.1287036139866361,0.1651054707287055,1
1775545576.898401,196.8,816.8,0.0534701213105146,0.0922137990820654,0.1220161193163085,0.147582614605412,1
1775545576.936947,196.24,821.2,0.0601834644182172,0.0893026267865118,0.1127127011636234,0.1308522571121748,1
1775545576.9693484,198.52,823.02,0.0623868482703218,0.0652581919734442,0.0867532483305039,0.1027905323865208,1
1775545577.0027514,198.82,822.6,0.0964975941204642,0.0713324793230439,0.0850248090187182,0.086938872968959,1
1775545577.0333023,198.04,823.86,0.1189589103390339,0.0892918549065735,0.0970102983315425,0.0955273214971836,1
1775545577.0669253,197.42,823.26,0.1332767092215788,0.0993571455280983,0.0981960988287638,0.1000493466752138,1
1775545577.0974658,195.24,824.34,0.1395527341164487,0.1042819302022207,0.1068174075919072,0.1089408464340746,1
1775545577.1314526,196.3,824.04,0.1439880496929652,0.1100247558076522,0.1098831868521475,0.1130416471376994,1
1775545577.1616168,196.44,828.14,0.1436010184648131,0.1092389104807104,0.1080736139987346,0.1142276980366165,1
1775545577.193276,195.62,825.94,0.1454076953978331,0.110134591976962,0.1116616707846046,0.1209161673809464,1
1775545577.2253702,193.34,829.74,0.1473606666995769,0.1139324872191136,0.1222458944082044,0.1360963832049905,1
1775545577.2573173,191.16,829.52,0.1463386547612649,0.1163338272356602,0.1303320883209824,0.1513540406528324,1
1775545577.290948,191.76,830.26,0.143468969299606,0.1162805711414301,0.1358359869016868,0.1641899595090549,1
1775545577.3373363,188.92,830.14,0.1390486294875546,0.1119833542011489,0.1347266076728922,0.1665471379592093,1
1775545577.3692946,188.92,830.74,0.1322745899409109,0.1057088541935476,0.1390597338239391,0.1727301753913185,1
1775545577.4015114,191.48,826.9,0.1271382887537949,0.1076270146271158,0.1439093062674977,0.1758769872156021,1
1775545577.433529,192.8,828.96,0.1198041328109433,0.1037576522585149,0.143846291074288,0.1746993549613506,1
1775545577.4652758,186.8,827.44,0.123417221755713,0.1107599870684308,0.151532449750774,0.1801914311347534,1
1775545577.4975462,185.58,826.94,0.1223187082382726,0.1097926502381123,0.1500810225428183,0.1770822180030754,1
1775545577.5295424,186.58,825.48,0.1240339341529928,0.1146319068451975,0.1529761810601013,0.1788120838456268,1
1775545577.560478,186.74,826.92,0.1206300760046629,0.1119372419323082,0.1488432068850745,0.1750438881150083,1
1775545577.5922804,187.46,827.14,0.1172404981094351,0.1073243707833883,0.1425187961422308,0.1679016542105219,1
1775545577.6268246,187.7,829.16,0.1116374052272354,0.1008130660003298,0.1366571285182576,0.1647613583086466,1
1775545577.656747,189.08,828.44,0.1087957313574097,0.0969758621551107,0.1291694890574504,0.1574572421847653,1
1775545577.690918,189.02,829.16,0.1060845426284292,0.0940405405674219,0.1272769634462359,0.1556404557793722,1
1775545577.7246947,189.7,829.4,0.1066375342285999,0.0911597403751761,0.1240181443277708,0.15439867186511,1
1775545577.770594,190.78,829.9,0.1063781011169971,0.0948123013819589,0.1276876658006091,0.1565469781492198,1
1775545577.8013377,190.34,829.46,0.1049444726952802,0.0916336589525892,0.1246133180718856,0.1552853288104023,1
1775545577.8334816,189.44,828.38,0.10572060856163,0.0901848291537854,0.1226674099493751,0.1527772748239104,1
1775545577.8653476,186.56,828.38,0.1065128289036724,0.0911529741769216,0.124021301707095,0.1537355921786177,1
1775545577.8973212,188.6,828.12,0.1068749278707207,0.091968555940563,0.1247439995956747,0.1565113828137789,1
1775545577.9294713,184.36,828.12,0.1046042742430479,0.0922467465711225,0.1237567727238285,0.1545545502977937,1
1775545577.9614902,184.36,830.08,0.1053293081232493,0.0909852711290415,0.1233409833999156,0.1547023559607912,1
1775545577.993231,182.26,829.48,0.1043479542031347,0.089991722759839,0.1216497016540749,0.1529228308921086,1
1775545578.0247135,180.44,831.96,0.104226697913796,0.0905351617736301,0.1240485574329621,0.1544910949923889,1
1775545578.0574198,179.84,834.08,0.1039948198610922,0.0898173187706521,0.1219977158743147,0.1523083187956047,1
1775545578.0916376,179.96,834.72,0.0998501057675887,0.0882690518601601,0.1207403103936907,0.1501399079064687,1
1775545578.1363597,180.36,833.72,0.1013917382180065,0.0881623284074677,0.1217040983482052,0.1505496296292912,1
1775545578.1695197,180.28,835.3,0.1017496694986544,0.0887909583292372,0.1211675366357755,0.150267159957157,1
1775545578.2006388,180.66,836.26,0.1016093167619384,0.0874531872567412,0.1216751758574092,0.1493791094984409,1
1775545578.23437,182.08,835.24,0.1009343821910785,0.0872158480719892,0.1206127805778908,0.1499968627700652,1
1775545578.282177,182.88,836.12,0.1011570851342762,0.086540643294624,0.1198515491649592,0.1487704175825452,1
1775545578.313413,182.34,836.66,0.1017428103099184,0.0873004920220667,0.1200572786514121,0.1495258179476655,1
1775545578.3466454,185.58,835.88,0.1006256960359548,0.0863157700241848,0.1189391660802187,0.1475870724684664,1
1775545578.3819978,185.62,836.68,0.1013353419390313,0.0888514172133735,0.1224857296966496,0.152526631253607,1
1775545578.4267552,185.28,834.8,0.1028586167688876,0.0897326728821631,0.1217909799734163,0.150918228134045,1
1775545578.456498,185.08,838.66,0.1018054295291727,0.0881393430257795,0.1197433128017639,0.1487972324304921,1
1775545578.4896452,185.48,838.4,0.099038019737785,0.0846454264485167,0.1173069858305003,0.1467653459230499,1
1775545578.522401,186.3,836.62,0.0992422910795288,0.084034258363846,0.1169348292750652,0.1461598060482517,1
1775545578.5694995,189.2,836.32,0.1023184554155678,0.0849044166253109,0.1180480794308525,0.1484153038468434,1
1775545578.601465,189.38,837.28,0.1020191654972196,0.0868842416681967,0.1196391468258727,0.1479845084761479,1
1775545578.6333046,189.38,837.54,0.0983453142658565,0.0846688170897658,0.116513028946981,0.1452917003391347,1
1775545578.6669517,189.0,837.24,0.1010362040805892,0.087483325028686,0.1205445010733013,0.1490096547603374,1
1775545578.7008424,189.44,837.36,0.099988886860276,0.0867647609779579,0.1191242430487801,0.1475110058145383,1
1775545578.7444756,193.14,838.96,0.1000391152277444,0.086750673921549,0.1188333737140703,0.1480344196384474,1
1775545578.7830002,192.1,838.48,0.1003202934006592,0.084994326516221,0.1161124782295749,0.1453753494231607,1
1775545578.81152,192.72,839.8,0.0982606143155601,0.0826823718098734,0.1158002333340068,0.1445645968547867,1
1775545578.8572297,189.42,839.28,0.1006538340655165,0.0877965277881737,0.1201869116182604,0.1475814392095447,1
1775545578.8881936,189.14,840.6,0.0985479548929114,0.0858269863849609,0.1165547138843871,0.1457615433277835,1
1775545578.921665,189.22,840.1,0.0965801850921944,0.0805222928795358,0.1114208153778173,0.1401857907720814,1
1775545578.9544144,189.9,841.08,0.0977567666090518,0.0829022068638206,0.1146834957178759,0.1442632762249196,1
1775545578.9844313,188.92,840.44,0.0977158532328826,0.0842448134261104,0.1162314762195418,0.1457397997862504,1
1775545579.018854,189.84,840.02,0.0953185004594891,0.0813106082049764,0.1144639370032497,0.1438677912427519,1
1775545579.0493617,192.8,837.94,0.098885686472294,0.0863805587390994,0.1187445011863225,0.1472930944155958,1
1775545579.083329,193.08,838.78,0.0986984447474479,0.0843053312279944,0.1154885344417924,0.1442968678228115,1
1775545579.113251,191.44,842.64,0.0988301852707956,0.0854048987422376,0.1166543985253,0.1445649382591367,1
1775545579.1469903,190.98,842.64,0.0977469467147722,0.0850855266761074,0.1165462503330826,0.1446634256105796,1
1775545579.1933296,196.38,842.54,0.0988710753310617,0.085508155727002,0.116693758236426,0.1440480699586767,1
1775545579.2253468,196.94,843.7,0.0977656897219886,0.0843461152257459,0.1149696224098875,0.1426202575414682,1
1775545579.257412,196.88,843.64,0.0980215313080035,0.0858965884422713,0.1181369208798513,0.1453793360836283,1
1775545579.2887552,197.28,844.18,0.0984206957963005,0.0868497166627519,0.1191440336358795,0.1477482770899212,1
1775545579.3214357,193.58,844.14,0.0979503348320724,0.0846643420045086,0.1169913153230143,0.1437652798052942,1
1775545579.353278,193.36,843.0,0.0972469466522626,0.0850576760092818,0.1192935997269181,0.1464467889529802,1
1775545579.3855376,191.22,842.66,0.0977440725667091,0.0842071889268937,0.1163867071110036,0.1446291153769491,1
1775545579.4174173,191.5,842.14,0.097213369145134,0.0838818676272024,0.1164755334706274,0.1444283831560717,1
1775545579.44957,190.44,841.3,0.0982089583279903,0.0837999902359142,0.1158144059350815,0.1434202871771053,1
1775545579.483363,189.56,842.76,0.0956221838818664,0.0846508435196571,0.117884173045895,0.1449256384346685,1
1775545579.5134273,189.32,842.58,0.0962496597520912,0.0818328065148531,0.1156657421879696,0.1434589798366448,1
1775545579.545207,189.0,842.78,0.0963925657242417,0.0841294153593673,0.1171360921996687,0.1444907637431212,1
1775545579.5790122,189.22,843.72,0.0980651599761009,0.0838062152796773,0.1160935556131979,0.142249198991478,1
1775545579.6124554,187.94,844.54,0.0976351027374676,0.0813714218086765,0.1149980494863858,0.1426324231163907,1
1775545579.6596582,191.84,844.68,0.0958314534921333,0.0814956446454894,0.1134508044075017,0.1403555049747107,1
1775545579.6884742,191.3,844.44,0.0973651782394946,0.0832108623828695,0.1157673616989157,0.1444857332615683,1
1775545579.7225091,191.98,844.54,0.0970517786915568,0.0830811273575821,0.1150513249701891,0.1417770133911824,1
1775545579.7522333,191.76,844.78,0.0967101274808531,0.0833393856336109,0.1166501179829848,0.1430496714964486,1
1775545579.784837,189.3,843.78,0.0994378960609402,0.0832891699793673,0.1164719528329591,0.1444732301338314,1
1775545579.8176322,188.34,843.7,0.0971519855335356,0.0824664283712105,0.1142182887815593,0.1409518081087536,1
1775545579.8495488,186.52,843.78,0.0982468828314123,0.0826785912876921,0.1149216642872995,0.1426562137302229,1
1775545579.8839822,186.78,842.94,0.0953829283021719,0.0812644671802096,0.1153577277717313,0.1429521919697152,1
1775545579.913319,186.22,842.24,0.0976836263791126,0.0815264559473492,0.1174233391995396,0.146030580358133,1
1775545579.9454217,183.86,844.22,0.0964743941539714,0.0813803341705549,0.115376868708088,0.1419475582909089,1
1775545579.9792092,182.32,843.66,0.0982538953001967,0.0833774649095296,0.1170993460153874,0.1437084681020073,1
1775545580.0254366,181.1,844.3,0.0933169533523858,0.0754283207957462,0.1095293381384675,0.1373264304428071,1
1775545580.0573645,181.6,844.08,0.094141655921459,0.077754737902996,0.1137766822556618,0.141253038073905,1
1775545580.088423,181.26,842.58,0.0979063596609587,0.081709359817887,0.1169072139782556,0.1442324421326552,1
1775545580.1215017,181.86,841.08,0.0987651508945118,0.0839449421554279,0.119426902636225,0.1462096871053914,1
1775545580.153323,182.48,841.66,0.098856786308785,0.0854199469385229,0.1227954541398107,0.1506638811255553,1
1775545580.1856723,182.42,839.98,0.0995215983409299,0.0884786493768969,0.1253782485233436,0.1525488199924167,1
1775545580.218596,181.52,842.46,0.102662808133444,0.0917413993507075,0.1301122256298206,0.1543798782402896,1
1775545580.2488546,178.68,842.2,0.1051960139299508,0.0914451478592092,0.1312091355079027,0.1555946940470826,1
1775545580.284495,178.04,841.72,0.1010538030929861,0.0893722008665948,0.1310473339211927,0.1587509189307951,1
1775545580.3135202,176.74,840.76,0.1046501992498037,0.0919702141651684,0.1359624513654865,0.1625919310360534,1
1775545580.3467271,175.32,841.72,0.1051213438231829,0.0959531242950749,0.1443233120839812,0.1735966374076437,1
1775545580.38475,174.7,840.74,0.0918553127886588,0.084574627269577,0.135894316170178,0.1667976961941252,1
1775545580.4112806,171.54,841.06,0.0933326184573028,0.0938035249152672,0.1434395629308612,0.1735351737420236,1
1775545580.4574046,172.1,840.7,0.0835331350030633,0.0918579634043127,0.1436182663824701,0.1655813293705562,1
1775545580.488526,171.42,840.48,0.0698531609648123,0.0881614718844121,0.138250675672137,0.1575452086702241,1
1775545580.5214715,173.14,839.64,0.0652317794481929,0.0956836405385172,0.1386559523873563,0.1543439530680498,1
1775545580.5524836,173.04,839.24,0.0608141269580856,0.0837598732804303,0.119895611860619,0.1433046333959705,1
1775545580.585034,172.1,839.98,0.0088622184898752,0.0569454908641426,0.1012586890682931,0.1463676374038663,1
1775545580.6174347,172.4,838.48,0.04135292425858,0.062631235778935,0.107898835604985,0.1608961723462894,1
1775545580.6497016,172.86,838.12,0.0456934086770146,0.0764732111078909,0.1222248121127576,0.1681851806269242,1
1775545580.6849103,172.48,838.62,0.0919642604481339,0.1361620761586154,0.1477198298861206,0.1986819615994486,1
1775545580.7135332,170.86,840.16,0.115662968768532,0.1667953317813052,0.1795415848917358,0.2233925627903941,1
1775545580.7454205,171.34,839.76,0.1666061435902584,0.2232676898605931,0.2228877208176811,0.2597001055087886,0
1775545580.777476,172.76,840.1,0.1976726426330034,0.2522225169263255,0.2649157093315735,0.2813480421254506,0
1775545580.808535,170.76,842.88,0.2204939245212743,0.2740086212919346,0.281233502094571,0.295072616990922,0
1775545580.8421917,170.76,843.34,0.2321006046523221,0.2854366269049349,0.2908119102818906,0.3060060953009478,0
1775545580.8760765,171.88,842.26,0.2412873305250599,0.295708653721823,0.2986007345241283,0.3119875518869016,0
1775545580.9227602,171.32,841.34,0.2493350394678211,0.3037915282580899,0.3073938002600014,0.3215071742926034,0
1775545580.952354,171.32,841.22,0.2534287361417722,0.3067796930498306,0.3095457981827799,0.3247564113623073,0
1775545580.986102,174.56,841.34,0.2569623118665618,0.3113098993527514,0.3130431425353416,0.3294075363888556,0
1775545581.017527,176.64,842.72,0.2610939027009859,0.3138292467617553,0.3177423858849408,0.3348869090237574,0
1775545581.0494597,176.34,842.62,0.2631490544496389,0.3165489376693304,0.3203108861788474,0.3369775915435312,0
1775545581.0850308,176.68,842.52,0.2616875783427225,0.3163616041529098,0.3192582006643423,0.3384290010571665,0
1775545581.1133523,175.16,842.92,0.2636202281607473,0.3195882037050899,0.3224501291336562,0.3403413117721753,0
1775545581.144673,175.48,843.38,0.2646030697190212,0.3227049128377373,0.3257780193490029,0.3428078688294589,0
1775545581.177431,174.76,843.74,0.2643571387274007,0.3237210825050594,0.327977323400044,0.345460264328658,0
1775545581.208593,174.62,844.36,0.26410541108113,0.3240224847417772,0.3263345762863335,0.344055059284071,0
1775545581.2414954,174.76,843.04,0.2601779794806082,0.3219913392231654,0.3235287862306525,0.3421121483541458,0
1775545581.2753184,175.3,843.76,0.2597451037142116,0.3220845473061661,0.325147282209252,0.3436290193673609,0
1775545581.3212311,174.22,841.36,0.2603786507045035,0.3226875839016225,0.3240911118312562,0.3427490451969952,0
1775545581.3532605,174.72,841.6,0.2630287854139879,0.324753682183253,0.3265099659585523,0.3448831840525963,0
1775545581.3855383,176.2,841.66,0.2621228099222497,0.3222874142000562,0.3254641241875524,0.3436711810862344,0
1775545581.4173942,177.3,842.14,0.263733291174791,0.3237346630779219,0.3278751987397279,0.3460242681009535,0
1775545581.4493897,178.8,842.54,0.2630613375415758,0.3225671024529938,0.3276887824924185,0.3451424454267711,0
1775545581.4856424,179.64,843.12,0.2636513911349574,0.3213907473981761,0.3271599652253811,0.3452342241080979,0
1775545581.5133722,181.1,843.54,0.2649010595979414,0.3242230755081537,0.3292190403156279,0.3465513658830053,0
1775545581.546511,180.86,844.4,0.2651192173910701,0.3267066714932004,0.3302112492125608,0.3469276938219973,0
1775545581.5760942,178.38,844.06,0.2650062840816496,0.3240849360165587,0.3292513837093267,0.3476288829516882,0
1775545581.6036398,178.68,844.1,0.2659470304076526,0.3249968171760975,0.3302632118925958,0.34651223482495,0
1775545581.6414826,179.56,844.2,0.2658878224233925,0.3256985646570389,0.3301160860024998,0.347534282828471,0
1775545581.6752045,179.96,844.54,0.2648437130521817,0.3247201211167816,0.3294681459802902,0.3470695230941988,0
1775545581.7214952,179.28,844.7,0.2669008020739548,0.3282611111683115,0.3315003840897977,0.3477897049405812,0
1775545581.753291,180.24,846.26,0.265622960228799,0.3257683702722773,0.3307937372972689,0.3475540832666625,0
1775545581.7860863,180.24,848.62,0.2640761628310695,0.3249538217498494,0.3294750734585479,0.3465958471227442,0
1775545581.8176315,180.8,849.06,0.2657027367016499,0.3261835322061556,0.3298317442864464,0.3471576296227445,0
1775545581.8485448,180.44,849.62,0.2656021802679395,0.326424025844806,0.3306550975482633,0.3467416609929767,0
1775545581.8814774,180.16,848.86,0.2667733122644305,0.3279156835603035,0.3328426538447323,0.3484095567014191,0
1775545581.9135754,181.74,849.34,0.266685867759385,0.3263204009306169,0.3298147744466764,0.3468972282664005,0
1775545581.945183,182.88,849.54,0.2665689563614066,0.3269743235025498,0.3311014919263383,0.3450531236382188,0
1775545581.976489,184.18,849.4,0.2664051341193046,0.3271895793762636,0.3300565774496826,0.3449296885985736,0
1775545582.0084543,183.78,849.32,0.2658967322753321,0.3266486885615932,0.3298621700083655,0.3437507954687886,0
1775545582.0420916,183.96,849.14,0.2677722265207961,0.3271915601712512,0.3289418993838182,0.3445551189146433,0
1775545582.075544,183.98,848.84,0.2677977511526624,0.3272543780674452,0.3298142706593429,0.3456099074926257,0
1775545582.122821,183.52,849.54,0.268621315706718,0.3279783889448884,0.3299417323379692,0.3441965734091452,0
1775545582.152309,183.44,850.24,0.2683003679346074,0.3276674626343853,0.3299220219423481,0.3445616071728022,0
1775545582.1862428,182.84,850.6,0.2675593347325374,0.3274220135958232,0.3298745988407194,0.344357903527173,0
1775545582.2190611,184.64,850.8,0.2675195942598721,0.3272391016511133,0.3310524680762435,0.3446458398785131,0
1775545582.2663443,184.4,849.64,0.2670205556339159,0.3281486248953723,0.3307686017184372,0.3455222590407676,0
1775545582.297372,184.4,851.06,0.268133945424851,0.3287277615004055,0.3309616165128786,0.3450954553281614,0
1775545582.3310592,184.06,849.8,0.2677153413792683,0.3283540903957637,0.3312029108880764,0.3446540874669186,0
1775545582.377607,182.8,850.5,0.2687787707751294,0.3275963102362987,0.3304333639268182,0.3444492575741486,0
1775545582.4287314,184.4,849.74,0.270287460368976,0.3291895488401291,0.3301774550980774,0.3440425330902882,0
1775545582.474269,184.4,849.94,0.2713841282952237,0.3316177587810681,0.3309630800971316,0.3432646448106905,0
1775545582.5216205,183.86,849.76,0.2711243542066039,0.3302708699999008,0.3302865905786362,0.3434566039899259,0
1775545582.5527785,185.98,847.82,0.2716857048769744,0.3304582438922812,0.3311667552099114,0.343367730931674,0
1775545582.5870483,186.0,847.84,0.2715573404115134,0.3311575361435737,0.3316100346955009,0.3442724910814286,0
1775545582.6192546,185.88,849.46,0.2702341522858695,0.3297170714565111,0.330121869054553,0.3444682798547109,0
1775545582.665386,186.28,849.46,0.2709179822992134,0.3297211012301678,0.3301408851336816,0.3433859331918906,0
1775545582.6973715,186.18,848.96,0.270097615283539,0.3303510522698348,0.3302397817844571,0.3428770926237324,0
1775545582.729324,184.88,849.1,0.2708470584767735,0.3297523774286212,0.3299264283416206,0.3427431101863245,0
1775545582.761517,182.88,849.58,0.2691641935896475,0.3290899075317464,0.3270064494912817,0.3408535690696309,0
1775545582.7947326,182.08,849.38,0.2687422967737806,0.3289446860430999,0.3261321175507717,0.3402784236817077,0
1775545582.825369,182.66,850.8,0.2685920019815622,0.32686775603356,0.3253572257313524,0.3382375770299833,0
1775545582.8588042,184.1,849.64,0.2681044925465669,0.3267167145403292,0.3258885406361716,0.3353186441041917,0
1775545582.8888595,184.74,849.26,0.2679157354671281,0.3245863680519532,0.3235805485370344,0.3337724715675495,0
1775545582.922798,185.08,848.94,0.2678882966413099,0.3226434974210985,0.3224574141423355,0.3312291751778307,0
1775545582.953248,185.46,849.92,0.2707222717923447,0.3229114931871651,0.3223479519941037,0.3284868631310507,0
1775545582.9880345,186.62,850.14,0.2679001822262811,0.3183689462947682,0.317266874859701,0.3226220112103413,0
1775545583.0333784,188.44,850.24,0.267464982219709,0.3183961610821353,0.3178866202164773,0.3201020065398087,0
1775545583.065162,189.46,851.24,0.2639320128418198,0.3146607349794676,0.3141398171947414,0.314331620348161,0
1775545583.0964162,189.88,851.22,0.2630506777884909,0.3109628564741334,0.3063701348747299,0.3053223901807015,0
1775545583.1293406,188.4,851.44,0.2560729296345577,0.3024138255748255,0.2925356529723694,0.2833680823109167,0
1775545583.161512,188.06,851.72,0.2571303716408391,0.3009004082967214,0.2858377311175931,0.2613180633270616,0
1775545583.1924613,189.96,851.64,0.2578131923989197,0.3011092552382223,0.2860814155197727,0.2582728143830981,0
1775545583.2254217,189.26,852.02,0.2502121747523589,0.293013923124463,0.2732023735329525,0.2436527637833112,0
1775545583.2575705,189.06,851.76,0.2429041162758238,0.2745794872822817,0.2499021504428942,0.2209961921769966,0
1775545583.288649,189.7,851.56,0.2477940292327804,0.269818758761065,0.2417203076193843,0.2112517299654661,0
1775545583.321232,192.28,851.02,0.2402534559586201,0.2512428269931474,0.2256091744286616,0.2000675089056209,0
1775545583.3533742,191.5,852.28,0.2247831398607022,0.2188751530670926,0.1959071585365701,0.1714240852998798,0
1775545583.3886642,191.16,851.64,0.2191373437616912,0.2076640046164278,0.1833800024733239,0.1654837552361616,1
1775545583.4193077,191.48,851.68,0.2000072521102777,0.1719197752045135,0.1510792403516263,0.1373351574037826,1
1775545583.4655952,190.8,852.04,0.1800437336750053,0.1429877298903992,0.112162406571849,0.0961420540087032,1
1775545583.4985273,189.36,852.76,0.1493162310813074,0.1133359031731535,0.0828247633954042,0.0615076724916284,1
1775545583.529456,187.66,852.02,0.1348578728449795,0.084973767807001,0.0464731557356947,0.0288338868131003,1
1775545583.5624914,186.14,852.66,0.1394927426798267,0.0969649929098455,0.0685853413083803,0.0308756475059182,1
1775545583.5922537,186.62,853.98,0.1265560722705448,0.1060934077190369,0.0907019009754131,0.0542330785304464,1
1775545583.62401,186.6,853.86,0.1350919208689002,0.1202710725945571,0.1074283173032425,0.0831198166394566,1
1775545583.6567762,186.88,852.74,0.1454207157848695,0.1263374092219402,0.1141670762473103,0.0949959172244397,1
1775545583.6889358,186.8,853.86,0.1210877135241847,0.1147639056857452,0.1190144629494164,0.116928095513785,1
1775545583.721409,186.8,853.16,0.1428202412632944,0.1422733378526826,0.1580864974525348,0.1559462625519665,1
1775545583.753354,187.1,853.36,0.141655946635214,0.1431907180796146,0.1643589173351186,0.1655739542965471,1
1775545583.8003693,186.0,854.18,0.1334905407826343,0.1393559523033227,0.1627669510742441,0.1696374802215852,1
1775545583.8326087,186.32,854.7,0.1412425853642786,0.1467908001281072,0.1721527654003876,0.1804833326080161,1
1775545583.8656332,186.02,853.56,0.1183256419355292,0.1265929305415289,0.149560820619282,0.1585258942795998,1
1775545583.8974185,186.5,854.86,0.1208651349150603,0.1335512949939362,0.1598080149051465,0.1740674534428704,1
1775545583.9293687,186.16,854.46,0.1246616847308999,0.1403780586555177,0.1675246686718673,0.1807943650755013,1
1775545583.9613533,185.54,855.32,0.1153258872578209,0.1282304388956677,0.1566148510779867,0.1733417611095457,1
1775545583.9924924,186.16,856.66,0.1106229386480747,0.1228531928451826,0.1521798614812624,0.1691310617039917,1
1775545584.0255775,184.96,857.48,0.1099680036096378,0.1196812863958936,0.148802603633841,0.165360943692211,1
1775545584.0595996,184.02,858.24,0.1112483927640782,0.1241482896293754,0.1529469180431581,0.1703946287667924,1
1775545584.0895226,184.32,858.34,0.1081192667080764,0.1172555634329201,0.1483010349597613,0.1659198041329465,1
1775545584.1231966,182.9,857.82,0.1076943105776285,0.1201634113398467,0.1534589285391541,0.171915406048516,1
1775545584.1523297,182.64,858.52,0.1073256620685384,0.1141160966263123,0.1454400362659947,0.1640575690339584,1
1775545584.1859782,180.86,858.02,0.1075808845925822,0.1101264219243781,0.1401885887785345,0.1583668849692459,1
1775545584.219776,179.16,858.4,0.1009692283208634,0.1043967759505375,0.1358981014444351,0.1541663637199731,1
1775545584.2653315,177.24,857.8,0.100617333413753,0.0994771012516538,0.1306953307105877,0.147704581451243,1
1775545584.2973711,176.02,857.68,0.1010180585876209,0.1031054905865158,0.1372283241492908,0.1545816588898335,1
1775545584.33125,176.56,857.4,0.1021721880933101,0.0984469338918479,0.1310320935688712,0.1472745415362048,1
1775545584.376519,176.52,859.32,0.0985765961473307,0.1012543414098779,0.1387743249307384,0.1550275829560866,1
1775545584.4084804,177.16,858.2,0.1043390053709332,0.096152839415849,0.1294256174660247,0.1443905789645607,1
1775545584.4417007,177.22,858.28,0.1019165173947182,0.1048213303305208,0.1412428526687094,0.1580718572701578,1
1775545584.475276,178.26,858.7,0.1029614588702467,0.0979541047190229,0.1330900426308447,0.1486845461645158,1
1775545584.52152,176.48,859.2,0.1098930655722207,0.1076455801981674,0.1450629371663764,0.1599574246403696,1
1775545584.5535145,176.68,859.94,0.1056852903847302,0.1111259156133787,0.1496630874710365,0.16588970526565,1
1775545584.5895977,175.74,860.64,0.100588617351248,0.1064001939716915,0.1462462391978281,0.164347116995481,1
1775545584.6180892,176.8,860.92,0.1031384161875436,0.0983331817818939,0.1356825382688809,0.1506758982774866,1
1775545584.651441,177.04,860.8,0.1018468657926605,0.1017606282896166,0.1395558851538301,0.1555887944961088,1
1775545584.697422,0.0,0.0,0.0983581147838028,0.0974222684097084,0.1364472911003725,0.1520532645346963,1
1775545584.7305045,194.64,909.58,0.1038367252078985,0.0977685136329849,0.1343547979139752,0.148321470223032,1
1775545584.7640955,192.72,911.54,0.1053911742693998,0.1001190794784453,0.1347683720509276,0.1487654818710335,1
1775545584.8294256,206.42,905.86,0.1109193839182413,0.1025277410055916,0.1358521327197709,0.148101403165059,1
1775545584.8744843,205.14,907.1,0.0976668729723949,0.0878767573175448,0.1223650185251397,0.1370076781975771,1
1775545584.908161,202.66,903.9,0.0998029356910261,0.0918517132808162,0.1261293118560802,0.1400717720351746,1
1775545584.953343,200.74,900.34,0.1055747663412546,0.0955847445544166,0.1283230632352973,0.1399104972931264,1
1775545584.9900467,196.6,904.82,0.0963562343328434,0.0897963889539892,0.1255043876374754,0.1397257360519732,1
1775545585.0163922,196.26,908.94,0.0999558604382474,0.0951794157118823,0.1306325569071979,0.1451063706348587,1
1775545585.0494034,196.26,911.14,0.097594498145242,0.087772759738856,0.1239776321246756,0.1386528746669211,1
1775545585.081735,198.92,912.98,0.0943994842572757,0.0874629157775418,0.1234603769327358,0.1383188832545632,1
1775545585.1125498,204.34,915.68,0.0978457893798445,0.0915170770327046,0.1276489181182899,0.1429824962525062,1
1775545585.1457489,204.44,915.92,0.0934607202310334,0.0861120735896799,0.1225320875847745,0.1379717018923125,1
1775545585.1766202,207.8,918.2,0.0959913461443892,0.0849700760455264,0.1188654082550232,0.1332658676841646,1
1775545585.2094705,209.86,921.28,0.102306107291807,0.0908863059599378,0.1240403339737834,0.1364914427593695,1
1775545585.2413845,209.0,920.6,0.0926287455917713,0.0911153175197213,0.1297154432897209,0.1467521844878015,1
1775545585.2750568,203.82,913.04,0.0935776264736828,0.0879192947900762,0.1255426253077683,0.1422256775257747,1
1775545585.3080857,203.08,917.9,0.0953198845675395,0.0929004773699855,0.1305897453760374,0.1469104892265782,1
1775545585.353411,202.94,925.34,0.0986415797256381,0.0962454691911084,0.1326051245873476,0.1483720695542461,1
1775545585.3902934,201.08,924.5,0.0986909090364516,0.0954418204183302,0.1312676968847951,0.1489959523258683,1
1775545585.4162228,205.72,924.84,0.1007152439852723,0.0965044918790829,0.1314287410436178,0.1477233390613304,1
1775545585.4495914,206.12,917.08,0.102354111663354,0.0929224305665106,0.125564480229789,0.1407688608764261,1
1775545585.4805417,202.36,915.26,0.1027228921156236,0.0965237906733106,0.1305286236238263,0.1467493068594198,1
1775545585.514442,205.42,906.72,0.1022390202741315,0.0945181946170823,0.1275901235505297,0.141309543842083,1
1775545585.545918,205.12,908.92,0.0998488754310359,0.092738548149624,0.1282129818563024,0.1428440761317592,1
1775545585.5775003,202.62,915.44,0.1025768357318841,0.0923703091071784,0.125126051168551,0.1382136320560332,1
1775545585.6094542,201.38,920.12,0.1000579645703184,0.093646109173829,0.1264870769230416,0.13966993844216,1
1775545585.6415014,200.14,918.96,0.0990620349863479,0.0985233875902158,0.1337375448361913,0.147786449116908,1
1775545585.6750977,202.7,924.5,0.0980568817701422,0.0946934937552631,0.1285989043330639,0.1439392184909516,1
1775545585.7088776,201.7,925.98,0.099669480746969,0.0935153317620975,0.1259447104439295,0.1403904745480167,1
1775545585.7535045,202.04,927.86,0.097726567775099,0.0952995400249337,0.1302292964043602,0.1467906888871651,1
1775545585.7853277,202.38,927.34,0.097105737532953,0.0938024048892701,0.1290123536706402,0.1457557069813005,1
1775545585.817596,191.98,926.38,0.0998376657221312,0.0992431954864162,0.1361759919685352,0.1517227807305036,1
1775545585.8484912,193.6,923.28,0.0923983231135028,0.0889624925480267,0.1250327882709818,0.1431221843042336,1
1775545585.8811817,192.06,921.56,0.0943088208219578,0.0935684313796383,0.1313242463998657,0.1470475328075728,1
1775545585.9133842,190.38,922.54,0.1014772460639044,0.0982657131226132,0.1336259935611121,0.1463563204016939,1
1775545585.945434,190.7,923.26,0.0962562766319918,0.095076833449808,0.1317850412109307,0.147930999089706,1
1775545585.9764671,189.82,920.32,0.0987888874911344,0.0978492529808313,0.1358385998879879,0.1524770925175874,1
1775545586.011685,191.44,918.46,0.0924191876840336,0.0890973121668176,0.1248610676597659,0.1442629298464467,1
1775545586.0411618,192.78,922.76,0.093437834199698,0.0928890759489914,0.1296533751969982,0.1474002620271876,1
1775545586.0747037,194.14,928.56,0.0947080314951763,0.0889753758495137,0.1237978730681241,0.1416021245059439,1
1775545586.1085515,193.32,926.64,0.0949405248382237,0.0926827994476989,0.1288087742419013,0.1458442315604918,1
1775545586.153615,196.44,925.76,0.1001780530655058,0.0937639137270736,0.1290883630890643,0.1443440710261306,1
1775545586.184551,197.66,923.04,0.0971267098978794,0.0959935973925554,0.1317851878291011,0.1489443304204741,1
1775545586.2164388,194.3,923.34,0.0906146366872548,0.0880353391265305,0.1248143289985748,0.1449649411727386,1
1775545586.2496572,191.9,919.94,0.0994134388765354,0.0966806063623933,0.1318725438131311,0.1495229553158187,1
1775545586.2814927,190.68,918.58,0.0965791264402381,0.093908444607733,0.1289704670256595,0.1465239179433591,1
1775545586.3134816,188.08,927.72,0.1006171014358252,0.0958710235669625,0.1308113122506875,0.1467568235564359,1
1775545586.3455198,191.82,921.22,0.095830109873453,0.0905225979385846,0.1251588848739041,0.1419239724123984,1
1775545586.3774257,191.28,911.34,0.0996341658772582,0.0925549459144164,0.1258905684680128,0.1416325086547051,1
1775545586.408527,205.24,913.46,0.0969154000829386,0.0902249566974885,0.1251008502352386,0.1423283814171412,1
1775545586.4413445,210.54,905.72,0.094239997186872,0.0899941647238234,0.1253635482304261,0.1418411422238154,1
1775545586.473428,212.82,904.74,0.097995951575376,0.0903715868798292,0.1237475681327109,0.140898631255905,1
1775545586.505263,198.9,907.98,0.0961512855815059,0.0904193959240572,0.1265355324390585,0.1440504896776573,1
1775545586.5396533,199.44,907.4,0.0954405243524239,0.0921425086874223,0.1292700424301663,0.1475787045198464,1
1775545586.585405,197.96,907.4,0.1011001359442783,0.1012436218547133,0.1383132750902767,0.1540598688970588,1
1775545586.6181016,196.34,915.42,0.097141555732194,0.0945896085776695,0.1287213771776141,0.1462881326353445,1
1775545586.6505494,195.7,915.8,0.1020205840516873,0.102429736732203,0.1370466086369278,0.1539199323389591,1
1775545586.6815672,194.62,913.94,0.1034926843770833,0.1006400842452104,0.1346421187222974,0.1525664192241425,1
1775545586.7150557,196.1,912.3,0.1029479641223727,0.1028632498376821,0.1420370484446922,0.1592677713291257,1
1775545586.7453697,193.92,910.38,0.112666582683054,0.1117299309420546,0.1522893674198619,0.1674326621789235,1
1775545586.7785857,188.24,912.5,0.1088645719298283,0.1103524228010014,0.1525377224993925,0.1607163730418932,1
1775545586.8094776,186.68,909.26,0.1135945294295176,0.1166786773981377,0.1533664720657368,0.1508650092044002,1
1775545586.841443,190.22,902.06,0.0309233925779266,0.0443231912225717,0.0987331328120281,0.1170699249486327,1
1775545586.8733492,188.56,901.98,0.0395217916181246,0.0269403985424116,0.0811902995378398,0.1019874489769528,1
1775545586.905534,188.3,901.22,0.0451086076995376,0.0202154168980377,0.0605800138352806,0.1013642385004837,1
1775545586.9373248,185.22,907.5,0.0681572235188345,0.0469148232146718,0.0661372934683398,0.1228096784350816,1
1775545586.9709475,187.76,905.58,0.0719408788292721,0.0610530534791111,0.0739200024607744,0.122840518864822,1
1775545587.009679,189.18,904.82,0.1055699930636572,0.1087528954986539,0.1018630905381081,0.1420810607863452,1
1775545587.048818,188.28,904.38,0.1513382135549036,0.170199704988925,0.1576676664470241,0.1741128827222221,1
1775545587.081519,183.26,905.18,0.173534295434878,0.2201715048990834,0.2077139816794976,0.2162476163964159,0
1775545587.113397,182.7,911.14,0.2025665254515328,0.2529420641198801,0.2491953132122598,0.2434188890188346,0
1775545587.145306,181.76,910.24,0.2231863792404794,0.2814113729308579,0.2756613381723037,0.2701965900226835,0
1775545587.1772869,178.36,919.4,0.2417214658486092,0.3011018712144113,0.2991484691816812,0.2993190029139453,0
1775545587.2088227,180.4,918.68,0.248709456446597,0.30701983244552,0.3069225187397116,0.3133573313362965,0
1775545587.2413907,183.92,919.76,0.2613692281050782,0.3207770831433288,0.3253930169647295,0.3314788254239971,0
1775545587.2732024,184.68,918.94,0.2660175040634039,0.3267528918741016,0.3283985931557664,0.3338078246746853,0
1775545587.3053536,185.88,921.04,0.2647654167241365,0.3265016438243742,0.32907454421618,0.3365065019078502,0
1775545587.338455,184.12,920.94,0.2672585130008357,0.3287806101185545,0.3297502563938906,0.3398387200984754,0
1775545587.3732142,186.78,918.02,0.2677562961018101,0.3274637170487421,0.3278224556744717,0.3405743885147668,0
1775545587.410525,192.9,918.24,0.266785833605976,0.3275534121187696,0.3285785589754406,0.3415069241791924,0
1775545587.4493887,197.28,910.66,0.2678138289292362,0.3296168804891766,0.3293717895159641,0.3424425261638322,0
1775545587.4813583,197.58,912.98,0.2710696592099393,0.3308537484649365,0.3299138956694094,0.3441220801035866,0
1775545587.5133317,197.98,912.24,0.2694005317243485,0.329514260032632,0.3302482107900903,0.3449890390979776,0
1775545587.544966,196.58,914.04,0.2699123200920196,0.3303051739745296,0.3306718931406068,0.3453485430233074,0
1775545587.5763917,202.46,914.34,0.2709450560903661,0.3314513346480819,0.3313098077890034,0.3462616575146401,0
1775545587.6096284,198.92,917.06,0.2709975214047848,0.3308722766923277,0.3316037149870905,0.3458461363144516,0
1775545587.641498,198.56,917.38,0.2714236859353811,0.3325456791966588,0.3324384447022225,0.3471622933868593,0
1775545587.672512,195.66,917.92,0.2704458856721736,0.3307523268011922,0.3305855307272332,0.3466345160230633,0
1775545587.7044272,196.66,910.9,0.2697594475430191,0.3300671518123701,0.3309213521481566,0.3459502348984212,0
1775545587.7373476,198.92,909.64,0.2704821517501271,0.3310838587795298,0.332229999561817,0.3483831021283096,0
1775545587.769425,200.18,910.94,0.2696347966931561,0.3307466933751126,0.3321045617138479,0.348557261674134,0
1775545587.80359,195.48,914.04,0.2707980311616153,0.3310185160804847,0.3322935319938684,0.3486584651102868,0
1775545587.849082,196.18,918.34,0.2686380210746861,0.3294876317540288,0.3310228927522669,0.3472085874249087,0
1775545587.8799264,202.66,922.64,0.2693807990008761,0.3299231406534025,0.332101515988881,0.3463624194479864,0
1775545587.9146645,205.14,920.22,0.2673612769874007,0.3292705565580828,0.3324955693973489,0.3467022028372922,0
1775545587.9443898,208.56,917.88,0.2690882224106306,0.3291902486086617,0.3332662498894186,0.346730358265369,0
1775545587.9779763,210.7,915.64,0.2681920716099206,0.3293216709531699,0.3327712524156899,0.3474284721311675,0
1775545588.008763,211.06,914.46,0.2678050282812795,0.3286893974819956,0.3319824609914183,0.3481955286921185,0
1775545588.042562,210.62,915.3,0.2675798274624291,0.3291524275547451,0.3335911957737418,0.3484947925322894,0
1775545588.0735862,198.06,908.28,0.2701855635376315,0.3322319216645088,0.334131870171916,0.349583694311825,0
1775545588.105176,195.24,913.8,0.2680053272712386,0.3291979876675425,0.3322800341275854,0.3498444708367739,0
1775545588.137425,191.36,921.84,0.2701611707545943,0.3312810002428368,0.3341285030960053,0.3506449179688989,0
1775545588.1695745,197.3,921.98,0.2700634957251075,0.3314252521996267,0.3356061373131824,0.3506909489892423,0
1775545588.201532,201.54,921.22,0.2693753585465795,0.3309909063551319,0.3351492189006766,0.3504877214900369,0
1775545588.2344365,199.66,922.76,0.2683860614647084,0.3311794678756398,0.3339965404905217,0.3502428687556435,0
1775545588.2816486,200.9,921.74,0.2699378925341137,0.3309569866077151,0.335372331291983,0.3506005950964693,0
1775545588.3124824,200.76,916.48,0.2719220719998255,0.3327997313101208,0.3376192975804834,0.3506954072661997,0
1775545588.3453555,200.76,914.16,0.2709696825205431,0.3326085382925026,0.336859047521605,0.3508168624644589,0
1775545588.3764434,202.24,919.5,0.2698295491802073,0.3318675897246345,0.3359372174399391,0.3507966885540998,0
1775545588.4096355,201.84,922.82,0.2706114284090561,0.3325225842754188,0.3373118053784629,0.3509119045179241,0
1775545588.4417286,206.36,917.22,0.272828751364852,0.3350088188778964,0.3395896035420748,0.3527185018519734,0
1775545588.4726756,203.82,921.44,0.2703984743226819,0.3334918500875423,0.3382541751995737,0.3507155155035877,0
1775545588.50543,198.3,927.84,0.2700639104352079,0.3332224803184837,0.3382048293446566,0.3511451997237524,0
1775545588.538273,200.98,922.38,0.2705171665574214,0.3337758106644526,0.3389751305239902,0.3525621261082886,0
1775545588.5720203,199.84,920.54,0.2730914766762486,0.3362775355526191,0.340053275426774,0.3536529409281178,0
1775545588.6124983,201.96,920.22,0.2715108223571239,0.3354411370380704,0.3398770549977693,0.3536720575188333,0
1775545588.6485894,200.0,920.84,0.2708886751556796,0.3344304559325748,0.3401194984434377,0.3540941710003407,0
1775545588.6824658,201.74,922.52,0.2737143121651927,0.3365995489767299,0.3407722022230461,0.3556549309408223,0
1775545588.716486,200.92,919.42,0.2723072917641681,0.3358646122009856,0.3401719890732403,0.3542718661805232,0
1775545588.760465,203.96,917.7,0.272457235032325,0.3357012687519397,0.3386996245546679,0.3527116760229834,0
1775545588.7959473,201.68,916.64,0.2716377186871199,0.3354538915961056,0.3384925733715349,0.3531511249902414,0
1775545588.827571,205.42,919.32,0.2735071084924887,0.3364074007785835,0.3404343531455657,0.3541311825472406,0
1775545588.8731017,204.62,919.98,0.2723013479701644,0.3353049007900934,0.3395564401220827,0.3540083146762556,0
1775545588.9053414,207.0,919.92,0.272583294027944,0.3364637111748731,0.3400629052100932,0.3543936460000333,0
1775545588.9373555,204.7,919.08,0.2739397381764004,0.3372080815089469,0.3400561489619431,0.3546309825091061,0
1775545588.9709303,202.92,917.98,0.2734626117389864,0.337021175960258,0.3412178426170645,0.3537889596027697,0
1775545589.016659,203.94,919.32,0.2732894731513379,0.3364307111717228,0.3404759126283565,0.3539558732705672,0
1775545589.04944,203.14,916.54,0.2734466342009765,0.3367972951928841,0.3403813074114895,0.3544281222175664,0
1775545589.080592,205.38,920.2,0.2742264800297581,0.3367465461479285,0.3401980165261423,0.3542375468953755,0
1775545589.1147697,199.42,916.6,0.2744993754979591,0.337282693900428,0.3408693843398589,0.3531880691468548,0
1775545589.1614895,198.58,918.72,0.2757154903798328,0.3372113621419267,0.339910932481911,0.354418918452778,0
1775545589.1971624,201.64,918.2,0.2749946215574794,0.3370224884230638,0.3407685367446936,0.3543507236428122,0
1775545589.2272227,200.84,921.34,0.2747737892046111,0.3372983808606208,0.3409579379898572,0.3537371364237752,0
1775545589.2599633,201.2,922.3,0.2754135816499356,0.3374140122429666,0.3403870496459126,0.3535193987055395,0
1775545589.306766,196.7,925.12,0.2743104174781227,0.3374308524348422,0.3407014539039394,0.3538060787778537,0
1775545589.3376908,199.58,922.7,0.2744280664811007,0.3367970334587313,0.3415276824079885,0.3536178997225489,0
1775545589.3706326,196.9,923.36,0.2751851676518293,0.3367694911981126,0.3407625027640519,0.353694774406304,0
1775545589.401365,199.78,922.6,0.2746568262154896,0.3359695633073974,0.3402140436093109,0.3531439935672276,0
1775545589.4333258,200.62,921.64,0.2737595954735539,0.3359798013791443,0.339780195391635,0.3529444658917611,0
1775545589.465345,200.48,921.52,0.2739632702868577,0.3339241833334897,0.3373595232525398,0.3490842113984927,0
1775545589.497612,199.66,921.0,0.2740235877548758,0.3327208373407858,0.3350100609312831,0.3429631678990263,0
1775545589.5293968,197.74,919.14,0.2740234388047592,0.328821891386628,0.330136986606467,0.3389804035442204,0
1775545589.5612886,205.68,918.54,0.2722880868022309,0.3238700501137195,0.3295189797026689,0.3349048032272062,0
1775545589.597522,199.68,915.66,0.2698589040612786,0.3180404314835273,0.3248669475450654,0.3318807753336713,0
1775545589.6252367,198.36,916.26,0.2652217025274383,0.3100994308540654,0.3188056255226349,0.3258447923199082,0
1775545589.658907,193.74,907.32,0.2547568454416722,0.2964182904290272,0.3080353606196791,0.3188641472752325,0
1775545589.7058508,194.0,905.62,0.2422359315025739,0.2821724903293317,0.2939251122785987,0.309355847207119,0
1775545589.7372935,191.3,909.26,0.2180850543499041,0.2499260813037633,0.2605237212398056,0.2860447393168188,0
1775545589.7734475,205.52,912.12,0.1994169894500818,0.2220336783527073,0.231364780939327,0.2653121834780783,0
1775545589.8012464,208.34,916.32,0.1819904592048568,0.2007330439412495,0.2090930804495133,0.2510399571719501,1
1775545589.833369,211.18,914.44,0.1666426935197056,0.1768305092225358,0.1962592635688863,0.2359838872349601,1
1775545589.8665264,211.52,909.08,0.1566838594557428,0.1602901203466198,0.1762835172305689,0.2153485277174947,1
1775545589.8977227,209.2,909.1,0.1429597915268858,0.1405408162415765,0.1578567693400583,0.1948360506176638,1
1775545589.9306688,205.06,907.7,0.1306998809711428,0.1334506908337614,0.1474402686685815,0.1852058646429333,1
1775545589.9614644,205.14,908.94,0.1140362874188374,0.1100497403589047,0.1263321595721708,0.1668838931578046,1
1775545589.9980652,199.62,912.16,0.1007617730926947,0.0952539696297027,0.1090380430283702,0.1433146195541161,1
1775545590.0254724,204.2,906.98,0.0820507293590709,0.0784798856254851,0.0948174255194755,0.1306419182630757,1
1775545590.0572672,200.58,909.48,0.0767227211033844,0.0701303288528181,0.0854336826832682,0.120694490144987,1
1775545590.0908911,199.32,906.12,0.0737236904942005,0.0592686348517217,0.0786410615199505,0.1100550730183428,1
1775545590.1374226,199.82,905.56,0.0615903403612551,0.0451893189526477,0.0657265838240496,0.0951362678250932,1
1775545590.1693125,195.94,907.26,0.0586202506959145,0.0324881261180866,0.0534174228443136,0.081415995487071,1
1775545590.20057,197.64,908.78,0.058374634589796,0.023925150435314,0.0436037200983574,0.072796294165374,1
1775545590.2324543,199.86,907.24,0.058991015278463,0.0194045335286549,0.036744014407895,0.065343735033324,1
1775545590.2656922,194.9,909.06,0.0614596105640857,0.0217047436618996,0.0290733106962474,0.0578805973678837,1
1775545590.2981927,195.28,913.8,0.0685712347797368,0.0278213375469292,0.0215259609399772,0.0507480022752013,1
1775545590.329294,192.52,921.48,0.0724489221773461,0.0316758694890655,0.0170779800337733,0.0465419176905271,1
1775545590.3612325,189.66,920.42,0.0791867630198076,0.035458875422728,0.0118700247887414,0.0415532759367005,1
1775545590.392422,186.98,919.82,0.0817618411458989,0.035811611297769,0.0106525975587396,0.0430159478011696,1
1775545590.4244845,190.16,923.34,0.0904367400612447,0.0431495173530973,0.0085170294834925,0.0365145336186251,1
1775545590.4576025,188.74,921.12,0.0942858455731268,0.043790582423803,0.003150514157283,0.0348619399676277,1
1775545590.4907887,192.7,923.04,0.0962167963912995,0.0478310720631522,0.0099344881491039,0.0326748967946258,1
1775545590.5237713,188.54,924.78,0.0990740411722459,0.0482817777597459,0.0071608933654056,0.0297651692601824,1
1775545590.5711837,189.82,927.92,0.0977577042209826,0.0479513249989868,0.0104659425683127,0.031928673834322,1
1775545590.600836,182.64,926.46,0.1026029924345578,0.0522815419499532,0.0149645664988866,0.0326142637445771,1
1775545590.634559,183.82,924.16,0.1005561998627308,0.0493633518980477,0.0155800859922135,0.0366491410261754,1
1775545590.6642542,186.74,924.08,0.1018675351502235,0.051312975023799,0.01826829916575,0.0369650070269981,1
1775545590.6986496,187.04,923.04,0.0945344492892529,0.0454115192903873,0.0140226844087187,0.0460600008374983,1
1775545590.7283154,188.52,925.18,0.0978818989899719,0.0459250451749779,0.0098094148913094,0.0476062706339179,1
1775545590.7616787,184.0,925.5,0.0948626293296417,0.0430626932287779,0.0124623245921247,0.0524087237177884,1
1775545590.7985582,187.06,924.4,0.0973845320062429,0.0449833659093824,0.0119985078435205,0.0539724549525823,1
1775545590.825451,187.08,925.38,0.0978389558681841,0.0438519518536613,0.0119463014680781,0.0542754773363643,1
1775545590.8572676,185.14,919.38,0.1019382235679713,0.0469515218592864,0.0094256043539379,0.0521817966668998,1
1775545590.889477,184.7,920.08,0.0975535088611627,0.0409499524604864,0.0111078144747409,0.0551308093340762,1
1775545590.9235363,187.26,916.88,0.1000715998964341,0.0456228498019846,0.0091405531922005,0.0515569449596001,1
1775545590.9695067,189.2,917.52,0.0984013554787159,0.0435398331815198,0.0111669563728246,0.0532941081303872,1
1775545591.0002196,188.66,917.82,0.0976491502269346,0.0430052694248479,0.0091177921587334,0.0509003806557419,1
1775545591.033216,191.68,916.88,0.0993854481592449,0.0442899124530739,0.0089064762476403,0.0501409311307945,1
1775545591.0645242,190.68,916.24,0.0971634600308606,0.0423797359835594,0.0096834568801238,0.0501616358298598,1
1775545591.098981,189.86,915.46,0.0979085297617548,0.0421118587323364,0.010167892368714,0.0505960078759676,1
1775545591.1307113,189.8,914.3,0.0975305885405626,0.0421181538038844,0.0099982036459826,0.0502724430006529,1
1775545591.161379,192.68,914.18,0.0951015343815738,0.0395946382672373,0.0119536231680799,0.0523541384631197,1
1775545591.1945736,193.4,914.24,0.0962178291100593,0.0421750158182217,0.0100859838305455,0.0504640947669027,1
1775545591.225343,182.16,915.56,0.0972252967452066,0.039207492708093,0.0138397777125659,0.0515923956706289,1
1775545591.258484,188.16,914.48,0.0960927841756944,0.0404699630727209,0.0131542450622541,0.0517706902026761,1
1775545591.289514,192.74,915.16,0.0919863757959147,0.0353229441001676,0.0176208439989792,0.0542063216998056,1
1775545591.3214896,193.82,923.08,0.0951284376213424,0.0384197841884313,0.0155409100610224,0.0525723062621682,1
1775545591.3541894,194.48,922.64,0.095019477520847,0.0386978473160475,0.0172822991681845,0.0518882109603298,1
1775545591.389671,193.2,923.16,0.0953296024338071,0.038433977885221,0.0169495854002213,0.0518161609834909,1
1775545591.433143,178.82,922.98,0.093534952511843,0.0354855088354941,0.0207019897939066,0.0544915585846688,1
1775545591.4653428,178.18,922.28,0.0953135174534058,0.0368472062017302,0.0187108654779297,0.0520419588586027,1
1775545591.4991925,178.44,922.16,0.0952309241997324,0.0384363121997946,0.0189323850808201,0.0511609862887486,1
1775545591.5292552,180.08,920.62,0.0965321943071094,0.0389597398638673,0.0170123000872929,0.0514582672193447,1
1775545591.5603962,178.48,920.62,0.0974342216964904,0.0402400088181141,0.0180302323996144,0.0510348122867136,1
1775545591.5935688,176.28,923.38,0.0955427720113319,0.0381631904752511,0.0224858058805885,0.0522835622976978,1
1775545591.625419,177.62,920.4,0.09792236046496,0.0405405277737875,0.0208772519158956,0.0516212456363243,1
1775545591.6574824,180.28,914.84,0.0954613770935265,0.0376696192972077,0.0217316667939263,0.0526077039655662,1
1775545591.6891994,175.84,919.5,0.0954680722241491,0.037741572615691,0.0250030362026177,0.053602495429984,1
1775545591.7205167,180.14,919.48,0.0952766219491089,0.0378308829146145,0.0268801343958851,0.0535950435194818,1
1775545591.7547576,179.96,917.84,0.0923377936281148,0.0345370489121726,0.0252546652972959,0.054850677252996,1
1775545591.7885456,181.44,916.94,0.0909535875592753,0.0329540631108642,0.0280226238999886,0.0573859015485979,1
1775545591.826931,182.72,916.24,0.09188160301496,0.0349733526449099,0.0246246202738415,0.0535916929380141,1
1775545591.8646088,182.88,913.96,0.0924927613937332,0.0363664009387117,0.0214409342521629,0.0522293729505769,1
1775545591.899747,183.64,913.22,0.0933773858970632,0.0368914281561428,0.0200523235715104,0.0524125884938625,1
1775545591.929145,187.04,911.86,0.0942806156858264,0.036943783721338,0.0211322839164143,0.0516146993857028,1
1775545591.9613807,190.42,910.58,0.0957504236581961,0.0379124711975148,0.0195207025818912,0.0500264120324081,1
1775545591.9934008,192.48,907.58,0.0944038858530658,0.0381679886717525,0.0191729304719886,0.050014172689257,1
1775545592.025593,194.16,908.02,0.0954508520337257,0.0373424847327536,0.0195458746932369,0.0500362728120243,1
1775545592.057488,193.44,905.86,0.0918345336085168,0.0359634220635217,0.0213515035291464,0.050948475945819,1
1775545592.0886917,194.28,905.76,0.0948635067032886,0.0371589583804435,0.0215409868978797,0.0522605908340771,1
1775545592.121742,195.1,908.18,0.0940647334997253,0.0372504370251828,0.020926049659687,0.0506124833222694,1
1775545592.155609,196.5,907.86,0.0955205448062681,0.0389533631866221,0.0186413230202993,0.0488935243489489,1
1775545592.2004287,199.36,905.08,0.0924308590093838,0.0346514539709972,0.0226363854873079,0.0530648594158054,1
1775545592.233712,199.78,900.44,0.0931472947877034,0.036436210323834,0.0204851984503256,0.0514782701411954,1
1775545592.2674098,204.26,900.26,0.0961608409271909,0.0386743689811527,0.0196040981422814,0.0499636545312092,1
1775545592.3136735,203.44,900.68,0.0921104228009462,0.035369229995185,0.0223333853915473,0.0516192103598948,1
1775545592.345431,201.2,899.7,0.0929750717687698,0.0345196640754725,0.0241518518799606,0.0536977030505022,1
1775545592.3774936,203.6,901.44,0.0913783675895761,0.0337123466337112,0.0263938273833201,0.0543505152101156,1
1775545592.4452777,201.48,899.58,0.0906891379728798,0.0343813506552171,0.0214939068231621,0.0528349280418887,1
1775545592.4909422,203.02,896.94,0.091520691987176,0.033477267417102,0.0226730618338654,0.0529862644685235,1
1775545592.520506,203.18,899.5,0.0904896292722509,0.0329705345503879,0.0263664307616577,0.0542108194642591,1
1775545592.5542147,203.7,898.52,0.091183374011474,0.0349221860570779,0.0221003431565019,0.050644333530812,1
1775545592.5871584,203.36,899.78,0.0915902827672071,0.0341488670093726,0.0233042522882827,0.0516998251885946,1
1775545592.633329,205.36,899.12,0.0911118183393289,0.0316624909878131,0.0264176341941675,0.0543641260891599,1
1775545592.6656232,201.82,897.28,0.0901810920387798,0.0324408295838826,0.02813415137993,0.0544085885052101,1
1775545592.701929,204.24,895.44,0.0886341223836729,0.0321348018297196,0.0255744895879743,0.0538286859689286,1
1775545592.7442806,202.92,892.9,0.0892595261053559,0.03320322017288,0.0277323318800809,0.0543128044387304,1
1775545592.7773962,203.3,893.5,0.0894423425778069,0.0334338415397499,0.0268648844947485,0.0533676871797743,1
1775545592.8099303,200.66,891.62,0.0896151166013738,0.0324446621880208,0.0275325632155688,0.0532403262628543,1
1775545592.842721,200.98,896.5,0.088643470464197,0.0318892401295693,0.0271248735281161,0.0542773203641927,1
1775545592.8894053,203.0,894.72,0.0896887645862719,0.032374559065389,0.0264338556835136,0.0536037801727638,1
1775545592.9217324,203.54,894.54,0.0899418313678733,0.0328082561211135,0.0267844141751648,0.0541757516062276,1
1775545592.9523904,202.82,893.2,0.0912784444355118,0.0350009811711809,0.027544989434359,0.0518857297215829,1
1775545592.9855535,202.66,893.78,0.0930172317366759,0.0353209397646836,0.0231279817575555,0.0510304202822565,1
1775545593.0173984,201.16,892.0,0.0871114639483103,0.03220073148234,0.0306098859289505,0.0567072542286467,1
1775545593.0493796,198.02,892.28,0.0887260661081879,0.0318346033523279,0.0252397873926729,0.055320996590225,1
1775545593.08259,198.14,891.06,0.0892048549274908,0.0319746885083896,0.0254316140502893,0.0563100121860945,1
1775545593.113454,198.06,892.46,0.091159829165231,0.0338248051042449,0.0224421329404379,0.0528546456964816,1
1775545593.1467316,199.9,892.18,0.0951939846980628,0.0370385695079589,0.0178236646695588,0.0507145991535591,1
1775545593.1773276,201.46,895.16,0.0930234469936308,0.0393983294285536,0.0132985935558319,0.0500291574378745,1
1775545593.2114005,200.92,892.76,0.0946095885215169,0.0396770302607919,0.0131960846488497,0.0525695351848327,1
1775545593.2446072,201.62,893.32,0.0903650145230409,0.0364594447670019,0.0144293269892873,0.0562006848776024,1
1775545593.289477,201.58,891.74,0.0889631237887718,0.0364392266320078,0.0138478672452606,0.0539424834535577,1
1775545593.3214684,200.66,891.74,0.0771343269278114,0.0272801948578935,0.0208638405204209,0.0605223488599037,1
1775545593.3517444,201.56,889.36,0.0721959982347846,0.0215316850862604,0.0277870444839256,0.0589660565585497,1
1775545593.3854957,202.54,891.48,0.0563063883756742,0.0082712623178462,0.0397016754335497,0.0768970060369628,1
1775545593.416239,201.5,890.32,0.0507293211502882,0.0181478495963299,0.0500220756605817,0.0898069065735982,1
1775545593.449215,201.48,891.16,0.0584527213080204,0.0440706318958308,0.0707367830485159,0.1163201751843574,1
1775545593.4814763,201.02,889.06,0.0691748808196255,0.0726757780093745,0.1045108635320718,0.1455379037817804,1
1775545593.5134175,201.84,890.06,0.1173524070254556,0.1234834051881433,0.132015715765707,0.1684018302803937,1
1775545593.5451293,201.86,888.02,0.1658203170248272,0.1966000688345268,0.1997770716558306,0.2131566727549415,1
1775545593.5774176,200.82,889.64,0.2131599099749438,0.2565810251617413,0.247031743221195,0.2514621717307279,0
1775545593.6082914,199.76,886.8,0.2446535480882288,0.2907553310924361,0.2867394827226878,0.2809869051136981,0
1775545593.6421218,199.7,888.44,0.2670010203839985,0.3198535322633069,0.3164955964608419,0.3106162550285573,0
1775545593.6752925,199.36,889.82,0.2772310574123123,0.3346072239631975,0.33113210563639,0.3300966719662711,0
1775545593.722868,196.82,889.5,0.2809213600721307,0.3388630657624844,0.3393494252015379,0.343666315232458,0
1775545593.752666,198.0,888.52,0.2844981321228244,0.3422540978736733,0.3448200911602048,0.3517010132087292,0
1775545593.7855947,198.82,888.62,0.2853693617408385,0.3458405201268989,0.3497153160685114,0.3584621519698246,0
1775545593.8168454,199.64,887.62,0.2858747429460931,0.3459394121872967,0.3550541088979795,0.3658280801521644,0
1775545593.8518157,198.78,888.58,0.2872333015528485,0.3476824633474407,0.3574574087882363,0.3730301933408042,0
1775545593.881457,195.14,887.18,0.2884768430036151,0.3513546909472883,0.3612822205300287,0.3774660779928717,0
1775545593.913474,193.34,885.88,0.2896626243627355,0.3534626451570172,0.3641010481818781,0.3821313961484234,0
1775545593.945634,190.78,885.16,0.291124904200657,0.3556237254776689,0.3666552102780902,0.3852582473963867,0
1775545593.9770951,190.54,886.1,0.2924347052784165,0.3578157631188203,0.3675721118951522,0.388857643804072,0
1775545594.0092769,190.68,885.68,0.2928727055285446,0.3580450783540266,0.3699670985078673,0.392123436894631,0
1775545594.0420246,192.42,885.62,0.2934831554427509,0.3602791825029465,0.3733316661193694,0.3953804530533331,0
1775545594.0752263,191.72,884.94,0.2928157080072037,0.3601488173537249,0.3760084836909693,0.3954509377738981,0
1775545594.121498,186.18,884.62,0.2930465682103982,0.3590217047652075,0.3743457639229656,0.3944269553356127,0
1775545594.1533964,187.54,884.52,0.2881984066594545,0.3556463314221151,0.3700424710808417,0.388043158355408,0
1775545594.1854455,187.9,885.52,0.2876510168187534,0.3537638486387828,0.3685680940471852,0.3873131594675927,0
1775545594.2164166,188.34,883.6,0.2893201847331905,0.3568009496862499,0.3721071683436786,0.3896845376735063,0
1775545594.2491033,186.18,883.6,0.2915119636451127,0.3580820414623811,0.3745139074975341,0.3924140975768434,0
1775545594.2813983,187.3,884.78,0.2929265977657797,0.3615326158506494,0.3770299465333032,0.3938841459239628,0
1775545594.3132706,185.1,886.26,0.2938531490942396,0.3612817351427015,0.3768883983105648,0.3935216532331542,0
1775545594.3464413,187.9,886.88,0.2949024966980609,0.3615731628220053,0.3759785712835147,0.3929362029419934,0
1775545594.3773773,185.28,886.34,0.2932546784885561,0.361830185282517,0.3782575841598192,0.3916930875004009,0
1775545594.4113214,185.64,886.16,0.2958290914947221,0.3647910459784683,0.3826473817147198,0.3947724015573027,0
1775545594.4564514,186.14,886.22,0.2972881270850518,0.3653220623166457,0.3813097399358282,0.3966428667904181,0
1775545594.4907496,187.3,885.76,0.2965754406382292,0.3651186463217805,0.3821018537901051,0.3949194163167762,0
1775545594.521693,187.28,885.76,0.2968694630414016,0.3661021119107407,0.3828276233253982,0.396146457640336,0
1775545594.555459,183.82,886.48,0.2970396113701162,0.3669921830436461,0.383451802543272,0.3959763280437844,0
1775545594.604013,182.88,886.34,0.2964386376145943,0.3652127934392564,0.3835246303385344,0.395214197679413,0
1775545594.6332157,186.78,886.3,0.2973190738856048,0.3662206943684411,0.3824860314547839,0.3963686025397494,0
1775545594.6644456,186.86,885.88,0.2944718467778429,0.3642039643937129,0.3792746252017128,0.3937539193341139,0
1775545594.6981509,186.44,887.06,0.2944891944624341,0.3646968936627526,0.3791568352064298,0.3932253611248288,0
1775545594.7453785,186.08,888.14,0.2969346704190957,0.3672611473279637,0.3817333057165241,0.3950946384787727,0
1775545594.7775908,187.2,887.92,0.2980106751804676,0.3696082557612111,0.3839271119851813,0.3979929660125537,0
1775545594.8274367,187.42,888.16,0.2996732294881942,0.3707437362613091,0.3834087776929867,0.3975395889721627,0
1775545594.8575392,183.88,887.84,0.3008924041444447,0.3722451244822751,0.3844907231672955,0.3985739430332449,0
1775545594.8893604,183.58,887.34,0.3014888900554812,0.3724771093541317,0.3856855924923876,0.399363618048445,0
1775545594.921666,182.52,887.66,0.3015932683667038,0.3727056692704756,0.3858895519073361,0.3972667004780661,0
1775545594.9527333,181.58,887.38,0.3019384209084644,0.3732173956959145,0.3863818522828543,0.3993053798074018,0
1775545594.986484,179.86,886.98,0.3025136472949052,0.3737498629966018,0.3875798270920373,0.3983690632798634,0
1775545595.0225952,182.1,888.66,0.3033094927216881,0.3743035310596859,0.3894367013991712,0.4003900685542252,0
1775545595.065348,182.28,889.38,0.3045171572897631,0.3753106474516559,0.3890326302753094,0.4007428747033323,0
1775545595.0984786,182.56,889.06,0.3056050069823111,0.374503562208469,0.3905517839721379,0.4028952841186582,0
1775545595.1325295,183.74,886.18,0.3049023730275643,0.3751335318351372,0.390585791335325,0.4011906255706298,0
1775545595.1785758,184.8,886.78,0.3053214830880447,0.375302601261275,0.3903368543693922,0.4006595365319256,0
1775545595.2083662,186.0,887.14,0.305152034092584,0.3745509133873893,0.3887883543603772,0.3952204605018491,0
1775545595.2403655,187.72,887.08,0.3059489260365002,0.3766890484437611,0.3919808929052391,0.3954834156246917,0
1775545595.273095,187.8,887.34,0.3062269337740306,0.3768459346080042,0.3911059265256378,0.3952800170503214,0
1775545595.3055043,188.28,887.02,0.3062702991846064,0.3757000906416042,0.3898469565004823,0.3913097315035012,0
1775545595.3364642,189.88,887.3,0.306841815932234,0.3766054402982152,0.3901905618302714,0.3908080063795399,0
1775545595.369424,191.06,887.76,0.3073675030901398,0.3781471459639652,0.3919413712212547,0.3927697564453888,0
1775545595.4055166,189.28,887.54,0.3084786805435616,0.3790339480088529,0.3900590458469661,0.391107331186585,0
1775545595.433421,187.42,887.96,0.3066805470891822,0.3781290488972493,0.3913934720402556,0.3911187730634924,0
1775545595.4655166,185.26,888.52,0.3053268789402131,0.3786386968242551,0.3920714312557278,0.393250741398867,0
1775545595.499196,186.3,888.24,0.3064162087086224,0.3795998871620171,0.393277595179189,0.3947945049293255,0
1775545595.545145,186.24,887.98,0.3065316907900832,0.379835209075998,0.3925964395746817,0.3950058682873831,0
1775545595.5772765,187.04,887.24,0.3081240296655136,0.3785829490741808,0.3904500838450438,0.3933162945907451,0
1775545595.6092691,189.4,889.44,0.3082310792264008,0.3782955119019216,0.3900784826653637,0.3909270922237773,0
1775545595.641364,189.68,890.76,0.3068494978059681,0.3770069540607653,0.3870639850139745,0.3876761178161113,0
1775545595.6743512,190.86,890.98,0.3071771170392294,0.3760654336180877,0.3843858226737947,0.3848729429754425,0
1775545595.7062378,190.58,890.8,0.3079373658262235,0.3756781497281475,0.384105860313806,0.3802331916209674,0
1775545595.73886,188.52,891.34,0.3099744052194784,0.375100360868939,0.3836499209538242,0.3783050797594912,0
1775545595.769366,187.92,891.12,0.307609292944199,0.3743834420485104,0.3838298511296102,0.3769521947185537,0
1775545595.8062415,188.84,891.4,0.3100708755179863,0.3711461080546223,0.3784825827816063,0.3728298063644461,0
1775545595.8322976,191.92,891.42,0.3125557194717233,0.3717692736471223,0.3728475655816344,0.3619227080803891,0
1775545595.8659232,191.88,892.78,0.3092965028924723,0.3664126412903538,0.3624374411419429,0.3476886665687393,0
1775545595.8995228,191.04,890.86,0.3098575005813728,0.3657986354169388,0.3615922577617246,0.3479034488997925,0
1775545595.9444306,189.22,891.72,0.2978177063892689,0.3491543447811421,0.3464346223693858,0.3294512054536364,0
1775545595.9775095,191.7,894.24,0.2901281933073534,0.3383885735163733,0.3323919111241407,0.3091494126412141,0
1775545596.009348,190.46,894.68,0.2759803241298648,0.3203612245402754,0.3157379518995338,0.2968132106701522,0
1775545596.0411818,192.84,894.28,0.2452642315575447,0.2790261308782437,0.2734210334109578,0.2750316874379463,0
1775545596.0735524,191.34,894.84,0.225529754163105,0.2455608694335093,0.2472487558778719,0.2620122588507697,0
1775545596.1068864,192.48,894.72,0.1960444914475451,0.208082078616588,0.220194133543186,0.2451533019835645,1
1775545596.1374123,195.22,895.6,0.1719793045201756,0.1803963193863174,0.186812635214389,0.2069191330685457,1
1775545596.1693494,195.18,894.94,0.1479649059923175,0.140746756665726,0.1486954184183802,0.1855840609998057,1
1775545596.2006717,196.06,895.7,0.1265873905434428,0.114435453008527,0.1166491019566101,0.1502120547778357,1
1775545596.233775,195.02,895.66,0.1020959090191234,0.0921684410714322,0.0998083010545586,0.1307323319721357,1
1775545596.2656555,196.14,895.22,0.0910849711353695,0.0752734159156548,0.0873322134881026,0.1174090663560063,1
1775545596.2984447,197.28,895.84,0.0816721202763153,0.06612591901113,0.07799468138881,0.1015775516702374,1
1775545596.3324416,194.72,896.22,0.0838852437496032,0.065866088985578,0.0780190835499091,0.1017344229591647,1
1775545596.3786802,197.28,896.32,0.071695612832082,0.0525062300425388,0.0577432960824704,0.0800358030532316,1
1775545596.407832,194.18,895.94,0.0733829716020705,0.0375937878903358,0.0423139941863552,0.0672614649518462,1
1775545596.442566,195.24,895.8,0.0776590743907644,0.0333081169409754,0.0244358464067961,0.0519060318178729,1
1775545596.472253,192.88,897.24,0.082069882741026,0.0343468937257745,0.0113857145616752,0.0441949568109673,1
1775545596.507857,192.72,897.66,0.0883154310803596,0.0399208041747636,0.0042688381965652,0.0396973021100552,1
1775545596.5382087,195.0,898.28,0.0903076989471388,0.0422964427950229,0.0038248814791072,0.0414362585792285,1
1775545596.5694935,195.0,898.06,0.0976610541380001,0.0489161715712924,0.0066766659554204,0.0376244470566064,1
1775545596.600658,194.9,898.3,0.1085790313810382,0.0555570201270895,0.0107856080654722,0.0318756333223758,1
1775545596.6332836,194.22,898.2,0.1125307220807199,0.0577967558927538,0.0114024732667979,0.027996384524113,1
1775545596.665349,194.88,899.34,0.1264855949384448,0.0709158540448511,0.0232988989205853,0.0292006894325984,1
1775545596.6974742,195.8,898.1,0.1314060934924927,0.0782218544125543,0.0315256679067967,0.0323199782928593,1
1775545596.7295551,196.92,898.4,0.1350247803732408,0.079728310289505,0.0338050235228698,0.0258068173286135,1
1775545596.7633889,196.3,898.0,0.1311004139553805,0.0764467263808626,0.0319670041006101,0.0219509757307499,1
1775545596.8093972,195.1,900.92,0.1365525958633541,0.0817578849575322,0.0358170620298804,0.026348489888103,1
1775545596.8413522,194.9,900.48,0.1223725724684479,0.0650380252954951,0.0166562048696968,0.0264439410868953,1
1775545596.8732817,193.14,900.96,0.1232812631638811,0.0662165169683877,0.0178844256264033,0.0328430573798547,1
1775545596.9082296,190.68,901.12,0.123707008736002,0.0665625701411396,0.0192530669409931,0.0338732961134239,1
1775545596.9386237,189.64,900.82,0.1185303543178565,0.0615616462960213,0.0117967073745027,0.0362230265505891,1
1775545596.9698207,189.76,899.12,0.117402500827076,0.0589156836168148,0.0097950287375036,0.0383839066064503,1
1775545597.002951,188.96,900.36,0.1163449396572538,0.0584337902756441,0.0086947931051593,0.0384150060380634,1
1775545597.033285,187.76,899.12,0.1132640949687449,0.0553059007250075,0.0063762774647988,0.0409734196522398,1
1775545597.0669315,187.14,898.96,0.1144728200401846,0.0553004634200746,0.0063713007701325,0.040411577360736,1
1775545597.0974307,190.04,898.5,0.1159349230372085,0.0572473925399727,0.0058993805144245,0.0373183893098431,1
1775545597.1295116,189.74,898.78,0.1174386710229122,0.0582910907254101,0.0051167291230688,0.0373327254099143,1
1775545597.1614764,190.2,899.06,0.1132632343467818,0.0541696451527688,0.0016167281732651,0.0396697613749654,1
1775545597.1951516,189.86,899.28,0.114493204929527,0.0564180000929492,0.0024012859030245,0.0382344670557914,1
1775545597.2414644,189.08,899.62,0.1150028336738198,0.0572589132433678,0.0037810383230102,0.0354727907922146,1
1775545597.2724102,188.86,899.22,0.1122740531562378,0.0531856724530196,0.0007270091212641,0.038454533028502,1
1775545597.3088171,187.8,898.94,0.1138567623231879,0.0552313434846063,0.0022097696397227,0.0358153656168954,1
1775545597.3373609,185.56,899.12,0.1125506057787378,0.0538218435059132,0.0021004000065197,0.0361985330752766,1
1775545597.3685424,185.24,898.42,0.1123106944405219,0.055725019007667,0.0027961398658399,0.0367864815657706,1
1775545597.4016435,186.1,899.38,0.1118656007187454,0.0545842135668858,0.0049686081252198,0.0379082339298776,1
1775545597.4334326,186.38,898.58,0.113373937642677,0.0561127418029938,0.003488472170309,0.0359988849045269,1
1775545597.4653056,185.18,899.2,0.1118857827739409,0.0535988924896678,0.0020122969544712,0.0383392490396125,1
1775545597.4977827,184.38,898.72,0.1119907717420313,0.0541393054532947,0.0044229046549699,0.0383728794563635,1
1775545597.5294774,183.88,898.46,0.1124936859636019,0.0542455376257238,0.0026460324891093,0.0391722338045771,1
1775545597.563201,184.78,899.14,0.1126663432522087,0.0543223931972382,0.0033982011416317,0.039020836761919,1
1775545597.5968924,184.48,899.98,0.1120923508644623,0.054467586006006,0.0021212456869052,0.0396095561933625,1
1775545597.6428325,183.52,898.56,0.1098771977582908,0.0518854941961171,0.0042369058133939,0.0409503251532355,1
1775545597.6731904,181.38,898.54,0.1113123675756289,0.0534728649527478,0.0023025755128288,0.0388088047493581,1
1775545597.708963,178.26,895.84,0.1125649552519359,0.0552908789849435,0.002221989660081,0.0386759571228102,1
1775545597.7366164,177.2,895.64,0.1117925095488295,0.0538852096240692,0.0040462471475899,0.0388751327733657,1
1775545597.769342,176.46,895.48,0.1105701613772439,0.0527922688937466,0.0029386323416674,0.0394978173450771,1
1775545597.8012595,174.96,895.66,0.1098324527988457,0.0516732976942648,0.0039852097530095,0.0396204453841516,1
1775545597.833324,173.92,895.8,0.1117560904698424,0.0528079186654624,0.0029257955420105,0.0395196656184686,1
1775545597.865725,172.84,895.4,0.1099316127086478,0.0521406600835905,0.0042311121199396,0.0402018875693109,1
1775545597.8976374,173.44,895.44,0.1064098741042827,0.0492614554735429,0.0060146612791524,0.0411397746642088,1
1775545597.9294071,170.38,896.0,0.1071076133489705,0.0494271264520732,0.0053996179355884,0.0416544195581228,1
1775545597.961397,169.64,895.28,0.1075325896205251,0.0499839831402975,0.0055260090492799,0.0405612119121049,1
1775545597.9924295,169.02,896.2,0.1075285678811136,0.0497432957320319,0.0059130574133298,0.040963667947678,1
1775545598.02554,165.88,896.58,0.1065765396276661,0.0486848996686356,0.0064793834714812,0.0415422195331024,1
1775545598.060092,166.66,896.9,0.1066044868060172,0.0480767645658265,0.0066646148762267,0.0427573399019313,1
1775545598.1099825,166.94,896.24,0.1072614055220168,0.0487748710599497,0.0059386480325274,0.0409218989928218,1
1775545598.1373706,167.82,896.24,0.106462886631139,0.0483619818551352,0.0062632559805393,0.0424917958627464,1
1775545598.1694536,166.9,895.68,0.1064117976111423,0.0480605418014121,0.0065309900737473,0.0435093134792902,1
1775545598.2025428,166.24,895.94,0.1074672006814111,0.0491203230619013,0.0070637198074811,0.04135037538181,1
1775545598.2366748,166.22,896.54,0.1073713653734763,0.0480867854640409,0.0075172617278577,0.0436703609675551,1
1775545598.2830975,164.08,897.0,0.1075973775835807,0.0495423262977326,0.0056955526258628,0.0409941058566666,1
1775545598.312321,163.44,897.0,0.1063750641957754,0.0485600261710768,0.005460646434691,0.0427684132929232,1
1775545598.3464186,163.4,896.8,0.1082625386856002,0.0498864806436214,0.0038819893208266,0.0392286593446753,1
1775545598.3801017,160.84,897.6,0.1075455095665065,0.0492016906820585,0.0050740555840139,0.0415098392722134,1
1775545598.425441,158.58,897.88,0.1070590807861405,0.0489397667693394,0.0049496531321567,0.0407600402418013,1
1775545598.456465,159.54,897.48,0.1076076582450507,0.0496292952313199,0.0037626516014951,0.0399471120259399,1
1775545598.4894474,159.24,896.52,0.1056303574006121,0.0475378473113054,0.0056254764587313,0.0423241169976857,1
1775545598.5235128,159.0,896.62,0.1079481124809895,0.0499893322596934,0.0044012472665318,0.0402862177968546,1
1775545598.5696115,157.66,897.42,0.1070672171389416,0.0481427258100404,0.0051850332433722,0.042261477470391,1
1775545598.601364,157.4,897.5,0.1085468820803636,0.0500977785480824,0.0042521025247415,0.0406370873138947,1
1775545598.6326118,157.12,898.74,0.1070749318796299,0.0482827737094302,0.0058948775109993,0.0424499208794843,1
1775545598.66643,157.08,900.04,0.1093994046568385,0.0511251999997126,0.0047768478523279,0.0412484505449067,1
1775545598.7123806,154.84,899.8,0.1072834091685121,0.0487326279852762,0.0045294038265585,0.0412816615818895,1
1775545598.745503,155.96,900.12,0.1077380801383304,0.0491351317333993,0.0045332622048176,0.040589116377572,1
1775545598.7774615,160.2,900.4,0.1084011454754776,0.0498578200083613,0.0042485062544765,0.0407578016556085,1
1775545598.8111184,159.66,900.74,0.1063437182792885,0.0484465041418501,0.0058799943927563,0.04175724318194,1
1775545598.8572598,159.24,901.32,0.1048155307458647,0.0462029287993868,0.0067529160000762,0.0425402068444587,1
1775545598.8904984,160.38,900.98,0.1072280099074753,0.049285945037087,0.0058070715705179,0.0429238647797878,1
1775545598.9214337,159.6,900.32,0.1081944205551959,0.0501727369151971,0.0049986827030789,0.0413220099330943,1
1775545598.954617,160.46,900.26,0.1067107120404473,0.048691118175915,0.0061293834890342,0.0427825110164524,1
1775545598.9853225,159.98,899.64,0.1084480615528542,0.0500964854693411,0.0047087943511629,0.0394178464491402,1
1775545599.0189192,160.42,899.46,0.1116911005691815,0.055447136468959,0.004897407608946,0.039130750522095,1
1775545599.0525725,160.52,899.78,0.1106974891868838,0.0545065353385559,0.0076455460981806,0.0428550988469086,1
1775545599.0971124,160.2,899.96,0.1148286108915039,0.0578627112370733,0.0084043307303076,0.0407416341280279,1
1775545599.1297803,158.46,899.42,0.1083788055819275,0.0530778183018769,0.0033812542053118,0.0460257130583442,1
1775545599.1604698,158.9,900.6,0.099972617293408,0.0458721243613058,0.0076900111879771,0.052669546696375,1
1775545599.1939812,160.12,900.6,0.0941171729504508,0.0404794257555627,0.0194762223875876,0.0607530321571873,1
1775545599.225676,160.94,900.94,0.0871841576188227,0.0336777757236427,0.0184029538709759,0.0585491960976556,1
1775545599.2576094,160.0,900.22,0.0735974453094687,0.0234503923590501,0.0272171199300209,0.0696090727114506,1
1775545599.289446,157.68,901.08,0.056716001138414,0.0228351173266913,0.0415253131009856,0.0827796687217936,1
1775545599.3216288,157.86,899.84,0.0515411951976102,0.0301803425823003,0.0624752176229202,0.1037990993252402,1
1775545599.3533504,159.82,899.68,0.0610334516560654,0.0509995191006269,0.0793461453492682,0.1308522135635896,1
1775545599.3854563,160.4,899.7,0.0637109724688498,0.0689758689715098,0.1056595227260024,0.1484334916094007,1
1775545599.4165812,161.88,902.34,0.0788633669243061,0.1057713588777213,0.1330829286357364,0.1674563006622954,1
1775545599.4501169,162.24,902.74,0.1324886457760841,0.1578935752448623,0.1632468192154884,0.1914369245734754,1
1775545599.4832497,162.92,902.64,0.1698257546245448,0.1992935536154997,0.1994524449125388,0.2084635260350776,1
1775545599.530517,161.84,902.72,0.1946739727856625,0.2400964599590415,0.2268067445681808,0.2344837480509277,0
1775545599.560691,162.52,901.58,0.2204499853491127,0.268042516992065,0.2601263147570185,0.2621896009876806,0
1775545599.5948925,162.68,901.8,0.240987523877499,0.2876668476116293,0.2773155904980877,0.2787949809556095,0
1775545599.6243155,162.1,901.16,0.2522898520898179,0.3031647488166483,0.2917751526594623,0.2849152388279137,0
1775545599.658702,164.08,900.84,0.2634204219275902,0.3180108841228814,0.3094022778634095,0.30152211177969,0
1775545599.6894343,164.1,900.92,0.2716764477994581,0.325876608230238,0.3157044767969076,0.3082840676279332,0
1775545599.7205946,162.72,899.8,0.2789035449263817,0.3336345137633909,0.3237599758389567,0.3163551389660655,0
1775545599.7533584,164.24,899.74,0.2816478933513742,0.3359805453557829,0.3275674944764178,0.3229656440416635,0
1775545599.7855537,164.68,900.1,0.2824503670736548,0.340187274017905,0.3330309050667956,0.329608966858557,0
1775545599.8163805,164.94,900.3,0.2823233315580342,0.3412154253115834,0.3357724435199845,0.3322327350191975,0
1775545599.8484278,166.28,899.6,0.2843190097210085,0.3418393080744968,0.3374538742898205,0.335302556609737,0
1775545599.8820505,166.88,898.62,0.2843696470979681,0.3430314905337042,0.336878135146937,0.3373618713943363,0
1775545599.9157414,166.16,898.72,0.2875918024594919,0.3455386408609344,0.3399787592826941,0.3403769717593588,0
1775545599.9614322,164.56,898.1,0.2876675690603671,0.3460597261232485,0.3408799610877506,0.3421429287766515,0
1775545599.9923587,165.3,898.52,0.2892033407368992,0.3478617521419272,0.3421490456112509,0.3451183675693532,0
1775545600.0255158,167.18,897.48,0.2888486682547425,0.3469146080320273,0.3428386591020064,0.3471431792685327,0
1775545600.0573974,166.98,896.58,0.2908472653064131,0.3482614896469153,0.3451449233205367,0.3493533680563417,0
1775545600.0894885,168.88,896.64,0.2911116845423142,0.3496780823749509,0.3454470955794522,0.3499249521534449,0
1775545600.1214683,169.4,896.3,0.2901853637604094,0.3493672403236142,0.3438172456868544,0.3507474580855188,0
1775545600.1534438,168.62,896.78,0.2904268004509542,0.3478863649802651,0.3438956122033408,0.350268444114596,0
1775545600.184542,168.42,897.84,0.2905890949741249,0.3481279121301354,0.3457226026697629,0.3524026921451276,0
1775545600.218752,168.32,897.58,0.2911605810333741,0.3505017429461717,0.3485003430135696,0.3537535553228042,0
1775545600.2493193,167.42,896.92,0.292908930154002,0.3510281620469504,0.3484345036056867,0.3542064522410123,0
1775545600.2828746,167.86,896.72,0.2904971271397605,0.3513154079352794,0.3496028764899875,0.3542587108816473,0
1775545600.3164368,168.46,897.8,0.2912617197176074,0.3520952005084861,0.3502696265613885,0.3545867097618894,0
1775545600.360356,169.5,897.88,0.29188134735821,0.3519525500849815,0.3501383641776389,0.3545141870550587,0
1775545600.3934145,169.64,898.76,0.291272835384184,0.3505107384157516,0.3492521327167023,0.3551123367014754,0
1775545600.4242673,169.14,898.22,0.2898155594491074,0.3510451341540214,0.3499124571196856,0.3558576445149944,0
1775545600.4574423,163.76,898.4,0.2909006806842752,0.3520888184320047,0.3498153495458496,0.355461430058658,0
1775545600.489506,163.76,897.68,0.2901762349635171,0.3508559196024151,0.3508138574760448,0.3573004890506233,0
1775545600.5211945,163.02,897.0,0.2911640269505777,0.353451876710556,0.3533248027027958,0.3587200924525808,0
1775545600.553557,162.34,896.82,0.291823618525077,0.3544288154009887,0.3550627765972139,0.3587604658977938,0
1775545600.5847542,162.48,897.98,0.2920657973954106,0.3540198404551826,0.3564504748313509,0.357955443017421,0
1775545600.6164384,164.0,899.4,0.2921808467719356,0.3536424715461291,0.3572914069444857,0.358324755667111,0
1775545600.649256,163.96,899.46,0.2920982972257436,0.3528957936474773,0.3550865936454104,0.3556448808871125,0
1775545600.681573,162.26,899.58,0.2929658142757345,0.3536590443043032,0.3565503341568435,0.3574885627889226,0
1775545600.7151198,162.26,899.18,0.2927140376671839,0.3529038948696962,0.3576703469468963,0.3568750712958411,0
1775545600.7608447,163.0,899.04,0.2933000024120267,0.3537814256772829,0.3569759843850665,0.3570927340254087,0
1775545600.7945468,161.06,899.68,0.2939798283472425,0.3546372008208776,0.3561831595913181,0.3562905118496664,0
1775545600.82591,158.5,899.12,0.2949836721893072,0.3561649804600098,0.3569851328898148,0.3586937342129102,0
1775545600.8589451,157.2,900.16,0.2953663739237397,0.3569206778860492,0.3586499788080632,0.3591193133673289,0
1775545600.88931,157.84,899.78,0.2950060429596479,0.3575450484257672,0.3580614704878892,0.3583794072891057,0
1775545600.9227357,159.34,900.68,0.2942954641497575,0.3570258708571194,0.3574371025873706,0.3583785076446392,0
1775545600.953428,161.66,900.38,0.2955841991073946,0.3579847896460943,0.3582568388877623,0.3588848742708499,0
1775545600.985334,162.98,901.86,0.2971572844347979,0.3597874737340389,0.358444914965512,0.3587329314453191,0
1775545601.016332,159.4,900.92,0.2958803033773831,0.3578737711489869,0.3571407031846617,0.3583778318826561,0
1775545601.0493405,159.82,901.5,0.2974519867843998,0.360112977341868,0.3582640377073882,0.3584729841457785,0
1775545601.0832226,162.94,901.78,0.2974005313121044,0.3619807930357149,0.3607374649457732,0.3594005488595793,0
1775545601.129711,163.04,902.3,0.2947167302860115,0.3611497896865432,0.3604639025049314,0.3585978530903268,0
1775545601.1610696,162.78,902.0,0.2967980865825649,0.3616059740627858,0.3629411556496262,0.3582547794246143,0
1775545601.1924272,164.32,901.64,0.2985670638918575,0.3628304747777713,0.362298133831525,0.3576488570801829,0
1775545601.2259834,164.12,903.56,0.299259628109709,0.362600802731795,0.3627315150103102,0.3585994558176624,0
1775545601.2593598,162.8,904.64,0.2991252963440978,0.3634942204222906,0.3621196578977097,0.3594495958218996,0
1775545601.30443,163.4,903.6,0.3002886831579681,0.3647359048778533,0.3640348435167869,0.3599926490517354,0
1775545601.3365004,162.44,904.8,0.3003649648207211,0.3644092315796847,0.3632342376328746,0.3610864208836055,0
1775545601.3713474,159.86,905.08,0.3004231802286325,0.3616980108845201,0.361717804089313,0.3596021182392654,0
1775545601.4162753,159.8,906.46,0.2920385547851246,0.3429148166586545,0.3454484109411213,0.3450068349275326,0
1775545601.4505758,159.42,904.22,0.2796200778441692,0.3237538796635309,0.330101468275816,0.3326979263084295,0
1775545601.4815867,156.82,902.74,0.2549121844985501,0.2972263303113721,0.306850351295068,0.3188286601941953,0
1775545601.5158296,156.46,903.28,0.2323367570095166,0.2653273844006694,0.2748989662970659,0.3049754038422165,0
1775545601.5616002,153.88,907.14,0.1930800534496029,0.2174381247486696,0.2363149625521912,0.2816123644389864,1
1775545601.5946276,154.4,906.54,0.1577829731144425,0.1841002834511737,0.210798142876729,0.2588347962923257,1
1775545601.6254458,153.68,907.8,0.1310417425187311,0.1395264345449541,0.1753175064037762,0.2344066065548966,1
1775545601.657438,155.94,905.78,0.0896496348055891,0.0999876657497007,0.1282634253986265,0.1889539246420259,1
1775545601.6912546,155.92,907.14,0.0703897768317505,0.0767786216609861,0.1048637235266043,0.152136758943504,1
1775545601.736261,157.46,909.2,0.0486667612322366,0.0485612978363716,0.0837437354590148,0.1293629424105858,1
1775545601.7694468,157.02,912.1,0.0416163357582713,0.0346916609529693,0.0708048562733799,0.1120264398948389,1
1775545601.8014045,156.02,912.2,0.0429798169219816,0.0246157541649254,0.0660471892666985,0.1086435418138234,1
1775545601.8333411,155.8,912.94,0.0382138623351559,0.0139553854243378,0.0581639403191159,0.0943831092005519,1
1775545601.8656423,154.84,912.94,0.0519757742008117,0.0048656071118832,0.0484526370370663,0.0761136637411029,1
1775545601.897877,154.96,912.32,0.0598808011971824,0.0141335312552695,0.0430760039931222,0.0699807488696711,1
1775545601.9283388,156.52,910.68,0.0705607226223711,0.0285572800684771,0.0517508357213571,0.0705872582139572,1
1775545601.9615543,155.58,910.62,0.0877845682075894,0.0431067725957066,0.0548314718898318,0.0687992612788513,1
1775545601.9934204,156.84,909.62,0.0937911805649638,0.0479595419270336,0.0568838659053176,0.0692148250585102,1
1775545602.0255215,155.82,907.36,0.1064384702872929,0.0584786239836758,0.0566193853147184,0.0680012697644531,1
1775545602.0564654,155.3,906.2,0.1092373550686969,0.0607634439719168,0.0584319827551626,0.0708577448616857,1
1775545602.09017,156.18,907.6,0.1130888290877591,0.0668756400219657,0.0612785391525822,0.0726592333564898,1
1775545602.125504,157.84,907.84,0.1132058343454912,0.0681105190245086,0.0600231495327782,0.0681811203882898,1
1775545602.170874,160.18,907.9,0.112004531977438,0.0664277012225684,0.0562248682040119,0.0691987150104802,1
1775545602.201687,160.36,907.02,0.1183218327351629,0.0746917553977373,0.0598970837927476,0.0726551311515362,1
1775545602.2348406,161.5,907.84,0.122273142603203,0.0770883159429459,0.061443624922721,0.0698932369751492,1
1775545602.2646844,161.56,903.74,0.1237139395853178,0.0761366539837993,0.0581987498925892,0.0694567371194807,1
1775545602.29661,163.42,905.36,0.1212999988558598,0.0723123659543129,0.0514528429213577,0.0658411157365219,1
1775545602.3293166,161.98,903.92,0.1169184867188535,0.0660558856590108,0.0509734537985255,0.0681906552656892,1
1775545602.3604548,161.78,904.68,0.1161127095812459,0.0644300816535292,0.0460039612025965,0.065574614127544,1
1775545602.3938563,163.34,904.4,0.1106404316261063,0.0590684016962791,0.0423106860848548,0.0676443141859052,1
1775545602.4244597,165.62,905.02,0.1040913821004807,0.0515272978423584,0.0339903049195678,0.0669999809869041,1
1775545602.457677,165.88,903.86,0.1023444427290616,0.0477976022242659,0.0291204288089426,0.0655981808095622,1
1775545602.488654,165.92,904.12,0.0996965236316929,0.0450979286297975,0.0261453381189853,0.0627221151688473,1
1775545602.523231,169.38,904.7,0.0990637120668573,0.0439389158604228,0.0270696466043013,0.0643486737304872,1
1775545602.569141,168.8,901.92,0.0975678558030391,0.0424610945172557,0.024827810166687,0.0648486560004695,1
1775545602.601523,170.8,902.72,0.0990345342618118,0.0428990749589495,0.0238479486081365,0.0615295375563048,1
1775545602.6333156,171.5,903.38,0.1008712882729704,0.0446254082612822,0.022921533463805,0.0619446596626757,1
1775545602.6655698,166.64,904.1,0.0952239833687231,0.0406279280093913,0.0241453461734074,0.0652447610011366,1
1775545602.6963272,165.36,903.62,0.0960153271711966,0.0405661870729026,0.0209304401876074,0.0606420768445514,1
1775545602.730456,168.34,904.4,0.0948699656941042,0.0390924562187879,0.0190992076588892,0.0595976267048321,1
1775545602.7616043,167.1,903.18,0.0926978301202773,0.0366708145115734,0.0225414652689282,0.0626839573263051,1
1775545602.7946234,167.4,901.88,0.0930669744672713,0.035732102385601,0.0233902789464456,0.0614415810228414,1
1775545602.825255,167.06,902.12,0.0930193823391488,0.0349398078142335,0.0219572065579104,0.0627240459239694,1
1775545602.8589995,167.14,902.44,0.0940544317556762,0.0367131566893157,0.0196670369546438,0.0600007524368544,1
1775545602.8885431,165.02,902.82,0.0925414371680217,0.0338805206503324,0.0227194647714513,0.0609232090271537,1
1775545602.921471,166.18,904.1,0.0915731341884726,0.0337439791710718,0.0234814715257711,0.0621086263071207,1
1775545602.955131,169.42,904.0,0.0940594148934828,0.03571091929409,0.0206214280933983,0.0591482706192739,1
1775545603.0014167,169.34,905.76,0.0911241915159247,0.032936082648785,0.0237111200212199,0.0621204994566941,1
1775545603.0332794,169.72,906.3,0.0901149351082057,0.0322220322381113,0.0249060733520667,0.0644005836936012,1
1775545603.065403,171.34,906.44,0.0896716129527174,0.0315290262012212,0.0220591963333119,0.0617275710905224,1
1775545603.0965576,170.44,903.74,0.0921029656883315,0.0329693956955103,0.0220483479005355,0.0615606604941209,1
1775545603.1296234,170.32,908.02,0.0902664059633829,0.032226964247047,0.022222259235057,0.0626858730285613,1
1775545603.1634097,170.96,907.6,0.0939782427183917,0.0352149327694779,0.0177474819375584,0.0574212107121277,1
1775545603.208401,171.08,906.72,0.0924101064384556,0.0334041063084001,0.0210605214101472,0.059660649818792,1
1775545603.2415788,171.72,903.56,0.0940493665772805,0.0346524715524698,0.0185597844262231,0.0553916090292425,1
1775545603.2735524,169.38,905.74,0.0954852287513834,0.0361699455071299,0.0172809925820295,0.0569176802811997,1
1775545603.307233,169.7,901.06,0.098299164299133,0.0393092696492281,0.0143527438964561,0.0543104352743739,1
1775545603.352581,169.74,903.0,0.0922832046808535,0.0326739935356771,0.0199873667741375,0.0597485431700525,1
1775545603.386773,170.7,896.68,0.0931321271095555,0.0325668558689373,0.0208832226965432,0.060409899860436,1
1775545603.4183197,169.54,896.88,0.091184235445333,0.0316524226136402,0.0219901338174486,0.0611371741761371,1
1775545603.451183,171.36,894.96,0.0931907558185075,0.0342792134678799,0.0213460504788762,0.0591551698181744,1
1775545603.4845412,170.44,894.04,0.093249127613635,0.0347827533921731,0.0185508900573778,0.058165748546271,1
1775545603.5305598,170.9,894.02,0.0914081076493445,0.0309421750435483,0.0196821032737287,0.0591865290625889,1
1775545603.5615044,173.52,893.6,0.0925257534324424,0.0329163356327428,0.0191741343696166,0.0582499309980165,1
1775545603.5951936,174.12,894.1,0.09308016066867,0.0325019427698961,0.0202447547404919,0.0594773454818726,1
1775545603.639218,173.06,898.9,0.0893382382942963,0.0294031065722886,0.023471167533998,0.0614552043961254,1
1775545603.672622,174.9,900.9,0.0908314277669458,0.0310792180607431,0.0224856513242232,0.0606450503673198,1
1775545603.705678,173.92,903.18,0.0925621885235366,0.0330898112616346,0.0210691671303039,0.059382473238054,1
1775545603.7403514,172.34,905.12,0.0951882639023418,0.0348799611629077,0.0187905033539964,0.057438348921143,1
1775545603.7853668,174.1,906.24,0.0956842602756249,0.0351454402377905,0.0189332129273454,0.0572637112572206,1
1775545603.818848,175.04,902.44,0.0968243435413134,0.0368160274956058,0.0166342157226721,0.0560770386321159,1
1775545603.8495274,171.96,904.44,0.0931864209859212,0.0334271167696125,0.0202101994117183,0.059784956822256,1
1775545603.881393,171.12,904.54,0.0936523172753858,0.0336178617951071,0.0196163055581496,0.0568571836691212,1
1775545603.919102,170.64,907.66,0.091644409668479,0.0326669118439545,0.021387199890113,0.0612924377867526,1
1775545603.9476335,169.74,908.6,0.092309767348926,0.0324829325153973,0.022173037813924,0.0620641924123584,1
1775545603.992907,171.7,912.14,0.0890301536060859,0.0304039734924252,0.0235103073228351,0.0627202746639466,1
1775545604.0244756,169.24,910.64,0.0907436470795061,0.0314257897569739,0.0202423054596946,0.0591725937960543,1
1775545604.0587575,168.92,910.68,0.0892359125708406,0.0289797384138678,0.0262471021784474,0.064925965245669,1
1775545604.0887191,169.58,909.86,0.0930955947530027,0.0334976201036254,0.0213681035162885,0.0612708908862577,1
1775545604.1227503,171.22,908.66,0.0908845003815066,0.0316420684619164,0.0218032410650125,0.0608642362618323,1
1775545604.153493,168.8,907.6,0.090623860684094,0.0311351948214646,0.02330052046968,0.0614848568150794,1
1775545604.1866388,168.72,909.62,0.0885789736249361,0.0305411697062532,0.0250627835321639,0.0643451397230475,1
1775545604.219096,171.74,910.72,0.0902123136964098,0.0305572798429469,0.0250331443863932,0.0652730160833705,1
1775545604.2483678,171.56,911.04,0.0897016303841755,0.0317356354799685,0.0269019985851615,0.0671512345701194,1
1775545604.2815783,171.58,911.84,0.0909086116542392,0.0353597776187833,0.0272323357498261,0.0670136754310997,1
1775545604.3125255,169.04,911.36,0.0925654786081468,0.0377468447924007,0.0259342970213185,0.0672017928759846,1
1775545604.3454957,167.6,910.7,0.0937980012479316,0.0405238170906796,0.0330490067067686,0.0719200570147291,1
1775545604.3792064,172.46,909.96,0.0947457640132102,0.0432607306956822,0.0420995649289861,0.0803108125212532,1
1775545604.4243813,171.8,908.5,0.1002479432152635,0.0499738709729889,0.0531171990067277,0.0885249031347552,1
1775545604.4579947,169.96,907.56,0.0822731710691839,0.0540656323888873,0.0890898498411324,0.1270023937145426,1
1775545604.4895644,169.76,901.46,0.0796099841953223,0.0699353646690701,0.1151095483546172,0.1550464587508309,1
1775545604.5213337,165.92,903.08,0.087566921045976,0.1014879528786883,0.1393189349743759,0.1703114434936662,1
1775545604.5534842,166.66,904.18,0.0816256023942035,0.1157564109262209,0.1512975030438794,0.1735409290529801,1
1775545604.5854418,166.9,906.32,0.084332824297057,0.1193791815169734,0.1555529625808448,0.188915923771318,1
1775545604.6192927,168.38,907.54,0.0831671275588965,0.1245233313108553,0.1646994044860982,0.2046193556853174,1
1775545604.6494365,168.08,905.18,0.0807503841140539,0.1303770839105131,0.1752538047244183,0.2212644457448586,1
1775545604.6826577,165.66,902.56,0.09063108268329,0.1377258257621584,0.1827011451727811,0.240937039937862,1
1775545604.7193065,169.66,902.46,0.1011851607181268,0.1470060510783724,0.1994905475151106,0.2656269425420928,1
1775545604.7469556,168.7,902.48,0.1227281488187961,0.163414430473933,0.2200576941882567,0.2909457684866503,1
1775545604.777482,167.1,902.3,0.1529887522151568,0.2110187160405612,0.2473043768834101,0.307665920981765,1
1775545604.8102486,168.5,904.76,0.2059915431632679,0.2621606990472461,0.2902501772582021,0.3559603041587172,0
1775545604.843382,168.34,902.82,0.2596599311311492,0.308178002445883,0.3352980422492134,0.3882324051459953,0
1775545604.889476,168.64,906.38,0.2998172670196529,0.3526538977452496,0.3747899012942303,0.4169333022154843,0
1775545604.9214554,168.0,905.62,0.3337180072212604,0.3972307429635645,0.4135415341194882,0.4468575589179089,2
1775545604.9533732,167.68,904.22,0.3584707144677129,0.4273169128817042,0.4445998987476099,0.4696808428496383,2
1775545604.9852583,171.98,903.8,0.3706711461207705,0.4419854720408861,0.4615082730463311,0.4826196262123968,2
1775545605.019538,170.88,905.8,0.3764025668024334,0.4477028408122596,0.4698545174683848,0.490391990097666,2
1775545605.0495636,168.34,906.16,0.3809542322294046,0.4527875757110744,0.4759907567357704,0.4963756673490672,2
1775545605.0814111,168.68,909.9,0.3833681958595625,0.4555090349567602,0.4816182219438548,0.5011789399708466,2
1775545605.1134765,166.6,907.64,0.3832685591671784,0.4545683362960132,0.4815546651875107,0.504244352442959,2
1775545605.1454778,164.42,908.1,0.3843933179146807,0.4553114788436739,0.4824286883092551,0.5039147547433818,2
1775545605.1776695,165.3,905.14,0.3862036527818688,0.4602496506884631,0.4866216197017031,0.5069574987422655,2
1775545605.2114055,165.18,902.3,0.3893227793123867,0.4612715825769912,0.4885285471064292,0.5094696077236481,2
1775545605.257161,163.3,902.12,0.3881839848044117,0.4600095068675698,0.4875042979573719,0.5099405845814207,2
1775545605.2893865,162.9,900.38,0.3845581456469442,0.4590064605426364,0.4880284028227529,0.5111437281154824,2
1775545605.3225515,161.4,897.18,0.3783826423265412,0.4530741029340839,0.4841219249907899,0.5075360983823695,2
1775545605.3523192,160.2,894.92,0.3745811255653035,0.4491533500482114,0.4807129136177814,0.5029554055986453,2
1775545605.386479,160.5,894.3,0.373094150490243,0.4501229091230809,0.4795554701214682,0.4991830800628086,2
1775545605.4195287,162.94,889.44,0.3738469639089639,0.4516900163580856,0.4779389794580048,0.4987485377963068,2
1775545605.450663,161.14,890.82,0.3733736123597848,0.4504905793092696,0.4787854947963778,0.4988407207572337,2
1775545605.481466,163.0,890.38,0.3736713188383838,0.4500346337482129,0.4806162969271335,0.5001268899912851,2
1775545605.513049,162.82,888.14,0.3742001080749318,0.4512694817065206,0.4804049024674309,0.499618431412257,2
1775545605.545393,161.34,886.1,0.3731171747007526,0.4506175561544184,0.4801456976767055,0.5003767065751328,2
1775545605.577318,161.74,884.8,0.3730118885318167,0.450593341133353,0.4805261026280491,0.5004940161925465,2
1775545605.6094377,160.4,883.9,0.372576503343367,0.4491383671351425,0.4786304687088081,0.4987571089331323,2
1775545605.6435082,158.1,885.84,0.373102482768791,0.4507126088040277,0.4794117510284234,0.4990845611765624,2
1775545605.6893702,156.74,885.62,0.3736183755251062,0.4513122163448367,0.4802887668698488,0.4992947523120229,2
1775545605.7207596,161.92,884.3,0.3747084574796337,0.4523917730990114,0.4813475233606433,0.4997091461152094,2
1775545605.7523255,160.54,882.84,0.3749822695702962,0.4518088171681224,0.4794762747931949,0.4985796490289125,2
1775545605.7855823,160.32,886.02,0.3738286364566327,0.4508017289801266,0.4789573833791063,0.4996675307162104,2
1775545605.8195686,162.1,888.9,0.3735751335671221,0.4505761843468223,0.4807614850066346,0.5003915156326875,2
1775545605.8495483,162.12,889.36,0.3723372096293797,0.447478273459523,0.4795584190697763,0.4992606908480397,2
1775545605.8813908,161.76,882.5,0.3718180949394929,0.4469490389998691,0.4789561186391746,0.4995066173058492,2
1775545605.9133933,164.94,880.58,0.3708736120147513,0.4462896348589472,0.4782708263578282,0.4980389611366834,2
1775545605.9465518,163.74,880.82,0.3706071543446428,0.4454087597147351,0.4774573289432239,0.49736474261584,2
1775545605.9774458,162.54,877.36,0.3713482633310782,0.4457666756195745,0.4773059497163971,0.4966213438100497,2
1775545606.010944,161.66,876.44,0.3703625429251621,0.4450511298851133,0.4773800135734281,0.4967022340125517,2
1775545606.040299,159.74,874.7,0.3700164861028647,0.4439903485547871,0.4761571697327034,0.4962739941127676,2
1775545606.0738933,159.84,873.22,0.3698247850936012,0.4449856874007277,0.4769384045506226,0.4965284487846023,2
1775545606.1071908,160.2,873.34,0.369745647650571,0.4448519117518628,0.4772327824617202,0.497473075528693,2
1775545606.1532495,160.48,878.16,0.3698808981087428,0.4445532843980384,0.4773562041612484,0.4971180409090974,2
1775545606.1852632,160.22,880.62,0.3693561113715768,0.4451801672098011,0.4776859142151792,0.496679385102078,2
1775545606.2200744,160.26,878.0,0.3710817719837664,0.4476042520539855,0.4759890537438293,0.4958503575154029,2
1775545606.249493,161.7,877.4,0.3703312456758864,0.4459841889891995,0.4781414322205068,0.4965671277333945,2
1775545606.2809548,161.28,874.88,0.3705026739397122,0.4477638155267383,0.4785724230767736,0.4959275619101829,2
1775545606.312552,158.76,876.16,0.3710630739703965,0.448133114128998,0.4794577507217601,0.4955207710626907,2
1775545606.345399,0.0,0.0,0.3720513922533399,0.4475721409866083,0.4801394254933701,0.49823627107086,2
1775545606.377427,233.2,884.76,0.3724807663785316,0.4484253424182686,0.4803684145707937,0.4984071900073962,2
1775545606.4093976,232.68,886.44,0.371816008982079,0.4493265315292496,0.4816798509819167,0.4990822248410412,2
1775545606.443324,234.32,888.6,0.3709872237542869,0.4491288281291684,0.4802499724759874,0.4986354202423355,2
1775545606.48946,231.12,889.2,0.3728009896808321,0.4496425013016772,0.47792923019222,0.4968600575432851,2
1775545606.5206788,230.84,892.62,0.3691751697990258,0.4462003860674607,0.4768689452970951,0.4951598748207012,2
1775545606.552394,234.08,895.0,0.3696377301982144,0.4473304556189352,0.4775451772368175,0.4954201027833705,2
1775545606.586192,235.22,896.2,0.3691767043620479,0.4473274910523079,0.476640336297752,0.495909541019879,2
1775545606.6207623,237.2,896.86,0.373025149550766,0.4492507161650597,0.4779523441365815,0.4960082367773175,2
1775545606.6664977,236.18,896.8,0.3714439184265179,0.4467605692980592,0.4773981796416581,0.4948029972972563,2
1775545606.697508,233.2,898.04,0.3703632461696921,0.4484634679868983,0.4776561256352828,0.4942377872273965,2
1775545606.73114,231.92,893.14,0.3675337224150781,0.448295162909498,0.4782358976750304,0.4935264290070586,2
1775545606.765296,232.48,893.78,0.3660225383011907,0.449134949666212,0.4797233824606008,0.4944753074500099,2
1775545606.8275816,233.72,893.8,0.3652449888571119,0.447961148038287,0.4762971434645981,0.4911281877165258,2
1775545606.875152,233.44,894.28,0.3664928167129765,0.4499175128895154,0.4782094323337125,0.4915082058416185,2
1775545606.9210048,233.7,894.94,0.3675570839680068,0.4489699517950744,0.4775925346639202,0.4922583703480417,2
1775545606.9533937,233.38,895.88,0.3686378866799198,0.4492835342181991,0.4772044521702878,0.4913955219972472,2
1775545606.984409,233.02,895.04,0.3671028370643338,0.4492624355587388,0.4756865210883993,0.4916978301200123,2
1775545607.021137,234.0,894.42,0.3637841417367928,0.4463411758901914,0.4731688026998877,0.4884896652358818,2
1775545607.051588,236.98,890.58,0.3577630380183732,0.446978855941628,0.4693102577806449,0.4859920660534817,2
1775545607.096707,237.04,892.34,0.3407535186689991,0.4334679003771017,0.4503802116170933,0.4757754150190966,2
1775545607.129429,234.8,893.1,0.3263936420868832,0.4121444498161102,0.4334108616898971,0.4621920755158182,2
1775545607.1631494,234.16,892.0,0.2988214669317309,0.3790514428907033,0.4013363111816198,0.4335293537121538,0
1775545607.2098138,234.0,892.16,0.2681262272142872,0.3437533384768228,0.3665752312103149,0.4113850126593149,0
1775545607.241289,232.76,892.5,0.2677076608098825,0.3401107605859328,0.3666870044148146,0.4106743163738438,0
1775545607.2747853,233.64,888.06,0.1791110661686096,0.2245834790565005,0.2722652014644121,0.3475815053098589,0
1775545607.305194,232.52,888.46,0.1460038757983567,0.1895471699361883,0.2338637696601943,0.3185762439348826,1
1775545607.3393035,232.76,890.04,0.1177060200049232,0.1485444738034255,0.1955673431743016,0.2766009831179549,1
1775545607.3683846,232.78,888.96,0.0852116001022525,0.1201772895731513,0.1703286689398581,0.2465852166827945,1
1775545607.4026537,232.9,888.92,0.0585469951663261,0.0887337205243615,0.1390864045702858,0.2023478876923483,1
1775545607.4363804,230.02,890.46,0.0364014906814232,0.0671368087315644,0.1148376642967067,0.1673645718597856,1
1775545607.4815075,230.36,890.02,0.0364924824606477,0.0642075513437469,0.1125371718778919,0.1651623789978127,1
1775545607.5134962,228.64,889.74,0.0310088202825426,0.0326390450456557,0.0744514100648136,0.1212076462937486,1
1775545607.5448537,227.26,889.4,0.0475352873112077,0.0107480632373197,0.0530475360349123,0.0985841277605412,1
1775545607.5772834,224.86,889.9,0.0573630611901738,0.0121130663406308,0.0444407265679547,0.0833280536944111,1
1775545607.6094236,223.9,890.48,0.0679280698484302,0.0123744077914753,0.0349151763552043,0.0678989097197878,1
1775545607.6413708,221.74,888.76,0.0908933091740666,0.0356619779480527,0.0226773945087754,0.0491666755318819,1
1775545607.673215,223.34,892.08,0.1123364526745178,0.0561233240842899,0.0184330702604381,0.0306640763518468,1
1775545607.7046492,221.08,892.16,0.1227078179534018,0.0680537009130431,0.0361247220333871,0.0418996036456017,1
1775545607.7375157,220.42,893.3,0.1259767102940432,0.074786299759656,0.0337429031343607,0.0417570614278232,1
1775545607.7694614,218.88,894.08,0.130426506062423,0.0807162592152449,0.0366108332629175,0.0461750809076665,1
1775545607.801492,219.32,894.64,0.1322169748195318,0.0837094520101303,0.0426854247589742,0.047444536243888,1
1775545607.8334484,220.6,896.88,0.1340939116937621,0.0878289787413817,0.0484530994887109,0.0553723236190838,1
1775545607.8672347,219.64,897.44,0.1363802274801414,0.0891039583170999,0.0511796585907795,0.0551994813604998,1
1775545607.9158502,216.36,898.14,0.1423174746308587,0.0921210838072744,0.0527227553792454,0.052384128452555,1
1775545607.9454122,221.24,898.6,0.1385329259647109,0.0896173422371915,0.052950275445063,0.055266386213754,1
1775545607.978667,224.54,897.82,0.1369385988398235,0.0836902014350507,0.0429528299099553,0.0528402777345571,1
1775545608.0093768,221.98,898.12,0.1346859896440423,0.0799384088470697,0.0393159466681368,0.0573095552657779,1
1775545608.042725,221.28,898.92,0.1324021687142446,0.0754924851091078,0.0320311258653209,0.0562571457907853,1
1775545608.0726044,221.42,900.76,0.1197179558447131,0.0642448799484151,0.0279263136376418,0.0599946154003472,1
1775545608.105316,222.16,900.32,0.1214904697865664,0.0650232030366469,0.0277433931335418,0.0545693098049451,1
1775545608.1364758,221.04,902.22,0.1170162825871978,0.0607550539396575,0.0221796821709038,0.053386198059828,1
1775545608.1695476,219.78,902.14,0.1158355644864426,0.0606599593232757,0.0204885108049042,0.0517190690840592,1
1775545608.2004602,221.94,901.82,0.1142925950421892,0.0586599417638648,0.0175902611860785,0.0497819274411069,1
1775545608.2334914,223.3,900.42,0.1149335891462162,0.0578141728457641,0.0206611687920894,0.051455132706834,1
1775545608.2670715,222.98,900.64,0.113523261473462,0.0558731584478682,0.0160370307963294,0.0517688751396126,1
1775545608.313386,224.22,897.68,0.1133396962471793,0.05509235409473,0.015799430691093,0.0502745265708028,1
1775545608.3454835,225.38,897.8,0.1108567154622895,0.0550361425010655,0.015904368471956,0.0491039762126332,1
1775545608.3772998,224.84,898.42,0.1155506210185427,0.0584406816334938,0.018396421057686,0.0480041998466849,1
1775545608.4095678,231.3,898.66,0.1127309066829048,0.0559834430997485,0.0161300265378297,0.0474558576879735,1
1775545608.4414475,231.28,902.4,0.1120720733770892,0.0567449108518583,0.0138713556587443,0.0463136511136047,1
1775545608.4731112,231.4,901.94,0.1137217119808737,0.0562276012875461,0.0144630848592455,0.0464504529097263,1
1775545608.5045202,230.24,901.86,0.115815419493968,0.0584291950300638,0.0158229659022437,0.0470322014891216,1
1775545608.5382934,229.3,900.3,0.1168798946703425,0.0604925663018045,0.0137389935305149,0.0436761175659013,1
1775545608.569311,228.52,901.72,0.1147889093179124,0.0568727827865595,0.0093108005526517,0.04606360180327,1
1775545608.6015563,225.46,901.22,0.1140773349833297,0.056328869205586,0.0113945835348668,0.0489778536933269,1
1775545608.6334765,224.44,897.54,0.113586367862861,0.057295304842189,0.012339928862231,0.0445617401156464,1
1775545608.6666293,222.62,898.9,0.1142409379930756,0.0577545086578309,0.0135771097285823,0.0462765001621565,1
1775545608.700275,219.48,898.2,0.1134403824915757,0.0571725761323722,0.0122141574932552,0.0480051240463088,1
1775545608.7435029,216.38,899.94,0.1137300794221793,0.0573040200100188,0.0126132667776926,0.0462092670291737,1
1775545608.7774367,214.94,899.62,0.1120204788803578,0.0551543030012577,0.0083824492751346,0.0476511127221507,1
1775545608.8098798,215.7,898.48,0.1125755938290895,0.0562985421349816,0.0136042588849016,0.0497117405297736,1
1775545608.8439133,215.68,900.58,0.1105717490619047,0.055871843085254,0.0093326292525825,0.0490921379944757,1
1775545608.889419,215.4,900.26,0.1144854831393129,0.0573141702103358,0.0124462435152864,0.0493293580639585,1
1775545608.9230504,211.52,901.28,0.1125192715105061,0.0550772281773605,0.0122498125383025,0.0500877341632124,1
1775545608.955651,211.22,905.12,0.1087855138819532,0.0532849667047785,0.0128258443915463,0.052418948022614,1
1775545609.001347,212.58,904.92,0.1112768182685502,0.0546142628581815,0.0109395984090652,0.0507133822129609,1
1775545609.0334058,212.6,904.36,0.113919989305272,0.0566075353916216,0.0107598870332458,0.046573416898147,1
1775545609.065619,213.94,904.5,0.1098094980372305,0.0537711349308249,0.0126347195580293,0.0498324233334723,1
1775545609.0993178,213.62,907.98,0.1073740804934671,0.0512752352186826,0.0131234109022037,0.0512326753592124,1
1775545609.1431963,217.1,914.74,0.1111921578413018,0.0535156274421595,0.0112450183077652,0.0493823598987596,1
1775545609.1775894,218.6,913.56,0.1093029137985813,0.0517092587830338,0.0151137774105244,0.0511421804289535,1
1775545609.2275438,219.2,913.88,0.110714220157071,0.0527258806542967,0.0152308959161974,0.0496425001427212,1
1775545609.2764828,222.14,913.66,0.1115349714420858,0.0551828645293377,0.0142933500232067,0.0483103857562248,1
1775545609.3237765,222.96,911.64,0.1108501492524538,0.0538259178869771,0.0149294373400654,0.0490737755117172,1
1775545609.3547246,222.18,911.64,0.1092615428337689,0.0528493994576481,0.0117889889819249,0.0491556712918925,1
1775545609.3885202,222.06,914.22,0.1094861715764985,0.0533354689612233,0.0130851994312452,0.048999054229298,1
1775545609.4335325,221.04,914.4,0.1083970451596465,0.0519367405323533,0.0129429386489367,0.0504326935898907,1
1775545609.464601,221.96,912.68,0.1108965275754642,0.0522314136162948,0.0132132454203348,0.0484788292671235,1
1775545609.497507,223.54,904.4,0.1072890853318267,0.0506291241578632,0.0144535442141663,0.0505369890665461,1
1775545609.5284448,223.58,905.36,0.1089942898641907,0.051309903866946,0.0133473814416665,0.0479285966600639,1
1775545609.5616615,223.82,907.04,0.1098141260554391,0.0539111240561571,0.0160673772535238,0.0490122762175167,1
1775545609.5933874,222.4,907.12,0.1095630186331317,0.051629151940046,0.0117803461284234,0.0472284901640006,1
1775545609.6249633,222.0,907.7,0.1112259613836535,0.0546941516313906,0.0124627436551143,0.0473166090414621,1
1775545609.6574802,218.28,910.26,0.1111560239006478,0.0542372136815846,0.0149057280699559,0.0484427143057466,1
1775545609.6912177,215.04,911.34,0.1103295193684087,0.0528514919861052,0.0114526502210504,0.0462392107952933,1
1775545609.7361803,213.74,908.8,0.1102823194506118,0.0539228218345346,0.0128702698874807,0.0482181564186995,1
1775545609.769451,213.84,906.68,0.1080079405348851,0.0509720622382802,0.0159350473660475,0.0516387388851207,1
1775545609.8003886,210.24,909.84,0.1097223069278861,0.0533520481860372,0.0147826975353914,0.0507003367828251,1
1775545609.8333783,207.98,905.44,0.1098460239550492,0.0527145073678051,0.0143458746951009,0.0493313562915917,1
1775545609.866549,207.96,906.22,0.1053905576838657,0.0489535622136285,0.0134011105619479,0.0541756633643333,1
1775545609.8974483,208.9,899.6,0.106152691206087,0.0499195056999813,0.01066139675111,0.0528508877370922,1
1775545609.929844,212.36,900.64,0.1026800163029824,0.0487255693387439,0.0176601785210869,0.0569880980378009,1
1775545609.9615362,209.92,903.38,0.1068759077029919,0.0534646992885414,0.0220797330859018,0.0621745903597196,1
1775545609.994506,212.4,904.6,0.1135583128713548,0.0603505800680877,0.0325947416743752,0.0705333173712881,1
1775545610.0254693,215.16,903.44,0.1160161385624152,0.0642971880561286,0.0379111430606714,0.076569395563934,1
1775545610.0575476,214.92,901.92,0.1124178076404847,0.0659299154461968,0.0533828056649305,0.0953889255781948,1
1775545610.0896127,215.48,901.36,0.0905111154352609,0.0511080291186821,0.0588702860103733,0.0920494399349422,1
1775545610.124358,209.8,900.5,0.0871018544106893,0.0475350930555371,0.0634319294106474,0.0948634934607804,1
1775545610.1695993,203.5,897.2,0.0578664008707997,0.0311567460417994,0.0624254042813707,0.1022748852923332,1
1775545610.200205,203.16,893.12,0.0363508652888028,0.0325363751531054,0.0738677556145999,0.1172134308839637,1
1775545610.2334762,206.26,894.9,0.0079664978605209,0.0375125307223664,0.0809101395515688,0.1313774620069422,1
1775545610.265242,205.5,895.66,0.0458721806643735,0.0568439534922023,0.100355502164583,0.1562193101575891,1
1775545610.2974548,209.66,899.42,0.0687456510781947,0.0851133917241557,0.1291594925943238,0.1827124516432017,1
1775545610.3284545,209.28,901.24,0.1010131533907266,0.1377146896104643,0.1698797933700212,0.2207433846693113,1
1775545610.3613975,212.42,904.02,0.153202919200293,0.2010566489439581,0.2208941429482693,0.2696553450136277,1
1775545610.393474,211.9,915.64,0.2244500928238613,0.2797576131233504,0.2956719489398779,0.3381413834490681,0
1775545610.4256592,213.78,910.86,0.2758940862871878,0.3395594184310742,0.3541384503091968,0.3765953376070778,0
1775545610.4573157,214.8,912.18,0.3004730710205907,0.3685422346001041,0.384118073500969,0.4059729157105096,0
1775545610.490536,219.02,911.94,0.3258336836246016,0.3979834552480661,0.4118706346346144,0.4307414333680817,2
1775545610.5246055,215.58,909.24,0.3424564194143811,0.4163593644321627,0.4289729881111237,0.4484778581306758,2
1775545610.5551307,217.76,908.84,0.3546717871460219,0.4297776095500845,0.4438069030194493,0.4633462719613006,2
1775545610.601749,215.28,908.82,0.3655139957710319,0.4414021444643732,0.4586467310992261,0.4759223084883739,2
1775545610.6334703,214.56,906.16,0.3703755004623426,0.445286487481812,0.4618492496657811,0.4805574955547205,2
1775545610.6654232,219.72,905.18,0.3784246399695444,0.4527622578577018,0.4686998737530382,0.4866004317229123,2
1775545610.697431,218.56,905.3,0.3789372777104262,0.453299421579685,0.4708198689302072,0.4899319690434154,2
1775545610.72845,215.2,905.72,0.3794993485487583,0.4557421900846614,0.4747897689736672,0.4931436828306704,2
1775545610.7614524,218.18,908.84,0.3824230530049299,0.4591481888022084,0.4773644709709424,0.4946257860125275,2
1775545610.7924037,217.08,910.32,0.3838344197817157,0.4606557219836898,0.4782474082293393,0.4938503113559697,2
1775545610.8252685,216.56,908.98,0.3857991943805904,0.4605950380589367,0.4787742291106953,0.4934832554622602,2
1775545610.8574371,215.02,902.88,0.3859346663732832,0.4624523829608768,0.4804622851454441,0.4948055753993752,2
1775545610.889172,213.7,903.74,0.3854136663426312,0.4624723797068829,0.4800964934503406,0.4942044276549862,2
1775545610.925429,212.78,904.06,0.3868227215204249,0.4627237341053017,0.4813358317253482,0.4952764020423915,2
1775545610.953334,209.5,904.62,0.3871450009291794,0.4650023689469398,0.4826311013638206,0.4961052333669561,2
1775545610.9870875,208.86,907.08,0.3876307990384862,0.4652291416096888,0.4815318238369618,0.4974829616179605,2
1775545611.0319743,212.22,908.12,0.3883617740590311,0.4649749583608532,0.4784915100904552,0.4948845485662422,2
1775545611.0656235,214.3,908.62,0.3890565061919195,0.4663733700884289,0.480137790362554,0.4966064717071215,2
1775545611.0972662,214.26,908.64,0.3882714819395805,0.4668589841703913,0.4802679727725655,0.495099111977669,2
1775545611.1304953,215.78,908.24,0.3902952506063132,0.4672373049399441,0.4823613073564448,0.4959756845698,2
1775545611.16142,215.78,915.84,0.3902599550535752,0.4658895410419418,0.4817376128151735,0.495520793363798,2
1775545611.1949716,217.6,915.98,0.3907895396269099,0.4663380020365421,0.4823241729804542,0.4947374936408351,2
1775545611.225971,216.72,915.04,0.3906997657058718,0.4658729931730744,0.4829810256159736,0.4948320612557279,2
1775545611.258703,217.04,913.28,0.3911821403404477,0.4654249819870031,0.481841871129181,0.4943378215747316,2
1775545611.2893145,218.76,915.14,0.3904689708089334,0.4657265826427675,0.4809523034360995,0.4949875071841377,2
1775545611.3261,220.0,914.12,0.3923139561702116,0.4673230599472736,0.4822172915334856,0.493822606236997,2
1775545611.3534558,215.62,914.06,0.3918789654395415,0.4668678958250795,0.484586506925123,0.4946830533842917,2
1775545611.387319,216.96,917.78,0.3924718623886638,0.4670328620512868,0.4828576543449641,0.4932548936833899,2
1775545611.433456,216.68,919.88,0.3923502373804483,0.4690934081514649,0.483645131954173,0.4926610211621205,2
1775545611.46479,219.18,916.3,0.3920484035691791,0.468465458927148,0.4849390097284211,0.4934826166029937,2
1775545611.497543,221.6,922.48,0.3921693729210903,0.4720296345131218,0.485054896366542,0.4926923406564556,2
1775545611.5293093,220.62,919.42,0.3923545076076804,0.4714194801381188,0.4853936495764506,0.4937259638599426,2
1775545611.5613308,222.04,929.74,0.3928467367626698,0.4706715285851806,0.4858576846488482,0.4945978019054644,2
1775545611.5935724,217.56,928.18,0.3925603201772236,0.4709428852251875,0.4850974973137567,0.4925809436350059,2
1775545611.6260817,219.18,928.18,0.3937932788915697,0.4715972893641413,0.4833806967579966,0.4929741189957363,2
1775545611.6565473,217.92,926.68,0.3918910701711198,0.4699298753250788,0.4839976252006582,0.4923301164090553,2
1775545611.6895006,219.36,922.3,0.3922965422642749,0.4715969405507403,0.483605749809727,0.4921589735012127,2
1775545611.7259543,217.48,924.94,0.3914027177192815,0.4711096079925282,0.4837922146714991,0.4921232387371088,2
1775545611.7547674,215.84,930.22,0.392292554292097,0.4710639386389026,0.4828380454298992,0.490206887868222,2
1775545611.784153,218.72,931.08,0.3894442755297184,0.4673516272558206,0.4812893014012894,0.4887917519796793,2
1775545611.8177545,216.08,932.22,0.3895384432335634,0.4673291962875189,0.4813806385394119,0.4867111995957615,2
1775545611.8514998,213.6,928.46,0.388741074495009,0.4677236294569612,0.4807118388203379,0.4863392449624539,2
1775545611.8997748,214.16,924.24,0.3905453759773962,0.4693152505960781,0.4833158022467501,0.4874818302086611,2
1775545611.9283197,218.54,924.52,0.3923271856966882,0.4700738063310646,0.4819945290075139,0.4867919932065414,2
1775545611.9616635,213.54,920.56,0.3916887196587341,0.4691605849854907,0.4820825447096089,0.4867546527370436,2
1775545611.9932373,213.22,916.9,0.3920709743719195,0.4700474573589783,0.4826613221878607,0.486418214306939,2
1775545612.0262678,214.18,915.38,0.3920123218915139,0.4688035444515008,0.4814582829449343,0.4847899549683792,2
1775545612.0574276,217.28,908.56,0.3920789337321928,0.4685199847437308,0.4812093652734282,0.4843008319436566,2
1775545612.08843,214.12,911.6,0.3918964992174108,0.4697551125831675,0.4804165803372117,0.4854612873172844,2
1775545612.1213808,213.7,908.0,0.3907942409103691,0.4687823147951477,0.4807518115029125,0.4858539407249374,2
1775545612.1535263,210.2,908.04,0.3904640220429308,0.4699741576364999,0.4808149661855088,0.4855697414109746,2
1775545612.1848588,211.78,910.26,0.3915886699328519,0.4694903572677039,0.480720037061503,0.4853232971164156,2
1775545612.2164893,211.42,913.56,0.3922562063858548,0.4692606743199769,0.4805963272133902,0.484943520035257,2
1775545612.2507482,215.64,911.52,0.3922218081544868,0.469371329271437,0.4815665625182191,0.4844180566694424,2
1775545612.2973137,220.8,914.54,0.391235729025665,0.4688529970867852,0.4801060002736843,0.4820303638217959,2
1775545612.328587,219.56,912.8,0.3926632634795738,0.4691574118788987,0.4803722141778996,0.4828245361372518,2
1775545612.3614464,221.32,914.96,0.3932473260725054,0.4696044659881577,0.4790877196722837,0.4815010596420685,2
1775545612.3944342,220.0,917.7,0.3956693469700678,0.4714121446426247,0.4747194376011713,0.4780768312306802,2
1775545612.428389,224.2,914.5,0.3937903804809912,0.4670207633316741,0.4695895754351324,0.4706123281797038,2
1775545612.474983,219.14,914.38,0.3918606926505811,0.4606301875958377,0.4616680747687747,0.4633464121331248,2
1775545612.5044494,219.44,913.92,0.3884168361734132,0.4516151090359925,0.4533946067802158,0.4557148403324326,2
1775545612.538179,218.46,912.28,0.3809116009631165,0.436847026787885,0.4385251785418517,0.4417390329732332,2
1775545612.5720348,217.6,918.18,0.368891525784338,0.4204585637865676,0.4268764810693601,0.4319563410731633,2
1775545612.617394,219.8,915.42,0.3365633917288783,0.384961329841146,0.3989109822441193,0.4085688334105111,2
1775545612.6496978,219.72,919.08,0.335035160343971,0.3836901499526179,0.3994516301360997,0.4103657805403731,2
1775545612.6812072,217.9,916.86,0.2948143135089283,0.338929600572579,0.3572816331655236,0.3830019580103861,0
1775545612.7133777,215.62,917.3,0.2493785546726605,0.2895083749271912,0.3109048237355473,0.349702092932755,0
1775545612.745417,219.66,915.2,0.2070588144268844,0.238541320371981,0.2719687394302867,0.3281167161765135,0
1775545612.7775145,220.76,917.62,0.1635177963113249,0.1951063743822746,0.2315316354077272,0.2856657591144951,1
1775545612.809403,223.54,921.0,0.1207549501467896,0.1430407441528923,0.1856577666084794,0.2365663374426851,1
1775545612.8414958,221.58,923.3,0.094667431883202,0.1106297562739866,0.148509228143438,0.1932278580016828,1
1775545612.8734028,219.98,920.16,0.0600718905558792,0.0579992849800088,0.0919256296995767,0.1292454298863349,1
1775545612.905659,218.32,918.84,0.0555004452237803,0.0347347852407061,0.0653213245774036,0.0955077919888084,1
1775545612.9393034,218.4,919.66,0.0619042403418668,0.0178141636882778,0.0418970859947605,0.0727569939923408,1
1775545612.9844806,219.02,912.8,0.0627259501155216,0.0190800059985924,0.0401371684971793,0.0707063871691407,1
1775545613.0179608,218.2,912.46,0.065781562866553,0.0135794332539752,0.0278789901690367,0.0602350725369816,1
1775545613.0507495,224.36,910.98,0.0855605523278544,0.0358453439026581,0.0187121992798523,0.0428378011730612,1
1775545613.0815103,226.76,911.22,0.0937133721885627,0.0440214101690962,0.0148234010589775,0.035488475608656,1
1775545613.1147676,229.22,909.86,0.1007365052267557,0.0489960688085088,0.0171067464966574,0.0315647266399498,1
1775545613.145421,228.92,909.12,0.1141311030607411,0.0600795466063673,0.0236671905711441,0.0284899372180928,1
1775545613.1783128,228.6,908.6,0.1176985263773758,0.0653712335507036,0.0172816538832272,0.0243244859688619,1
1775545613.209328,238.68,906.42,0.119425292022421,0.0676894833147323,0.0238715352855524,0.0332343455296453,1
1775545613.241561,236.26,906.38,0.1249245305571344,0.0733623496114078,0.0274531018491965,0.0329916833383432,1
1775545613.2723432,235.86,907.9,0.1289583656061256,0.0798171352836986,0.0376707235714612,0.0444544934715536,1
1775545613.305349,235.84,906.9,0.1342564665442274,0.0839818912996231,0.0440457113450359,0.0458531048123143,1
1775545613.337653,234.12,912.86,0.1284700175884125,0.0765040771348556,0.0375613321696839,0.0521992739219464,1
1775545613.3713298,229.76,911.48,0.125115951703207,0.0703534461618494,0.0284136334119281,0.0564172559755936,1
1775545613.4164495,231.88,909.84,0.1283073118709626,0.0733199986929138,0.0293119883620878,0.0534540561304488,1
1775545613.449317,233.94,905.14,0.1262667657702369,0.0701028392749229,0.0256408865956597,0.0526184217550509,1
1775545613.480543,233.26,904.68,0.1261655167211569,0.0699471106543452,0.0291342846690703,0.0603554459754603,1
1775545613.5135896,234.82,909.44,0.127042245854157,0.0702550837345646,0.0257182481924902,0.057895773290451,1
1775545613.5455265,236.9,911.14,0.1221587074811237,0.0632337191446033,0.0193765464199477,0.0557435443152406,1
1775545613.5764084,235.0,916.92,0.1212681940085738,0.0606104263826868,0.0127645632457342,0.0507474613850831,1
1775545613.609291,231.88,912.34,0.115854724613149,0.0555463483947473,0.0107594584577798,0.052860768294041,1
1775545613.643242,231.86,916.76,0.1165886683725535,0.0569207290863924,0.0093380158131178,0.0498591326727897,1
1775545613.690755,235.76,915.48,0.1142294476107075,0.0546093263547984,0.0098222166968421,0.0512338886753327,1
1775545613.728389,234.58,913.78,0.1155328303730912,0.0563258193058562,0.0111916845182362,0.0516790160747506,1
1775545613.7552843,231.28,911.98,0.1126490578409295,0.0541181940480405,0.0111380677251546,0.0517246458212637,1
1775545613.8005311,234.76,912.86,0.1152625594417322,0.0552433610705876,0.0137414540449881,0.052063981384958,1
1775545613.8354428,235.28,914.78,0.1129049972594961,0.0542017139986123,0.0113220363808195,0.0509066741470128,1
1775545613.865446,235.22,915.46,0.1139560123327244,0.0546261641088553,0.0085939319539319,0.0500247252054078,1
1775545613.899032,236.04,915.72,0.1136218938303307,0.0541881182959745,0.0106642219918029,0.0509789529270005,1
1775545613.94514,236.06,915.2,0.1145535163152363,0.0554225953288005,0.0100416395334808,0.0515872694366403,1
1775545613.9773982,238.38,918.48,0.1161959997030801,0.057455465937083,0.0106280916849279,0.0480636499555038,1
1775545614.028466,233.0,919.08,0.1130699052217739,0.0539306572217173,0.0061736354490068,0.0512687179628196,1
1775545614.076438,232.98,918.28,0.1142125544586397,0.0556131472770494,0.0112650247129438,0.048776042033788,1
1775545614.1214907,229.98,917.88,0.1135924797727823,0.0551912360872015,0.0096072166968564,0.0506573643354931,1
1775545614.1534667,232.4,913.86,0.1140811649936001,0.0548355005590235,0.011547968212949,0.0508356114903085,1
1775545614.187263,228.12,913.84,0.113842530872995,0.0541154113470548,0.0128813475225717,0.0512533778647364,1
1775545614.2326412,232.78,912.24,0.1155225050099883,0.056337438689088,0.0106625313586323,0.0494758268280194,1
1775545614.2652287,230.48,915.72,0.1153277353523603,0.0570423757563349,0.009700755945216,0.0498586432541175,1
1775545614.2973952,231.04,917.76,0.1168220193235107,0.0569511870455926,0.0097342335103067,0.0489014845943819,1
1775545614.3286114,231.78,915.1,0.1148993380238312,0.0560211952044406,0.009644349412577,0.0498856265636087,1
1775545614.3625124,233.62,916.08,0.1153676266470254,0.0563327127685595,0.0084225999835451,0.0466720541592209,1
1775545614.3960776,238.04,912.88,0.1142884705267675,0.0553984684577019,0.0091568217933314,0.048896759244534,1
1775545614.442495,237.92,915.88,0.113906691211031,0.0542904075739962,0.0065777943579167,0.0484101324073783,1
1775545614.4731224,237.16,914.76,0.1146067837935772,0.0553978404863992,0.0114694573823922,0.0507108083041627,1
1775545614.5065367,230.26,916.94,0.1128945989023559,0.0541817430181517,0.0105432919251083,0.0522425550704806,1
1775545614.538226,227.0,913.82,0.1150082752911003,0.0568921016395262,0.0130551461814977,0.0487852944085001,1
1775545614.569292,221.98,911.34,0.1138937995016222,0.0555143915159703,0.0096918838924796,0.0489426681346158,1
1775545614.600654,225.84,908.72,0.1147666991054244,0.0552659756525424,0.0100639735138633,0.049335365751077,1
1775545614.6324806,227.5,911.62,0.1141405504672764,0.0557521691764017,0.0103370960651573,0.0478322302507991,1
1775545614.665205,228.48,914.1,0.1148776913048868,0.0566123735893736,0.0111633575392562,0.0492137485786353,1
1775545614.6975715,227.44,915.54,0.1118744071827315,0.0538989444212975,0.0070750808888995,0.0475194047580788,1
1775545614.728909,227.1,923.98,0.1115990119165494,0.0544854584034502,0.0073088264707165,0.0469451147867161,1
1775545614.7613478,230.02,921.84,0.1111270458789928,0.0531789098031554,0.0037995051221133,0.0486098722755597,1
1775545614.7949564,226.24,924.7,0.1138305073001626,0.05470051928171,0.0046321696459829,0.0451349588517263,1
1775545614.841371,222.18,920.04,0.1150369630855908,0.0554356626791823,0.0058590798627488,0.0444231066814099,1
1775545614.873359,223.86,918.14,0.1144276566671396,0.0553088008944012,0.0059072981381543,0.044410959648309,1
1775545614.9052691,226.32,917.52,0.116014549329832,0.0564873113984524,0.0052480698119244,0.042105374066907,1
1775545614.9375925,225.02,915.2,0.1128930180193599,0.0542992061967132,0.0054901278685203,0.0445942863249333,1
1775545614.969388,212.42,920.32,0.1152700459928704,0.055494582567767,0.0056093935571407,0.042495626651502,1
1775545615.0024896,213.86,918.9,0.1133749574441509,0.053641046506795,0.0037238991643306,0.0438576557077288,1
1775545615.0323336,212.92,914.96,0.1136279586157318,0.0542123892694705,0.0054825394007354,0.0450265335878003,1
1775545615.0669546,209.86,918.86,0.1127911464197586,0.0535670542729421,0.0040987773403973,0.0457028486336741,1
1775545615.0964265,208.32,913.82,0.1132374640128798,0.0541075490673124,0.0042615067232331,0.0447215635869742,1
1775545615.130917,211.16,920.7,0.1124417025686685,0.0548289490600596,0.0050313957373908,0.0434534760012514,1
1775545615.161661,210.02,921.54,0.1110402741554653,0.0521681254117319,0.0029550135053836,0.0458750784187172,1
1775545615.1925578,208.96,923.32,0.1145825977914707,0.0553629987794385,0.0056983443619122,0.0427808047010763,1
1775545615.226328,206.36,921.96,0.1120619295678011,0.0539227181038855,0.0041259276076035,0.0444852093244136,1
1775545615.2734,206.32,921.16,0.1123061550329199,0.05446603153415,0.004653851423486,0.0442176692491443,1
1775545615.305515,208.04,921.08,0.1116182712201025,0.0543734710111349,0.0035196528426675,0.0450612362454341,1
1775545615.336656,207.8,923.04,0.1061168047981629,0.050393911337053,0.0067724352201038,0.0498027561105697,1
1775545615.368387,208.9,924.74,0.1101452739623244,0.0546247070652805,0.0169680790534431,0.0549849562695878,1
1775545615.4013443,208.9,921.84,0.1107527721837389,0.057177616871698,0.0269206827644777,0.0656525172861851,1
1775545615.4350307,205.38,919.72,0.1120501121164406,0.0641619143226893,0.0517162352741014,0.0848735887482621,1
1775545615.4812353,203.7,921.64,0.0925439633030279,0.0516478945954043,0.0578023959005394,0.0906634550402993,1
1775545615.5134504,204.3,920.08,0.0741178550147156,0.0431045041053123,0.0710860395559597,0.0989400459734386,1
1775545615.5451343,203.42,923.64,0.0791166161441412,0.0479682648422577,0.0747170001928291,0.1032705801805172,1
1775545615.5788612,201.28,923.24,0.0523162790164249,0.0258541850624406,0.0596565694359766,0.096755022262414,1
1775545615.6304386,205.66,923.24,0.0267009695580596,0.023969138228815,0.0697216729509315,0.1120502240236583,1
1775545615.6585114,205.72,920.3,0.0318649215402101,0.0356576455512507,0.0762403624974216,0.1273759281865087,1
1775545615.6894286,203.26,920.82,0.0551106764568396,0.0661838858845208,0.1094492192979537,0.1588913673585506,1
1775545615.7228832,198.56,915.64,0.0758002140798072,0.0919547340905697,0.1324516536621866,0.1806682516921245,1
1775545615.7563832,203.42,915.2,0.0860602674621705,0.1172512646789716,0.1509581686404409,0.2016787688491432,1
1775545615.803191,202.32,917.48,0.1285100899621213,0.1658737910928248,0.1961873144312353,0.2524969174758177,1
1775545615.833337,205.94,915.26,0.1832666719904815,0.2280484325015521,0.2446579943342485,0.2919453294151856,0
1775545615.864515,207.96,915.9,0.2328316386230419,0.2867527501867951,0.2951291475996574,0.334255039302918,0
1775545615.8961463,206.6,915.84,0.2686878527378358,0.3257557842705924,0.3359148670833945,0.3595700189424756,0
1775545615.9309423,204.58,916.4,0.2971036297433957,0.3559538645094683,0.366035373909659,0.3826118014301189,0
1775545615.9614172,207.5,911.5,0.324205172699975,0.3850651498906928,0.3946323623511705,0.4058596973486831,2
1775545615.9932756,207.42,909.08,0.349819202209871,0.4118353515011853,0.4168305744498531,0.4297500349097514,2
1775545616.0255053,208.64,908.48,0.363495453217474,0.4233668781155171,0.4298131473717398,0.4427531413609349,2
1775545616.057551,202.12,910.6,0.3682134707480597,0.429059358238001,0.4383937451477648,0.4506287349567272,2
1775545616.0893846,196.74,905.86,0.3750652572844773,0.436679732860195,0.4463789054714071,0.4598135122180292,2
1775545616.1217234,196.94,904.58,0.3783655811402093,0.4436553666815022,0.4518076839126841,0.4667698466155004,2
1775545616.1526551,199.1,906.24,0.3790499579081638,0.4440824017528536,0.4550615662223229,0.4713036875730447,2
1775545616.1863568,198.8,902.78,0.3762023413090713,0.441972438140608,0.4556285156418936,0.4742417855326004,2
1775545616.233441,199.44,902.64,0.372919537500877,0.4425694178694462,0.4551784547485781,0.4739882149316047,2
1775545616.2642696,198.94,903.76,0.3721092244053298,0.4414247437214276,0.4548146903430785,0.4749815110669982,2
1775545616.2985008,194.54,899.94,0.3718028024929442,0.4421007733991832,0.4542806904931195,0.4748809201152422,2
1775545616.3314953,191.64,899.56,0.3723721659510014,0.4422271132208121,0.4546789188133381,0.477893014812016,2
1775545616.3628893,194.28,898.1,0.372879677853155,0.4437612600723666,0.4551536444881258,0.4807682947559837,2
1775545616.3931465,193.08,896.92,0.3730859467367797,0.4437566709578637,0.4568165036823228,0.4788286197503448,2
1775545616.4269698,191.1,893.54,0.3713354365944832,0.4424180137108579,0.4542891334150681,0.4791987675885058,2
1775545616.4572878,191.36,891.54,0.372201031158726,0.4417713475851167,0.4547048951521445,0.479262944837876,2
1775545616.4894671,192.24,891.66,0.3722452777732328,0.4462130478901385,0.4538436017523203,0.4813416850697674,2
1775545616.5214226,191.58,894.14,0.3717862835924703,0.4451597585082578,0.4541340828995997,0.4810527750670834,2
1775545616.552426,187.9,896.54,0.3727384956159156,0.4451056293357576,0.4555911111404031,0.481202904439362,2
1775545616.5863805,186.1,897.8,0.3703817400868129,0.4447933713321534,0.4531236704686654,0.4823008594332535,2
1775545616.6328118,185.88,901.5,0.3703177420855212,0.4442968745589801,0.4532786009089448,0.4820820735842131,2
1775545616.6645706,184.22,903.94,0.3691496012325837,0.4449150268284704,0.4522740074358709,0.4815410105523958,2
1775545616.6977787,182.9,904.52,0.3700680825147167,0.4446271347318407,0.4533133866237813,0.481361122106073,2
1775545616.731995,183.7,906.42,0.3696508896683396,0.4437488260658515,0.4542034673259232,0.4830904440705155,2
1775545616.7765071,186.2,901.9,0.3681833736495177,0.4423038357864295,0.4531653138192329,0.4807565555424207,2
1775545616.8318808,188.82,901.82,0.3685972001520917,0.443359724444202,0.4528515306369158,0.4824923277400826,2
1775545616.8749664,187.08,902.66,0.3694188803158705,0.4436736594381765,0.4535038341121798,0.480910378300271,2
1775545616.9213772,187.98,897.94,0.3693656839128972,0.4449040398008024,0.4516252160190985,0.4817076524410769,2
1775545616.9549935,186.4,895.82,0.3686700722129691,0.4437986499792625,0.4517712685357062,0.4809665955662708,2
1775545616.9887874,187.62,891.34,0.3680925990084607,0.4445768546556892,0.452812984321958,0.4826199385168943,2
1775545617.0334308,188.94,892.74,0.3716586408868351,0.4463888476277921,0.4529238798401382,0.4838028426744625,2
1775545617.0655265,187.84,894.46,0.3684280032632056,0.4437545940216753,0.4528967294246443,0.4808638267650565,2
1775545617.0987065,188.84,893.16,0.3686681083009486,0.4434217941175817,0.453075575490111,0.4819557773290551,2
1775545617.132306,186.14,894.54,0.3711031673172745,0.4462008638750919,0.4541221567662221,0.4816412566506254,2
1775545617.1775963,187.62,893.78,0.369694237642799,0.4453390890447771,0.4533089771434596,0.481859457317066,2
1775545617.2083888,187.48,896.9,0.3687754174846392,0.4447571024748862,0.4525741398313688,0.4808266426417616,2
1775545617.241369,188.36,895.76,0.3700196472949446,0.4451144816013071,0.4522706966837667,0.4810034227327924,2
1775545617.2750726,188.36,895.9,0.3700931132395115,0.4457489650589509,0.4527521916966227,0.4810971517173043,2
1775545617.3212469,188.24,893.3,0.369412485059368,0.4466510435104152,0.4537402207283648,0.4826164654117634,2
1775545617.3532078,190.46,894.44,0.3700732197875376,0.4462236009475654,0.4540758305800441,0.4821597473787262,2
1775545617.3843143,187.9,893.0,0.3694748804513809,0.4452580490595591,0.4538493122846329,0.4800438103184722,2
1775545617.4173048,189.0,894.32,0.370312162928891,0.447121121318059,0.4529686550058656,0.4813787718520228,2
1775545617.4493568,190.98,893.38,0.3711448297287703,0.4463571219396759,0.4535523977191866,0.4805862222457291,2
1775545617.481477,191.3,892.9,0.3712274908561815,0.4462827307116327,0.4533491611031167,0.4814847095159942,2
1775545617.5134149,188.54,896.94,0.3690926597974506,0.4461407849901891,0.453725479453697,0.4812583826349241,2
1775545617.545077,189.4,894.04,0.3715678832458995,0.4466617054621142,0.4542064390121221,0.4811786006494707,2
1775545617.5774188,184.94,895.54,0.3722594457055649,0.4486516956982241,0.4557682720915744,0.4837959736706638,2
1775545617.611032,181.2,893.2,0.3725728596198538,0.4492083590295057,0.4560308167714146,0.483717069952719,2
1775545617.6447685,182.86,894.96,0.37200379107372,0.4491467938256979,0.4542831645628643,0.483052303447722,2
1775545617.690971,185.66,893.08,0.3712263903305389,0.4482333057148054,0.4547619150019454,0.4825086173893377,2
1775545617.7204552,186.72,895.0,0.3716196082733747,0.4479211120810628,0.4542743549040632,0.4812641866934624,2
1775545617.752937,185.78,897.02,0.3730731553564846,0.4486376949086724,0.4554228536594606,0.48252878951841,2
1775545617.784317,183.16,893.74,0.371085447600588,0.4469398799516549,0.4543173930928353,0.4798838294022827,2
1775545617.8174667,184.78,890.36,0.3725666528836773,0.4480841732594612,0.4559213411147017,0.4804673581639956,2
1775545617.8485596,187.32,895.72,0.3711439734838437,0.4481254714146434,0.456843299193202,0.4776405416452077,2
1775545617.8814049,186.28,895.86,0.3727300473486432,0.4493492396434114,0.4611252272512516,0.4789056773390682,2
1775545617.9136374,182.36,893.08,0.3726070068587052,0.4503206513210204,0.4627453449736257,0.4782952517105648,2
1775545617.945469,181.72,894.5,0.3709726133808498,0.4490572094310692,0.461875868010215,0.4783519288251592,2
1775545617.9772618,184.18,897.3,0.3712326468444711,0.4500185850656875,0.4620889447520192,0.4800112118002963,2
1775545618.0094638,184.86,894.02,0.37308368489258,0.4499568730937292,0.460598955910238,0.4781827390225886,2
1775545618.0432484,185.34,900.52,0.3727350084394109,0.4507787900025541,0.4583287565897019,0.4778365911686785,2
1775545618.0885594,184.7,899.0,0.3722269539563071,0.4503995373268351,0.4563191247170408,0.4769916144114554,2
1775545618.1212912,183.96,900.62,0.373190433377243,0.450439690455751,0.4563694579543451,0.4760211315659114,2
1775545618.1533103,184.42,898.92,0.3711950915543799,0.4460780726038362,0.4548397944621422,0.4737939537460667,2
1775545618.185208,185.96,900.36,0.3735333149069186,0.4487254600443692,0.4562257455734391,0.4712935041388649,2
1775545618.216624,185.7,903.02,0.3714721686156879,0.4431886453570803,0.4542354270286493,0.463846668178215,2
1775545618.2517,185.44,899.02,0.3701932836871202,0.4367785598391827,0.4432659715622118,0.4501899783335202,2
1775545618.2817576,184.76,900.7,0.3641295944062723,0.424897828094663,0.429498062440145,0.4354741737519192,2
1775545618.3148365,186.6,903.18,0.3447830727733114,0.4010555386458935,0.409293352624548,0.4158303004413956,2
1775545618.3454144,184.26,902.26,0.3098166455722876,0.364049248111271,0.3744036315126789,0.3899854496239321,0
1775545618.3789003,187.84,899.78,0.2772125995904853,0.3287787753307299,0.3382145968182434,0.3609610509057298,0
1775545618.4092777,191.56,894.04,0.2346029402684489,0.2732638927452293,0.2869950029688778,0.3276819844535469,0
1775545618.4428446,194.42,892.8,0.1912949612568491,0.215784633217131,0.2453017450041748,0.2920180410504164,1
1775545618.4893298,195.14,892.24,0.1456747373325884,0.1675669998474133,0.199876225637385,0.2397163932723029,1
1775545618.5204852,195.9,894.24,0.1087326232111866,0.1206823268062868,0.1561101754827417,0.201969292662869,1
1775545618.5531485,193.98,893.16,0.0775085550506958,0.0938742052813773,0.1287063529578955,0.1664514983960946,1
1775545618.5845177,194.5,894.14,0.0618958871665062,0.0777191027071987,0.1136041847399739,0.155212173140424,1
1775545618.6175048,193.78,898.66,0.0631784979278263,0.0633030590412175,0.1013632408328084,0.1381857214382697,1
1775545618.6494162,194.26,899.3,0.0497290025440207,0.0444982191883404,0.0864193982553097,0.1200154357468241,1
1775545618.6813128,194.72,904.32,0.0396848126498739,0.0382463777257231,0.0821187813668434,0.1173072832218824,1
1775545618.713362,195.28,901.34,0.0386924486488597,0.0264424322577264,0.0676699614914691,0.1023966406100616,1
1775545618.7454112,193.52,901.5,0.0366295758331192,0.0219652123853064,0.0627366893237428,0.0946962857958807,1
1775545618.777339,192.04,900.68,0.042478304514509,0.011593428708052,0.052090862330808,0.0836743852110278,1
1775545618.8093555,191.54,900.8,0.0484672205249826,0.0054104150116783,0.0452085809489525,0.0742901514298243,1
1775545618.8403432,190.72,901.88,0.0538105690728325,0.0121001717328195,0.0426912156674715,0.0682386837129439,1
1775545618.8739288,190.36,900.96,0.0765974587631739,0.0319777405086899,0.0441381579435709,0.0664575934401124,1
1775545618.907329,191.04,901.96,0.0708220433864342,0.0267988183594316,0.0370380974302357,0.0620046383546033,1
1775545618.954855,190.78,901.58,0.0855479184413433,0.0356446208811632,0.0374856864712371,0.0585262235318524,1
1775545618.9846013,190.74,902.32,0.0950425199691927,0.0450478690301426,0.0409627438972889,0.0598701615566095,1
1775545619.0191398,189.24,901.1,0.1017075367715393,0.0501975882668545,0.045507134343324,0.0584052181070582,1
1775545619.048526,189.62,902.54,0.1091141032968202,0.0544646475649492,0.043365929048363,0.051070868044905,1
1775545619.0803225,189.36,902.7,0.1140744080111628,0.059936257647283,0.042549785202093,0.0484979608535063,1
1775545619.1136122,189.08,903.64,0.1153897296412153,0.0609197509273335,0.0398902895845589,0.047050290578355,1
1775545619.1455553,187.46,906.4,0.1164349980596473,0.0637652647408115,0.0440512741227423,0.052452320037571,1
1775545619.1767814,187.0,903.76,0.1162354288708403,0.064236522274569,0.0465784220435311,0.0536186483524251,1
1775545619.2084694,185.02,906.8,0.1165185230371076,0.0645498762402477,0.0445276534870902,0.0500198266412268,1
1775545619.242183,189.48,905.86,0.1197336569610869,0.0694975945941238,0.0459426977827197,0.0507761533269395,1
1775545619.2753267,187.5,907.48,0.1287457238394959,0.0795948438597622,0.0521703380227677,0.0586792932527766,1
1775545619.321246,188.72,906.82,0.1255926301261375,0.0779523883191532,0.0573261452994895,0.0630700857165647,1
1775545619.353485,183.68,907.98,0.1311678531730453,0.0839886668785759,0.0640070163870887,0.0669698903998541,1
1775545619.38717,183.16,905.62,0.1334764912354601,0.0862646245339391,0.0614689388111784,0.0670678500235877,1
1775545619.4354565,184.38,904.02,0.1331665987906929,0.08558101337292,0.0611373626770835,0.0640612454389272,1
1775545619.465276,186.66,905.76,0.1352829612613369,0.0872336651999039,0.063834515870593,0.0672418713548517,1
1775545619.4966614,187.08,907.2,0.1286339550264753,0.0795496139790409,0.0556840937161698,0.0655791591769656,1
1775545619.5301657,186.24,907.64,0.1219634100322798,0.0711798080359565,0.050477586254927,0.0695650770668022,1
1775545619.565801,187.98,906.94,0.1282063642220498,0.0777075576447657,0.0508073953531031,0.0643862321067656,1
1775545619.630079,187.94,909.04,0.1235641539826377,0.0705421783945038,0.0451389870275539,0.0626241898690027,1
1775545619.674194,187.46,908.3,0.127750525281922,0.0743817636325337,0.0443262557149252,0.0573067040479039,1
1775545619.7080176,187.06,906.98,0.1273800472405311,0.0737930508586696,0.0435632009170116,0.0581155875890185,1
1775545619.7536008,189.24,908.74,0.1276676547673109,0.0743792080168211,0.0453759472930209,0.0591179764483458,1
1775545619.7853253,189.52,907.74,0.1246554607444656,0.0715839582715709,0.0445500316366416,0.0633467611522022,1
1775545619.8191156,191.48,907.46,0.123643820502234,0.070909731793825,0.0454742745884368,0.0618052808696771,1
1775545619.8542533,189.56,907.76,0.1244286084971951,0.0719200029287118,0.0444358635739608,0.0652348280582717,1
1775545619.896613,192.36,909.32,0.1181109037104098,0.0672162311066161,0.0455531605341256,0.0659272377388486,1
1775545619.929372,192.48,909.76,0.116729475934627,0.0640530054266318,0.0427317924217941,0.0657788435761096,1
1775545619.9630485,192.02,909.48,0.1168516234070364,0.0639185574231205,0.0418982002980724,0.0657842261958761,1
1775545620.0094206,193.28,912.24,0.1226840259911546,0.0700174096971863,0.0455627444252304,0.0650043693159821,1
1775545620.041528,193.8,910.76,0.116910745980248,0.063314574495006,0.0414754595958491,0.0631195871171441,1
1775545620.0727785,193.2,910.44,0.1172216230965478,0.0649936053859011,0.0467575363143093,0.0683342981952734,1
1775545620.1044047,194.18,910.42,0.1147595724771426,0.0616522326117973,0.0406964632537927,0.0636113542612606,1
1775545620.1368525,193.46,910.1,0.1152282831477061,0.0620469480572723,0.0402401466795049,0.0599325884934526,1
1775545620.1694238,191.64,910.6,0.1126567775494021,0.058857137869341,0.0388367579197456,0.0631214994386814,1
1775545620.201245,191.98,909.02,0.1130409847392109,0.0583222074647745,0.0360078178273574,0.0613680854693695,1
1775545620.236822,191.64,909.62,0.1151248454971367,0.0632847075138057,0.0443824583791293,0.0646199646195733,1
1775545620.2670338,189.72,907.62,0.1131085577908475,0.0593178705020007,0.0393862299411878,0.06205121900368,1
1775545620.300758,187.24,907.82,0.1137216899557529,0.0617123674870248,0.0425518023525401,0.0634160643301177,1
1775545620.346684,188.32,907.24,0.1155695230153088,0.0621514645582167,0.0434792211058468,0.0648768534938934,1
1775545620.3774257,189.0,906.8,0.1138094264293667,0.0597802522280594,0.0376590590403154,0.0589189303863702,1
1775545620.4113245,190.6,907.48,0.1097004409892052,0.0557837240211335,0.0385329035189684,0.0644647252422021,1
1775545620.444389,193.1,909.52,0.1084046852810304,0.0548555608493384,0.0370188738517405,0.0630819683470176,1
1775545620.4733076,192.98,911.76,0.1113566935576366,0.0577609323295798,0.0375553620498097,0.062595935504532,1
1775545620.5054631,191.48,910.06,0.1086416366611263,0.0568070274990259,0.0386313364763439,0.0622999982134554,1
1775545620.537391,192.22,910.22,0.1105831306408225,0.0580162991755902,0.0378617428792437,0.0609590682786823,1
1775545620.5693154,193.68,909.14,0.108017566422388,0.0555725934619772,0.0353503357964492,0.0584087108785801,1
1775545620.601336,195.9,909.14,0.1090976058247897,0.057358534114329,0.0394542927573928,0.0622307918159767,1
1775545620.6381214,193.84,909.84,0.1080432225807902,0.0564443072258685,0.0401337002121706,0.0621331228689902,1
1775545620.6652906,194.44,910.26,0.1061473899022398,0.0535183471387539,0.039684966247124,0.0657162503358623,1
1775545620.6975613,194.06,908.84,0.1056651333667296,0.0531587571951891,0.037811651886129,0.0663638658316268,1
1775545620.7358449,196.22,908.22,0.1060079490409297,0.0533121284283959,0.0365712541295507,0.0616535656914888,1
1775545620.760442,197.82,909.76,0.1058202758545475,0.0531380573888254,0.0372725679330232,0.0622826706610111,1
1775545620.7786798,198.22,907.42,0.105692391481841,0.053225035717043,0.035071273815129,0.0607605875616548,1
1775545620.8427217,196.62,908.3,0.10404151484287,0.0530351787505444,0.0399636500132016,0.0655112415759825,1
1775545620.872416,199.1,908.3,0.1049247190577086,0.0532827807048077,0.0371904473826376,0.0588989986332196,1
1775545620.906873,197.26,908.0,0.1022233002040726,0.0509781957338968,0.0339173181152765,0.057591470669218,1
1775545620.937413,199.3,909.38,0.103623610400213,0.0513535399778775,0.035229332668205,0.0605572049443118,1
1775545620.971066,202.92,908.56,0.1022057302274445,0.0501481096479095,0.0350664559683251,0.0600681887905044,1
1775545621.0013108,199.5,906.86,0.100754400478383,0.0482884540037467,0.0294057143352603,0.0576468141001322,1
1775545621.037568,201.66,907.96,0.1042171381986118,0.0518518439075388,0.0354654100928673,0.0602792300391627,1
1775545621.065466,201.82,909.46,0.1019826312874214,0.0493477698618084,0.0335408485767436,0.0612850256568492,1
1775545621.097637,205.54,906.76,0.1013504381401885,0.0487257968690925,0.0308248448242337,0.060332987061815,1
1775545621.129361,206.34,908.02,0.102652080993712,0.0510515030311625,0.0319889244229445,0.059171309467365,1
1775545621.1634011,201.68,910.26,0.102672326594073,0.0504789992504187,0.0315763484655469,0.0587070166889445,1
1775545621.2085574,203.98,912.7,0.1025710333364561,0.0498461229749859,0.0322801373601025,0.0586322744745029,1
1775545621.2412803,203.2,912.56,0.101383556932951,0.0495406541600985,0.0350659140260697,0.0626666847244134,1
1775545621.2733765,204.1,912.4,0.1005903788490399,0.0488470708007543,0.0329431015552948,0.0606696675772584,1
1775545621.305304,201.22,909.44,0.0977166150766902,0.0451802462387933,0.0268489944957402,0.0584064302029885,1
1775545621.33843,200.6,907.14,0.1020421110476799,0.0482360145052053,0.0300413236417843,0.0572978243361331,1
1775545621.3758106,201.3,908.36,0.1017839231169453,0.0491143090056606,0.0322841926333886,0.0594010294464239,1
1775545621.4106116,198.84,908.4,0.0997725936418562,0.0469971555459856,0.0336587177735959,0.0618509920765417,1
1775545621.4386454,195.32,908.56,0.0991721130694097,0.0467718149934321,0.0321418208149625,0.060420191155907,1
1775545621.4658463,194.76,907.88,0.0994343458041899,0.0455174628067933,0.0326158518369116,0.0620738848576633,1
1775545621.4976926,191.0,908.34,0.0976784216579262,0.0447364243507827,0.0318687793678439,0.0624766634005768,1
1775545621.531016,193.54,906.72,0.0953192800648392,0.0428790973360961,0.0327822071848144,0.0645972358725131,1
1775545621.5646727,187.38,907.58,0.097106021018553,0.0436454217313244,0.0337813010627365,0.0628476429509079,1
1775545621.5993812,184.78,906.76,0.0951658235727385,0.0425814032236845,0.0326436465095092,0.0628621855933822,1
1775545621.6414306,184.94,907.08,0.0977446333912732,0.0439425573183574,0.0329445252610085,0.0624494453465973,1
1775545621.6742308,183.98,904.92,0.0956992327275873,0.0418496035456341,0.0301431525923632,0.06112566460064,1
1775545621.7054348,181.18,905.96,0.0934973150557332,0.0390810151370137,0.0288750470186341,0.0619160397425494,1
1775545621.7296891,182.66,906.6,0.0963918758624204,0.0413916810717977,0.0298961462645729,0.0609984198943327,1
1775545621.7527475,180.72,906.86,0.0959126018792828,0.0418843477017549,0.0268266307527361,0.0578426197624642,1
1775545621.7871687,181.0,908.7,0.0943480630587403,0.0395951004733686,0.0245588559593347,0.0588995540889434,1
1775545621.801701,179.56,908.7,0.0984262061100851,0.0421753429921398,0.0243430235431975,0.0571013371513832,1
1775545621.839039,178.54,911.26,0.0991202878953012,0.0426083758873099,0.0279334843697215,0.0571926884598696,1
1775545621.85913,175.88,910.54,0.0968403711662141,0.0405970846993433,0.0207991946242619,0.0527735296608605,1
1775545621.883424,178.26,911.4,0.0950462285227655,0.0381095362073872,0.0214093675791713,0.0552666612919573,1
1775545621.9152277,178.82,910.68,0.096607803959362,0.0391261979668665,0.018852943940287,0.0536887688458207,1
1775545621.948373,181.04,910.6,0.0948475286528359,0.0381807441292006,0.0168872846769204,0.0528326525327568,1
1775545621.9620275,179.44,911.18,0.0952019418893539,0.038955406038744,0.0169210164541242,0.0538165655559623,1
1775545622.0278778,176.9,911.56,0.0996191840326506,0.0412435747888887,0.0121154243750484,0.0495785645059491,1
1775545622.072776,173.84,908.36,0.10179383457335,0.0445444825966838,0.0111419774462615,0.0448362408553771,1
1775545622.107031,174.48,906.2,0.0987985610926127,0.040545789959578,0.0106889891752429,0.0484311253520381,1
1775545622.1391468,174.96,908.2,0.0991026369003459,0.0416998373500121,0.0169771982694524,0.0503207486822054,1
1775545622.1706803,176.48,908.52,0.0961572874304251,0.043238807098317,0.0279624201939464,0.0578835159160233,1
1775545622.200392,178.54,906.94,0.1007155210897313,0.0510885236049002,0.0374924156081644,0.0680862180824364,1
1775545622.235124,179.1,906.38,0.1058545415628488,0.0578287557319603,0.0489772867911127,0.0835435985634334,1
1775545622.2653182,177.38,904.46,0.1104678960888268,0.0635827372644011,0.0632558011491692,0.0970556346680524,1
1775545622.2972934,176.62,902.68,0.0991769251260843,0.0636559881040459,0.0847670871874392,0.1213900734102747,1
1775545622.328563,177.04,906.32,0.0639656574619859,0.0496816154055715,0.0860353377992559,0.1321135390319693,1
1775545622.3605082,175.58,907.26,0.0181525642495637,0.0311812633453532,0.079635846209162,0.1285922892681375,1
1775545622.3933382,175.86,906.6,0.0481978033305061,0.0663732623650026,0.1111065651921894,0.1675612810139459,1
1775545622.4261434,176.82,908.62,0.0679320297271221,0.1024973907061202,0.1463121154923268,0.1996159411452796,1
1775545622.4735038,177.02,908.06,0.1395124806630115,0.1902135415898694,0.194950844920837,0.2483739139888696,1
1775545622.505292,175.28,907.16,0.1972340133886519,0.2466736444474961,0.2571119694923137,0.2883288298778265,0
1775545622.5392735,175.6,904.3,0.2307760667975539,0.2882012336551016,0.2971257517893956,0.3236349361537284,0
1775545622.568561,176.08,902.28,0.2540264725557396,0.3103735057315392,0.3242093146702868,0.3434511837529756,0
1775545622.6013625,171.22,901.94,0.2697725928981547,0.3307636593626759,0.3414390956357365,0.3585718779012958,0
1775545622.6334913,174.58,905.26,0.2828573718252337,0.3436684265982156,0.3549045925393243,0.3706729115246795,0
1775545622.665414,173.12,903.86,0.2911687340560439,0.3524866457277349,0.3629091731983024,0.3789542770559894,0
1775545622.6965742,172.54,901.12,0.2959279001174588,0.3614141797012197,0.3735108024494505,0.3901716370979305,0
1775545622.730598,171.92,900.56,0.3014434870896514,0.3681345373948846,0.3801574082525576,0.3964467368349821,0
1775545622.7616465,171.56,900.64,0.303425624991382,0.3718303657834297,0.3844292331539463,0.3989086662055129,0
1775545622.7948203,171.68,897.92,0.3064625893671617,0.3745324784216826,0.3872683434791865,0.4007336429587476,0
1775545622.825467,170.38,894.3,0.307617086273184,0.3766387228584793,0.3887483688649055,0.4034660964145484,0
1775545622.8580294,168.62,894.24,0.3091271788758823,0.3775915692665413,0.3906624508003689,0.4040958936818665,0
1775545622.8926656,170.66,892.88,0.3117147824173911,0.3792468445811743,0.3905411462497903,0.4037666976739194,0
1775545622.9403296,170.94,895.3,0.3136220991907227,0.3814994315573129,0.3942032739432626,0.4069249071492531,0
1775545622.96868,175.34,897.42,0.3095887411988404,0.3787078613006845,0.3926475510415497,0.4062058308345543,0
1775545623.0003572,177.02,896.98,0.3103009499323825,0.3797521235163831,0.3920812447413727,0.4081185140296854,0
1775545623.033374,180.72,895.14,0.3095617467970518,0.3792701200916197,0.3926496040286911,0.4078619333098362,0
1775545623.0653934,180.04,895.9,0.3097976230650193,0.3797152495854012,0.3930497194619216,0.4082641014694964,0
1775545623.0973797,181.7,895.66,0.3102084138702753,0.3797936378888595,0.3924831955781954,0.4076255799041811,0
1775545623.1292946,181.48,895.82,0.3079398239048756,0.3794839823442948,0.3911157163699169,0.4078577775445769,0
1775545623.1613002,181.28,893.6,0.3063643527420267,0.376781881179035,0.3883660858142256,0.4053145451197456,0
1775545623.192515,183.84,892.66,0.303769018908915,0.3749218751520782,0.3862157001700386,0.4028912749855355,0
1775545623.2240126,189.6,891.7,0.3026613763230097,0.373279519546911,0.3845900922639234,0.4015671188251586,0
1775545623.256224,188.28,892.58,0.3031892786847404,0.3742498508931258,0.3861892966195508,0.4023302454965081,0
1775545623.2901945,188.1,894.66,0.3018388787782206,0.3737007364301674,0.3853526995537029,0.3999764307237178,0
1775545623.3404062,188.76,892.68,0.3011525337280525,0.3726841743385138,0.383622621703842,0.3987705713973435,0
1775545623.3707044,187.72,891.62,0.3013223402522401,0.3721320712852868,0.3813865364932223,0.3976655291872683,0
1775545623.4014213,188.3,891.94,0.2979825235354122,0.3698702097593183,0.3794488949385332,0.3955768316436253,0
1775545623.4346175,187.52,889.3,0.2964326808923547,0.3692823134020469,0.3774373865533354,0.3941068434622393,0
1775545623.4646287,189.68,891.58,0.2944050725673752,0.3677586184089392,0.3769990103501867,0.3934882064788805,0
1775545623.4983532,191.02,890.6,0.2944001779427538,0.369262332767633,0.376223472592409,0.3923633212682785,0
1775545623.5296292,189.36,891.96,0.2933807390720319,0.367967388117549,0.3762659846337735,0.3920944022608735,0
1775545623.5612218,190.44,892.58,0.2927850030399713,0.3683148872174981,0.3759677060214212,0.3902868723896602,0
1775545623.5935853,190.1,893.2,0.2940633675027673,0.3710538749558097,0.3759611614580221,0.3897043760565206,0
1775545623.6255517,188.5,892.9,0.2923989217601254,0.370068787756826,0.37606994017382,0.3924322186652589,0
1775545623.6573594,186.88,893.54,0.2911626422036755,0.368425895735042,0.3748329213181866,0.3910049799716136,0
1775545623.6912646,189.42,893.92,0.2918226075883983,0.3703413206261551,0.3740800524496924,0.389075083246065,0
