Timestamp,Inner_Env,Outer_Env,Index_Dist,Mid_Dist,Ring_Dist,Pinky_Dist,Label
1775544752.512745,0.0,0.0,0.2124159261988551,0.2916368651745445,0.307436054727729,0.3411568622406865,0
1775544752.576214,258.2,819.42,0.2144307951637663,0.2859353434790777,0.3030230856065361,0.3407723112750321,0
1775544752.6012273,254.26,819.38,0.2081528021455425,0.2843111186447256,0.3003013441647932,0.3431376465405803,0
1775544752.637418,256.62,819.78,0.2095101351073142,0.2838433119522838,0.3040221273028493,0.3428696146340853,0
1775544752.6883557,252.82,819.32,0.2084857257949821,0.2838616686212061,0.3028155653469572,0.3454285129884241,0
1775544752.720322,255.04,819.96,0.2097495248217938,0.286583527343756,0.304800819409975,0.3433789689963564,0
1775544752.7570395,251.26,819.58,0.2111252090430828,0.2875639201434224,0.3055940789210339,0.3446460462884367,0
1775544752.7846377,253.62,819.76,0.2116203692222399,0.2859025651120027,0.305385897863096,0.3458168974659434,0
1775544752.822175,251.14,819.54,0.210231272910099,0.2846934753493969,0.3011871556582132,0.3430598000686893,0
1775544752.8473184,252.32,819.78,0.209720745410548,0.2838410420851954,0.3031718602050954,0.3417013091267207,0
1775544752.8801394,248.96,819.66,0.2108044729506343,0.2870641159271735,0.3054704262075692,0.3450712691313933,0
1775544752.911257,250.74,819.96,0.2120543961609869,0.2863781022688826,0.3043200232118488,0.3434606698041236,0
1775544752.943122,246.64,819.72,0.208901574589239,0.2843398891438456,0.3039502386203405,0.3428445290762604,0
1775544752.976215,249.24,820.34,0.213722139916085,0.2887447300155942,0.3066067172453695,0.3462877261310289,0
1775544753.008031,245.3,819.94,0.2123283880399837,0.287884310781928,0.3066876957015017,0.3469925480453417,0
1775544753.0415816,246.68,820.02,0.2118307129581775,0.2882414208222225,0.3074142213043332,0.3457866061897354,0
1775544753.087212,241.62,819.98,0.2130168619554602,0.2880861293901351,0.3062044073569235,0.345463038481438,0
1775544753.1221318,275.64,820.54,0.2137866977409023,0.2907872257526623,0.3091778779283433,0.3466362134725044,0
1775544753.1514578,315.76,820.2,0.2152375863747728,0.2916796472748411,0.3103441403130883,0.3501721467162277,0
1775544753.1843386,349.62,820.46,0.2167059748564596,0.2928675340368585,0.3103106258282126,0.35055426097526,0
1775544753.2164352,390.08,820.54,0.2171241628150814,0.2931827529728484,0.3118098571479153,0.353679482718033,0
1775544753.2493966,423.68,820.26,0.2171463758170516,0.2924545736665101,0.313208748900741,0.3518531756513725,0
1775544753.2804503,466.34,820.54,0.2156478918287611,0.2954366346821719,0.3135635646854756,0.351500947061275,0
1775544753.3120904,499.84,820.2,0.2159133170926078,0.2976258742125576,0.314964589043528,0.3532806511346071,0
1775544753.3434489,542.22,820.64,0.2203874246676434,0.3012243966249783,0.3185361913104554,0.3545236280499882,0
1775544753.376201,574.76,820.38,0.2199028778038344,0.3030018723224461,0.3228791567494055,0.3594220008918296,0
1775544753.4072392,618.02,821.02,0.2256602428807095,0.3063592064467795,0.325204435716063,0.3663909042770099,0
1775544753.44125,650.88,821.08,0.2238366762084341,0.307707122449391,0.3256616385386283,0.3670497394742774,0
1775544753.4869854,694.56,821.38,0.2326179410846963,0.3166101004768918,0.3345036902076146,0.3714663623246971,0
1775544753.521474,727.34,821.16,0.2320444634392702,0.3213631717153638,0.339214575135185,0.3762121689449997,0
1775544753.5576415,770.02,821.16,0.2363365138107556,0.3228709775254402,0.3380495239008294,0.3819045625126513,0
1775544753.5832756,801.74,821.14,0.2295029006611224,0.3199947167176453,0.3400119427105753,0.3848033515602344,0
1775544753.6182,844.44,821.22,0.2369332218534821,0.3278874855720279,0.3477303523930786,0.3918758500647022,0
1775544753.6418426,876.4,821.18,0.2414277689287797,0.3302884843695559,0.3499886979307002,0.3919071109493487,0
1775544753.7147098,919.4,821.54,0.24887033670097,0.3348796183274476,0.354389515610644,0.3953538363445703,0
1775544753.7440927,949.6,821.22,0.2490039836191521,0.3357416037451823,0.3553056554389235,0.3939784796841685,0
1775544753.7774632,993.78,821.7,0.247500104567982,0.3364815879981619,0.3544241674533047,0.3935438608114248,0
1775544753.808688,993.78,821.52,0.2458174388925572,0.3337096742707597,0.3528160733370865,0.3931676083885529,0
1775544753.8425322,993.78,822.26,0.2480272737505612,0.3364869590326859,0.3555927539267496,0.3962917007837118,0
1775544753.888441,1023.54,822.16,0.2523831412012394,0.3418546197892738,0.3610255359373277,0.3990010453573346,0
1775544753.921421,1066.54,822.34,0.2537826546325793,0.3401798261997872,0.3550671538616624,0.3929987520334693,0
1775544753.9522536,1098.64,821.88,0.2547142719743765,0.3432923357486375,0.3572223554720253,0.3924234804447719,0
1775544753.9840422,1141.28,822.58,0.2516993980185626,0.3394307136144477,0.3540790995467351,0.3895403435031188,0
1775544754.0164757,1172.7,822.84,0.2498379383976728,0.3335712585439608,0.3489334886480854,0.3859801628798554,0
1775544754.0501022,1215.94,818.64,0.2514325778576823,0.3354592711203158,0.3493735472823188,0.3878359182875316,0
1775544754.096303,1248.52,822.24,0.2456488990977957,0.3328491305059026,0.3471707385184241,0.384519251583846,0
1775544754.1281707,1291.14,814.76,0.2447160121654643,0.3330876837699711,0.3442491261412176,0.3817509970317107,0
1775544754.160104,1323.0,818.2,0.2471531786108203,0.335766944840447,0.3463977019667191,0.3845433604213432,0
1775544754.1921735,1365.94,810.74,0.2486142477201549,0.3310355747431335,0.3449974774242956,0.381494725232296,0
1775544754.2241642,1398.24,814.66,0.2484452596268445,0.3336834313518221,0.3459103162589604,0.3832636621448126,0
1775544754.25619,1441.16,807.4,0.2502952393320228,0.335116426490911,0.3466691125215699,0.3831382897111749,0
1775544754.288371,1476.42,811.3,0.2503123685679236,0.3394557178548673,0.3452462729652953,0.3847126660081406,0
1775544754.3202536,1519.74,803.82,0.2483726199422565,0.3361084263351162,0.3437499244390323,0.3839766111885819,0
1775544754.352172,1551.24,808.46,0.2476354440776858,0.3362364428574196,0.3408411621494483,0.3820164094336006,0
1775544754.384082,1594.62,800.12,0.2492769477521494,0.3365159753700228,0.3426943439857062,0.3836767867712395,0
1775544754.4175282,1625.98,804.54,0.2478163235152839,0.3376899013779115,0.3429101122697684,0.3841478812444396,0
1775544754.4483037,1669.84,796.28,0.2491226768190201,0.3359122711099734,0.3418283928014713,0.384094110063012,0
1775544754.4819975,1701.54,800.16,0.248550101642481,0.3349702893177604,0.3425112786630626,0.3839228391518899,0
1775544754.5282006,1743.26,792.82,0.2491638869611655,0.3390637584413732,0.3444448888824182,0.3873646293763939,0
1775544754.561787,1776.1,796.26,0.2494741619116292,0.3379644820914277,0.3426305656026737,0.3856623182284921,0
1775544754.5923002,1819.36,788.6,0.2513707007942165,0.3404395972456831,0.3454273241789511,0.3881078579241096,0
1775544754.6242237,1851.0,792.28,0.2512488798459338,0.3398088047313374,0.3433054993250051,0.3899566040339715,0
1775544754.655314,1894.46,785.34,0.2496077613386285,0.3392812589153392,0.3418664623606393,0.3894859044457555,0
1775544754.6885707,1926.36,788.76,0.2526652677317302,0.3419501977093793,0.342211468883089,0.3897376924165929,0
1775544754.7194448,1970.1,782.3,0.2545071667679561,0.3449878588352735,0.3434316913211047,0.390943206398535,0
1775544754.7522683,2002.42,785.8,0.2549491080709232,0.3495611547346248,0.3459177528167072,0.3922095724496827,0
1775544754.7844858,2047.0,778.54,0.2520999513434026,0.3467375551017908,0.3456858377176844,0.3932922168987592,0
1775544754.8162937,2047.0,782.04,0.2514980824781482,0.346601938357983,0.3442745147150318,0.3886650941590294,0
1775544754.849903,2047.0,774.58,0.2495832282111149,0.3390286048184527,0.3420439343054753,0.3895627100026613,0
1775544754.8952086,2047.0,778.46,0.2478637046536649,0.3414897971288224,0.3422858734517924,0.3868757814486844,0
1775544754.928561,2047.0,770.56,0.2525468908053934,0.34686607869236,0.348344336392671,0.3911220879691325,0
1775544754.9606924,2047.0,774.74,0.2498479877107781,0.3405617616685705,0.3422024146889451,0.3902570019429027,0
1775544754.994335,2047.0,766.02,0.2488196300750603,0.3440080667206502,0.3436912399512533,0.3875065123339716,0
1775544755.0407145,2047.0,771.0,0.2486825566230369,0.3437316629714579,0.3419991076141008,0.3902611749194661,0
1775544755.0737755,2047.0,762.26,0.250190025412884,0.3455213743660901,0.3416952009779893,0.3880901830867581,0
1775544755.1044202,2047.0,767.52,0.2515348615673814,0.3489047393295632,0.3448084180543952,0.391449616154952,0
1775544755.1407502,2047.0,758.56,0.2545841879283582,0.347223770420234,0.3448129051175971,0.3896487663421861,0
1775544755.171521,2047.0,763.12,0.2570738987883723,0.3491598872547004,0.3482446878834966,0.3923809253477538,0
1775544755.2176535,2047.0,754.76,0.251853578980466,0.3472236294218443,0.3436537972204415,0.3893878417309845,0
1775544755.24821,2047.0,759.66,0.2542041047872281,0.3500080278212,0.3463283472676495,0.3917716533312151,0
1775544755.2819502,2047.0,750.72,0.2567494793577035,0.3496943158222113,0.3485514837678665,0.3914657140075156,0
1775544755.328327,2047.0,755.6,0.2498218001192322,0.346459705680151,0.348623156551694,0.395319222655538,0
1775544755.359335,2047.0,746.16,0.2499577051401547,0.3457802168979101,0.3485740805986722,0.3933457243397258,0
1775544755.3924036,2047.0,751.48,0.2486075688673888,0.3452995325511918,0.3480625485646098,0.3956930519312014,0
1775544755.42624,2047.0,741.54,0.2482416444347896,0.346732199353294,0.3498499301070017,0.3906256016413095,0
1775544755.4715688,2047.0,747.14,0.2476639637778184,0.3451339567022788,0.3513933131478073,0.3932699152553461,0
1775544755.5044086,2047.0,737.26,0.2523184501826774,0.3461313935078807,0.3502535337024787,0.3966963375653949,0
1775544755.5408645,2047.0,742.88,0.2494951872646272,0.3461835189129178,0.3525650818275422,0.3951556211145152,0
1775544755.569801,2047.0,732.84,0.2485736093059886,0.3433811394781908,0.3503183339928519,0.3938331405402098,0
1775544755.6163278,2047.0,738.5,0.2466878032289908,0.3442233330465757,0.3507673530751124,0.3930094794155256,0
1775544755.6475086,2047.0,728.52,0.23963256370779,0.3373578740366643,0.3487118720416162,0.3903583873494869,0
1775544755.6803749,2047.0,734.16,0.244336148560221,0.3395705439642918,0.3491657990986184,0.3885958522736403,0
1775544755.7114356,2047.0,724.06,0.2444403892471169,0.3413686676391962,0.3478151725872369,0.3864952534627839,0
1775544755.7458012,2047.0,728.88,0.2438280486673344,0.3388782858204954,0.3490705433131068,0.3838566963326598,0
1775544755.776198,2047.0,724.96,0.2452291932309437,0.3368761675310365,0.3484442022625435,0.380164246303975,0
1775544755.8100078,2047.0,726.48,0.2471520590997852,0.3386235369785509,0.3519888298808865,0.3827438388561334,0
1775544755.8433514,2047.0,725.16,0.2473230104143532,0.3389242310577466,0.3524343035057955,0.3839968949162631,0
1775544755.8736334,2047.0,726.72,0.2445138866160194,0.3365175571353081,0.3529252034577154,0.3821485002202149,0
1775544755.9072363,2047.0,724.96,0.2458362296018889,0.3362906073563756,0.3549545297976686,0.3854018613678419,0
1775544755.9524093,2047.0,726.38,0.2480564855754235,0.3376419912505983,0.356855988354169,0.3866858995554286,0
1775544755.9832811,2027.1,724.48,0.2552346221113578,0.3425833166692786,0.3599912110140268,0.3895316325152251,0
1775544756.016605,1997.38,725.7,0.2538350210717209,0.3431833776510328,0.359698346701678,0.3903900590301314,0
1775544756.04739,1980.88,724.28,0.2579741107499719,0.344781098341045,0.3618520804816755,0.3926913615036621,0
1775544756.0792294,1950.42,725.06,0.2592637835343047,0.3473814055924571,0.3660540026337613,0.3979187267490822,0
1775544756.112206,1936.88,724.42,0.2640892212041363,0.3494101873153677,0.3683978655346936,0.3993667672805526,0
1775544756.1433682,1906.94,725.08,0.263571871506958,0.3506189494888026,0.3684321922310429,0.4015210170368036,0
1775544756.1764293,1887.54,724.26,0.2649685607607985,0.3520372943115089,0.3719351509700674,0.4066437597992348,0
1775544756.207778,1857.3,725.74,0.2713394029289088,0.3583109223914983,0.3775299749530118,0.4107970103642486,0
1775544756.2417955,1839.36,724.18,0.2758337594651076,0.3609356785098903,0.3803416942789914,0.4152508379200471,0
1775544756.272657,1809.8,726.04,0.2765950828446067,0.3624882139903141,0.3799554187942112,0.4148993944796904,0
1775544756.3032663,1795.58,724.3,0.2778457677036534,0.3636502492814023,0.3819206310089204,0.4163607487994342,0
1775544756.3369582,1765.8,726.14,0.2800308763914022,0.3646725282379678,0.3852174550332442,0.4163828756037368,0
1775544756.3867931,1747.72,724.22,0.2791563328007867,0.36380982724008,0.3824380298827996,0.4169966459864473,0
1775544756.4160364,1719.0,726.1,0.2787665499840598,0.3634068861330326,0.3830738526893922,0.4157488277954042,0
1775544756.4498658,1698.9,723.38,0.2807266884237145,0.3660097189160192,0.3827416501235343,0.4176990752106648,0
1775544756.480374,1665.78,725.54,0.2802096571063059,0.365951370623847,0.3843996838126315,0.4155194076626273,0
1775544756.5138953,1652.08,723.88,0.2802704524535058,0.3642778533415501,0.3859145740243057,0.4180368128275768,0
1775544756.5436156,1623.04,725.44,0.2800930140094373,0.3639927891698464,0.3862913339372687,0.4166777197859737,0
1775544756.5764563,1599.96,723.94,0.2810974125224339,0.3659792243843866,0.3865662970084087,0.4179706475307512,0
1775544756.608312,1569.58,724.22,0.2795903631354391,0.3659143231971222,0.3866990189056396,0.4179469964419596,0
1775544756.6427464,1543.56,726.42,0.2799647284978873,0.3661661189572658,0.3864897836425218,0.4192681273973115,0
1775544756.6746695,1516.68,724.9,0.2804294149833915,0.3663909457353025,0.3854291373777614,0.41876623738342,0
1775544756.7197232,1516.68,729.02,0.2802034541519717,0.3665097250807848,0.3857234049405402,0.4193124558493862,0
1775544756.752361,1516.68,726.64,0.2803448173147603,0.3652962196271689,0.3839226098648596,0.4217939187734231,0
1775544756.7833176,1516.68,728.0,0.2799493892065839,0.3670702948279383,0.3862559575461655,0.4214824573961451,0
1775544756.8162634,1516.68,728.44,0.2789869085771113,0.3642373072264104,0.3815674258582978,0.4192487872918995,0
1775544756.862912,1495.24,727.94,0.2796696405080306,0.3643225101457011,0.386718600081626,0.4194863449933351,0
1775544756.9151518,1463.16,729.02,0.2817884438802037,0.3668880554071683,0.387737129211517,0.4210624829863764,0
1775544756.9627228,1448.26,727.6,0.2800512446982302,0.3658195772216019,0.3869060372994948,0.4198078902962566,0
1775544757.0073874,1418.34,728.42,0.2797819339981289,0.3658527718366408,0.3866255170537943,0.4198342742678113,0
1775544757.042708,1398.58,727.64,0.279444752412907,0.3642017644971587,0.3853827771951172,0.4188431971311573,0
1775544757.0752463,1369.28,728.78,0.2788381784325836,0.3661951316817955,0.3827828508642292,0.4179409661414501,0
1775544757.121617,1346.74,728.04,0.2804769880281502,0.3651809431854008,0.3855290543869363,0.4197189593902535,0
1775544757.1522174,1318.38,728.74,0.2787661179871119,0.3648259291908592,0.3848199006796229,0.4190061791079266,0
1775544757.1855576,1303.52,728.78,0.2787131928108416,0.3651060358637634,0.3840593950756558,0.4189114690505092,0
1775544757.2193885,1276.52,729.36,0.2799250172477829,0.3640245787211198,0.3864662241686541,0.4194227883727819,0
1775544757.2632449,1261.38,729.18,0.2792091806963046,0.366273568738087,0.3865195311654116,0.4182790457628216,0
1775544757.296242,1230.02,729.4,0.2803786682396942,0.3649828852588337,0.3864101285475142,0.4196024414552447,0
1775544757.328156,1209.72,729.66,0.2787570996684921,0.3639780161332779,0.3848610780364089,0.4178434536092602,0
1775544757.360803,1181.84,730.04,0.278378828428621,0.364331968097132,0.3843137373504735,0.4182506166017309,0
1775544757.3941784,1164.18,729.82,0.2778817067915809,0.3622302783755066,0.3823890700903465,0.4177215255180163,0
1775544757.4430788,1136.8,730.28,0.2776258737186965,0.3647423884574303,0.3822069148533041,0.4172106463870697,0
1775544757.4723558,1119.34,730.6,0.2782417004882634,0.3642443424008855,0.3830460909259937,0.4183022772062091,0
1775544757.5042975,1092.8,731.4,0.2798780286514855,0.3669584543462599,0.3838507587482709,0.4183267260070217,0
1775544757.5363934,1074.82,730.76,0.2786639365892899,0.3647379730680846,0.3822695441850567,0.4187486317037278,0
1775544757.5673397,1046.28,731.56,0.2775660618123655,0.3643352715213328,0.3825682564459211,0.4182154793123429,0
1775544757.6001942,1027.1,731.12,0.2779440278085897,0.3637006071631432,0.3824785510505619,0.418379749895839,0
1775544757.6313038,997.68,731.5,0.276347232246825,0.3628640510728116,0.3821116077732193,0.4167593423594989,0
1775544757.664549,981.56,731.32,0.2756818134312084,0.361190505180206,0.3808321045905535,0.4142860393369266,0
1775544757.6983416,954.04,731.68,0.2776581856552418,0.3635944966567553,0.3824153565416394,0.4164087982957558,0
1775544757.7282653,958.16,731.64,0.2774969538185863,0.3626734585826076,0.3826791840085012,0.4164088298083874,0
1775544757.7607577,959.4,732.28,0.2760947899504443,0.3623064317282534,0.3807380906693541,0.4163059391161744,0
1775544757.7941723,956.88,732.08,0.2758415097857959,0.3616357063165277,0.3820015697489888,0.4169653216465322,0
1775544757.8429766,957.04,732.9,0.2754454434377796,0.362023473186832,0.3818754664642231,0.4157604583155761,0
1775544757.871524,952.58,732.64,0.2760277786442739,0.3611763178485706,0.3812660636290708,0.4163309187915614,0
1775544757.904377,954.06,732.36,0.2758495015141526,0.3609279796006523,0.3813365878887633,0.4155238975693927,0
1775544757.9362223,954.14,732.14,0.2748379947074035,0.3617980572944046,0.3800852704146798,0.4156742805647812,0
1775544757.9682798,955.4,733.16,0.276268797261281,0.361782950085161,0.3819998160031855,0.4178069113699406,0
1775544758.0002224,956.38,731.86,0.2771925503369975,0.3623448637824289,0.3823391109759005,0.4171629263238041,0
1775544758.032406,958.82,732.8,0.2746330453438168,0.3612781763205714,0.3821725640185349,0.4178798960620214,0
1775544758.0642228,954.16,732.02,0.2735033000164228,0.3600852394056704,0.3801270507839291,0.41645579003032,0
1775544758.096478,954.06,732.84,0.2754026839632469,0.3595144852593479,0.3814156107143952,0.4150875983968464,0
1775544758.1273727,954.74,731.68,0.2747232913699263,0.3594739533637053,0.3803812030992075,0.4169294778893104,0
1775544758.1602125,953.86,732.58,0.2732504906989585,0.3588399234100248,0.3807397484620414,0.4149965468098199,0
1775544758.193838,956.26,731.34,0.2754946723446848,0.3588624681429908,0.381800779702829,0.4159229106302593,0
1775544758.2437592,960.08,732.34,0.2739591129906706,0.3586318166514305,0.3804058741165167,0.4147335898931753,0
1775544758.2718754,955.46,730.94,0.2739764986223142,0.3599398880093301,0.3817469345474372,0.4153717477272732,0
1775544758.3034248,958.6,732.26,0.2736985767202632,0.3587473500117644,0.3810689697618604,0.4143194407740621,0
1775544758.3375387,964.82,730.66,0.2729184507099879,0.3592633645072373,0.3820057014560132,0.4158465864975997,0
1775544758.3684452,965.14,733.2,0.2757174671746414,0.358815414794593,0.3826851184018636,0.4152213196346139,0
1775544758.4018445,973.46,728.22,0.2736142282652973,0.359158579205494,0.381997568359283,0.4168047335403646,0
1775544758.431684,973.26,732.4,0.2731971736944152,0.3587164452095892,0.3810848732581453,0.4158449608775558,0
1775544758.4660504,957.48,726.0,0.2730644289479204,0.3598086846550049,0.3814645778982886,0.4170230333237799,0
1775544758.4965303,928.18,730.6,0.2739739368539358,0.3599067742752546,0.3824094862520061,0.416533844465841,0
1775544758.5286498,908.48,727.04,0.275164444233989,0.3604961218712624,0.3817339236758071,0.4178678023037254,0
1775544758.5769162,880.74,728.68,0.2737788490228123,0.3588265160342175,0.3807600949933837,0.4159041041705859,0
1775544758.6073284,883.54,727.24,0.2742119775696888,0.3595303127311776,0.3810775335863403,0.4157466938605621,0
1775544758.6443148,886.38,728.1,0.2747836513469834,0.3589425922427743,0.3819764149756131,0.4164407269554023,0
1775544758.6718576,881.34,728.6,0.2748355708541692,0.3586559941183541,0.3819095612338354,0.4170568598487609,0
1775544758.7041385,881.56,727.22,0.274447817865538,0.3579173982928554,0.380886852472736,0.4157628621084844,0
1775544758.7363205,881.1,731.9,0.2736175498433073,0.3586549209315358,0.3815674140674535,0.4161004397219183,0
1775544758.7684624,874.9,727.4,0.2744128573741001,0.3589222407821182,0.3818499859442305,0.4165488613390632,0
1775544758.8003397,869.8,735.54,0.2731756979072727,0.3590129127703375,0.381222021459699,0.4143672704217233,0
1775544758.8314795,861.28,729.78,0.2742817311569032,0.3602697000094642,0.3819566010616206,0.415337210565146,0
1775544758.8642037,845.76,738.26,0.2735407562020176,0.3589241720119704,0.3804048704418943,0.4162210122497891,0
1775544758.896319,836.34,732.48,0.2760487892868108,0.3591130012889363,0.3819520379933492,0.4162586374805035,0
1775544758.9275165,821.54,741.3,0.2742631583507185,0.3587728772937436,0.3806502829375854,0.4161687275342179,0
1775544758.9617746,817.48,735.66,0.2740754983461286,0.3608007000860379,0.3825418734008908,0.4184464427516571,0
1775544758.9911883,806.6,744.36,0.2753990568983952,0.3621499759279546,0.3801309634209775,0.4162084938866466,0
1775544759.025009,800.8,738.2,0.2757095809078434,0.3623474730911312,0.3829969635406009,0.4188193932563741,0
1775544759.059366,784.84,747.34,0.2751505473993294,0.3628024807032869,0.3816313286689469,0.4172478603457012,0
1775544759.1056068,777.66,741.54,0.2754677481920317,0.361772281945837,0.3819450611171071,0.4177589564202262,0
1775544759.1362572,760.0,750.26,0.275377511319639,0.3601337229020201,0.3823165290967982,0.4169382203625209,0
1775544759.1672845,751.88,744.06,0.2743699373906469,0.3607382874259319,0.3825743260867869,0.4179739905283193,0
1775544759.199361,735.46,753.0,0.2749689387638954,0.3608758266586618,0.3817327290831256,0.4171718933662796,0
1775544759.2324252,731.36,747.02,0.2766545720708017,0.3617729337324039,0.3842905734418224,0.4210563486851331,0
1775544759.2643795,715.26,755.64,0.2751118985850461,0.3606975122552269,0.3821777302839108,0.4168557808286386,0
1775544759.2966444,710.6,750.2,0.2765214340252759,0.360830851758178,0.3829508417219035,0.4192200654286788,0
1775544759.3285117,690.48,758.96,0.275148329182957,0.3609208517836162,0.380809328390379,0.417543923882378,0
1775544759.359275,684.9,753.26,0.2749385905852978,0.3617438630439842,0.3817732215083907,0.4175177902451781,0
1775544759.391297,665.38,762.0,0.2756021218346512,0.3614915180545333,0.3835636845691282,0.4201561110128474,0
1775544759.4243789,659.62,756.14,0.2770925686912315,0.3613119248879607,0.3844740822510351,0.419737412941905,0
1775544759.4584525,643.02,764.48,0.2774047824285215,0.3615137907916261,0.384551650636524,0.4197792954159339,0
1775544759.5039985,640.22,758.4,0.2771252174900711,0.36100850327349,0.3835426618176793,0.4204011323637526,0
1775544759.5362358,622.16,767.22,0.2758619231851015,0.3615255670456979,0.3840737298723651,0.4209486243926366,0
1775544759.56815,618.18,762.1,0.2762045273559397,0.3618785984081785,0.3836673664789856,0.420338113390395,0
1775544759.601409,601.24,770.54,0.2761625299655713,0.3606314488096282,0.3844241821171631,0.4203942499361761,0
1775544759.6312609,597.52,764.18,0.2751764449566646,0.3616420949006071,0.3839443234367094,0.420442353567962,0
1775544759.6649437,577.88,773.74,0.272010992729306,0.3558589880356953,0.3783376528615,0.4176381087907745,0
1775544759.6964495,572.22,767.26,0.2660919844149786,0.3458425831197538,0.3684711418145504,0.4126176110541168,0
1775544759.7296782,555.14,776.22,0.2530075754213871,0.3235003910145528,0.3498172511865888,0.4050974943808475,0
1775544759.758978,552.16,770.34,0.1791905806204952,0.2339605907782433,0.2951925962599058,0.3706125956754842,0
1775544759.7922533,533.08,779.08,0.1244631685859605,0.1830881309986754,0.2461457277354711,0.3311375411824597,0
1775544759.823258,532.28,773.24,0.1048003197971363,0.1656949819335663,0.2215430447869326,0.2882204265643281,0
1775544759.856357,514.76,781.38,0.1089289734775677,0.1699900542672837,0.2214469965147606,0.2621529244652829,0
1775544759.8900752,510.32,775.76,0.1187213163291773,0.1761961242605514,0.220760536304016,0.2505478039480052,0
1775544759.936155,494.26,783.68,0.1108478943437922,0.1713867246892568,0.2147943439863306,0.2458079101173207,0
1775544759.968331,487.56,777.94,0.1068878842926348,0.1557984711438624,0.2008415964178268,0.2345949342539407,0
1775544759.9994106,469.52,786.42,0.0898077237540426,0.1275985792021779,0.1698042698269561,0.20307283111879,1
1775544760.031271,466.16,781.06,0.0941111403948823,0.124246403290585,0.1651440751711357,0.2017938520284042,1
1775544760.064512,449.84,788.04,0.0905536774003666,0.1153357206432396,0.1637132830535066,0.1971169134375394,1
1775544760.0963194,442.98,783.78,0.0972924189356434,0.0981114410558294,0.1465172082637878,0.1840010359291392,1
1775544760.1280391,425.18,788.64,0.1107061025234478,0.1022071012018446,0.1419693976934293,0.1763937458749812,1
1775544760.1603937,419.06,785.86,0.1392870763322621,0.1277147208433912,0.1662892744398089,0.1978081718428023,1
1775544760.191636,406.38,788.08,0.1334660883209185,0.1278315847648148,0.1682138323465905,0.2036679611462227,1
1775544760.224898,399.52,786.42,0.1304115910397428,0.1196351551912383,0.1635376550265399,0.2008365661385455,1
1775544760.256562,388.54,788.78,0.1272761019957556,0.1120365766538609,0.1544293876545048,0.1933956177265643,1
1775544760.289167,382.06,787.0,0.1210010086787295,0.1065370702492126,0.1492871555075302,0.1898343009361056,1
1775544760.3230884,369.58,789.2,0.1226343015660002,0.0994550615735036,0.1395359221693062,0.1762536317281035,1
1775544760.3688166,364.44,788.68,0.1186572857659692,0.1002405760397616,0.13843895949443,0.177959878021239,1
1775544760.400129,352.12,787.02,0.116106111719774,0.0945455977530543,0.1307136623006004,0.1707739148374613,1
1775544760.4323974,352.18,788.8,0.1152839984829588,0.0931208384406154,0.1285598643340003,0.1695947022010955,1
1775544760.4641511,347.32,785.54,0.1133238386346733,0.089286672058947,0.1171502822692713,0.159784050065708,1
1775544760.4961913,351.3,787.96,0.116281281445903,0.0876131900655477,0.1127837499016802,0.1534356636222888,1
1775544760.5272162,346.36,784.54,0.1107983744033082,0.084576847366073,0.1113878436108802,0.1548079396477662,1
1775544760.5592182,346.88,786.96,0.1102785002082832,0.0873933698917001,0.1152369918187125,0.156674969288167,1
1775544760.5921931,343.16,784.54,0.109638087016685,0.0846803564123268,0.1120483635213632,0.1528013048410361,1
1775544760.6233747,344.6,785.44,0.1111651804548874,0.085791303443731,0.1113164619627985,0.1508750885042076,1
1775544760.6552012,340.46,783.54,0.1131920665419363,0.086562296187156,0.1088899098298284,0.1479299236441809,1
1775544760.688459,340.48,785.02,0.1118351072220056,0.0876686479602956,0.1116727601630299,0.1505845918856197,1
1775544760.722185,337.82,783.34,0.1129297791668204,0.0872206343982366,0.1105224296918038,0.1492200993746528,1
1775544760.768479,339.42,784.28,0.1071256995878816,0.0846099798306418,0.1119821597241554,0.152787008647444,1
1775544760.8004217,337.02,782.68,0.1095512590572014,0.0834851450812983,0.1094985716661134,0.1479221997168279,1
1775544760.832421,339.0,783.86,0.1135515439356836,0.085904259661998,0.1108132882768169,0.1481591700575196,1
1775544760.8654416,334.66,782.26,0.1123995448768947,0.0866606633641673,0.1100769237700388,0.1473899509861237,1
1775544760.8960812,333.76,783.08,0.1101204263373699,0.0834625386092592,0.1076122067983312,0.1455623840449036,1
1775544760.9297438,330.5,782.02,0.1130272243525992,0.0850414147705798,0.1079545605678769,0.1457125347847654,1
1775544760.9604046,332.12,782.86,0.1114105586074544,0.0847597455563401,0.1056361219381322,0.1417985098735815,1
1775544760.9939046,329.2,781.46,0.1172396888350254,0.088118200856098,0.1105694131914617,0.147880745373354,1
1775544761.024246,329.08,782.4,0.1108834969285427,0.0820183854634041,0.1031460759539342,0.1402767559344967,1
1775544761.056325,325.42,779.84,0.1116440431199337,0.0836231607940442,0.1059536749806856,0.1439216677395986,1
1775544761.088286,327.34,781.06,0.1155207097250533,0.0860618784158105,0.1081590855404006,0.1445091055165636,1
1775544761.1203158,322.46,778.74,0.1122910872512635,0.0836588411214233,0.1054511654935418,0.1423568165089757,1
1775544761.1539974,322.72,780.48,0.1149866602738698,0.0865473328292338,0.1103003517014774,0.1479516160109918,1
1775544761.2004242,319.98,777.74,0.1112023228267156,0.0846299396009346,0.1097696824389379,0.1459400166144701,1
1775544761.2322774,319.92,779.92,0.1095050576741805,0.0852645407569359,0.108786369986535,0.1466267183802476,1
1775544761.2642734,316.84,777.0,0.1097960126313993,0.0828957335635076,0.1076892548259743,0.1459359589372365,1
1775544761.2962403,316.76,779.12,0.1147814671552911,0.0835264664468132,0.1032842074342459,0.1413269364404338,1
1775544761.3274808,313.56,775.56,0.1126280910525322,0.0851830384678261,0.111171974221357,0.1491025333937609,1
1775544761.3602283,314.0,778.32,0.1081150571218119,0.0818489310588362,0.1033906052104047,0.1437064848800348,1
1775544761.3923178,310.76,774.42,0.1083311237605027,0.0832451625675079,0.1025881615379348,0.1429338516632425,1
1775544761.426061,311.34,776.18,0.1099835567307979,0.0813397569299215,0.0996568888244991,0.1406407920080919,1
1775544761.4701543,308.14,773.68,0.1093429553504641,0.0828562921716045,0.1012508687436764,0.1422391836700255,1
1775544761.505859,338.54,775.66,0.1087860128188211,0.0828572059626704,0.1005527124599158,0.1424168133963491,1
1775544761.5364318,373.76,773.88,0.1112284008924174,0.0836405597649533,0.1018238021255862,0.1419695885928755,1
1775544761.5654209,407.5,775.16,0.1074399474990222,0.0827967928164261,0.1043010512813725,0.1448114706924135,1
1775544761.6021378,441.88,773.3,0.1084991561301213,0.0819337340742941,0.1020027359822351,0.1433096167681114,1
1775544761.6493714,474.48,774.62,0.1100119593893865,0.0822251391384348,0.0994512647290765,0.1400758238213626,1
1775544761.6830256,509.38,772.62,0.1108978961319948,0.0856308754439932,0.1051104242259056,0.1442345243980806,1
1775544761.728314,542.8,773.74,0.107328908889723,0.0823678027473763,0.1017940968916479,0.1407381190558111,1
1775544761.7605374,576.82,772.82,0.1084920341226319,0.081957001788106,0.0984105296558701,0.1374885780031388,1
1775544761.7922935,610.76,772.48,0.109561740704506,0.0826276967390752,0.1016284993812194,0.1408149648381005,1
1775544761.8259246,644.34,774.08,0.1075043015231326,0.0806889275223628,0.0976443749990107,0.1385497212880127,1
1775544761.8700478,676.54,772.2,0.1089747703263774,0.0836988842712142,0.1019275419191727,0.1406232533648196,1
1775544761.904316,708.92,776.28,0.1040535636861969,0.0767927292477426,0.0948490058449817,0.1359897944706018,1
1775544761.936261,710.22,773.22,0.1059629869744576,0.0814608351230398,0.097879401650054,0.1380560263378909,1
1775544761.9704475,700.02,777.34,0.1090316334955762,0.0810773860182851,0.0988194846129427,0.1395202095245875,1
1775544762.015598,703.42,774.8,0.108995915104168,0.0828195042608017,0.103447801266286,0.1434023692144462,1
1775544762.0490572,695.68,777.9,0.1046349928435084,0.0813660881845285,0.1025330631148136,0.142404605930897,1
1775544762.0801928,730.52,776.72,0.1063536144768156,0.0808203100100059,0.1049193813270499,0.1427931758294216,1
1775544762.1125338,763.06,778.78,0.1075934080495081,0.0845150236263499,0.1146596980242231,0.1528621524054461,1
1775544762.1489587,766.04,777.74,0.1058785414321636,0.0823231341495268,0.1185779155778323,0.1573671608996547,1
1775544762.1933153,759.1,778.74,0.1061108002348564,0.0910042729406607,0.1350753780130086,0.1732537515053865,1
1775544762.22356,759.68,778.34,0.1047795409502496,0.0943204516924142,0.1454673118754803,0.1830429698085996,1
1775544762.2577846,755.24,778.64,0.0960563867523695,0.0825977342927585,0.1352417942555603,0.1806834245904678,1
1775544762.288334,758.44,778.34,0.0921985033710141,0.0891607356342233,0.1534428799601545,0.1882486040499845,1
1775544762.3203142,752.34,777.2,0.0856446786420195,0.0966759433191664,0.1666101270852588,0.1943307120403221,1
1775544762.3513882,754.32,778.52,0.0759486201607658,0.0828213898583201,0.1584888031499645,0.1861061226728081,1
1775544762.3846903,750.12,776.9,0.0563182386151627,0.0722189958887432,0.1415544889577073,0.1772602514977475,1
1775544762.416275,752.22,778.22,0.0510525176733737,0.0775917619178536,0.1391495663837596,0.1854650466058058,1
1775544762.4497252,749.52,776.78,0.0359949099820475,0.0815124046022516,0.1413670235712829,0.1991999595331721,1
1775544762.480456,751.16,778.06,0.0196461329346491,0.0764487355055978,0.1339588668106133,0.2049289696051371,1
1775544762.511639,748.7,775.92,0.0446234846163989,0.0900315265862747,0.1497192601619335,0.2230964115019537,1
1775544762.5438817,749.2,777.66,0.0490030048536624,0.0982881724821364,0.1619371198987191,0.2402516076045492,1
1775544762.578037,748.14,775.74,0.0852610816510229,0.1372117287709708,0.1982300606686534,0.2802341871642762,1
1775544762.6242876,748.14,777.3,0.1631359086236892,0.1942838630772172,0.2419676949761613,0.3207647777228452,0
1775544762.6563418,747.1,775.08,0.2219101528144271,0.2639236713085279,0.3078026249100221,0.3674274472294437,0
1775544762.6954486,747.14,776.7,0.2482995634396866,0.2968036438627889,0.3352959932964963,0.3983845325198135,0
1775544762.7200398,745.98,774.48,0.2739470172257231,0.3337428600225767,0.3723120907793456,0.4227153268556621,0
1775544762.7513814,746.86,775.74,0.2926244910369092,0.3600924881136412,0.400531438827629,0.4488720700932998,0
1775544762.7842135,745.44,774.58,0.3076421704584645,0.3808334573246855,0.4194248624146586,0.4701944174223764,0
1775544762.8177648,745.46,775.66,0.31668359921832,0.3978566543069017,0.4343585049793075,0.4848183166510753,0
1775544762.849808,745.94,774.9,0.3269674355452038,0.410988451134846,0.4479196900896937,0.4974021302709837,0
1775544762.8817365,746.14,775.52,0.333255461033111,0.4166134599316229,0.4555962592897305,0.5074838748264127,0
1775544762.911419,744.16,774.72,0.335324164481486,0.4199204853948113,0.4558137252395636,0.5053838517221155,0
1775544762.949746,743.7,774.76,0.3362493147529458,0.4211125173713945,0.4541937990237995,0.5055805591659145,0
1775544762.976319,742.98,774.68,0.3362748177491977,0.4219400552393579,0.4584685924899938,0.5126972584996988,0
1775544763.010108,743.44,775.08,0.3392449962981909,0.4245677553826046,0.4620485510495489,0.5141820814570522,0
1775544763.0562148,743.72,775.02,0.3400000129028258,0.4240726133885643,0.4604388562236079,0.5113009809222033,0
1775544763.088019,744.06,774.74,0.3394606982327343,0.4232533112625934,0.4623819126757686,0.5110740326516101,0
1775544763.1207037,743.02,775.34,0.3408099085609481,0.4244703904703776,0.4635092327985131,0.5070807722533265,0
1775544763.1514678,742.88,775.4,0.3397595329397623,0.4250138662904716,0.4627666083070949,0.5031069024157457,0
1775544763.1842704,740.72,775.0,0.3372583258323653,0.4227238802542361,0.4662369716460544,0.5021143249484371,0
1775544763.2160196,708.4,775.1,0.3382535532975791,0.4211558986663947,0.4659672606700203,0.4944036133577503,0
1775544763.249793,669.1,774.32,0.3376879699871002,0.4210186108923382,0.4639928692641958,0.490652514663159,0
1775544763.2804546,635.12,774.36,0.3393845533850937,0.4229077256573485,0.4668226760378351,0.4990827488164076,0
1775544763.311389,595.22,774.6,0.341507149494356,0.4212221575621518,0.4647687395929382,0.4949221548029458,0
1775544763.3443067,562.9,774.88,0.3445549802681457,0.4235856418498782,0.4620914530942379,0.4905342454691147,0
1775544763.3763697,523.06,774.56,0.345256074360795,0.427048820839559,0.4678786343086807,0.4972465503839918,0
1775544763.4083405,490.4,774.76,0.3451789154197223,0.4275529905155977,0.4703413649745152,0.498652813276907,0
1775544763.441958,450.64,774.8,0.3464541221366067,0.4260522257753969,0.4650399655323765,0.4916828410425903,0
1775544763.4884534,418.1,775.4,0.3481841176432385,0.4280989891327892,0.4644837337882398,0.4941767967376481,0
1775544763.5216005,378.48,775.14,0.348065940052162,0.4260670018035828,0.4650668980699906,0.4995557762627743,0
1775544763.5523474,349.5,775.74,0.3503746632270156,0.4288806976045252,0.4657265615111484,0.4998959936219673,2
1775544763.5862143,310.6,775.64,0.3517949845336516,0.4296126379789465,0.4666921347617145,0.4975470865097253,2
1775544763.6200733,310.9,776.04,0.3488299772848294,0.4286699674047274,0.4661482654335482,0.4975657383960261,0
1775544763.6635647,310.98,775.94,0.3483929048181465,0.4288375081096022,0.4661564342326617,0.4988173600518619,0
1775544763.6962955,311.08,776.6,0.3492153186008766,0.427327418618817,0.4669269970206672,0.4981822678557436,0
1775544763.7282283,310.58,776.34,0.3505256835628526,0.4292128521059776,0.4674667665665128,0.4966927315317291,2
1775544763.762001,278.54,776.38,0.3505956868211189,0.4285985272868213,0.467956146112649,0.4985568236401572,2
1775544763.8074296,237.78,776.44,0.3518094597508809,0.4299873116997558,0.4678798612928739,0.4981815643095956,2
1775544763.8393006,237.56,776.88,0.350598044923421,0.4291190191800831,0.4693066327744215,0.4998516653992377,2
1775544763.872385,237.44,776.56,0.3501013319641217,0.4294407417080125,0.4686322293206945,0.4983019234714698,2
1775544763.9060466,236.78,777.06,0.3510036453369457,0.4287731112282064,0.4677324598029154,0.4967984864418502,2
1775544763.951759,236.78,776.72,0.3509026655266178,0.4296463034925352,0.4681168525014128,0.4972083908121435,2
1775544763.9842622,236.84,777.02,0.3493222394297192,0.4282269700337852,0.4700507718000369,0.4974197826609648,0
1775544764.016451,236.94,777.24,0.3507138403981995,0.4286113429493597,0.4686686778701668,0.4978281202139537,2
1775544764.051119,235.56,777.28,0.3491599878859756,0.4279348022269029,0.4670192948283762,0.4958972836908403,0
1775544764.0801935,235.5,777.02,0.3502666708641091,0.427967538093753,0.4658391015137506,0.4959407938557081,2
1775544764.113846,234.64,777.42,0.3503632684700912,0.4278823319364019,0.4679050502941459,0.4965578740909818,2
1775544764.1513977,233.86,776.62,0.3476323112485717,0.4265113995049451,0.46879534289907,0.4946157512503042,0
1775544764.1784554,232.22,776.86,0.349861250813299,0.4280311497967295,0.4692994292047355,0.4916008430796608,0
1775544764.2116733,232.42,776.98,0.347026863739832,0.4259062096367949,0.4685238833870897,0.4920543817081233,0
1775544764.2575743,231.64,777.0,0.3487784194695744,0.4274252376118956,0.4678922736921919,0.4937311379693003,0
1775544764.2882297,231.0,776.68,0.3480574247148654,0.4266549163296198,0.4681372597489667,0.4948370477131931,0
1775544764.3193636,231.68,777.12,0.3486025950592038,0.427190907086137,0.468252139949225,0.4936738857614051,0
1775544764.3519082,231.6,776.5,0.3507797159139249,0.4283442857475631,0.4700422458059708,0.4943963660331911,2
1775544764.384427,232.02,776.46,0.3493176140695673,0.4278551582439068,0.4711349724241772,0.4941332261820335,0
1775544764.415449,232.8,776.04,0.3492269776303428,0.4288899359459232,0.4701407203905763,0.4925383007443076,0
1775544764.4521246,232.92,775.72,0.3499689220265392,0.4303830573318206,0.468365285922973,0.4930472777516578,0
1775544764.4794612,234.14,775.66,0.3492084766305511,0.4270947089726873,0.4679272160326528,0.4934793100201083,0
1775544764.5114503,233.48,775.98,0.346480326074392,0.4259565953623983,0.4680466254956721,0.4907479896143534,0
1775544764.543655,232.4,775.46,0.3475765943971416,0.42493121306332,0.4673470438309647,0.4871364367888774,0
1775544764.5764616,230.86,776.0,0.3482048297845784,0.4257413371301894,0.4675400926253853,0.4857126754604104,0
1775544764.610243,232.28,775.76,0.3475150668571651,0.4255667941261816,0.4676183913811603,0.4857815504969704,0
1775544764.6562023,232.92,776.06,0.3497060066834093,0.4264826167826804,0.4658425484604233,0.4843485727612407,0
1775544764.6883523,233.82,775.68,0.348771594872076,0.4260877809133258,0.4673820386975206,0.4849889086729618,0
1775544764.7204356,233.28,775.6,0.3482681162187922,0.4239639310024801,0.4649577800553675,0.4805767413315482,0
1775544764.7533543,233.32,775.5,0.343721416529966,0.4211787027411452,0.4624104529508975,0.4783983070383301,0
1775544764.7840698,233.02,776.14,0.3424652956577981,0.4207512694503092,0.4613859291112942,0.4754960043160774,0
1775544764.8177829,233.84,775.9,0.3396977822867485,0.4157326673223127,0.4549271181594155,0.4722161555965886,0
1775544764.8523302,233.8,776.52,0.3376111598904923,0.4115734861010649,0.4496802668100512,0.4666158462357844,0
1775544764.8814251,236.12,776.2,0.3295911915609458,0.4006826400291541,0.4351860588583263,0.4521064312455262,0
1775544764.9151597,235.86,776.66,0.3180903311187731,0.3910079653231331,0.4270811418220093,0.4459462006084052,0
1775544764.960188,236.42,776.66,0.3076950288111116,0.3774959460984725,0.4161656499973533,0.4336207436712044,0
1775544764.9921775,237.44,777.2,0.2946475613022098,0.3628614769538909,0.4010615745315157,0.421965233385263,0
1775544765.024322,237.94,776.4,0.2807439147049883,0.3443639951997226,0.3841926130480957,0.4094011502523434,0
1775544765.0580492,236.66,776.72,0.2558719254554286,0.3079047589730122,0.3529152178093402,0.393328994536941,0
1775544765.104154,236.14,776.66,0.2285500420263082,0.2709535906530789,0.3146318076158002,0.3673513525196119,0
1775544765.1360748,236.06,776.9,0.2284049026200613,0.2697133103134598,0.3145181878004423,0.3646987540857616,0
1775544765.1674268,236.62,776.62,0.1914675505857923,0.2283577391037685,0.2843526356774115,0.337978563218099,0
1775544765.2013257,236.02,776.74,0.1609031027703916,0.2079802809671287,0.2647965879105683,0.3235689342940204,0
1775544765.2480774,236.18,776.5,0.1360461256526483,0.1869349718078424,0.2474787644077748,0.3086144642722203,0
1775544765.279374,235.64,776.78,0.123639987886589,0.1772153697422422,0.2303837149900596,0.3053438626276391,0
1775544765.3126512,235.1,776.58,0.1121750240391342,0.1689119826389406,0.2245051280447731,0.2903953467620352,0
1775544765.3444743,235.5,776.74,0.115374579929629,0.1762015212347849,0.2294734861472052,0.2837453373636207,0
1775544765.3770516,234.48,776.4,0.1125904756515537,0.1783546297343632,0.2270855599243015,0.2748974255686059,0
1775544765.4097884,234.92,776.26,0.1242958348434828,0.1950005268896513,0.2410153135139808,0.2712225065448339,0
1775544765.440319,236.1,775.92,0.1391902667275776,0.2013454031250416,0.2385987578701597,0.2580039395403625,0
1775544765.4739869,235.76,776.12,0.1468130939504214,0.1998879795747971,0.2330930077900781,0.246348939601578,0
1775544765.503289,236.72,775.72,0.1409979731957961,0.1866001255679259,0.2245401353616973,0.2240443902535221,0
1775544765.5373497,236.86,775.92,0.1226371967311027,0.1653783644277055,0.2000383005683606,0.2011332584624818,0
1775544765.5682418,237.48,775.6,0.118089735108848,0.1535512101327539,0.1894683260537505,0.2028058368214074,0
1775544765.6003351,237.84,775.8,0.1113007895583071,0.1414449641786821,0.1776225760791134,0.1924934841870995,1
1775544765.6340349,238.8,775.68,0.1042113250230463,0.1080688775347425,0.1482195066590018,0.16836400734989,1
1775544765.671898,238.28,776.02,0.1105113595061463,0.1054152346947177,0.1435164920238271,0.1635707470109627,1
1775544765.712324,238.36,775.76,0.120590183927538,0.1112530471517641,0.1437748390075465,0.1545917214810058,1
1775544765.744438,238.24,776.16,0.1307285911235125,0.119595934400979,0.1490019270886503,0.1620380297820267,1
1775544765.776029,239.24,775.9,0.1321263719488803,0.1198001138492186,0.1477572453094016,0.1623965782854438,1
1775544765.8084788,239.68,775.86,0.1325262183664682,0.1139766848685421,0.1400279000548422,0.1562341112081253,1
1775544765.8393955,239.64,775.98,0.1289503838701877,0.1128155550930519,0.1414221750803712,0.1596907126167505,1
1775544765.8714569,239.54,776.4,0.1241716547944367,0.0993301333258837,0.1280832165329538,0.1536514234319219,1
1775544765.9043794,239.16,776.08,0.1281633325706367,0.095122907921348,0.1267221566279509,0.1532723138568476,1
1775544765.9362524,239.58,775.9,0.1240997186699755,0.0899340209693397,0.1235778564370106,0.1502426213866152,1
1775544765.9684262,240.72,775.9,0.1224622238049939,0.0923511594449936,0.1260476119673233,0.1518625445013889,1
1775544766.0002851,241.26,776.28,0.1166029727559076,0.0856206915988616,0.1205499863019567,0.149603358799261,1
1775544766.0334098,241.76,775.96,0.1133353778875896,0.0850631894251037,0.1195534158998364,0.1489745815323849,1
1775544766.0673926,241.18,776.48,0.1101864207117405,0.0814814869201252,0.1153207253015312,0.1459630853390695,1
1775544766.1138785,241.56,776.2,0.1089834608135834,0.0803705365644678,0.1154838520327983,0.1461784731310361,1
1775544766.143236,241.16,777.22,0.1053142430099689,0.0779288432166409,0.1149042429148707,0.1471584421037206,1
1775544766.175899,240.54,777.08,0.1058340770084668,0.077027851734702,0.1125827559046979,0.1444398717675981,1
1775544766.2082005,240.4,777.32,0.1073608194671661,0.0791620032591289,0.114309461692823,0.1473524093208622,1
1775544766.240345,241.56,776.72,0.1073181127394098,0.0771120408544942,0.1120046173733796,0.1444368456494067,1
1775544766.272196,242.42,777.3,0.1052640308576851,0.0757528116993991,0.1098862635631692,0.1428407536367846,1
1775544766.3044257,242.68,776.86,0.1081353073906204,0.0769409863374092,0.1119875294309452,0.1448139020605181,1
1775544766.336599,242.22,777.24,0.1063856327601936,0.0774516226159094,0.1124018223848714,0.1462513705143235,1
1775544766.3682623,242.6,777.16,0.1070765814197602,0.0774368055037649,0.1116490137237765,0.1450700319373158,1
1775544766.3993373,243.0,777.94,0.1084991191800664,0.076578547183158,0.1093471813531024,0.14189872377988,1
1775544766.4323385,243.3,777.54,0.1088320083898875,0.0771575751723081,0.1106620255873276,0.143997532018815,1
1775544766.466041,241.92,777.52,0.111123082790814,0.0772930997783657,0.1082668772389578,0.1413169335515333,1
1775544766.5122223,241.54,777.36,0.1086987656011145,0.0759080215345061,0.1091129066411355,0.1434881131047603,1
1775544766.5439117,241.64,777.42,0.1104312787165279,0.0758581832145818,0.1082029046256659,0.1427866680726686,1
1775544766.5763752,241.9,776.9,0.1114770721160971,0.0767170237357125,0.1097318633189624,0.1433369653462569,1
1775544766.608233,241.32,777.04,0.1095216946992575,0.0740356666054584,0.1071552742220302,0.1407007634933599,1
1775544766.6394565,240.9,776.98,0.1099069121600063,0.0748781793209374,0.1084804944910932,0.1418696868444761,1
1775544766.6735692,240.38,777.16,0.1076346188700374,0.0750120218536731,0.1094788349835713,0.1445671135947246,1
1775544766.707237,241.8,777.04,0.1097245520885222,0.076733214262007,0.1102421299601996,0.1429884049830385,1
1775544766.755182,242.66,777.34,0.1091414257307087,0.0736310557870615,0.1075567765531742,0.142156983103823,1
1775544766.784052,245.2,777.62,0.1109322166801764,0.0752970049688985,0.1082319168666721,0.1416957704748706,1
1775544766.8177507,245.3,777.54,0.1078028320259055,0.0698421621483231,0.1027228227616913,0.1376573786928014,1
1775544766.851558,245.32,777.46,0.1106559684904438,0.0736461152134383,0.1040476062387052,0.1373937557649708,1
1775544766.9148457,245.5,778.18,0.1093126514184385,0.0721306191380801,0.1028098645501264,0.138037350891418,1
1775544766.9594688,245.64,777.98,0.1088210037773952,0.0733681977817211,0.1060655349552536,0.1402810679667373,1
1775544766.993313,245.74,778.26,0.1098665793917088,0.0744054256434459,0.1077209635831324,0.141678611357946,1
1775544767.0401895,246.14,778.0,0.109421289860643,0.0734139874939402,0.1061633104477032,0.1404344238511706,1
1775544767.0722506,245.52,778.3,0.1120510757358049,0.0733266076206274,0.1055819161138935,0.1394935661295012,1
1775544767.1042106,249.6,778.06,0.1116051704238028,0.0743225785184621,0.1055698945937361,0.1381567242733241,1
1775544767.137987,248.42,778.52,0.1076848068522881,0.0734442555299431,0.1066752022683371,0.1404462706193933,1
1775544767.1733196,248.68,778.34,0.1068579131121441,0.0732801861382725,0.1064849378630293,0.1402820758811948,1
1775544767.2163324,248.5,778.34,0.1078955134214057,0.0730510680313376,0.1057608630065197,0.1394368382727409,1
1775544767.2482798,288.3,778.2,0.1110171386974317,0.0729166073356392,0.1028368651599399,0.1365044382029478,1
1775544767.282351,320.84,778.66,0.1078917474409324,0.0731037697630783,0.1047654040735634,0.1394893790626357,1
1775544767.327522,359.78,778.58,0.1081282645903963,0.0731551164853692,0.1034116518005752,0.1376530410823456,1
1775544767.3614635,392.4,778.56,0.1084078169938491,0.0708736850120921,0.1002302025424635,0.1347188901875305,1
1775544767.392416,431.2,778.48,0.1077399533981042,0.069798796569368,0.1009766166627107,0.1369125801470893,1
1775544767.4258423,464.36,779.1,0.1085165182316075,0.0694775151390587,0.0998524066883633,0.135884571535344,1
1775544767.4557748,503.94,778.94,0.1054680927865879,0.0711640615185219,0.102675221696551,0.1389923017492321,1
1775544767.4894674,537.44,779.48,0.106963190147835,0.0719750389119469,0.1025795393738749,0.1372598783424273,1
1775544767.5235486,576.02,779.46,0.1060327282538111,0.0713172866947794,0.1024379670189356,0.1383930073864977,1
1775544767.568188,608.0,779.82,0.1042558886364367,0.0701159017957858,0.1014800013747702,0.1379882844418997,1
1775544767.6002834,647.8,780.02,0.1067284778262483,0.0724687721010053,0.1036633224362465,0.1387653148201189,1
1775544767.6323442,680.86,780.18,0.1089618362083735,0.0714681304305745,0.1017692276337174,0.1349520512858983,1
1775544767.6634464,721.02,780.6,0.1071562234445262,0.0727874352171907,0.1051446596581758,0.1387241798094628,1
1775544767.696318,720.86,780.94,0.1065109931548761,0.0744004464143943,0.108360505036923,0.1416709226703125,1
1775544767.7282434,721.52,780.88,0.1008457516350168,0.0725243210049553,0.1095571315481879,0.1421651950879474,1
1775544767.759223,721.66,780.82,0.0931797868466249,0.0717922434301014,0.1135218131922946,0.1457411522306388,1
1775544767.7924175,721.54,781.4,0.0940817968636312,0.077963042709717,0.1249455453974832,0.1575973762446464,1
1775544767.824143,721.84,781.04,0.0958835251883314,0.0843522379512957,0.136988381240191,0.1687970531551489,1
1775544767.857082,722.84,781.82,0.092388874081,0.080061168989258,0.136248517434716,0.1737635869676866,1
1775544767.8875415,722.6,781.9,0.0891078052851679,0.0850121006333099,0.1445220186753142,0.1830111619349121,1
1775544767.9204865,722.84,782.22,0.0834324785983116,0.0870972156150114,0.1491192128927048,0.1801860431686119,1
1775544767.9565208,722.12,782.12,0.084439978990579,0.0884112336419618,0.1524038440194481,0.1836095535398092,1
1775544768.0016563,722.48,783.0,0.067170341470137,0.0750495748599415,0.1425785670564766,0.1737681797772208,1
1775544768.032357,723.68,782.28,0.0624784302635752,0.0700489899645463,0.1266566512367799,0.1671645827595287,1
1775544768.0657952,723.04,782.92,0.0434644569741815,0.0792315450500274,0.1377876951183931,0.1892705509886747,1
1775544768.095474,722.86,782.56,0.0039061538488557,0.0658501509444688,0.1278594707022691,0.1926797030511035,1
1775544768.1297398,721.84,782.82,0.0326129033221927,0.066174932290053,0.1256478579843483,0.1987508751790058,1
1775544768.1598892,721.62,782.34,0.0599863388539436,0.086577805241543,0.1466730273985199,0.2257996937725775,1
1775544768.192231,721.6,782.98,0.0715577668621632,0.1154076699969744,0.1750762229342591,0.253950356722486,1
1775544768.224243,722.32,782.66,0.1314458017372673,0.1795333621632013,0.2156075732089133,0.2763622454404955,0
1775544768.2572825,723.06,783.22,0.1845911213481585,0.2404689739678304,0.2740099400050576,0.3134599372016429,0
1775544768.2873275,723.42,782.48,0.2254571871698934,0.2913436883326229,0.3146394822084889,0.3485574001958639,0
1775544768.320829,0.0,0.0,0.2503905202600319,0.3228197515055644,0.3418391668684152,0.3722365381413575,0
1775544768.3532474,0.0,0.0,0.25092975521995,0.3199334252380577,0.3402032850556092,0.3710805310220103,0
1775544768.4000654,2047.0,806.14,0.2744779282270711,0.3479788900917189,0.3625570709253594,0.388638606774681,0
1775544768.432167,2047.0,805.44,0.2878677609098565,0.3654254036257678,0.3793284759657628,0.401924303495831,0
1775544768.4630206,2047.0,806.9,0.307092479327871,0.3850449714473765,0.3955122373854671,0.4149418389827115,0
1775544768.4963648,2047.0,805.66,0.3144741960138523,0.3904019759431363,0.4060566085474597,0.4266000332102604,0
1775544768.5282698,2047.0,808.54,0.3255482608874371,0.4007107250505128,0.4177634241863349,0.437003168497341,0
1775544768.5602956,2047.0,808.68,0.3388805604213246,0.4155972927896861,0.4311824546306727,0.4516261904488239,0
1775544768.5912106,2047.0,809.08,0.3400841974561835,0.4180203442928834,0.4362161901700821,0.4589875022222038,0
1775544768.625383,2047.0,810.68,0.3410583916836293,0.4206034192711932,0.4390067491972396,0.4648030644350072,0
1775544768.6572764,2047.0,811.96,0.3459760583096196,0.4247179579170334,0.4447635042455717,0.4695746892708972,0
1775544768.68993,2047.0,811.56,0.347768226173415,0.4275219397803787,0.4488522635388448,0.4717342354919461,0
1775544768.71918,2047.0,812.92,0.3475329934827336,0.4266046401126699,0.4506431742817793,0.4757563704695405,0
1775544768.7529466,2047.0,813.6,0.3472471247150351,0.4266500241492227,0.4486109214109186,0.4731880103896386,0
1775544768.7861545,2047.0,813.32,0.3466725636890376,0.4268501292279428,0.4484524887739912,0.4728612469638005,0
1775544768.8323553,2047.0,814.6,0.3453737782679205,0.4251234001801611,0.4494047627442884,0.4744055577549517,0
1775544768.8643646,2047.0,813.78,0.3509516633532679,0.4304110702349122,0.454946948229433,0.4761090562188179,2
1775544768.8963814,2047.0,812.9,0.3506827999791472,0.4308739131367085,0.4557595324728519,0.4775705445045314,2
1775544768.928194,2047.0,816.64,0.3509632336977331,0.4309854352145221,0.4553466134603491,0.4762630694683649,2
1775544768.959631,2047.0,816.2,0.3546841255716063,0.4360501888365745,0.4561327456045218,0.4788301681529624,2
1775544768.991265,2047.0,817.42,0.3520859566679011,0.4325427060480705,0.4555947411724983,0.4762727760409378,2
1775544769.0232513,2047.0,818.4,0.3542341439081841,0.4326329918017932,0.4581446421934878,0.4767757285096421,2
1775544769.0578358,2047.0,819.28,0.3561114768224332,0.4349074889842313,0.4592977428657058,0.4774849794078493,2
1775544769.1042695,2047.0,822.02,0.3549561192450101,0.4340403079740494,0.4576593053209082,0.4779036196919348,2
1775544769.1353788,2047.0,822.62,0.3536619081764967,0.4343672870089491,0.4568252476042836,0.4772478380509475,2
1775544769.1682644,2047.0,822.5,0.3547350295497384,0.4347710825461415,0.456435433424123,0.4779006081468718,2
1775544769.199383,2047.0,823.14,0.354479894064902,0.4359895226804272,0.4577184575197094,0.4790977181957433,2
1775544769.2319949,2047.0,823.76,0.354975190477342,0.4359943150413411,0.4588775073760772,0.4790709411590149,2
1775544769.264934,2047.0,825.08,0.3545178378392994,0.4339062043305143,0.4572280084490289,0.4769945061897461,2
1775544769.298238,2047.0,826.3,0.3542596093782455,0.4341487776245797,0.4580351607615708,0.476873987761882,2
1775544769.3457124,2047.0,829.56,0.3542706964776297,0.4327515462835495,0.4585043133092844,0.4781441628754185,2
1775544769.3763275,2047.0,830.04,0.3563431140053569,0.4369985843909743,0.4613057146466355,0.478508178357762,2
1775544769.409763,2047.0,834.78,0.3566148739431415,0.4374476985742231,0.4606788669553387,0.4787681520216325,2
1775544769.4392807,2047.0,836.1,0.3584820456749786,0.4393626711320364,0.4618375193449375,0.4789233079092734,2
1775544769.4724777,2047.0,836.28,0.3580057065226482,0.4393013915605016,0.4590512958608378,0.4782288104340292,2
1775544769.5031793,2047.0,837.68,0.3561450930150613,0.4353050610493797,0.4576406455740205,0.4771235412249103,2
1775544769.5362823,2047.0,836.54,0.3545805475551707,0.4348739801262794,0.4558963523389781,0.4770462722733133,2
1775544769.5683413,2047.0,836.62,0.353734435410196,0.4339903197322241,0.4560839824744387,0.474120990538238,2
1775544769.6003292,2047.0,836.56,0.356088126525387,0.4352516950130787,0.4573182783771857,0.4743555702932872,2
1775544769.630716,2047.0,834.76,0.3538729904661275,0.4347600583461227,0.4558381908167843,0.4726554654566562,2
1775544769.6638834,2047.0,836.04,0.3565948411882146,0.4354149254194218,0.4574468380842171,0.4743818956518627,2
1775544769.69702,2047.0,834.16,0.3554371717783181,0.4353250991205535,0.457590143015699,0.4740594800033054,2
1775544769.74449,2047.0,835.42,0.354216078809836,0.4336606867116528,0.4575798528937366,0.4744413688218671,2
1775544769.7762008,2047.0,835.02,0.3550547409198175,0.4346742859565208,0.4578723863392516,0.4729098196886298,2
1775544769.8074005,2047.0,835.26,0.3537672832785761,0.4346717114371263,0.4558425649905326,0.4719004565301343,2
1775544769.840201,2046.16,834.38,0.3539607278911281,0.434358158947254,0.4538460629960854,0.4733820995239199,2
1775544769.871216,2046.16,833.98,0.3535379384719553,0.4351329866470573,0.4540745278893031,0.4726527531973707,2
1775544769.9054394,2042.96,833.04,0.3524105354447257,0.4348300527772732,0.4527508756361922,0.4717174985884279,2
1775544769.936591,2042.96,832.18,0.3542414790940106,0.4345468286739809,0.4535376852427963,0.4722911065102849,2
1775544769.969741,2039.08,831.42,0.3529844905824087,0.4350066525676716,0.4535928410415188,0.4679844628390738,2
1775544770.0002024,2039.08,831.6,0.351631915538105,0.4324066612867734,0.4497185413954453,0.4691794529115646,2
1775544770.0338,2034.62,830.96,0.3521578534436705,0.434449958199032,0.4494790776305626,0.4670676641524791,2
1775544770.0632863,2034.62,831.72,0.3495781129261213,0.4339019872780731,0.451906695534756,0.4672785499190017,0
1775544770.096897,2029.22,832.1,0.3521685695760003,0.4339965542230187,0.4513092380566441,0.4673885689634564,2
1775544770.130088,2029.22,830.84,0.3522384793050137,0.433897979280543,0.4503418318041074,0.4673142329333276,2
1775544770.1757114,2022.26,831.7,0.3523960796027116,0.4331417825246238,0.4497011716690088,0.4673457750529385,2
1775544770.2095242,2022.26,831.14,0.3530952432811765,0.4344221861550139,0.4506827117504366,0.4663845900137867,2
1775544770.2600217,2014.26,830.46,0.35203864509005,0.4338961041809173,0.4492774072624174,0.4668264124567537,2
1775544770.2874014,2014.26,831.06,0.350710042613466,0.4315542302837247,0.4479052847564782,0.4672987334968374,2
1775544770.3208694,2004.62,829.96,0.3504736546928724,0.4339592281711059,0.4481950977701617,0.4680055970667131,2
1775544770.3546598,2004.62,830.64,0.348828121279078,0.4315267155297453,0.4457562822447486,0.4642090491899393,0
1775544770.4003685,1994.38,831.62,0.3454993903415946,0.4289153218311591,0.4427890482778676,0.4633006207821816,0
1775544770.4324024,1994.38,831.98,0.3504795538396537,0.4321021559566984,0.4466348522256529,0.4668094356938567,2
1775544770.4633749,1982.58,832.38,0.3488165964299973,0.4318752311396094,0.4467839434940388,0.4645924215452225,0
1775544770.5313427,1982.58,833.64,0.3501562283329748,0.4318955449439182,0.4479203663795765,0.4650785870252479,2
1775544770.578061,1969.84,834.36,0.3504410721472738,0.4313092827361011,0.4464480285458749,0.4672310689393941,2
1775544770.6083927,1969.84,836.24,0.3484098543800928,0.4311761451211898,0.4471572742902554,0.4641393510156009,0
1775544770.6421237,1956.44,835.88,0.3500526471813317,0.4302366431104531,0.4475070757010708,0.4650204869577437,2
1775544770.674761,1956.44,834.4,0.3494588287531169,0.4298176800935768,0.4466527249713724,0.4643756351113952,0
1775544770.7216015,1942.6,834.38,0.349819320397342,0.4300064447979017,0.4446240072173145,0.4619919895093062,0
1775544770.7523396,1942.6,833.8,0.349701841585067,0.4284972797868445,0.4455771271261973,0.4613851936514088,0
1775544770.7794027,1927.58,833.9,0.3485184904208248,0.4278300951916717,0.4453832130794928,0.4599318277273917,0
1775544770.815015,1927.58,834.3,0.3487899350312292,0.4283848453514294,0.4449038304170035,0.4593475561210404,0
1775544770.848208,1912.06,831.6,0.3490707585422006,0.4278757671589638,0.4434359278612609,0.4600532002364919,0
1775544770.8967378,1912.06,831.64,0.3498478657048716,0.4282372904684393,0.4439593813384152,0.460401069946638,0
1775544770.927628,1895.8,832.04,0.350053123704233,0.4278466896916941,0.4466102828816357,0.4587479425416048,2
1775544770.9619794,1895.8,832.88,0.349102997513502,0.4282638046226262,0.4464891179922802,0.4587441334359247,0
1775544770.991403,1880.08,833.18,0.3495109314768496,0.4263514247831064,0.4440624462800499,0.4589572206862623,0
1775544771.023205,1880.08,833.12,0.3494622737553287,0.427661540591646,0.4437381318179088,0.4576436623065389,0
1775544771.0564125,1863.7,830.54,0.3494174651743441,0.4230384509751608,0.4395590945035785,0.4530393943111418,0
1775544771.0904956,1863.7,830.44,0.3400509336999062,0.4154238767121279,0.4336887381034948,0.4472586153044263,0
1775544771.136033,1847.2,830.3,0.3407211752221235,0.4147471057266149,0.4334400588607821,0.446312424167918,0
1775544771.1672118,1847.2,830.7,0.331634257349469,0.4061147779659173,0.4254020435750072,0.437260052528617,0
1775544771.2002008,1828.64,829.8,0.3189755806585696,0.3889657272010914,0.4068520098574338,0.4211014973687135,0
1775544771.233356,1828.64,829.62,0.3020868793258532,0.3561034287593893,0.3803910724732762,0.4035004101943211,0
1775544771.26424,1808.78,825.38,0.2804619360310517,0.3232563434333051,0.3423681528783835,0.3720430409054117,0
1775544771.2976549,1808.78,827.36,0.2131500226978782,0.2468246501125756,0.2825719294377882,0.3317204693705973,0
1775544771.3284843,1789.4,827.1,0.1267128251019676,0.1284610861857611,0.1791070298508321,0.2912131421603555,1
1775544771.3622108,1789.4,826.14,0.0907936347450862,0.0712193612520463,0.0900927983075003,0.1426504549495757,1
1775544771.3910358,1769.34,827.2,0.0985539180447249,0.0599043316700545,0.0612770810382574,0.1103350946061346,1
1775544771.424343,1769.34,827.42,0.1076058833136732,0.0593185663444819,0.0458444053459125,0.0850103676383002,1
1775544771.4559512,1749.48,829.12,0.1144653970617316,0.0648130465589024,0.0277390711378521,0.0558169213334534,1
1775544771.48852,1749.48,828.64,0.1202543697964195,0.0720762291971937,0.0291110996631495,0.0460855940778789,1
1775544771.5222037,1729.76,828.1,0.1311320069916092,0.0810961165928329,0.0374253824610769,0.0377722104328502,1
1775544771.5681703,1729.76,826.44,0.1337150754782215,0.083052902065922,0.0333520674422996,0.0326014885394787,1
1775544771.5994978,1710.46,828.28,0.1314281837026555,0.0805228393597354,0.041303269625509,0.0452646781690344,1
1775544771.6323128,1710.46,828.64,0.1357872305879363,0.0823985957960849,0.0428674020452113,0.0512343140126554,1
1775544771.663743,1692.76,829.86,0.1391487005262959,0.0864649666585333,0.0474515112435987,0.0495280662746174,1
1775544771.6964228,1692.76,829.58,0.1452221239483405,0.0913106770540565,0.0460231954190727,0.0470493731600887,1
1775544771.7283196,1673.92,827.38,0.1477884736283341,0.0941881654117451,0.0454296253339479,0.0490705902202093,1
1775544771.7625768,1673.92,827.72,0.1472866599954438,0.0945777032233285,0.0418273855851003,0.0501846821419847,1
1775544771.7913716,1657.26,826.68,0.1473276009086525,0.0949717996298728,0.0438274142967271,0.0533411958909221,1
1775544771.824362,1657.26,826.9,0.1422009154879222,0.089845501768121,0.0375300681582985,0.0489649249867489,1
1775544771.8578804,1641.32,827.42,0.1415798787721191,0.0887987743845332,0.0406654627933139,0.0516644743820095,1
1775544771.888137,1641.32,828.94,0.1394873735100184,0.0876813101173893,0.0411115205181356,0.0537025697315088,1
1775544771.9217403,1626.76,828.68,0.1427437497573597,0.0887265214174139,0.040391743415121,0.0534418505047998,1
1775544771.9556682,1626.76,828.74,0.139879849097541,0.0863667457485951,0.0387042887725131,0.0562735321502457,1
1775544772.0018504,1612.04,828.04,0.1410672836721837,0.0878837225293031,0.0370659658833924,0.0538719518546395,1
1775544772.032063,1612.04,828.2,0.1407203478300118,0.0884940704639759,0.0377066847384214,0.0546210771982849,1
1775544772.0642045,1598.34,828.12,0.1372785203035678,0.085229249204101,0.0387528015900428,0.0558475278921168,1
1775544772.0960908,1598.34,827.5,0.1347714867878001,0.083481902055812,0.0344504151415978,0.0537260495443567,1
1775544772.1284878,1584.28,826.18,0.1348771780734778,0.0833876501111492,0.0338134970832158,0.0535821354152457,1
1775544772.1631842,1584.28,825.5,0.1318259788551091,0.0806896652799513,0.0316447409609929,0.0549687129344849,1
1775544772.1922996,1571.24,824.14,0.128474912406822,0.0760427721576928,0.0291884292732837,0.0570633542122978,1
1775544772.2234557,1571.24,823.9,0.132068026580971,0.0789564724143017,0.0317270504860646,0.0554533295247075,1
1775544772.2564752,1558.98,823.6,0.1306137580275967,0.0792914949576824,0.0299134105591187,0.0550998707890602,1
1775544772.2873435,1558.98,821.96,0.1318164639057992,0.0795948305380685,0.0299513952589713,0.053386560587107,1
1775544772.320432,1547.5,822.82,0.1310822553643617,0.0801061255667038,0.0294743606520361,0.0540547411399814,1
1775544772.354083,1547.5,820.56,0.1278036052781001,0.0759530116304471,0.0277383296502322,0.0567218594000605,1
1775544772.4003117,1536.08,821.46,0.1302824409077381,0.0797803513850782,0.0299005719283737,0.0554603957159497,1
1775544772.4320612,1536.08,821.24,0.1317700252558114,0.0798125895703654,0.0296107727269481,0.0555215824387227,1
1775544772.4637644,1525.94,821.62,0.1309274655102889,0.0815994966522918,0.0335260740527385,0.0575078340714019,1
1775544772.4975,1525.94,822.34,0.1266150520456129,0.0719687398316977,0.0243182579264491,0.0581740696478714,1
1775544772.5283773,1515.3,822.62,0.1247348328975628,0.0719322733705699,0.028262565486326,0.0584568793271713,1
1775544772.5638902,1515.3,822.4,0.1227106511429053,0.0674335778910898,0.0183114554018698,0.0534038323769761,1
1775544772.5926015,1504.84,821.94,0.1298455496679864,0.0761790388835987,0.0293961297763885,0.0567286906851646,1
1775544772.6257422,1504.84,821.66,0.1296733233063509,0.0798212257708287,0.0289378775084502,0.056705399474666,1
1775544772.6563406,1493.3,822.14,0.1256441341185689,0.0735681109678271,0.0247350249902089,0.0561054539090438,1
1775544772.6903574,1493.3,821.74,0.1313847613288542,0.0800057344397194,0.0286812466980176,0.0581624238934399,1
1775544772.7362518,1481.76,822.14,0.1248322536535309,0.0735256851792941,0.0284357480096664,0.0604458851103877,1
1775544772.7672622,1481.76,820.68,0.1242966172914298,0.0710961663677731,0.0248063376048759,0.0576710203546717,1
1775544772.8003416,1469.22,819.4,0.1300023122393302,0.0785405642966257,0.0300860211710093,0.0550331993738194,1
1775544772.8340185,1469.22,818.2,0.1317599587733648,0.0823840293266805,0.0345714839830648,0.0605773342394174,1
1775544772.879286,1457.02,817.44,0.1284505300358767,0.0768073811564261,0.0267139385604219,0.0580350769797908,1
1775544772.912465,1457.02,818.14,0.1312878267710692,0.0799251734230371,0.0324674600685201,0.057479578862041,1
1775544772.9434328,1446.16,820.8,0.128379156042752,0.0749651733955779,0.0288737976260451,0.0596493420074377,1
1775544772.9774146,1446.16,820.64,0.1254601687086086,0.0734954975973504,0.0300108552797692,0.0612825135476729,1
1775544773.0245397,1435.86,820.34,0.1299396987280227,0.0774377800459803,0.0292138699313634,0.0588698898479955,1
1775544773.0553708,1435.86,821.36,0.1233781383491138,0.0692568219773245,0.0239256592352949,0.0591590736478629,1
1775544773.0895493,1427.1,821.52,0.131735316487239,0.0786881627205247,0.0277622608055991,0.0573562408924048,1
1775544773.1361868,1427.1,821.64,0.1279814092239576,0.0744352086498241,0.0250611251005083,0.056943068146032,1
1775544773.1696389,1418.28,821.36,0.1275560945085582,0.0755619989288848,0.0271188550704346,0.0578444544969993,1
1775544773.200055,1418.28,818.5,0.127224798677632,0.0749838376478135,0.0263477238354352,0.0568527518174784,1
1775544773.2338269,1409.18,819.08,0.1270472865727454,0.0741466867201183,0.029159358647172,0.0604551854012475,1
1775544773.2674546,1409.18,820.32,0.1257869666776412,0.0734126125792825,0.0261069968755502,0.0588483643539237,1
1775544773.313923,1400.22,819.28,0.1250100940295862,0.0722605883228968,0.0258094287133838,0.0606708291251261,1
1775544773.3442078,1400.22,819.34,0.1244979043276337,0.0696581300527346,0.0247360592208082,0.0588464015877473,1
1775544773.377882,1390.4,819.76,0.1228525710165356,0.0685547065992762,0.0236952248292584,0.0610887414351052,1
1775544773.4244158,1390.4,819.64,0.1253539505662714,0.072441287705039,0.0271278183401161,0.0587401034583987,1
1775544773.4557788,1381.56,822.56,0.1254598521795481,0.0727862477485013,0.0266887769711132,0.0585131215733529,1
1775544773.487775,1381.56,822.46,0.1278027591867025,0.0749243510665892,0.0256310437169713,0.0582863616644662,1
1775544773.520399,1370.32,822.76,0.12891748579418,0.0764163361434411,0.0277879616299498,0.0602139600871736,1
1775544773.5520618,1370.32,823.38,0.1282805601552517,0.0773179472580387,0.0298908076724815,0.0613858073518151,1
1775544773.5842063,1358.72,822.84,0.1271375718697277,0.0754726143714136,0.0313548213159925,0.0619731727642419,1
1775544773.616371,1358.72,821.02,0.1287757493751793,0.0769019443478755,0.029348209091722,0.0598192229241298,1
1775544773.648168,1347.64,820.6,0.1276339534154671,0.0755862088091958,0.0284054035795905,0.0592382757102134,1
1775544773.6803253,1347.64,819.34,0.1300950733476504,0.078485225685762,0.0305674199410712,0.0569916206337358,1
1775544773.711194,1337.32,819.28,0.133878535889667,0.0816107939587545,0.0293714993403744,0.0542563670021672,1
1775544773.7443433,1337.32,819.32,0.1296402673677786,0.0766648840845887,0.0290262062664729,0.0569665963834363,1
1775544773.777369,1327.4,818.96,0.1284449019222801,0.076480207625448,0.030917286186045,0.0584404277372448,1
1775544773.825395,1327.4,819.7,0.131774532445988,0.0784828083192752,0.0336501724626148,0.0572862842795288,1
1775544773.8564992,1318.44,820.0,0.1339165789128667,0.0827935916155504,0.0375712605449534,0.0524416591535256,1
1775544773.8900852,1318.44,820.98,0.138249893320681,0.0896706467121075,0.0452160894732467,0.0508237600425646,1
1775544773.9203036,1309.28,819.16,0.1303181594531144,0.0791894554723986,0.0411984576056816,0.0556793884165084,1
1775544773.9537275,1309.28,819.24,0.1145725565637311,0.0666853771808312,0.036719122880361,0.0639594624933789,1
1775544773.984275,1300.82,818.16,0.0889769002473823,0.0499676540125126,0.035324189984056,0.0825254115113235,1
1775544774.0166025,1300.82,819.88,0.0722953191637183,0.0466537167294837,0.0525531818216756,0.0991326084014535,1
1775544774.04753,1291.94,818.58,0.0753373037321495,0.0577110376038984,0.0655331781682576,0.115934621701543,1
1775544774.080256,1291.94,819.94,0.0811862726555445,0.0803046144448895,0.0921042653554052,0.1423279194177783,1
1775544774.112509,1282.98,819.3,0.0859750442241351,0.0974616501865877,0.1352973992108211,0.1885609264980058,1
1775544774.1444798,1282.98,821.76,0.1251429001012337,0.1475035090925845,0.170787520326815,0.2243269961908453,1
1775544774.175538,1274.02,821.0,0.2018896676408735,0.2282029769170884,0.2391630665216516,0.2549497303634043,0
1775544774.2084186,1274.02,821.24,0.2269986439162396,0.2848130593589515,0.2812666526066473,0.2904127285234414,0
1775544774.256489,1264.56,819.42,0.2478703697611549,0.3104906075171941,0.3176010865688056,0.3417496231975426,0
1775544774.2884731,1264.56,820.1,0.2645260740737919,0.332084739254685,0.3441758261769406,0.3691337319228457,0
1775544774.320242,1255.28,818.86,0.2673605694497797,0.3417892990943342,0.357201596735529,0.3972045434858613,0
1775544774.3520715,1255.28,819.38,0.2745802702603065,0.3548566227878574,0.3747731734633178,0.423402284096857,0
1775544774.3843553,1245.98,818.66,0.2802593505373528,0.361156981469738,0.3875263464701399,0.4374655660288536,0
1775544774.416182,1245.98,819.18,0.2860147719235793,0.3682688497012852,0.3963946401657581,0.4477593060638487,0
1775544774.4496896,1235.86,819.56,0.2899245927099425,0.3744196249908884,0.4034479010511427,0.45775350560676,0
1775544774.4792683,1235.86,821.9,0.2970761810211619,0.3837992190758149,0.4114881001590177,0.4642487865324612,0
1775544774.513713,1226.28,822.58,0.3004050355949323,0.3848229709548632,0.4138054331087209,0.4637604884400774,0
1775544774.5431664,1226.28,824.28,0.3018726930173874,0.3871906507683159,0.4147255163111977,0.4619163282625202,0
1775544774.5778844,1219.0,825.52,0.3039660892856853,0.3898629053665338,0.4180357905609368,0.4694923134618249,0
1775544774.6081588,1219.0,825.16,0.3056327130992405,0.3915264070676076,0.4220480593058457,0.4704763194680931,0
1775544774.641845,1213.88,824.82,0.3064281401147611,0.3932630421821243,0.4218321710368307,0.4723977399239241,0
1775544774.6872215,1213.88,825.22,0.306174038262973,0.393987890603938,0.4236021373454197,0.474784148083118,0
1775544774.7201664,1207.4,824.76,0.3062487763710821,0.3927307764528168,0.4224106742086838,0.4726601634293251,0
1775544774.7523663,1207.4,825.4,0.3084283842803496,0.3938500433473264,0.4226534738979755,0.4755318568790848,0
1775544774.7843974,1199.78,825.0,0.3085467026852283,0.3954286203298675,0.4240469908491666,0.4755138062940876,0
1775544774.8162386,1199.78,825.08,0.312137747046249,0.3987018610172807,0.4276020493071746,0.4778840320819697,0
1775544774.8484387,1190.38,825.08,0.3159892944731292,0.4015846970275437,0.4299162733558215,0.4789165953918417,0
1775544774.880082,1190.38,826.4,0.3152774767348491,0.4008901056684452,0.4302294162973019,0.4799572344193481,0
1775544774.9124882,1181.24,826.02,0.3159674084151938,0.4007883181710233,0.4291494909206417,0.4775478413003709,0
1775544774.943551,1181.24,826.0,0.3144156198768649,0.3998050866300804,0.4285954554928197,0.4772012341600637,0
1775544774.977576,1171.94,826.54,0.3161931894473952,0.4009874740722368,0.4289586311358581,0.4784794603933245,0
1775544775.0244544,1171.94,825.24,0.3162018285095012,0.4018001583976535,0.4293991246143843,0.478122986057898,0
1775544775.0564027,1163.62,824.24,0.3165615844312313,0.4014760304984875,0.4302637056242647,0.4779769181678455,0
1775544775.0885522,1163.62,824.98,0.3171713928439257,0.4017302342051334,0.4314832660517765,0.4779383216702947,0
1775544775.122748,1155.84,823.26,0.3144699025364426,0.3988745067499581,0.4271843606032379,0.4778089910649364,0
1775544775.1697562,1155.84,823.34,0.3155619915632348,0.3987443601286266,0.4267321984756865,0.4757422883153283,0
1775544775.2002244,1148.28,823.44,0.3154599537898218,0.4019203798860231,0.4315588010467112,0.4779028648788655,0
1775544775.2335577,1148.28,823.98,0.3134116288624699,0.4010215976778797,0.4305188013492982,0.4786636098454082,0
1775544775.267787,1141.62,823.12,0.3125951210869769,0.4011104096474347,0.4295616671063263,0.4775307224266193,0
1775544775.3122408,1141.62,825.9,0.3157963982345763,0.4031835195464169,0.4329705667916949,0.4795832313457308,0
1775544775.3442762,1134.28,824.9,0.314746418983392,0.4022928539077054,0.4310891629650982,0.4787494542820879,0
1775544775.3764431,1134.28,826.18,0.3154008879477995,0.4010355561033079,0.4295367633146765,0.479472023582798,0
1775544775.410153,1127.98,825.66,0.3178830484200098,0.4047740684736163,0.4333397459371263,0.4811668787605508,0
1775544775.455317,1127.98,826.5,0.3167834295751073,0.4039469491871597,0.4322976748462157,0.4804738009864863,0
1775544775.4874997,1121.9,826.58,0.3155211993178505,0.4002801421306617,0.4307393555566425,0.4826273648764412,0
1775544775.5193813,1121.9,826.84,0.3174006664470125,0.40552845543165,0.434138186450588,0.4816027954144199,0
1775544775.553008,1115.62,826.54,0.3163295115609351,0.4041282881463702,0.432671228894276,0.4829109734472465,0
1775544775.5862622,1115.62,826.42,0.317965604183395,0.4037070221594046,0.4324720973619629,0.4821821716924274,0
1775544775.6323304,1108.64,828.14,0.3175428260819686,0.4032256134938888,0.4322335848460285,0.4827762394772608,0
1775544775.6683855,1108.64,829.08,0.3176876505111562,0.4034219975852057,0.4325848888710427,0.4804422326681145,0
1775544775.6961758,1099.84,829.38,0.3206101957667883,0.4061136504686398,0.4348622097671405,0.4816344719022367,0
1775544775.7287438,1099.84,829.66,0.3204476763636211,0.4040887640621992,0.4342346066821686,0.4802060258524506,0
1775544775.7776184,1091.88,829.72,0.3212693709569279,0.4052010559230077,0.4340697481090142,0.4815389302629747,0
1775544775.8082776,1091.88,830.36,0.3192963280927133,0.4040544267421357,0.4330127440158646,0.4797869820675448,0
1775544775.8418312,1086.12,830.6,0.3192660216275962,0.4049301253044193,0.4331052124831513,0.4819431308278515,0
1775544775.8723924,1086.12,829.28,0.3209887338648993,0.4082797507861823,0.437103585715555,0.4819437547281026,0
1775544775.9058814,1081.02,828.86,0.3206895705999597,0.407771430131194,0.4362158371408384,0.4813705598673897,0
1775544775.9363651,1081.02,830.56,0.3200612799244461,0.4066947291360981,0.435012677986487,0.4791651825587839,0
1775544775.9688418,1076.78,830.88,0.3185892846433828,0.4051108756013518,0.4333967141972171,0.4791360183198456,0
1775544776.0005188,1076.78,831.04,0.3221395005741569,0.4070303217427161,0.4351973701182837,0.4796650230741929,0
1775544776.032302,1071.52,831.66,0.3235681838976595,0.4083410413128349,0.4353347177144093,0.4792233859852645,0
1775544776.0690453,1071.52,831.48,0.3210820441209939,0.4058802864423304,0.433264080572217,0.4777317017353408,0
1775544776.1123023,1064.28,831.92,0.3230865303332749,0.4073531244218206,0.435435719752231,0.4784120147303796,0
1775544776.1431568,1064.28,831.8,0.3234818143675853,0.4078536724526637,0.4367635149010125,0.4788511305809687,0
1775544776.1763315,1058.68,830.44,0.3228481479549204,0.4065010568278431,0.4350546539232462,0.4774614313904541,0
1775544776.208346,1058.68,829.88,0.3245388364043449,0.40681149304537,0.435626536461634,0.4790214927993156,0
1775544776.2393513,1053.98,829.2,0.3218279054674101,0.4045818412225194,0.4333348729522848,0.4778257345862525,0
1775544776.2710505,1053.98,830.16,0.3201044170321908,0.4032451780167194,0.4320399862675933,0.4755001209072683,0
1775544776.304416,1048.1,830.46,0.3184211420247111,0.4005979794502045,0.4294154628848043,0.4733779551559339,0
1775544776.3365934,1048.1,831.3,0.3168983380953489,0.398000383434195,0.4278470584353986,0.470280292072793,0
1775544776.3698783,1039.54,829.44,0.3170415140719952,0.3976790327575279,0.4243604476054962,0.4657567848208219,0
1775544776.402401,1039.54,831.16,0.3142512671466356,0.3919295627400747,0.4194799397488741,0.4597318207500157,0
1775544776.4324708,1031.16,831.36,0.3108462106654415,0.3851517479760022,0.4123873673737729,0.4557091192599935,0
1775544776.469217,1031.16,831.5,0.3019861614831515,0.3707257633320961,0.4000790830324118,0.4478930015566891,0
1775544776.50027,1023.72,831.28,0.2920398455099007,0.350222234078042,0.3821077761618568,0.4274552719164116,0
1775544776.5455203,1023.72,832.2,0.274838921342854,0.312795668567886,0.3446703363677998,0.3992866668880911,0
1775544776.5750556,1017.54,831.7,0.2456571145179704,0.2761192213489138,0.3076756475460215,0.3763431611709952,0
1775544776.6082218,1017.54,833.9,0.2146402889436112,0.2430025893002133,0.2761323499968495,0.3459349442179799,0
1775544776.639581,1011.22,833.94,0.1861292496905378,0.1993941387824055,0.2335787509010775,0.2998748630630161,0
1775544776.6724904,1011.22,834.74,0.1635431146761506,0.1578138400591111,0.2117096730551279,0.2723735550115368,0
1775544776.7043834,1007.3,832.62,0.1421447883069821,0.1488522612994688,0.180051417583053,0.2427331664020873,1
1775544776.736447,1007.3,834.54,0.1122869618827045,0.1157947404921899,0.1429114211848921,0.2175742884069385,1
1775544776.7692497,1005.32,834.54,0.097736978858352,0.0850394674335366,0.121482034746477,0.1860725328220463,1
1775544776.8004773,1005.32,834.04,0.0932038512602155,0.0654166534487382,0.10047302961847,0.1547757562792087,1
1775544776.8322418,1002.76,834.42,0.0850754079893136,0.055993418446056,0.0808900326740923,0.1260527299976068,1
1775544776.869303,1002.76,835.12,0.0855380492247945,0.0551616539424337,0.07198517780906,0.1106997583830172,1
1775544776.8965435,1000.14,834.58,0.0963933594743392,0.0568183948958634,0.0661421511281615,0.0968631441431842,1
1775544776.9303205,1000.14,835.24,0.0949611387481123,0.057825669482528,0.0533544031541544,0.0744298399791549,1
1775544776.976442,996.74,835.26,0.0978805173689808,0.0573784181563093,0.042533506179563,0.0610514604193929,1
1775544777.0075228,996.74,834.66,0.1045123785669833,0.0600157691935944,0.0323989794461559,0.0512576828471402,1
1775544777.0416324,993.5,835.38,0.1089906815552728,0.0652498670792976,0.0304419094246129,0.0443831962728587,1
1775544777.07132,993.5,837.16,0.1119774669421009,0.0660605762408669,0.0281042530625934,0.0378988795495507,1
1775544777.1059566,989.54,837.28,0.1247582910867171,0.0788643237722003,0.0397434287811391,0.0344780846512955,1
1775544777.1362555,989.54,837.5,0.1324356324974616,0.0815631069328007,0.0428042271672223,0.0330285613234401,1
1775544777.1700106,986.4,837.08,0.129169297684037,0.079639028759675,0.0410251469394234,0.0355424099382815,1
1775544777.2003765,986.4,837.12,0.1380187606795729,0.0863721102406276,0.0442717360424229,0.03165133657265,1
1775544777.232262,984.86,834.9,0.1395497378916499,0.088205851342735,0.0442841549760524,0.0353366504707041,1
1775544777.2643104,984.86,835.92,0.1365412434891031,0.0839703389069142,0.0398326900325383,0.0395289667078933,1
1775544777.2962158,985.38,835.94,0.1315296585621291,0.0844495081896508,0.0465664281613068,0.0456389009238836,1
1775544777.3298893,985.38,834.52,0.1339154173116396,0.0861240395372848,0.04524145756115,0.0455890935019562,1
1775544777.3753338,988.6,834.34,0.1290938474413154,0.0828122224401082,0.0438217469682271,0.0506174782406422,1
1775544777.4083233,988.6,837.74,0.1308696241265484,0.0816878557973465,0.0374550154228913,0.04998967168641,1
1775544777.439248,990.32,837.64,0.134253577045937,0.0852236246045349,0.0392226859747436,0.0506737336918658,1
1775544777.4722126,990.32,838.36,0.1354216277731666,0.0848027428116395,0.0391867139486756,0.0510647431509291,1
1775544777.5044396,990.7,837.74,0.1349676535742479,0.0838032173226358,0.0383970060471117,0.0542455816523615,1
1775544777.53591,990.7,838.1,0.1368832811423452,0.0844588598317008,0.0366432115769774,0.0525768794986079,1
1775544777.5702918,990.12,837.24,0.1376088739377423,0.0854709807995857,0.0373067961688937,0.0541846703321147,1
1775544777.6003573,990.12,834.66,0.1354589944144005,0.0818786196377092,0.0361494734720841,0.0561352487359574,1
1775544777.6325412,989.54,835.84,0.1328030600642457,0.079229826443578,0.0351700268578163,0.0577067941134667,1
1775544777.6655211,989.54,836.7,0.1314610342028585,0.0789749695253794,0.0335370892623795,0.0578118294565524,1
1775544777.6963525,991.42,835.8,0.130247844361735,0.07714658875483,0.0344061627791914,0.0598245526570826,1
1775544777.729528,991.42,838.08,0.1372837657686303,0.0849832819159294,0.0355120018121641,0.0541460854540394,1
1775544777.763406,996.48,835.7,0.1304634291124311,0.0774481453947115,0.0337081474330074,0.0593610046237119,1
1775544777.809698,996.48,836.9,0.1331801813255497,0.0808920347527189,0.035420193690033,0.057339092155398,1
1775544777.840255,1002.24,836.9,0.1313961846608409,0.0774005483313657,0.0326753884684815,0.0570096192113585,1
1775544777.871774,1002.24,837.4,0.1302561337082623,0.0789744714574284,0.0353815101403148,0.0598739049778216,1
1775544777.9044063,1006.02,838.9,0.1310089105675655,0.0772729137754882,0.0323851218706145,0.0589051079275933,1
1775544777.936241,1006.02,836.26,0.1316612432299619,0.0795913274414349,0.0349918605509894,0.0579027111584436,1
1775544777.9709811,1012.0,834.66,0.1330307679661287,0.0830921077999351,0.0387319757254939,0.0601294923167514,1
1775544778.016448,1012.0,830.5,0.130975368119346,0.0797555164364188,0.0367636350964528,0.0595232078770651,1
1775544778.0482602,1018.96,830.66,0.1313200971537567,0.0793398456413272,0.0361084457802134,0.0578541552137933,1
1775544778.0819771,1018.96,832.2,0.1296076896432433,0.0780689837332735,0.0344874650046625,0.0606886309240263,1
1775544778.127517,1026.58,831.88,0.1277218982171277,0.0751994176409386,0.0319277024721786,0.0590338463747702,1
1775544778.159257,1026.58,831.78,0.131099950294655,0.0782907807660957,0.0335250380346589,0.0586029256909475,1
1775544778.1921687,1035.6,830.48,0.1295100987194533,0.0775541049639993,0.0346889652637655,0.0602087397776991,1
1775544778.225747,1035.6,829.34,0.1278197955027268,0.0752007950821617,0.0343138253944022,0.0619961047145681,1
1775544778.272079,1044.24,829.44,0.1425760063526468,0.0852542406652485,0.028971339980031,0.0539379313456967,1
1775544778.3032014,1044.24,827.78,0.1187205545160905,0.0650636938006904,0.0208249417356924,0.064404006040967,1
1775544778.3377798,1053.66,827.5,0.1308819589435263,0.0762169365243497,0.0232319199268201,0.0486075528541295,1
1775544778.372346,1053.66,827.36,0.1326337340379402,0.0800226026733247,0.03447261519698,0.0587654670679612,1
1775544778.4175434,1061.92,824.34,0.1343648109684914,0.0828192154283521,0.0360286974586772,0.0583911875089391,1
1775544778.4474292,1061.92,823.98,0.1262406623542303,0.0724115442725463,0.0290267132586276,0.0601402376725415,1
1775544778.4817631,1069.08,820.78,0.1298647935739852,0.0785300208378408,0.0324685334968604,0.0598272590107041,1
1775544778.5156298,1069.08,825.5,0.1295040088043522,0.0762152818339627,0.0322068475743317,0.058857029549786,1
1775544778.5592449,1076.56,824.92,0.1292637255417108,0.0745872950709062,0.0283762126103193,0.0601026190780672,1
1775544778.592384,1076.56,827.66,0.1282366513997769,0.073677754702864,0.0282853594036946,0.0588892023157731,1
1775544778.6233826,1084.12,827.96,0.1289679142206127,0.0758590145503255,0.0309817247996486,0.0600082195551367,1
1775544778.6562915,1084.12,827.66,0.1292912912879312,0.0737009399975876,0.0265535311293401,0.0592443754264056,1
1775544778.6885474,1092.02,830.46,0.1287662927332221,0.0741953679496041,0.0315109582520925,0.0635663607074414,1
1775544778.7203145,1092.02,832.88,0.1273038951088467,0.0734425449168439,0.0326538928353585,0.0631113522948143,1
1775544778.7539132,1100.82,834.22,0.1318768878179385,0.0769313533338535,0.0291780830467018,0.0581320340235539,1
1775544778.7901366,1100.82,833.72,0.1314047795192045,0.0769396401554012,0.0293270376389257,0.0579863515010181,1
1775544778.8311691,1110.04,833.48,0.1315358396014414,0.0779833148658483,0.0335121807913037,0.0600244494310434,1
1775544778.86431,1110.04,836.7,0.1291883618910177,0.075536829036095,0.0309659633962137,0.0604281970349692,1
1775544778.8962035,1119.12,835.22,0.127620206224766,0.0726221771296543,0.0300290420410158,0.06194171521615,1
1775544778.9283593,1119.12,840.78,0.1274047068489812,0.0733257850745284,0.0297034752497967,0.0617795445245566,1
1775544778.9603126,1126.9,836.84,0.1306797111176683,0.076475329443745,0.0315431915919016,0.0616356867577582,1
1775544778.9934597,1126.9,839.32,0.1273995158533163,0.0736955438223413,0.0306437919878947,0.0626482330949653,1
1775544779.0241868,1133.32,839.02,0.1283955119749095,0.075423227947248,0.0304997156087148,0.0622744306617891,1
1775544779.0578957,1133.32,842.58,0.1291253317004239,0.0761110371817715,0.0310184372369294,0.0615825743259008,1
1775544779.0881584,1139.64,841.52,0.1295153889397646,0.0758646077783166,0.0298968286921197,0.0604951841344078,1
1775544779.1218152,1139.64,838.42,0.131685418962914,0.0787225846119505,0.0319043081622265,0.0606066839194838,1
1775544779.1523314,1147.24,837.36,0.1371433650817122,0.083703765707596,0.0385829766652927,0.0566474466244498,1
1775544779.1864011,1147.24,837.88,0.1337878575705041,0.0826151245464722,0.0366452859914316,0.0561403273081401,1
1775544779.232358,1153.58,840.46,0.1310128849854708,0.076913355405827,0.0314324214705441,0.054932060352113,1
1775544779.2642634,1153.58,840.82,0.1354706971048601,0.0834967606565481,0.0411187177935418,0.0539410294268337,1
1775544779.2962675,1162.0,841.26,0.1296373308657215,0.0808919225104646,0.0435233977265565,0.0576780889040062,1
1775544779.3281698,1162.0,840.18,0.0950051360435496,0.0659653276944872,0.0405722740508861,0.0782195250989543,1
1775544779.3600414,1169.16,840.38,0.084787057231644,0.0644872663763199,0.0553042821391065,0.0953768204118359,1
1775544779.3923652,1169.16,842.42,0.0908422111756626,0.071959822294653,0.0731334710914664,0.1145524613788566,1
1775544779.4243731,1175.8,841.16,0.0907405582006559,0.088616779596198,0.0968667692713447,0.1428434769061826,1
1775544779.4563031,1175.8,841.8,0.094174983394909,0.1027998081367466,0.128967668792538,0.1868177623573924,1
1775544779.488512,1183.0,836.34,0.1130196526789049,0.1254231600245622,0.1532538829701974,0.2006373685951979,1
1775544779.5204763,1183.0,835.24,0.1237009127655112,0.1513876980151714,0.1781996197425907,0.2245146154760892,0
1775544779.5524287,1190.0,835.0,0.1917263094722739,0.209345451234537,0.2252464366001048,0.248618127612053,0
1775544779.5843394,1190.0,835.98,0.2215476795143253,0.2745849190090556,0.2782991560692693,0.2758165492212612,0
1775544779.6180556,1198.98,836.22,0.2240191765266305,0.2779411906072064,0.2831264711070375,0.2845778638009393,0
1775544779.6641998,1198.98,838.54,0.2616780771789738,0.3152869030405381,0.3074839486163046,0.3105006782093127,0
1775544779.6978252,1207.3,839.3,0.2823348744561346,0.3331823181843522,0.3250627541998374,0.3232024592606377,0
1775544779.7272356,1207.3,845.64,0.2943082049101173,0.3556645951848963,0.3516462838525944,0.3582485860545049,0
1775544779.7615795,1215.42,849.6,0.2913940069825207,0.3553563755573071,0.3577563618246178,0.3724198710095536,0
1775544779.7914343,1215.42,848.78,0.2911247430132243,0.3576991653228805,0.3644071116722069,0.3829324264666353,0
1775544779.8241372,1222.06,850.04,0.289281442900092,0.3595287579943605,0.3693670701069104,0.3911554158083202,0
1775544779.8562915,1222.06,849.36,0.2899208537182072,0.360554465371177,0.3742237172323404,0.4006924470007356,0
1775544779.8897347,1227.68,847.68,0.2943459400806499,0.3662544467036293,0.3815009366298939,0.4131727493728093,0
1775544779.921895,1227.68,850.16,0.2979746534140124,0.3718877758926036,0.3875268048442952,0.4234870640278331,0
1775544779.9512763,1233.1,852.28,0.2953983460844095,0.3708233829151615,0.3900796301807765,0.4329121860458799,0
1775544779.9830816,1233.1,852.24,0.2930183420424931,0.3718275164611624,0.3915561523885327,0.4372443416603775,0
1775544780.0162995,1238.44,856.1,0.2903662617665678,0.3679064171394831,0.3873320971920976,0.4381304713444088,0
1775544780.0489738,1238.44,857.38,0.2904077964882066,0.3677047328108677,0.3875644469924398,0.4370506870297354,0
1775544780.081946,1244.32,865.4,0.2910333090790546,0.3698922719913707,0.3907214180377722,0.4407311329402274,0
1775544780.128209,1244.32,865.0,0.299764062994131,0.3775396545547869,0.3970791474220178,0.4436985210186081,0
1775544780.160225,1250.76,868.24,0.3015045464042893,0.3807464461041421,0.4007406549194124,0.4460172161931785,0
1775544780.1921003,1250.76,865.12,0.3034244365464822,0.3851285345620521,0.4071576638203985,0.4528744607003664,0
1775544780.2244902,1258.02,861.02,0.3041643610988397,0.3869102297993958,0.4085424064484312,0.4543702244371663,0
1775544780.25753,1258.02,857.3,0.3060922285709726,0.3883803163086983,0.4093665175873026,0.4540866299132503,0
1775544780.2882595,1268.16,853.2,0.3046499964255231,0.3881656553507768,0.4098076320488373,0.4533575300411239,0
1775544780.321911,1268.16,854.04,0.3048458834559263,0.3893617139388822,0.4122293124491377,0.4543248968726529,0
1775544780.3512225,1277.22,845.96,0.3062432609705161,0.3897516782492982,0.4122631216668725,0.4553405145194279,0
1775544780.385888,1277.22,843.38,0.308727300899502,0.3933608447847035,0.4147137611472088,0.4576737166249374,0
1775544780.4161594,1285.12,843.06,0.3087088375904704,0.3934477846513449,0.4143729018757381,0.4584564325315818,0
1775544780.4498563,1285.12,840.14,0.3101220007340127,0.3960444589494067,0.4154731765221665,0.4613492803776174,0
1775544780.4960346,1292.48,841.24,0.3087725599551878,0.3947496908143363,0.4156492320232658,0.4611044572291347,0
1775544780.5281,1292.48,835.76,0.3092766048696162,0.3948638430676096,0.4159000629327358,0.4601260443447922,0
1775544780.5602586,1299.7,834.26,0.3105573181802738,0.3956505822270378,0.4152053203577403,0.4594020626605548,0
1775544780.592381,1299.7,828.56,0.3122401266806899,0.3968815494451207,0.4150532501072812,0.4600723219398262,0
1775544780.624013,1307.26,835.2,0.3118266159553104,0.395858756637168,0.4167946716471954,0.4598393350998246,0
1775544780.6561663,1307.26,833.58,0.3107038420036431,0.3948666019138285,0.4152028872778627,0.4601917949397997,0
1775544780.6882348,1316.0,835.76,0.3100489612779409,0.3951682271946884,0.4151933754266833,0.4594150342451804,0
1775544780.7193933,1316.0,832.6,0.3110429057462684,0.3951240519287719,0.4138521696101843,0.4591675417406237,0
1775544780.752288,1324.54,832.28,0.3101897163970192,0.3941111477281577,0.4143345471201728,0.4586908163551415,0
1775544780.783403,1324.54,834.16,0.3112974211871606,0.3944809629957984,0.4154095108521363,0.4589722412265855,0
1775544780.8172023,1331.16,832.16,0.3112345623394762,0.3960727800345178,0.4143788071459773,0.4586565556247463,0
1775544780.8642054,1331.16,831.88,0.3111368509956368,0.3953778932875941,0.4138205070808453,0.4585661182857316,0
1775544780.8979268,1340.0,828.68,0.3104244503189579,0.3942094255836711,0.4124333361688695,0.4590601797597367,0
1775544780.931703,1339.86,829.98,0.310187058009929,0.3937441783546636,0.4117687089671884,0.4575634204666405,0
1775544780.9781022,1346.4,829.2,0.3097759589603738,0.3940310671136291,0.4125248867974811,0.4584110654309161,0
1775544781.0083084,1345.64,833.12,0.3095539101264702,0.3940055119488362,0.4127413835241504,0.4575630488970612,0
1775544781.0427597,1355.1,832.06,0.3109803708750343,0.3956088777801377,0.4133486205250354,0.4577110495125098,0
1775544781.0780797,1355.1,828.98,0.3111907772280659,0.3946512374646543,0.4134145777488427,0.4570092876012596,0
1775544781.1207616,1364.78,829.86,0.3105338770598134,0.3950335007862307,0.4133930072932911,0.4569848085552838,0
1775544781.1524534,1363.98,831.12,0.3089576019079103,0.3926631528480681,0.4116534114024723,0.4569222471188736,0
1775544781.1847477,1371.18,837.82,0.3101897436869627,0.3931834502674196,0.4120645763868661,0.4549178314208602,0
1775544781.218433,1370.04,840.24,0.31043459547927,0.3922518078966605,0.4109055731092692,0.4546525933525414,0
1775544781.2641895,1378.76,839.92,0.3086717281800277,0.3908450942752903,0.4096784473337028,0.4539067958314965,0
1775544781.296218,1376.42,839.82,0.3062576787426216,0.3881767988470029,0.4063945216200537,0.4500641876673317,0
1775544781.3285675,1383.82,840.42,0.3063603193029392,0.3872329297827651,0.4050512939906464,0.449407007591747,0
1775544781.3623204,1379.62,842.36,0.3030354305743461,0.3793060565867001,0.3985816790449641,0.4434909617385867,0
1775544781.3961482,1387.68,842.98,0.3035784691644899,0.3730222370591108,0.3907487573125691,0.44049099791643,0
1775544781.4393563,1382.1,844.44,0.3026701387629172,0.370024350979145,0.3884217928939422,0.4368485589413781,0
1775544781.473669,1390.64,840.32,0.301645096666456,0.3669141244843431,0.3863568470442177,0.4351876501215607,0
1775544781.5062554,1384.22,837.9,0.2943093089355139,0.3523778016637474,0.3763575537387224,0.4284409566940587,0
1775544781.5404415,1394.22,832.42,0.2860622553442504,0.3342741090995604,0.3640999861668971,0.4205017865935094,0
1775544781.585466,1386.82,834.86,0.2826108882596137,0.3029212906749987,0.331564555965714,0.389383197351044,0
1775544781.6162713,1394.84,836.22,0.2960530245714913,0.2718952378744012,0.3011776827403682,0.3556323173351404,0
1775544781.6495714,1387.72,835.28,0.2665366039071372,0.234961484411058,0.2671419061976114,0.3283334696038652,0
1775544781.6796288,1397.14,831.58,0.2216722411796154,0.1822072844307582,0.225702602623637,0.2982578722563856,0
1775544781.7138162,1388.62,834.48,0.1844712137201217,0.1437254486904071,0.1859212582450722,0.2814321220959332,0
1775544781.744381,1398.82,822.24,0.1486351217578551,0.1254114629870271,0.1495805052043886,0.2491913346111762,1
1775544781.778891,1390.36,824.14,0.1025442958155349,0.0889527326533874,0.1372496577896243,0.2359501027261119,1
1775544781.80831,1398.24,818.48,0.0856110285811369,0.0582081028287134,0.1044785962832705,0.1932421330554696,1
1775544781.8393905,1390.26,817.32,0.0716716241851641,0.0471499471533945,0.091880561447302,0.1653679327663,1
1775544781.8712451,1397.18,819.64,0.0585487489165939,0.0344319281300386,0.0800236361724316,0.1427590508423953,1
1775544781.9054146,1386.08,823.24,0.0623036425393127,0.0332983394387506,0.0703383436185085,0.127845787594516,1
1775544781.952265,1392.94,828.04,0.0649638036147145,0.029244371821955,0.063089605056868,0.1127900828553671,1
1775544781.9833608,1385.16,824.26,0.0710273121133819,0.0270994578339463,0.0469657180259609,0.0934388610852372,1
1775544782.0163083,1391.06,828.34,0.0794294986496687,0.0326264350270519,0.0339801709560799,0.0786196848370593,1
1775544782.0484169,1380.86,830.46,0.0848605535180963,0.0319497272370647,0.026367566136566,0.071895780697049,1
1775544782.0799356,1388.86,830.12,0.0919981373116273,0.0367415705297014,0.0199994673911888,0.0651424904684863,1
1775544782.1122513,1378.38,827.2,0.097555825410991,0.0394022887778953,0.0186136767419722,0.0601511589896096,1
1775544782.1440594,1386.2,827.78,0.1061500283272348,0.0431100898798166,0.0172304102100858,0.0587957782299065,1
1775544782.1790817,1373.84,831.96,0.1120020075774111,0.0499594303145354,0.0237644413661233,0.0576843982978177,1
1775544782.2088382,1380.18,831.24,0.1228748362764577,0.0632794796644532,0.0309154963837568,0.0642687144103136,1
1775544782.239696,1367.16,834.6,0.1241122082644825,0.0656616251571229,0.0326730469745917,0.0585987055892648,1
1775544782.2736738,1374.14,835.84,0.1321857406030249,0.0740262474482101,0.0372964193810167,0.0560717556560564,1
1775544782.307845,1360.72,830.76,0.1351361970123308,0.0779368471444386,0.039384332603259,0.059451423348865,1
1775544782.353685,1367.14,829.12,0.1372580421394868,0.0808275326399894,0.0407585325312299,0.0581206341426943,1
1775544782.3842287,1352.4,830.0,0.1364300291087921,0.0803009869864347,0.0431910331678577,0.055028333129706,1
1775544782.415879,1358.62,828.78,0.1356268823769567,0.0813392810347331,0.0453285279297444,0.0529193719422662,1
1775544782.4484568,1344.08,830.16,0.1356958317880103,0.0804819545285757,0.041822584250014,0.0491185595963925,1
1775544782.47938,1350.12,832.8,0.1396068507645275,0.0832454412834469,0.0423204178744581,0.0475296290473121,1
1775544782.5113285,1336.36,832.9,0.1422602496620752,0.0843003546023176,0.0426423824719256,0.0433289318041027,1
1775544782.543821,1344.62,832.82,0.1428571090345174,0.0853390133651046,0.043628522442465,0.0430357397800052,1
1775544782.5794375,1332.08,834.3,0.1411131162174007,0.0829075532696568,0.0388327869618451,0.0401241816445487,1
1775544782.607445,1339.64,833.38,0.1458621926754729,0.0850395897845103,0.0410405617687378,0.0392999027658651,1
1775544782.6403584,1326.66,837.02,0.1457744101367748,0.0859092262302841,0.0412133782524449,0.0363441329286182,1
1775544782.6720977,1334.48,836.76,0.1443783666405019,0.0860043260108335,0.0437205995145816,0.0396125754590289,1
1775544782.7043817,1323.06,834.24,0.147859138037933,0.0876846391226354,0.0442434391961682,0.0379845375652913,1
1775544782.738011,1329.18,834.58,0.1518591745957979,0.0907941064190154,0.0435968556842542,0.0333854318639777,0
1775544782.7848485,1316.06,836.02,0.1493648069761041,0.0874455478893421,0.0427453534969113,0.0363133472222602,1
1775544782.8163092,1322.72,836.78,0.1482497933515637,0.0871426685937745,0.0403380567103638,0.036283875761216,1
1775544782.8495257,1309.12,835.42,0.1493369381270954,0.0866663759003849,0.0360568034835843,0.03149031307187,1
1775544782.8797,1315.94,836.92,0.1465968169734855,0.0850863769391818,0.0399628776012907,0.0387551875537024,1
1775544782.9136176,1302.34,836.7,0.1491290110625724,0.0874371278388474,0.038848062452332,0.0345717610945202,1
1775544782.944404,1306.46,838.64,0.1483974111224563,0.0867189016247886,0.0411404030445066,0.0392443048676255,1
1775544782.979737,1294.26,839.5,0.1445724995093441,0.0835691969457919,0.0378490020195903,0.0393191910742282,1
1775544783.0081017,1300.7,836.58,0.1420541192501289,0.0788851446328535,0.0335722895693366,0.0399372549774649,1
1775544783.040166,1289.52,837.08,0.1395348268607527,0.0762069070215366,0.0351660201125205,0.0439138380649177,1
1775544783.0721936,1294.96,835.88,0.1373073403181984,0.0750026197498398,0.033530486221303,0.0437757163350959,1
1775544783.104313,1284.0,834.8,0.1387913875391876,0.0746706797781171,0.0294929743208218,0.04289011397658,1
1775544783.136263,1289.6,834.4,0.1374550435320128,0.0766876976887409,0.0332422630150642,0.0420619520126982,1
1775544783.169886,1278.94,836.76,0.1402203505906074,0.0775142871115944,0.033079531938755,0.0416828129463165,1
1775544783.2163284,1283.54,842.28,0.1399592801890596,0.0777698054842854,0.0374574240120522,0.0438701164507718,1
1775544783.2482443,1274.0,841.66,0.1410880622986464,0.0770778365561344,0.0347540944592189,0.04260996884708,1
1775544783.2818627,1278.74,842.44,0.1388892681771547,0.0770724128258296,0.0347358365747905,0.0434740053522173,1
1775544783.3275056,1267.6,845.94,0.1419847626926339,0.0797890868942139,0.0366761787558396,0.0418486665830025,1
1775544783.3601942,1270.32,847.52,0.1396237706888938,0.0759519898545204,0.0341850521888607,0.0417281029096129,1
1775544783.3923173,1260.72,845.2,0.1408076018470333,0.0787331625139934,0.0364302038554587,0.0416313555335541,1
1775544783.426093,1262.42,853.4,0.1383951371577071,0.0757271885290155,0.0342356581631756,0.0419530457692565,1
1775544783.4713058,1252.86,845.14,0.1347480738369562,0.0716493240393969,0.0329563948975043,0.0468122770881174,1
1775544783.5058556,1255.88,849.3,0.1342061607522442,0.071686063261457,0.0311809717840335,0.0471217885513777,1
1775544783.5361712,1244.26,856.3,0.1427379313802561,0.0771033521146905,0.0302972924127227,0.0374938431766071,1
1775544783.569989,1248.82,854.78,0.1367987504767328,0.0744746526147048,0.0339694032740089,0.0455421067288762,1
1775544783.6163542,1239.46,852.52,0.1369138350552055,0.0745988246292804,0.0324843624555171,0.0433542228957783,1
1775544783.6489186,1245.74,852.12,0.1339121898067347,0.0720227961566496,0.027264707327659,0.0420677277334224,1
1775544783.6800418,1232.08,857.92,0.1344076180927744,0.0718189755366649,0.0314571285210509,0.0445117665147046,1
1775544783.712704,1237.04,856.54,0.1356521920988066,0.072985271367922,0.0297010888096474,0.0433885106018693,1
1775544783.7460136,1225.24,856.4,0.1341896308577373,0.0701443833089012,0.0270676663572811,0.047354711033946,1
1775544783.7916148,1230.14,860.5,0.1367363241990948,0.0735133805891665,0.0314800834829906,0.0441638806174817,1
1775544783.8231966,1216.4,864.9,0.1374611043067297,0.0750659785208626,0.0340503377882659,0.0443247319006278,1
1775544783.857074,1220.22,864.18,0.1368973400673255,0.0762036405105515,0.0365214371229728,0.0478585815240118,1
1775544783.89017,1208.22,865.4,0.1364156091036556,0.0740459470704428,0.0357629493008838,0.0476086592452856,1
1775544783.9361522,1213.96,865.68,0.1351368306913985,0.0760796191703355,0.0359646670613989,0.0463221046080448,1
1775544783.9681635,1202.34,866.46,0.1334706969103452,0.0741896383413344,0.0388440224616733,0.0547890484742431,1
1775544784.0004003,1206.48,868.12,0.1314780595840937,0.0751969877376017,0.0406871490083577,0.0570642235265551,1
1775544784.0313451,1195.26,875.54,0.1231030251006147,0.0685614418076693,0.0511950337926081,0.074162427668222,1
1775544784.0645158,1200.12,872.22,0.1137711730597066,0.059891921218845,0.0500159079654819,0.0869637414423556,1
1775544784.0961826,1188.94,873.04,0.0957865200716193,0.0382806262299097,0.0508524732188171,0.0945182666693729,1
1775544784.1275127,1193.88,873.14,0.0641076098816952,0.0218521082616164,0.0530676904837917,0.1091687954854028,1
1775544784.1611018,1181.84,876.62,0.0500342533502369,0.0159900411487835,0.0662891629407337,0.1213613995884639,1
1775544784.1955066,1186.38,873.04,0.0468480463243187,0.0388286382152698,0.0794315357011686,0.1392588380521367,1
1775544784.2401311,1173.58,873.6,0.0616179027019525,0.0689458275296433,0.1083532651975281,0.1676561355555936,1
1775544784.271268,1177.54,876.3,0.0705136717337869,0.089030587947487,0.1352012305680684,0.1978616393895753,1
1775544784.3056912,1163.8,872.22,0.0918037382553775,0.1206187250518568,0.15618815542613,0.2178512220897452,1
1775544784.3351233,1166.72,874.4,0.1506024963624982,0.1944460178999941,0.2249446859788552,0.2615724412511006,0
1775544784.3685632,1151.58,872.4,0.1927795588377489,0.2558004766408108,0.2654825488424053,0.2868779825366935,0
1775544784.4004514,1154.22,874.48,0.218896181695502,0.2890228222811735,0.2939577127742563,0.3250174071833199,0
1775544784.4323945,1137.6,877.26,0.2463972014382534,0.3180285025031691,0.3175626064175963,0.34544545881752,0
1775544784.4632082,1142.38,873.2,0.2647776103831172,0.3428416593415262,0.3429199213748294,0.3686013815305677,0
1775544784.502947,1126.02,875.28,0.2827344077407634,0.3607090514826163,0.3626630471919131,0.385224784184554,0
1775544784.5275545,1129.5,875.38,0.3060406003142463,0.3856715830068288,0.3896182943183225,0.4150590964581634,0
1775544784.5594952,1113.5,876.1,0.309573349379702,0.3886750133392408,0.3935263559711847,0.4191356300778122,0
1775544784.593595,1119.64,873.96,0.3090351170731626,0.3872764100984383,0.3922187035152495,0.4185774465541012,0
1775544784.640102,1103.98,875.78,0.3117346931823885,0.3892206388908586,0.3951825302520254,0.4241663635063834,0
1775544784.6723802,1110.54,870.72,0.3154143371025144,0.3922228580423887,0.3989284779237526,0.4300500522122564,0
1775544784.7031152,1093.6,870.96,0.3165109749677633,0.3928820354651499,0.4008690544248535,0.4355471402976812,0
1775544784.7363534,1097.78,869.98,0.3191608021517557,0.3970794141135766,0.4075940889412668,0.4435097817551084,0
1775544784.767327,1081.76,869.48,0.3189186433504209,0.3983163575052112,0.4135815870804417,0.4484133730156934,0
1775544784.8017602,1085.18,869.74,0.3199166961745319,0.4011533374847865,0.4141486721565163,0.4538798919700098,0
1775544784.8313837,1069.98,869.28,0.3217065139397115,0.4033079332642278,0.4186335501383137,0.4595356654382657,0
1775544784.865798,1073.58,869.3,0.3214270245562016,0.40555220121077,0.4196052836884227,0.4614438958713751,0
1775544784.8962164,1059.1,869.16,0.3210290831674113,0.4039932480122976,0.4210992310113387,0.4628135121368623,0
1775544784.929675,1063.16,867.92,0.3231636519021452,0.4061027164851737,0.4222859574148623,0.4611654979597579,0
1775544784.9604332,1047.1,869.84,0.3235269256056226,0.4075548264759119,0.4209041405375832,0.4641802811324312,0
1775544784.9920983,1052.26,870.34,0.3229916231894887,0.4068772727841976,0.4205663422325921,0.4642402203555106,0
1775544785.0258117,1038.62,862.62,0.3221109554987536,0.4057901964184618,0.4228673023562218,0.4643321147652628,0
1775544785.0722826,1044.84,861.84,0.3203148395784882,0.4043137141793172,0.4212923897645454,0.4642588716382242,0
1775544785.1042583,1029.22,864.92,0.321957746403699,0.4053111847078987,0.4225415629615306,0.4668151523469754,0
1775544785.13634,1035.52,862.72,0.3216332699341477,0.4061912155469399,0.4230756349739357,0.46646302149342,0
1775544785.1682782,1019.3,869.58,0.3231066600950352,0.4073174679484927,0.421872535028383,0.463106807384206,0
1775544785.2002778,1025.32,867.28,0.3225199473196861,0.4066101598517594,0.4221930217468817,0.4618357761700571,0
1775544785.2322376,1009.1,865.88,0.324855524040439,0.4097623238114066,0.4247286595019879,0.465628165478677,0
1775544785.2633128,1013.38,865.36,0.3262348677937088,0.4112827443173757,0.4275401313052741,0.468664143219286,0
1775544785.2964008,998.32,865.3,0.3257901926684158,0.4106939928243157,0.4260671294346376,0.4687062395058662,0
1775544785.328538,1001.0,864.96,0.3286205005906843,0.412736645517523,0.4284656173870467,0.4701362876068959,0
1775544785.3602023,985.9,865.28,0.326989389235886,0.4121782931679679,0.4255202728910379,0.466247228449488,0
1775544785.3924825,989.1,866.82,0.3263906704447856,0.4115427414234812,0.4266764933547191,0.467058691101378,0
1775544785.4264855,974.26,865.38,0.3279434295814735,0.4126481143986829,0.4274098477103463,0.4691487403995891,0
1775544785.4713075,977.12,866.94,0.327108128947604,0.4120237218421796,0.4276606292094815,0.4689758918635131,0
1775544785.5034654,964.48,869.5,0.326277020195776,0.4117587764437984,0.4272425359903393,0.4685522097010781,0
1775544785.5368528,969.04,868.56,0.32508156524687,0.4105042656104784,0.4269375291361751,0.4694550038890023,0
1775544785.5697331,957.82,868.76,0.3249143499452438,0.4087991171335245,0.4267026859860978,0.4678911296088499,0
1775544785.6001933,962.46,867.82,0.3245852671571577,0.4097954828103115,0.4273393151279037,0.4685993246821885,0
1775544785.6313782,950.74,866.46,0.3249071629055229,0.4091537595721233,0.4262883665946107,0.466597891717746,0
1775544785.6644073,956.22,862.32,0.3243872871549393,0.4103111683895897,0.4250313341999368,0.4673518276912311,0
1775544785.6964493,945.74,863.92,0.325737022097786,0.4116830778607958,0.4285525433064173,0.4693984907026169,0
1775544785.728246,950.34,867.06,0.3232438414618619,0.4090942123159893,0.4228798091107862,0.4663484337133305,0
1775544785.7595532,940.18,865.92,0.3230499452181788,0.4085201252235458,0.4244856297036993,0.4670874762547116,0
1775544785.7914724,944.5,861.72,0.3243490123176291,0.41014924569196,0.4265557075063693,0.4686778666616474,0
1775544785.8244784,936.02,860.82,0.3243605882644653,0.4088977907856875,0.4256868429041948,0.4667617527300673,0
1775544785.858284,940.58,861.66,0.3248998564553912,0.4112794627310582,0.4273107210889978,0.4699744158770092,0
1775544785.9034176,930.88,859.74,0.3258900202607409,0.4113106679546378,0.4263757439054422,0.4677076361690035,0
1775544785.9361637,935.62,854.6,0.3259095977623105,0.4111836689297199,0.4264248128429467,0.468732346513638,0
1775544785.967342,925.86,856.22,0.3268912770993329,0.4128533729156945,0.4253470203788494,0.467477360528196,0
1775544786.0003052,930.4,856.04,0.3264909851503305,0.4128291155534822,0.4285231764622824,0.4715659654077991,0
1775544786.03226,924.24,856.6,0.3240906618317308,0.4112388212955136,0.42644427578436,0.4691504888986259,0
1775544786.064367,929.08,857.1,0.3257224215835041,0.4115078367385275,0.4251905788198226,0.4660238226283003,0
1775544786.0960753,924.72,857.72,0.3268173572937413,0.4127960224199147,0.427222528438647,0.4678595998015235,0
1775544786.1296155,928.74,855.54,0.3267149657062846,0.4120959047442816,0.4283669491729854,0.4691457596584161,0
1775544786.160298,925.28,854.34,0.325751868982999,0.4100897643855022,0.4246862015275376,0.4661600115801701,0
1775544786.193662,928.54,853.16,0.329078041788665,0.4143517232943708,0.4287514560803808,0.4687711228923583,0
1775544786.2244434,925.82,853.96,0.3267512101091502,0.4118518835869347,0.4276781691246045,0.4670548421654664,0
1775544786.256286,928.28,851.12,0.3275127909962354,0.413576591330904,0.4284949448196242,0.4675862989531802,0
1775544786.2905228,925.2,850.2,0.3282214643162855,0.4141613984304707,0.4286905485200251,0.4681025221016243,0
1775544786.3365033,927.56,853.56,0.3261480759564502,0.4124395413799411,0.427407520902065,0.4700081606564036,0
1775544786.368279,925.56,854.1,0.3261872505733504,0.4130816524271333,0.4276332299877343,0.4687785435297324,0
1775544786.400306,928.66,853.28,0.3268785604331465,0.4132499786001311,0.4272576999127204,0.4668501620909874,0
1775544786.4325218,926.74,851.86,0.3270135426686849,0.4126863596481322,0.4268034534976362,0.4672478285239203,0
1775544786.4642775,930.14,852.22,0.3254147183368608,0.4120799089159482,0.4246253158418626,0.4656776776226621,0
1775544786.4962568,928.2,850.62,0.3291316859047101,0.4150744568559298,0.4292387312970984,0.469151285911914,0
1775544786.5281467,930.74,850.9,0.3268780126596656,0.4122129266782602,0.4267092021102482,0.4659051938187873,0
1775544786.5602949,929.84,852.98,0.3288599879543611,0.4140935385047384,0.4272009890655188,0.4655530629840665,0
1775544786.591376,932.36,852.54,0.3270978305187638,0.4129227181855381,0.4257961818527966,0.4658043403913672,0
1775544786.6241975,934.72,851.56,0.3266892537330804,0.4119705908323862,0.4266030066018538,0.4688018041233934,0
1775544786.6562564,937.28,849.86,0.325427211587554,0.4106239180919336,0.4252692183319225,0.4678911299270692,0
1775544786.6893067,938.48,854.7,0.3229394068297733,0.4076285178601538,0.4215506513092449,0.4657840103629167,0
1775544786.7230182,941.9,853.26,0.320573620973122,0.4052019951764579,0.4210575689796126,0.4653934796590271,0
1775544786.7694888,946.78,853.8,0.3155753475328328,0.397728396283654,0.4127682364899726,0.4577770462481023,0
1775544786.8004448,949.66,855.48,0.3064387370587432,0.3806073873901426,0.3994518386070213,0.4460407891597522,0
1775544786.8335044,955.54,856.7,0.2892525017253052,0.3451020811797462,0.3666356979830719,0.4211570998039163,0
1775544786.8643498,958.26,856.12,0.2372580064390981,0.2828894996906101,0.3180365638714513,0.3826992617346855,0
1775544786.8961723,966.84,856.26,0.1790714858667852,0.2087201060354986,0.2570469417230716,0.3391439372661662,0
1775544786.9282017,970.5,853.04,0.087126670842151,0.1067451081260628,0.1588162724838146,0.2545819474508081,1
1775544786.9595375,979.46,855.14,0.0652004113943349,0.0615393548955081,0.105411248923491,0.1648800368292391,1
1775544786.9924989,982.46,853.96,0.0609611966589563,0.0446635534106921,0.0859123034147898,0.133821914277797,1
1775544787.0242128,993.36,855.78,0.0583384638553338,0.0264083219956864,0.0666838686305632,0.1120962101735622,1
1775544787.0562224,996.02,855.08,0.0691496719343883,0.0322336005557578,0.0555958651100725,0.0954767914853752,1
1775544787.0873475,1007.4,855.34,0.073214018548866,0.0258571961000393,0.0360912293382202,0.0789335861660338,1
1775544787.120963,1009.92,855.18,0.0822521050759661,0.0255061991606046,0.0283312808647331,0.0737776282649261,1
1775544787.168511,1021.22,852.98,0.0846317141812321,0.0341897375845211,0.0239559854844492,0.0679719024826869,1
1775544787.199226,1023.76,852.26,0.0967956615225065,0.0363801902485675,0.019964190829465,0.0621258903563283,1
1775544787.232289,1034.52,852.1,0.1070068410455567,0.0445202236421733,0.0281346105103715,0.0624185381781801,1
1775544787.26308,1036.7,852.16,0.1120213585069137,0.0530557837398151,0.0307778669981976,0.0677045471082926,1
1775544787.296333,1048.64,854.96,0.1204781202957513,0.0617805318513993,0.0432561244793184,0.0730947531546909,1
1775544787.3297064,1050.28,857.78,0.128013016191316,0.0731483173804318,0.0460543731462422,0.0681463792089214,1
1775544787.360295,1060.9,856.26,0.1326552427320181,0.078049092469413,0.0455320317103386,0.0697743703160059,1
1775544787.3937757,1063.16,856.74,0.1367470182613535,0.0838740203887273,0.0534042122344488,0.0709344586555939,1
1775544787.4243522,1075.88,857.52,0.1372099781485602,0.0824757869004683,0.0528806157334903,0.0699128264019317,1
1775544787.457515,1078.08,860.36,0.1372763263809071,0.0841738948653304,0.0515858582427874,0.0622767888722482,1
1775544787.4883585,1089.9,860.9,0.1363437388624647,0.0815171456577293,0.0477749019696125,0.0595381951698405,1
1775544787.5202465,1091.34,861.32,0.1401487329510638,0.0845565009421871,0.0492522667780509,0.0602206398279632,1
1775544787.5539386,1106.26,863.68,0.1401783229194619,0.0844661625609495,0.049412256205362,0.0601422251062462,1
1775544787.600258,1107.54,868.72,0.142728610592874,0.0856508463898102,0.0475964138243899,0.0519857085966828,1
1775544787.631228,1122.26,873.9,0.1413079281916613,0.0841599615834299,0.0455876788498961,0.0543647400429114,1
1775544787.664255,1124.18,873.88,0.1458483070161442,0.0884302221002105,0.0460033848839584,0.0526455842127851,1
1775544787.6962693,1137.62,872.96,0.1438850344979997,0.0854678390341912,0.0417055573486233,0.0489748942909232,1
1775544787.7282188,1139.4,870.6,0.1358443867297337,0.0759293650608312,0.0340339342929623,0.0569362665850508,1
1775544787.7601151,1151.94,871.08,0.1447213044510528,0.0828405288510355,0.0429920212740319,0.051847099378896,1
1775544787.7910054,1153.36,876.18,0.1410153532863549,0.0783934957066221,0.0390364264469471,0.0534312246857652,1
1775544787.8236394,1166.18,876.92,0.1370619024944807,0.0746602525275769,0.0320813944328854,0.054490166546819,1
1775544787.8554044,1168.36,875.32,0.1365646791088619,0.0734848492647243,0.0297566722299999,0.0554528805257959,1
1775544787.887903,1182.48,875.98,0.1358481298303275,0.0726969605351031,0.0289831267319386,0.0539838032633795,1
1775544787.9201806,1183.92,879.0,0.1298343912819931,0.0671931264697245,0.0232735622007984,0.0587136627062207,1
1775544787.9545274,1198.6,879.98,0.1277352883865823,0.0652031034044322,0.0219909019978368,0.0613675762243676,1
1775544787.988173,1200.24,878.76,0.127266056705976,0.0648852798182586,0.0208294679210732,0.0606881868162948,1
1775544788.0334237,1215.48,880.14,0.1308373546235853,0.0670362487776471,0.0218443504740152,0.0594495430258329,1
1775544788.063468,1217.44,880.6,0.1328428340346145,0.0690663562116022,0.022895145941968,0.0580029293796183,1
1775544788.0977333,1233.5,884.44,0.1258019127863423,0.0614014864503972,0.0222844739744854,0.0635533050197755,1
1775544788.1283278,1235.32,884.92,0.1307472376152495,0.0678294333854911,0.0267773070367373,0.0620319373875212,1
1775544788.160304,1251.82,886.94,0.1278833331145567,0.0653566922582077,0.0245612549939124,0.0621093354507601,1
1775544788.191218,1253.38,888.18,0.1282288910439538,0.0662674900007977,0.0220878292237162,0.0613684550891654,1
1775544788.223733,1268.94,886.84,0.1297376642691381,0.0677552791334055,0.0228099199215883,0.0593706023363519,1
1775544788.2563176,1270.56,885.24,0.1275231235876967,0.0669682712352944,0.0221845598861156,0.0599665272805479,1
1775544788.2882068,1284.38,883.76,0.1313100443241842,0.0697296263568875,0.0210329862812329,0.056651835769927,1
1775544788.3202877,1285.66,882.56,0.1259186740513259,0.0656494515407775,0.0172171981128701,0.0624373795795171,1
1775544788.3514347,1301.36,885.4,0.1281543524499145,0.0672400833004691,0.0222776201764439,0.0598366927758792,1
1775544788.3872914,1302.3,887.18,0.1280491968116429,0.0681596255132731,0.0194162174846603,0.0613840982584801,1
1775544788.417446,1316.88,887.12,0.1281001343677771,0.0681552638368811,0.0202843003176441,0.0598758472674376,1
1775544788.464257,1317.84,886.82,0.1278058057698132,0.0672600206928331,0.0194306641013506,0.0600119415690078,1
1775544788.4957411,1332.6,886.2,0.128618732626074,0.0673581595759598,0.0221332531642313,0.0628482145088687,1
1775544788.528221,1333.66,885.7,0.1288747522021298,0.0689698719438868,0.0240197002011598,0.0596211315464159,1
1775544788.5601594,1348.2,882.84,0.1267365344544682,0.0666828058322348,0.0212245014136702,0.0599394213571471,1
1775544788.5932102,1348.72,883.52,0.1276867418119475,0.0690013022700653,0.021873788837643,0.0610611714168294,1
1775544788.6236043,1363.2,882.56,0.1259469359390017,0.065734202317885,0.0244561716523458,0.0644657987549083,1
1775544788.6577988,1364.06,881.58,0.1259156882331488,0.0652537629048466,0.0235373518255175,0.0638226240366947,1
1775544788.696359,1377.6,881.48,0.124567823891751,0.0644563899925061,0.0256322666578063,0.0665188372135213,1
1775544788.7218084,1378.24,881.36,0.1274348850619675,0.0664591885346728,0.0223465304601758,0.0613926291117748,1
1775544788.752347,1392.06,881.34,0.1277570330719341,0.0669995330545523,0.0223554523503447,0.0621043431199272,1
1775544788.7879057,1392.34,879.88,0.1283808343361226,0.0683095158624746,0.0225177279809326,0.0608199430736355,1
1775544788.8179023,1407.34,882.78,0.1256199786940961,0.065058198415061,0.0220143956486053,0.0647517469194254,1
1775544788.864387,1407.6,880.42,0.1264339600820522,0.0657142604567976,0.0217981143160695,0.0637164245339813,1
1775544788.8963196,1422.2,878.4,0.1249889115432063,0.0644566717085412,0.0222428965796743,0.0646972531001653,1
1775544788.9283483,1422.54,877.98,0.1252610442866565,0.064082742367075,0.0226748521871595,0.0634207334296897,1
1775544788.9595866,1437.88,877.48,0.1254577183039437,0.0647617115733747,0.0220565415532085,0.06450454146758,1
1775544788.9912622,1438.34,875.64,0.1243459789318755,0.0634072398879637,0.0241420579570468,0.0675478291422956,1
1775544789.0243068,1452.92,876.16,0.1228796690473083,0.0629197983551073,0.02463973427834,0.0660221227861499,1
1775544789.0562673,1453.04,876.44,0.1219087367187299,0.0608058552051042,0.0249880175228192,0.0699018401873841,1
1775544789.088712,1467.88,876.36,0.1230956157995918,0.0630742487313619,0.0241834044936104,0.0658389166987043,1
1775544789.1203084,1468.02,876.08,0.1232231649024955,0.0621020312583789,0.0231492658092401,0.0672143705083052,1
1775544789.152286,1483.04,875.7,0.1243930339316682,0.0636802471597859,0.0218791185800767,0.0675566893613935,1
1775544789.1887796,1483.16,875.38,0.1202159947949084,0.0600643882959648,0.0234649390269649,0.0706974709871062,1
1775544789.2167406,1496.44,875.58,0.1201082200432301,0.0591690965057576,0.0246160521822683,0.0709476735540273,1
1775544789.2503252,1496.5,875.64,0.1203055333286025,0.0599068888318895,0.0237445162422147,0.0697544785546312,1
1775544789.2976294,1511.74,874.84,0.1177830643526832,0.0565575063956565,0.026989057835404,0.0746528281794099,1
1775544789.3282793,1511.74,874.44,0.1189141101379089,0.060024189857873,0.0313140650980527,0.0766261129339902,1
1775544789.36157,1526.92,874.34,0.1223065372156941,0.0648219024071854,0.043851131642741,0.0828222116260875,1
1775544789.3913815,1527.2,874.06,0.1204119042843199,0.0636625667419567,0.0448189678797845,0.0874003039727168,1
1775544789.424261,1541.38,873.58,0.1167555287093161,0.0615083341421772,0.0477106054947981,0.0891452003469936,1
1775544789.4559762,1541.38,873.76,0.1128225461282473,0.0570638119958492,0.0404376367411953,0.0899697360280987,1
1775544789.4893143,1556.9,873.92,0.1020961990758964,0.0444987098575439,0.0438469428108444,0.0901103233074553,1
1775544789.5202277,1556.9,877.32,0.0851183196801539,0.0287560620048641,0.0388997054574433,0.0923792462460639,1
1775544789.55229,1570.54,874.62,0.0685529662758577,0.0267286662377086,0.0471100343289885,0.1046404872892019,1
1775544789.589391,0.0,0.0,0.062445538934108,0.0264949457850172,0.0556531597189904,0.1123736446958985,1
1775544789.6162338,2047.0,871.62,0.0545865517636809,0.043123276822117,0.076187112325786,0.1331755545722507,1
1775544789.6483269,2047.0,872.98,0.0590294969884636,0.0598923845085922,0.0937964473716611,0.1585221382144267,1
1775544789.6821115,2047.0,873.72,0.0624389720997712,0.0554094813778361,0.0894973702403277,0.1525774544818407,1
1775544789.7287683,2047.0,877.28,0.0711993906103178,0.0844110417529751,0.1280870410946147,0.1913572314837393,1
1775544789.7618496,2047.0,881.06,0.0987333792243038,0.1161509470499203,0.1515285390761106,0.2230568700653779,1
1775544789.7926347,2047.0,877.12,0.1581867389574384,0.1957828678169986,0.2310912789193083,0.2678206168981506,0
1775544789.824242,2047.0,875.2,0.1968982936066792,0.2597731566638365,0.278087681236401,0.3015570045109465,0
1775544789.8578515,2047.0,870.76,0.2274326437182589,0.2939548018685471,0.3042409933827403,0.3368993903114115,0
1775544789.88999,2047.0,871.18,0.2533586261219405,0.3147814640583049,0.325415525203817,0.3587391947547592,0
1775544789.9218135,2047.0,871.32,0.2687913206057938,0.3328595259895306,0.3404069465081424,0.3729275043738105,0
1775544789.9523158,2047.0,873.36,0.2816496239637319,0.3491302130824147,0.3576914749157725,0.3912819110844416,0
1775544789.9900198,2047.0,867.04,0.2885609171269871,0.3573243250851599,0.3673453701766497,0.4060049868270847,0
1775544790.015415,2047.0,866.02,0.293350894613463,0.364531939376204,0.3748596987860518,0.4181380234589949,0
1775544790.0485814,2047.0,863.82,0.3031014434852827,0.3725883077263944,0.3839638527184951,0.42923827942937,0
1775544790.0804267,2047.0,865.54,0.3114067628632623,0.3792968444855319,0.3909092616747149,0.4369233889175223,0
1775544790.1139357,2047.0,859.7,0.313504628397631,0.3830082354085843,0.3963783201684275,0.444877175870053,0
1775544790.1603656,2047.0,859.5,0.3134977954108414,0.386634308153933,0.4028432818391564,0.4531376528019553,0
1775544790.1912189,2047.0,855.5,0.3132713030749063,0.3889872864880821,0.4085199199529938,0.4582494712564019,0
1775544790.2236948,2047.0,858.24,0.3157764227412301,0.3929492680268768,0.4119934568369611,0.462833815357569,0
1775544790.2563443,2047.0,854.08,0.3196750891885833,0.3939243468518357,0.4124737033431238,0.4650139376875558,0
1775544790.290354,2047.0,855.64,0.3229471058682674,0.3966995200087117,0.4150524926795919,0.4664203080406078,0
1775544790.320357,2047.0,850.48,0.3204038903489989,0.3971094643831231,0.4171354934339142,0.4676610596054403,0
1775544790.3678205,2047.0,851.12,0.31912333752365,0.3963987700323574,0.4157973294826869,0.4683091914008138,0
1775544790.401893,2047.0,845.32,0.3220026428058673,0.3962876541829113,0.4148038100429975,0.4674469464839201,0
1775544790.4483137,2047.0,849.32,0.3190068885537599,0.3964131366449651,0.4145922422491248,0.4683781493738982,0
1775544790.4814832,2047.0,841.48,0.3245220032402309,0.3991900530358805,0.4177427927723591,0.4701388068406902,0
1775544790.515097,2009.96,845.16,0.3250044644495201,0.401255184623498,0.4195609292228219,0.4709928731902696,0
1775544790.5616298,1972.74,838.12,0.3263518553321221,0.4013066907581272,0.4202886078678338,0.4721708455197648,0
1775544790.591848,1937.12,840.8,0.3252934784959655,0.3997837779954091,0.4174119211262613,0.4702783765436036,0
1775544790.6256027,1901.34,833.9,0.3234736316425156,0.3981376210599288,0.4162120113038185,0.470904433062647,0
1775544790.6562226,1868.92,841.08,0.3244861258802652,0.3973584580924864,0.4159357636910947,0.4708523396066885,0
1775544790.69102,1829.98,835.1,0.3214142530815262,0.3983259529327815,0.4173541920995336,0.4698107435361124,0
1775544790.735974,1795.74,838.46,0.3201088366272004,0.3971085487883122,0.4161618954599587,0.4687941496617859,0
1775544790.767491,1754.96,829.84,0.3209513451737278,0.398822587425962,0.4171249742249854,0.4690044483669932,0
1775544790.8004313,1720.06,832.58,0.3230427086850009,0.3989937929148526,0.4177881389933119,0.4710976287291022,0
1775544790.8343894,1680.58,828.4,0.3216362478103017,0.397019579888079,0.4167279071199557,0.4690250711166217,0
1775544790.8802838,1644.66,831.96,0.320144591582006,0.3962069381170526,0.4153916682967353,0.4685715539989218,0
1775544790.912381,1607.92,826.12,0.3228002036242371,0.3997794095931558,0.4158178188919196,0.4713302903856063,0
1775544790.9442365,1570.94,828.32,0.3208271988190117,0.3991438793949555,0.4165252541685694,0.471039697897802,0
1775544790.9780035,1534.66,823.56,0.3237604830678049,0.4010570902158718,0.4183382881308031,0.4700220714241679,0
1775544791.024378,1499.14,826.34,0.3185864591312617,0.3974255443062574,0.4153563437489526,0.4689027196915532,0
1775544791.0562198,1463.14,821.42,0.3227738169900446,0.3979795767575328,0.416274023721485,0.4696226214364825,0
1775544791.091437,1427.96,824.92,0.3205332360588388,0.3978874761601499,0.4144610443899859,0.4698700383573257,0
1775544791.1224732,1391.02,819.96,0.3219391978646519,0.4027201269340465,0.4166132228701774,0.4701937360523906,0
1775544791.1700623,1356.32,822.32,0.3217418316699489,0.4013795461190926,0.4159209226060369,0.4697579912218559,0
1775544791.1994646,1319.14,819.16,0.3211625673050777,0.4012329318383853,0.4157991724350657,0.4703683689882068,0
1775544791.2336245,1285.28,824.2,0.322396717147285,0.4031094713307299,0.4169989713716304,0.4707736863690931,0
1775544791.267362,1250.06,819.42,0.322550604541938,0.4021893000519847,0.4169326712495059,0.4721103759119529,0
1775544791.3130047,1215.62,821.4,0.3224098901902448,0.4017369143777719,0.4172361461869899,0.4720846334415357,0
1775544791.3432508,1178.18,818.0,0.3221172365466084,0.4026665253294883,0.4172386945313905,0.4719292835012711,0
1775544791.376295,1143.42,820.14,0.3233851139980177,0.4028853742739103,0.4174518988283769,0.4681138175615497,0
1775544791.408294,1108.4,815.42,0.3207408587455542,0.4015206647377057,0.415858117535488,0.4713957930214407,0
1775544791.4402888,1072.24,817.06,0.3217431561454803,0.4011537458658298,0.4148694572886273,0.4689677451287016,0
1775544791.47131,1031.34,812.76,0.3201632468774691,0.4019488473056101,0.4157661904445932,0.4718783143027023,0
1775544791.5032227,996.4,815.58,0.3211019224299508,0.4044199505736922,0.414235380688662,0.4707837704983718,0
1775544791.5366542,958.22,811.48,0.3237800868233621,0.4041162363939083,0.4169783163977107,0.4705229022405847,0
1775544791.570755,922.9,816.34,0.3244197614728763,0.4052404808129267,0.4173908803674245,0.4710168012896887,0
1775544791.610468,885.58,810.3,0.3226998096015232,0.4043892018842437,0.4168431630009099,0.4710412370161412,0
1775544791.647195,851.34,812.68,0.3239237750855205,0.4040340461637565,0.4195402735662682,0.4723946912177157,0
1775544791.6804006,814.1,808.96,0.3242403175118547,0.4041710969071094,0.4179162532510058,0.47082706197316,0
1775544791.7121716,778.8,810.64,0.3222242160528276,0.4034931140729335,0.4185604374581054,0.4705564979536188,0
1775544791.7441597,740.78,807.32,0.3208327699543124,0.4018699362899596,0.4151131005196049,0.471566590490736,0
1775544791.775519,704.44,809.62,0.3220536652050254,0.402786418182544,0.4174490765851389,0.4712089981288295,0
1775544791.8095448,666.4,806.62,0.3206017847121646,0.4034233686573554,0.4165238650920305,0.4708266271986831,0
1775544791.8403811,630.44,808.12,0.3236320011573624,0.4040791030806355,0.4175359759927611,0.4705755560801293,0
1775544791.873636,592.66,806.04,0.3224276760239715,0.4052099424656504,0.4175649601103506,0.4728855457154486,0
1775544791.904328,558.14,808.5,0.3220308546816252,0.4042939307983048,0.4182456782159793,0.4722639428462287,0
1775544791.9377484,520.52,806.8,0.3216308404428535,0.4027684929866156,0.4170739519629738,0.470737889455309,0
1775544791.9715078,486.3,807.02,0.3197314312691096,0.4006263280999736,0.4152753435955788,0.4714962858519838,0
1775544792.0140736,447.78,804.86,0.3199983748101097,0.4024977129019316,0.4159217690675742,0.4718845263105842,0
1775544792.0484276,411.98,803.46,0.3200883879361066,0.4018526196655874,0.4152220870070034,0.4705148702885456,0
1775544792.0803044,376.72,803.68,0.3212227228473963,0.4030667654898209,0.4152507021703616,0.4703715950307878,0
1775544792.1122072,341.9,805.86,0.320425055068527,0.4021193843306389,0.4164198369892825,0.4710859552004219,0
1775544792.1441782,305.64,807.2,0.3202800746185444,0.4034205245461665,0.415737346149894,0.4709195570761479,0
1775544792.1754043,269.32,806.08,0.3221740454961787,0.402571826075733,0.4163508146052452,0.4691022778721023,0
1775544792.2084565,233.04,808.86,0.3209107334191459,0.4019900608265236,0.4162036270135354,0.4694560238597034,0
1775544792.240234,233.64,806.82,0.3208760652586549,0.4005122421134952,0.4152061428925701,0.4690861949185982,0
1775544792.2723286,234.68,808.2,0.3220837296689384,0.4030259288814053,0.4153376202352344,0.4707885631459211,0
1775544792.3043084,236.16,806.84,0.3202233522246723,0.4026766688086611,0.4141787402957433,0.4702703208823133,0
1775544792.3364613,228.26,807.0,0.321482323666151,0.4032002637593843,0.4153094196922909,0.4719481125098983,0
1775544792.3703158,226.42,806.64,0.3203679467793298,0.4013908646076389,0.4150153573211,0.4704920707257563,0
1775544792.4150784,228.34,807.62,0.3188398943722212,0.4012140016380138,0.4148896591331494,0.4707454278149203,0
1775544792.449782,227.32,807.28,0.318840087531695,0.4012914592490601,0.4154440297031724,0.4701040709888249,0
1775544792.4805412,233.48,810.06,0.3196348325466988,0.4009845333051424,0.4154105706103814,0.4700768394365957,0
1775544792.5128398,231.46,809.36,0.3223874103245833,0.4018377413408228,0.4169956668223672,0.4725930864812956,0
1775544792.5448203,237.4,808.34,0.3204703987645183,0.4014413338585854,0.4142256535263043,0.4697493245829827,0
1775544792.5778484,238.3,806.86,0.3164275756959019,0.3940408681175736,0.4069589990528416,0.4609832323113259,0
1775544792.6083882,238.34,808.16,0.301729851113412,0.3670693016231703,0.3848059032716132,0.4437728530163391,0
1775544792.6402216,239.54,807.5,0.2566230808554035,0.2913771935115105,0.3282174110828338,0.4133009608390195,0
1775544792.6723824,239.0,807.74,0.1882467276776634,0.214066813191364,0.2657659153535079,0.3665794135013851,0
1775544792.7044587,238.88,806.32,0.1121692224740483,0.1425884448010137,0.2007349923743555,0.3293776141813165,1
1775544792.7364166,239.3,806.68,0.0923944416321028,0.1162482135110475,0.1700789368386349,0.2865556849553546,1
1775544792.7683697,238.4,806.98,0.0618886434696333,0.0720224622121578,0.1249939629246986,0.1932124638053524,1
1775544792.8019917,239.96,807.6,0.0537242120299001,0.0395649010777455,0.0900481351347648,0.1426584419516329,1
1775544792.8482742,240.2,806.06,0.0515414509720913,0.0319477543037638,0.0778316698297505,0.1280383628912342,1
1775544792.8800683,240.98,807.02,0.0697895569430981,0.0230962535592047,0.0530030543530092,0.0984699275263265,1
1775544792.9120653,238.32,803.58,0.0858570817479333,0.0354311835607398,0.0298457852559019,0.075990168677678,1
1775544792.9443328,236.92,802.4,0.09651601475397,0.0386365439373315,0.0227103230765593,0.0663717720206143,1
1775544792.9761665,235.48,802.34,0.1098753637260642,0.0526961395632546,0.0220371414967393,0.0586679806003195,1
1775544793.0085156,234.74,801.86,0.1232729223126074,0.0695086686407199,0.0405649265706092,0.0671811684316596,1
1775544793.0401497,234.04,801.6,0.132761488994709,0.0837116248126843,0.0507927993676152,0.070181204562102,1
1775544793.0735283,231.84,802.76,0.1384801042180136,0.0860469333685402,0.0538905733815943,0.0719829186821733,1
1775544793.1041322,232.48,802.18,0.1407186528141982,0.0902143701623945,0.0542889936657296,0.0704928492116945,1
1775544793.137616,234.64,802.18,0.1384509129741467,0.0905888954303393,0.0601733330914633,0.0785398219487501,1
1775544793.1685476,233.58,802.14,0.1357301491865206,0.0891861750973661,0.0641600955549617,0.0803036456982758,1
1775544793.201838,235.28,802.6,0.1376307960936132,0.0908535028976234,0.0624187100549655,0.0816600864818766,1
1775544793.2355957,235.08,801.54,0.1406134883876192,0.0926323509606172,0.0667428583020788,0.0768095253553249,1
1775544793.279379,232.84,803.32,0.1360155341301809,0.0867050346535026,0.0625916274227909,0.0783075578771538,1
1775544793.312446,231.92,803.68,0.1385216586839021,0.0900397819717889,0.0696177071038601,0.0817853215728558,1
1775544793.3431437,232.56,802.94,0.1291073184135953,0.0780900498230069,0.0589111525923958,0.0822510241627607,1
1775544793.3761203,232.64,802.66,0.1260698120388226,0.078406661345881,0.0684480856301708,0.0892555189819272,1
1775544793.407402,235.56,803.38,0.1228506953947139,0.0756577606962277,0.0713990202339139,0.0958659518266291,1
1775544793.4404593,237.06,803.02,0.1240629662604358,0.072483421731858,0.0653550131461629,0.0920975943614373,1
1775544793.4721951,238.88,802.96,0.1184632089227539,0.0703429836637578,0.0647073424273118,0.0940454660941939,1
1775544793.5035136,238.78,802.78,0.1205999220552278,0.0700750476337391,0.0625563291208204,0.0924761908264187,1
1775544793.5359795,241.04,802.62,0.1191922639997902,0.0669807339056167,0.056071465321484,0.0913523715268005,1
1775544793.568295,239.6,801.66,0.1175951571873736,0.066124231560924,0.0552004315553113,0.0957800092530786,1
1775544793.5993302,239.52,800.68,0.118281789404075,0.0646357198381863,0.0497777817348968,0.0904051148983228,1
1775544793.6323853,237.58,800.24,0.1181205982941268,0.0619148160841505,0.0495038538827485,0.0895189172938955,1
1775544793.6660872,240.44,800.24,0.1147800292788893,0.0626364549230268,0.0494963829026108,0.091254698633154,1
1775544793.713829,240.74,803.92,0.1144838702937462,0.0630247428484479,0.0509362935689067,0.0944066086059164,1
1775544793.7444112,237.38,802.72,0.1196673763796676,0.0670827141155873,0.0483297067609494,0.0893807337318443,1
1775544793.777675,236.56,802.96,0.1134855315293787,0.0601043554974132,0.0464273556629154,0.092225037740299,1
1775544793.807259,235.94,801.62,0.1104587124260051,0.0586654525378334,0.049920703175339,0.0964750348656014,1
1775544793.8419278,237.2,802.42,0.1143747601137641,0.0613850266687902,0.0492975030211148,0.0954515188908121,1
1775544793.871157,236.36,799.86,0.1127154215919661,0.0596088876661614,0.0477749989966475,0.0958067826748541,1
1775544793.9044206,237.46,800.44,0.1099624145735709,0.0577960981868638,0.0472676330239945,0.0975717395318006,1
1775544793.936128,237.48,800.06,0.1135856196523808,0.0605079641378251,0.0495792109781587,0.0971435849441863,1
1775544793.9681518,237.24,801.06,0.1136842348309837,0.0598557458524668,0.0492417750059205,0.0962478956856096,1
1775544793.9991157,243.8,801.84,0.1133368243082679,0.0593005744563935,0.0462961088041423,0.0929128653599302,1
1775544794.032331,242.24,801.2,0.1119326062820225,0.0584768605755828,0.0481833859873535,0.096750019792301,1
1775544794.0660138,242.98,801.2,0.1115490981030451,0.0585168858270476,0.0470582719827183,0.0953249765504289,1
1775544794.112322,243.14,800.56,0.110009003531588,0.0566202192295411,0.0501816966962981,0.0984834795945402,1
1775544794.1440625,240.32,801.02,0.1123594920250866,0.0606405588368201,0.0473388556649423,0.0949482241786493,1
1775544794.1764982,241.02,800.46,0.1103586584901849,0.0588211019438338,0.0520226178565092,0.0999884235327429,1
1775544794.2104475,238.78,801.74,0.1107340688022325,0.0568158435251437,0.0478052235096718,0.0971236678883096,1
1775544794.2563984,238.78,801.88,0.107922786931585,0.0544605218439633,0.0482287247520202,0.0988500294782499,1
1775544794.2882695,238.84,802.0,0.1089955308884002,0.0580670219888684,0.049489544091885,0.0969007803674632,1
1775544794.320341,238.88,801.38,0.1080476715168834,0.0581796825841162,0.0538661327000505,0.1023366417447316,1
1775544794.354117,240.06,801.88,0.1098851346278584,0.058745925872829,0.0515027773722022,0.0979793563520012,1
1775544794.3888912,239.32,802.12,0.1097560785954055,0.0585237431093162,0.0486878035804818,0.0950035338650034,1
1775544794.4337497,238.64,803.0,0.1103056748618194,0.0583412816897565,0.0490162705830782,0.0954398172160532,1
1775544794.4643114,239.24,802.52,0.1095248307359382,0.0584594150805969,0.0528242142571203,0.1006074044869246,1
1775544794.4978838,239.4,803.42,0.1092065484143123,0.0586199889904736,0.0516479604232268,0.1013616352311692,1
1775544794.5326874,237.62,803.82,0.1110318478759047,0.0584128923993135,0.0458801553166462,0.0975816739789038,1
1775544794.5748312,237.42,803.66,0.1110392077125374,0.058440604751312,0.0457189863890668,0.0977155355979954,1
1775544794.6082869,237.72,803.94,0.1076851599386563,0.0567632770253973,0.0483170801381767,0.1015935190347846,1
1775544794.642003,239.24,805.32,0.1092403382075829,0.0577342365629401,0.0495021989554211,0.1002663463979849,1
1775544794.6874983,239.6,806.66,0.1101627604458957,0.0596278350817705,0.0491246409343776,0.0991045620297427,1
1775544794.7203414,241.12,807.66,0.107297068139351,0.0561669956347851,0.0492237926222631,0.0997148470136499,1
1775544794.7521832,241.8,808.12,0.1089482682107427,0.0588589519993445,0.0505795556395391,0.1001915569849329,1
1775544794.7857804,242.44,807.96,0.1078917999105745,0.0570704446142389,0.0523516969479855,0.1021442863520352,1
1775544794.8322716,242.3,808.82,0.1097585041491306,0.0591050886030121,0.0525974355923021,0.1009526762154163,1
1775544794.8643425,244.78,808.52,0.1102852834519281,0.0604931725000809,0.0532121193889178,0.1004586902951289,1
1775544794.8958447,245.26,808.72,0.1078575340840273,0.0568798614296886,0.0497855721478108,0.0992586785059553,1
1775544794.9275596,245.2,807.34,0.107936396311179,0.0563655949696803,0.0475262416726858,0.0986310497736208,1
1775544794.9602711,244.28,809.0,0.1068078313791214,0.0565692741328952,0.0504091224403557,0.1027627176596112,1
1775544794.9960103,245.66,807.8,0.1102882365660169,0.0597231811479103,0.0496546020773297,0.0981601548585593,1
1775544795.0261152,245.04,808.94,0.1073275382848663,0.0554688134182786,0.0468552814811916,0.0987364779602271,1
1775544795.0562153,246.58,808.32,0.1088530232615136,0.0576180271982141,0.0468004516261568,0.0989067837629843,1
1775544795.089947,246.02,809.92,0.109034004123683,0.0577298979089044,0.0475177764735943,0.0984165698025339,1
1775544795.1352324,244.78,807.88,0.1081410856370219,0.0579628936596225,0.0501341089596328,0.1015373995553837,1
1775544795.1695745,242.72,808.88,0.1101576095803547,0.0580480296682143,0.0459856594259902,0.0981937265906017,1
1775544795.1989572,241.88,807.36,0.1073102571825039,0.0549883983090449,0.0463725821136819,0.1004956835261929,1
1775544795.2315185,242.16,807.44,0.1068798942172532,0.0564650106903372,0.050707016979564,0.1026753500279107,1
1775544795.263384,242.08,805.28,0.1077926196869759,0.0559152594209451,0.0450296123534153,0.0983822781515909,1
1775544795.296856,241.22,806.26,0.1091782550350086,0.0573935528065874,0.0480661912058188,0.0991653286071543,1
1775544795.3286269,242.34,805.4,0.1060499366757239,0.0552863036028199,0.0471259877248799,0.1004261160138469,1
1775544795.360567,242.64,807.36,0.1065193308453905,0.0566527719210145,0.048760096873877,0.1015394699734788,1
1775544795.3963263,242.28,805.96,0.1067801881906779,0.0562604641943263,0.0470070398707694,0.09934920757516,1
1775544795.4236422,241.4,806.28,0.1073882277420702,0.0558685254197711,0.0484098500411152,0.1012995114411932,1
1775544795.4550717,243.92,804.48,0.1072517310060969,0.0561107003614353,0.0500615298084259,0.1013153411361186,1
1775544795.4889388,243.52,805.08,0.1026945504357604,0.054656621332529,0.0541347145142024,0.1057499187373913,1
1775544795.5222414,243.84,803.72,0.1036324057125959,0.057839266335363,0.0588591882132367,0.1064652171039057,1
1775544795.567431,241.86,805.36,0.1027071979493639,0.0566624819650009,0.0573943246216759,0.1059076560630013,1
1775544795.599215,245.44,804.94,0.1047529934232781,0.0593861095283148,0.0637098554351182,0.1117576514404649,1
1775544795.6323676,244.66,806.04,0.1009216576407611,0.0610022628686053,0.0843416134393662,0.1283485468375833,1
1775544795.6678803,244.2,803.98,0.0996680225165064,0.0518032406491699,0.0673604648118139,0.120707118865047,1
1775544795.6970775,242.42,804.38,0.0794551353957013,0.0269543335393492,0.0695796858841677,0.1200419633662704,1
1775544795.7296183,243.12,802.22,0.0519560991771139,0.0228086475590786,0.0795910757349352,0.1344900858983618,1
1775544795.7592387,241.82,804.46,0.053201649659638,0.0647530692663593,0.1224313798172949,0.1994134759096386,1
1775544795.792519,241.88,801.9,0.0660559499725546,0.096081485718388,0.1597457044172516,0.2430555462983303,1
1775544795.8241396,240.32,803.84,0.0993744675026441,0.127934146123631,0.1855784235072345,0.274249353624052,1
1775544795.856316,240.82,801.1,0.1746221440089441,0.2204900048811224,0.2644088074065467,0.3224606180847889,0
1775544795.8882558,242.5,803.26,0.2353661633721497,0.2978417578050046,0.3210320551628624,0.3688428952396158,0
1775544795.922487,242.5,801.14,0.2716115596577474,0.3290506419143954,0.3457115644135445,0.4003111922073151,0
1775544795.9681869,241.96,802.08,0.2773911330674586,0.3342404271963881,0.3492629028696496,0.4002568372488404,0
1775544795.9994123,241.9,800.26,0.2980788011714402,0.3676123660680277,0.3764285001933981,0.429967800407346,0
1775544796.03233,241.14,801.74,0.3107847725347762,0.3860111194185747,0.3974996524448175,0.4481626255501898,0
1775544796.0642924,240.64,800.14,0.3210140906719149,0.3949870820135183,0.4083544649420256,0.4580675389878082,0
1775544796.0976572,240.7,801.52,0.3238961809994762,0.4032346904369354,0.4186911374700331,0.4651478631239548,0
1775544796.128337,241.04,798.98,0.3285204793322488,0.4071327324723556,0.4240079601726547,0.4717980637799866,0
1775544796.1594286,241.3,800.3,0.3273014486011267,0.4095199013399113,0.424768295832138,0.4763294080499406,0
1775544796.1924014,240.28,797.32,0.3288239155310739,0.4128428034716107,0.4261109412983856,0.478683169389673,0
1775544796.224271,240.56,798.58,0.3289066538459023,0.4112960925519122,0.4284759730988182,0.4796889293381816,0
1775544796.2562437,241.54,796.88,0.3307952786105952,0.4136725372732638,0.427654332888028,0.4786169270722675,0
1775544796.2896652,241.4,799.26,0.3302357129451857,0.4162345714308914,0.431892030888926,0.4836817948944644,0
1775544796.320404,240.6,798.36,0.3314636180403337,0.4170686321265965,0.4309523832471529,0.4830268838085266,0
1775544796.354194,241.82,798.48,0.3313462600543674,0.4166663741639238,0.4317773220942495,0.4839144414952284,0
1775544796.398887,242.0,796.54,0.3319319319072656,0.4167309511682226,0.4327647149364163,0.4837555224345788,0
1775544796.433757,240.84,796.4,0.3314855266420312,0.4156912842417321,0.4309643579181112,0.4837306187888469,0
1775544796.4633758,241.4,795.44,0.3321064053176342,0.4189495932895736,0.4330768089584484,0.4850517603157963,0
1775544796.498432,241.04,796.0,0.3325633982923325,0.4206997661801588,0.4352611636205459,0.4872972852754189,0
1775544796.5272086,240.56,794.78,0.337462086286834,0.4241136946681472,0.4380476598244627,0.4888491432285942,0
1775544796.5602753,239.54,795.7,0.3360262025612864,0.4240682107971065,0.4389831178678117,0.4906985759120711,0
1775544796.5915258,239.88,795.56,0.3341567127908776,0.4231115591803063,0.4377219119789107,0.4890340393559553,0
1775544796.6231892,239.26,795.0,0.338539537097539,0.4231186254879516,0.4382695719379347,0.4874044982267692,0
1775544796.656258,241.42,795.92,0.3343408603915363,0.4216606889808344,0.4367317366423092,0.4872075467835849,0
1775544796.688299,241.22,794.78,0.3373867880301066,0.4234578784173853,0.439612183603308,0.4874993361759378,0
1775544796.7195122,240.5,795.56,0.3378919267345073,0.4242886678163824,0.4407956323546342,0.4887382280093986,0
1775544796.752169,239.62,793.9,0.3356413979367,0.4226502416090593,0.438241137468788,0.4882275446292744,0
1775544796.7858112,239.22,795.22,0.3344512398408732,0.4225434310635024,0.4364643618923816,0.4866019152491416,0
1775544796.83205,239.46,794.88,0.3336674628375399,0.4220086906051715,0.4369559755600209,0.4879232548121468,0
1775544796.8643374,240.7,796.38,0.334474961088483,0.4217632343238247,0.4383744252053258,0.4883237571645573,0
1775544796.8993492,240.12,796.26,0.3362373855070713,0.4249442971025706,0.4397765933702504,0.4876565386837659,0
1775544796.9294634,239.58,799.3,0.3357156977932786,0.425674057054475,0.4392116056797357,0.4909609864999106,0
1775544796.960429,240.42,798.52,0.3353771549199592,0.4257041379397307,0.4394104511114355,0.4920652600242977,0
1775544796.993626,241.56,799.64,0.3369856680190802,0.425521221704828,0.440642201621213,0.4892479064203857,0
1775544797.0244598,241.2,798.26,0.3362555868272917,0.4263838604111469,0.4391928353069537,0.4907057745376075,0
1775544797.0577767,241.8,799.56,0.3361756738004512,0.4257471385665518,0.4410356986199326,0.492035168224103,0
1775544797.0883372,242.62,798.0,0.3364595547926458,0.4262736672501448,0.4404604200918404,0.4926455207742456,0
1775544797.1203642,242.94,799.2,0.3355197260842443,0.4281621970803385,0.4409713615226738,0.4931391133925464,0
1775544797.152496,242.56,798.7,0.338464994128149,0.4265382345966697,0.4420557912138926,0.4926143119768507,0
1775544797.1861198,244.1,800.6,0.3368128381740284,0.4266522706158956,0.4401949034506045,0.4925400156028996,0
1775544797.2328172,244.66,798.18,0.3373480192221241,0.4270481815015664,0.4413261285494521,0.4943631213523788,0
1775544797.2631855,242.64,799.54,0.3356026280642674,0.4264635490784215,0.4417014824058801,0.4943652239383845,0
1775544797.300235,242.18,798.6,0.3358161022561655,0.4271529367272302,0.441896381608499,0.493687225322432,0
1775544797.3275464,242.64,799.96,0.3359760394316373,0.4257689630479736,0.4426236662871988,0.4948684597174283,0
1775544797.3603148,241.9,799.32,0.3347607360422427,0.4293427159291667,0.4439516195958323,0.4957593724966687,0
1775544797.392148,242.7,801.34,0.335692388374019,0.4296583806942772,0.4421489822575616,0.4946090977217677,0
1775544797.4243133,243.34,799.9,0.3357174603833798,0.4295385337671636,0.4416321728807841,0.495722588840007,0
1775544797.4562366,241.9,801.48,0.3368914204575006,0.4273401018650367,0.4429377603096367,0.4944096487481118,0
1775544797.4873316,242.06,800.4,0.3350370209535058,0.4280438592963806,0.4432493182164461,0.4966116656210612,0
1775544797.51918,242.98,802.36,0.3374403597395432,0.4266589385500093,0.4450944804476023,0.4955830144171402,0
1775544797.5536697,240.94,801.5,0.3338090838817213,0.4279580427125694,0.4424298296731987,0.4946170687793784,0
1775544797.583478,240.34,802.24,0.3354071522788647,0.42732391782738,0.4423760102117642,0.4926214802946675,0
1775544797.6162703,239.96,801.38,0.3351632979243379,0.4278666515485301,0.4427356239232176,0.4934214369961108,0
1775544797.6493316,240.46,802.1,0.3364098987646693,0.4260631846836072,0.4417241675555994,0.4927389608095426,0
1775544797.7004852,240.34,800.44,0.3367720189476144,0.4280061963578899,0.4432056839718432,0.4939379582315349,0
1775544797.7275894,239.78,801.5,0.3363557360110655,0.426532690238944,0.4422161325352778,0.492064942820308,0
1775544797.7601414,239.54,800.36,0.3380821508375223,0.4271890982969986,0.4431418711887407,0.4929323909033709,0
1775544797.7922711,239.12,802.86,0.3371254784984718,0.4272436880516439,0.4441089706954465,0.4939718669807039,0
1775544797.8241465,237.5,801.34,0.335223757434272,0.4296547266604071,0.4428802581468313,0.4944737000658685,0
1775544797.8564534,234.6,804.36,0.3376994414881203,0.4294552541882115,0.4442964316999505,0.4949898398482676,0
1775544797.887396,233.62,802.96,0.3352858432954905,0.4311825222633789,0.4444334373718559,0.4966405022419898,0
1775544797.9192734,232.64,805.7,0.3365048027627095,0.4330692609803223,0.4451250000110463,0.4960420083754748,0
1775544797.952243,232.08,803.28,0.3374577254273854,0.4327616787831106,0.4456889150402841,0.4954456434753894,0
1775544797.9833884,231.96,805.36,0.3345141223740239,0.4311045335031764,0.4465702131441556,0.4963136582867269,0
1775544798.015169,229.6,803.64,0.3337496285543594,0.4303976087125672,0.4446209207879681,0.4954043516143432,0
1775544798.048907,230.12,805.98,0.3362397917629428,0.4314624943786387,0.4455858863901685,0.4958763221018464,0
1775544798.0961034,229.3,805.1,0.3361962622084962,0.431839346177047,0.4466331510397713,0.4969494907929394,0
1775544798.127252,231.3,807.36,0.3358671858766524,0.4305699926261055,0.4443814174503626,0.4936999822088755,0
1775544798.1603012,230.14,805.82,0.3360795558583139,0.433038383697979,0.4444778946551397,0.4944591352183773,0
1775544798.193643,232.58,809.38,0.3377672357962644,0.4331137894115779,0.4469857059336358,0.4957729793245407,0
1775544798.2244167,231.94,807.52,0.3388158235255937,0.4337098283499341,0.4471267552614896,0.4961067921021253,0
1775544798.257856,231.84,809.48,0.3360558134622598,0.4326120821758379,0.4477164853831201,0.4970741699923777,0
1775544798.2872653,232.12,808.08,0.3366039532377253,0.4323148884702912,0.4484517495898665,0.4955611744856588,0
1775544798.3209193,232.0,809.7,0.3396011321472154,0.4338646526915267,0.4476371367903724,0.4958821132292638,0
1775544798.3523693,231.0,808.86,0.3356716774575566,0.4308181606363694,0.4483748169983375,0.4958048169051577,0
1775544798.3832324,230.08,810.38,0.3381120851132709,0.4332559917408654,0.446490431208331,0.4955990196531031,0
1775544798.416454,231.14,809.62,0.3394284531825913,0.432923416710383,0.4470469169083851,0.4947784036947739,0
1775544798.4473982,233.48,811.36,0.3367904854363208,0.4327711408406834,0.4480260414883622,0.4951326499752648,0
1775544798.481121,233.76,810.84,0.3392795792091799,0.4345408278622659,0.4462916198097641,0.4959946652152444,0
1775544798.5147374,233.52,812.6,0.335557490124774,0.4354304030614086,0.4472237208605689,0.4969164428378163,0
1775544798.560184,233.18,811.58,0.3360206931115791,0.433919148547839,0.4487777336242715,0.4965547967405626,0
1775544798.5915475,234.54,811.1,0.3385926581969338,0.4337575209360184,0.448266280929728,0.4957789852184739,0
1775544798.6243317,233.42,810.5,0.3328462571041903,0.4267224789354212,0.4433379599860702,0.4936655484212883,0
1775544798.6562235,230.74,811.92,0.324000137259254,0.4142621337397362,0.4271814657867237,0.4735208849499881,0
1775544798.688276,230.16,810.28,0.2986695921000635,0.3525062019943258,0.3680298028777106,0.4306821187180285,0
1775544798.7202392,230.12,812.94,0.182851187280816,0.1923163839621099,0.2402569078230084,0.3454675444995843,0
1775544798.7521756,228.52,812.68,0.0992636365764757,0.1071562744599451,0.1500527140017698,0.270325154132486,1
1775544798.7841449,228.12,814.94,0.0748588168595423,0.0597305100317226,0.0996219772075106,0.1727605067925383,1
1775544798.817657,227.4,813.88,0.0787802943945049,0.0471135290132959,0.0568915300815855,0.1145860494632142,1
1775544798.8484175,226.4,813.96,0.0861958411193015,0.0378652213464764,0.0461855843610321,0.0883123770476577,1
1775544798.8825922,226.2,814.18,0.0966730378358342,0.0426312326320932,0.023215510599347,0.0651645983208464,1
1775544798.9202826,225.6,815.82,0.1055856300953427,0.0490371856641639,0.0067116038641244,0.0571515506062405,1
1775544798.9616675,225.24,814.42,0.1147837531811087,0.0564948922697387,0.0289140401565012,0.0660902542289589,1
1775544798.9912615,225.44,815.98,0.1271435557478157,0.0695590415187619,0.0303736119128043,0.0592854337884219,1
1775544799.023284,225.82,815.64,0.139946494533882,0.0849522205435179,0.0483740785762399,0.0669183712793223,1
1775544799.0561478,225.74,816.62,0.1434266992519693,0.0865427536378355,0.0542377482409956,0.0756066701724173,1
1775544799.0883338,225.46,815.82,0.139221847934498,0.0869800903961141,0.0716595113783026,0.0926617144731956,1
1775544799.1204314,227.4,816.66,0.1407275893402254,0.086988730631524,0.0665116051546747,0.0873588855282434,1
1775544799.1524365,227.18,817.02,0.1304891591830335,0.0772370430799144,0.0642289202617359,0.0954922987797627,1
1775544799.183314,227.14,817.84,0.1262283583751288,0.0727114048610811,0.0616826013128186,0.101157269658035,1
1775544799.216262,227.42,817.36,0.126343981608211,0.0731331757819067,0.0626852049140092,0.1042826083510193,1
1775544799.2475474,228.46,818.88,0.1210033372837366,0.0683825833632171,0.0599172113425267,0.1037658926904031,1
1775544799.2793896,227.44,818.5,0.1198170488598243,0.0671161073633065,0.0586992379954022,0.1058641013496537,1
1775544799.3026624,227.08,819.22,0.1157148436326973,0.0641381301506759,0.0581558359564633,0.1102268657412844,1
1775544799.3277235,226.72,820.32,0.1127747178013488,0.0635494492894791,0.0562520689659345,0.1103136412011812,1
1775544799.359513,226.18,822.38,0.1125106233906925,0.0628887105728892,0.065143246094932,0.117471387202545,1
1775544799.392262,225.68,821.5,0.1081341774742431,0.0631221808326774,0.070944698460448,0.1264345301032832,1
1775544799.4241226,225.88,821.9,0.1070071918026673,0.0640482552937335,0.0785546827098056,0.1321116824369081,1
1775544799.4574094,226.44,822.62,0.1057040969296653,0.064729614337572,0.0793557217603777,0.1313309446912366,1
1775544799.4883397,229.58,821.22,0.1026111636452035,0.0622359733734931,0.0774687206307301,0.1359975736551837,1
1775544799.521819,230.0,821.68,0.0979556940192766,0.0624536430078284,0.0870077294518266,0.1445754469669158,1
1775544799.5515423,230.32,820.54,0.0917931395534404,0.0679471261799322,0.099966305722866,0.1581464556473302,1
1775544799.585719,231.36,821.16,0.0948298521166606,0.0679171532786768,0.1012151516841798,0.161888943997724,1
1775544799.616043,232.96,820.62,0.0961249929321466,0.0756346479091291,0.1111343843958669,0.1689903491884091,1
1775544799.648543,233.2,821.68,0.0926776544230163,0.0690334421539154,0.1022569792988684,0.1630266266596472,1
1775544799.6803408,235.22,822.56,0.0934575725482183,0.0740465228420614,0.110200855431777,0.1694052112186211,1
1775544799.712181,235.78,823.46,0.0967832957142793,0.0755624896813613,0.1116561263779764,0.1693074340427218,1
1775544799.744932,232.74,822.1,0.0927909306953851,0.0722854199954394,0.109051680308767,0.1691578048034586,1
1775544799.7925713,235.46,821.4,0.0878266565933697,0.075493422795349,0.1128187373607442,0.1713535317338721,1
1775544799.824165,233.26,819.84,0.0916240011311508,0.0732336652257001,0.1069886775282683,0.1670506799270409,1
1775544799.856289,234.64,821.44,0.0919668161712947,0.07664323749726,0.1132338204620886,0.1688967856437722,1
1775544799.888577,233.9,820.88,0.0907125277744993,0.074996612357367,0.110413664554934,0.1668990276610901,1
1775544799.919448,236.08,822.5,0.0935450276967766,0.0774890737261081,0.114390740850914,0.1694599882898069,1
1775544799.951361,232.66,825.26,0.0889372468680346,0.0733542072958915,0.1120199452879403,0.1677339943577152,1
1775544799.9834125,233.46,826.1,0.0869397018071865,0.0730148302254385,0.112458543705895,0.1692717449072798,1
1775544800.0153818,235.38,826.64,0.0892113848872205,0.0732832550135694,0.1110561414574068,0.1681121176562402,1
1775544800.0473127,234.62,826.16,0.0897149311381183,0.0723536232827956,0.1103430612408351,0.1653516660552142,1
1775544800.0801349,234.8,826.6,0.0896880605662427,0.0706696499070574,0.10874217886703,0.1643717357492728,1
1775544800.1114466,236.1,828.8,0.0888913788582084,0.0718788257109339,0.1093124492710002,0.1650804985188949,1
1775544800.1458347,234.68,827.5,0.0897802681128371,0.0728204732416987,0.1107577407376472,0.1667947190658221,1
1775544800.178918,235.56,828.54,0.0896659234102742,0.0730673814811973,0.1098370595682094,0.1647173244392104,1
1775544800.2247715,233.36,832.58,0.0857225903949377,0.068522822778281,0.10771436285836,0.1627555401051183,1
1775544800.2552795,235.46,821.04,0.0852983728338552,0.0665699983568162,0.1061336926767501,0.1630757126688009,1
1775544800.2882342,238.68,824.44,0.0845924761624299,0.068562390411545,0.1102302481631886,0.1655789645841384,1
1775544800.3195918,238.8,826.5,0.0875591449641645,0.0724481942894718,0.1110455335977377,0.1657818819137357,1
1775544800.351477,230.06,825.26,0.0874553764328531,0.0698522413876981,0.1080805382878276,0.1623616210141318,1
1775544800.383293,230.12,822.98,0.08678179069842,0.0704282494664422,0.110776318958132,0.1648698657799673,1
1775544800.416347,229.56,823.98,0.0854963538349064,0.0662611256823845,0.1062340338689862,0.1601118665187275,1
1775544800.4472847,230.8,821.42,0.0870609239948817,0.0687381035067609,0.1086775851193372,0.1624856959607849,1
1775544800.4803305,230.52,822.76,0.0865061774694963,0.0678987598539621,0.1077466454150588,0.1629564200409305,1
1775544800.5113776,230.06,818.76,0.0873365917086838,0.0701864857688171,0.1095682743783652,0.1627120842464079,1
1775544800.5440211,232.14,822.48,0.085411130052099,0.0733405076553461,0.1133158657586857,0.1652864667446208,1
1775544800.577671,238.38,823.42,0.0865302906914982,0.0713975548880831,0.1112104752725496,0.1641701505728285,1
1775544800.624516,239.52,827.38,0.0871019313072406,0.0722204434153047,0.1119407502907457,0.1640752491333013,1
1775544800.6561368,241.52,827.04,0.0845806226788691,0.0678089351691748,0.1088166813371288,0.1620456543492802,1
1775544800.686949,240.5,829.9,0.087450755646139,0.0712478796319457,0.1106556725954456,0.1619415197058636,1
1775544800.7213302,243.22,824.74,0.0844506887505494,0.0694658995984369,0.1087865488948571,0.1622699069036597,1
1775544800.752178,244.88,830.38,0.0862512938065117,0.0725285502854968,0.1117639485686065,0.1630471167796441,1
1775544800.7857826,246.4,820.2,0.0851395636437615,0.0688179448730441,0.1089340058641692,0.1608420015753529,1
1775544800.816332,238.36,822.04,0.0832230803633644,0.0668830026700669,0.1066944753309586,0.1579805900480931,1
1775544800.8496127,242.82,821.02,0.0863853876145055,0.0686262978762896,0.1077720715341352,0.1605668688009147,1
1775544800.88034,242.84,823.58,0.0833999506949527,0.0664043749396161,0.1062762102696052,0.1591115556066182,1
1775544800.9124255,243.4,826.1,0.0850140504934901,0.0678187137333823,0.1073800808167442,0.1602607541765191,1
1775544800.9432292,244.18,832.0,0.0840747536652599,0.0681887632246281,0.1085561482270469,0.1624883284124612,1
1775544800.9754343,245.58,827.74,0.0834432318154746,0.0670716846155205,0.1067579248461266,0.1592987462685003,1
1775544801.0096755,246.66,828.52,0.0830690512882956,0.0666691335022382,0.1084629207538456,0.1607465375796701,1
1775544801.05645,248.68,828.46,0.0827390026718534,0.068377060912073,0.1096044922778717,0.1621825169803933,1
1775544801.0873525,244.44,828.36,0.0843423190488882,0.0711971486563068,0.1118394846113569,0.1621650630102435,1
1775544801.119348,243.7,825.26,0.0841686439586998,0.0696390190570879,0.1106384919090966,0.1603175225889187,1
1775544801.1523533,244.26,828.48,0.0840704317004922,0.0684289963026557,0.108770659408569,0.1597250615380118,1
1775544801.1843512,249.24,829.86,0.0820919157970622,0.0637382456725597,0.1042062810808986,0.1593139530473763,1
1775544801.216405,246.04,834.48,0.0830392246394653,0.0680248521436581,0.1084638090309487,0.1614012782623816,1
1775544801.2475965,247.72,830.06,0.0841691186328815,0.0677780215515263,0.1086257806626195,0.1608239024669561,1
1775544801.280363,243.96,834.18,0.0806901195979189,0.0633760610079858,0.1044628567689306,0.1574361825658751,1
1775544801.314949,244.72,830.52,0.0821970110416833,0.0644080884965568,0.106347045115179,0.1581936174478148,1
1775544801.3617263,241.2,833.04,0.0863011389380427,0.0685150186400491,0.1129647910630936,0.1669874286706299,1
1775544801.3913505,244.78,830.52,0.0896984165254844,0.0771660964157997,0.1195650104099673,0.1725068479602808,1
1775544801.4248936,247.26,831.08,0.0882323864002429,0.0786703532602799,0.125709859569737,0.1776388867666685,1
1775544801.458554,245.76,829.72,0.0904035999290809,0.080724854057839,0.1373173030905448,0.181424665375867,1
1775544801.50572,250.02,833.72,0.0883022827654085,0.0770447651731321,0.1310404543381196,0.1779891872626163,1
1775544801.5364182,249.22,829.16,0.075230781248703,0.0569336135056929,0.1317313894376681,0.1806321598230457,1
1775544801.5683248,253.88,833.76,0.0669709976414064,0.0716930178220728,0.1439098611264002,0.1811080162855156,1
1775544801.6020453,253.72,828.66,0.0218791703342434,0.0574849646947648,0.1282840942974386,0.1789496729980726,1
1775544801.64813,260.12,828.94,0.0123315684441356,0.066294264046746,0.1297091961442229,0.1941771374903899,1
1775544801.6803513,259.12,821.7,0.0482337932478101,0.0736185462321235,0.1325853826836308,0.2073332467940989,1
1775544801.7113433,260.36,820.38,0.0503696318380934,0.0883010519120291,0.1408913078404516,0.2288370246627141,1
1775544801.7440064,264.22,820.04,0.0843414001239985,0.1155824207251463,0.1719085268210402,0.2584244650214863,1
1775544801.7781034,260.9,819.4,0.152813668019194,0.1909053921318976,0.2317355227574997,0.2981543757730834,0
1775544801.824172,264.06,813.88,0.2137823262706428,0.2616213100903682,0.2802884879973417,0.3372158589141051,0
1775544801.856587,269.28,815.64,0.2549962707440164,0.3086659430411152,0.3279999492261125,0.3777641909406273,0
1775544801.8902602,268.9,814.18,0.2773156714343411,0.3359768317941681,0.3481367564346221,0.3969250299317564,0
1775544801.9248433,269.68,800.98,0.2937482640229242,0.356079492587867,0.3657220125060429,0.4101357466281904,0
1775544801.9684942,270.38,808.18,0.2902851467648161,0.3561125953624398,0.3629406717838528,0.41152313318679,0
1775544802.000167,260.74,810.3,0.2988949183084816,0.3663542529256027,0.374075870873752,0.4233277504284651,0
1775544802.034382,266.12,811.1,0.3027352497394098,0.3746245882876386,0.3832334755184262,0.432734384759,0
1775544802.0794563,274.54,815.04,0.3068959536811927,0.3819690179195998,0.3911234460528777,0.4420176053134024,0
1775544802.11343,278.06,814.06,0.309644770086477,0.3825632053724835,0.3953713940690878,0.4431214549800334,0
1775544802.144427,278.08,814.22,0.3095779339038172,0.383290979942104,0.3973438247432626,0.4439201414942897,0
1775544802.1776469,277.04,813.22,0.3102325790946736,0.3870242333998962,0.4005218818979857,0.4481327107780408,0
1775544802.2085698,278.68,814.18,0.3115156339300237,0.387946397703082,0.4026733023614983,0.450569843862211,0
1775544802.24033,280.22,812.26,0.3113001121243184,0.3873723422545209,0.4026537798401422,0.452114229492235,0
1775544802.2724936,275.76,814.66,0.3102546279305485,0.3882131926628886,0.4014467145802909,0.4539154475293968,0
1775544802.3068635,272.08,798.44,0.3096922107852297,0.3897447250922007,0.4021904169132766,0.4575422378395633,0
1775544802.3363652,270.76,799.02,0.308678745400867,0.3897708839940032,0.4022900485694496,0.4564631435897597,0
1775544802.3673966,268.38,793.58,0.3089065821651251,0.3897382515345231,0.4024659165290127,0.4571800037650184,0
1775544802.40017,264.02,792.3,0.3100915403312859,0.3918760926664534,0.4025955537056398,0.4581340160158996,0
1775544802.4342494,263.46,796.42,0.3124555638627974,0.3944556911579116,0.4048586649515803,0.4612204842723105,0
1775544802.4803674,256.72,787.26,0.3115218760503478,0.3938899829383238,0.4061267179607422,0.461856738874532,0
1775544802.5110548,255.12,800.18,0.311316199931224,0.3941173160687506,0.4077379593490154,0.4645823494258414,0
1775544802.5439904,263.44,795.3,0.3132074814461878,0.3961441301853666,0.409315697344235,0.4681351125144933,0
1775544802.576298,262.54,795.08,0.3146478206007093,0.3983803800704428,0.411925472350185,0.4689324406618903,0
1775544802.6083734,258.34,794.08,0.3140992457775832,0.3965289818512937,0.4090139699575056,0.4692540955006342,0
1775544802.6403444,266.3,782.68,0.3126304462221924,0.395459246218471,0.4094935525935937,0.4677492467070411,0
1775544802.67361,264.18,784.42,0.3180743896263429,0.3977025432740626,0.410878171924453,0.4737233157890888,0
1775544802.7072942,263.4,796.32,0.3164170925659282,0.397297104201101,0.4092352215671707,0.4682785763703692,0
1775544802.737963,262.54,797.66,0.3139261342175802,0.3977986878334417,0.4071166472000117,0.46672265236772,0
1775544802.7682872,263.72,794.54,0.3152832769511012,0.3982056147001748,0.4075882426898214,0.4692773798642084,0
1775544802.807226,269.6,781.58,0.3152554340594367,0.396988602169308,0.4062760802222825,0.4654492500368696,0
1775544802.8314748,272.34,792.08,0.3152427633600505,0.3967060841327854,0.4065395263116723,0.466460310865034,0
1775544802.8650868,269.98,787.28,0.3161457498456896,0.3983137640314491,0.4086283930105748,0.4683964239671324,0
1775544802.9123497,265.24,788.6,0.3150644110133218,0.3972198390283807,0.4075261228725864,0.4689392127601705,0
1775544802.943233,265.26,786.72,0.3119003667653379,0.3974904607566994,0.4089977220923433,0.4706907412116145,0
1775544802.9763172,263.16,789.6,0.3133599641672607,0.3975313389695683,0.4085312616354132,0.4712841438260571,0
1775544803.0079193,264.78,786.86,0.3180606186345026,0.4009202531897288,0.4108357402386881,0.4718645069484128,0
1775544803.0402036,263.82,790.24,0.3180870228064515,0.4022233913023704,0.4103449228017501,0.4732067825482602,0
1775544803.072265,261.44,786.8,0.320379423027731,0.4036171221620412,0.4146831449556752,0.4739251761475221,0
1775544803.1078646,257.72,781.46,0.321874459220398,0.4055106240267914,0.415468261852981,0.4748282588949604,0
1775544803.1363485,251.68,781.08,0.3221273120687646,0.4064253840868349,0.414502226895872,0.475016313528475,0
1775544803.1684692,252.06,780.64,0.3210254812359386,0.4051257928231713,0.4146566659761769,0.4743406917370492,0
1775544803.2079935,241.3,778.14,0.3213714735356613,0.4064934945073543,0.4153836129906992,0.4746027420378415,0
1775544803.2323074,243.86,781.04,0.3203134493217566,0.4073301764824368,0.417542311061457,0.476618439503819,0
1775544803.2645204,238.34,776.92,0.3178661128752637,0.4061870655347272,0.419392734244111,0.4796649167510146,0
1775544803.2981398,236.4,776.82,0.3235317265533676,0.4094299547368503,0.4180266954644538,0.4778960559473333,0
1775544803.3316293,232.34,775.26,0.3222001526602095,0.4080086238590737,0.4160106112812557,0.4762707895133704,0
1775544803.3777995,235.98,784.94,0.321367757183559,0.4068352952001252,0.4173791606957585,0.4764534446294804,0
1775544803.4080667,229.34,789.78,0.3242599689836584,0.4088935159680313,0.4167301016970481,0.4767979125774348,0
1775544803.4418874,226.02,789.48,0.3229556421900794,0.4070727964050504,0.4155838577084491,0.4757284894402341,0
1775544803.4721365,227.18,789.28,0.3219949112028816,0.4081077158985253,0.4158313052104351,0.4770065389973155,0
1775544803.5081034,222.66,794.14,0.3225590153468055,0.4066907480258697,0.4162842846231008,0.4770426080077051,0
1775544803.541632,215.78,803.12,0.3262009538075697,0.4091998906520732,0.4175927315805781,0.4772143868321735,0
1775544803.5682526,215.52,802.4,0.3248537753342183,0.4109741231529665,0.4179769154936835,0.4772025379910852,0
1775544803.608473,214.16,816.86,0.3225767280333951,0.4100069515132213,0.4181108770147633,0.4777037672167528,0
1775544803.6312263,214.12,818.38,0.3234345653944663,0.4079866738393596,0.4176500035256004,0.478200016019103,0
1775544803.6641214,217.62,817.58,0.3253568802787028,0.4089150520609022,0.4168801533851188,0.4764620714111811,0
1775544803.6962786,215.36,812.82,0.3216006664424276,0.4102600222397387,0.4182514226746411,0.4769956322536412,0
1775544803.730498,216.16,813.16,0.3244547284025151,0.4109577256578934,0.4165573741522434,0.4755273989847676,0
1775544803.7761452,215.3,812.86,0.3247331715299326,0.4073537380162309,0.4157714650426659,0.4778639124286573,0
1775544803.8077788,219.94,809.5,0.3232541486951463,0.408630030920987,0.4163349572234337,0.4758504068878744,0
1775544803.839502,222.2,821.52,0.3248463175460439,0.4098175863683185,0.415817948188693,0.4770419684713815,0
1775544803.8722043,219.08,828.64,0.3226189280828252,0.4069842747126196,0.4129948365908476,0.4736984790968271,0
1775544803.9077528,218.24,833.32,0.3225703098625664,0.4088068157453894,0.4130221299688311,0.4737549229982187,0
1775544803.9377265,219.36,829.62,0.3225651455273381,0.4065245625646857,0.4120314869116547,0.4732989488522057,0
1775544803.968294,217.04,842.3,0.3207689308578875,0.4082348896588724,0.4125377610983209,0.4712035571875886,0
1775544804.0019822,216.3,837.94,0.31695857396419,0.4035711355356948,0.4097505199679104,0.4719119548513556,0
1775544804.0323026,217.88,842.54,0.3183989964601353,0.4060196050432701,0.4098745480476177,0.4690353463884678,0
1775544804.0660918,216.46,840.96,0.3166234597676593,0.4054879376649166,0.4091280133663481,0.4691725995092572,0
1775544804.0954273,216.54,840.94,0.3173348052704584,0.4073178762666998,0.4100589125495791,0.4698007258758811,0
1775544804.1252215,223.52,851.08,0.3151136783860553,0.4058053354671723,0.4083135025390496,0.4689042276657556,0
1775544804.159137,224.16,847.1,0.3149364653938539,0.4038643585808948,0.4085005241510167,0.4683387294354348,0
1775544804.1930273,222.64,854.46,0.3162667991309464,0.4063913904528064,0.4079866877233934,0.4678112806929229,0
1775544804.2264135,221.32,850.88,0.3174267887947516,0.4071072640376812,0.4097142789861918,0.4699114068831511,0
1775544804.272202,228.1,845.76,0.3154648939940017,0.4073248186309818,0.4086259260556978,0.4668232150419943,0
1775544804.3086183,222.28,854.58,0.3152023122014664,0.4034553637485187,0.4111783330926933,0.4717293171220768,0
1775544804.3364313,220.58,848.48,0.3139194065733465,0.4024096747536983,0.4094065143186952,0.473067284661285,0
1775544804.36884,221.7,837.68,0.3132775795748071,0.4047658111127736,0.4090012024757674,0.4705275074512421,0
1775544804.4002666,218.72,831.88,0.3111037042948451,0.4020141325141748,0.4075313869603355,0.4722947937616367,0
1775544804.431568,217.78,835.28,0.3124327001786026,0.4040496631391511,0.4076917742886192,0.4701750998091875,0
1775544804.4642718,215.46,849.46,0.3104729520234986,0.4052924965220334,0.4066105494847659,0.4686957477151661,0
1775544804.4962437,215.32,841.52,0.3089029597453573,0.3991006388965035,0.4047412000318212,0.4662103629781999,0
1775544804.5285714,210.14,849.42,0.3085360206024549,0.4057114500981847,0.4068207800596287,0.4670022332825672,0
1775544804.5624683,210.9,845.12,0.309030834444727,0.4049636850055466,0.4066362172318301,0.4649081188879531,0
1775544804.609089,212.18,845.84,0.3089885740777554,0.4036754156191602,0.4046094861036476,0.4638661147503064,0
1775544804.6417804,212.08,841.88,0.3087496869851165,0.4031257460992792,0.4047662956063806,0.4634904709095244,0
1775544804.672061,212.92,842.98,0.3097319683931747,0.40331332411049,0.405893399083513,0.462623305486904,0
1775544804.7092202,216.04,842.44,0.3104634354740239,0.4048324454426275,0.4047376669717322,0.463816019038679,0
1775544804.7363014,213.62,845.72,0.3119826945744383,0.4045566014616107,0.4060843520132826,0.4651005980692856,0
1775544804.7683296,215.0,852.62,0.3108905960747056,0.4067173426801594,0.4063557545294313,0.4646502935732509,0
1775544804.8002777,215.76,854.06,0.31219708138349,0.4058426805329893,0.406140222125051,0.4680175990751924,0
1775544804.8310366,214.9,856.94,0.3123959070594145,0.4042471888719644,0.407559783486954,0.4707273940349713,0
1775544804.8643358,220.4,858.5,0.3122853703453547,0.4086418677750401,0.408679838589067,0.4684670576510231,0
1775544804.895501,218.22,857.04,0.31455963918277,0.4067205913429947,0.409265468041637,0.4706923341736628,0
1775544804.9281757,215.86,854.24,0.3131987198730334,0.4100419467561789,0.410744341839758,0.4703802875610097,0
1775544804.960122,215.88,850.82,0.3130341532600418,0.4105253915441015,0.4110223970508906,0.4721693233596084,0
