Timestamp,Inner_Env,Outer_Env,Index_Dist,Mid_Dist,Ring_Dist,Pinky_Dist
1775545546.4245143,325.18,824.22,0.22477797110286668,0.2921302619475434,0.3032495605831348,0.3208834533491148
1775545546.488965,324.16,824.92,0.22116169299684252,0.29027827860998606,0.30090366688038883,0.3250319530077966
1775545546.5144978,325.78,824.32,0.21644924061197499,0.287521623713047,0.2999008192391786,0.32088159344963596
1775545546.5421968,325.06,823.94,0.21863631478276369,0.29113824582461967,0.3003291835600698,0.3199796815149803
1775545546.6016674,325.96,823.56,0.21978786916896162,0.28978952317739864,0.30008040326041907,0.3214994432989385
1775545546.633419,326.04,823.94,0.21959840378396778,0.2914832897175186,0.30022019401545297,0.32105336274857066
1775545546.6698308,326.2,824.02,0.21883833411278314,0.28969366592278395,0.3005400046592869,0.3221902225156335
1775545546.6972744,327.06,824.02,0.21740574397765083,0.2890488616450227,0.29707248546225457,0.31978565888569016
1775545546.7272322,327.2,823.46,0.21881277932839976,0.2896329176831005,0.2994529271341088,0.32017366656397006
1775545546.7526157,325.56,824.42,0.21881179017157476,0.2894698819185158,0.3002536222209762,0.3218851666913929
1775545546.7873394,324.12,823.82,0.22021367035096504,0.2905014818747351,0.3003756419867027,0.32238341432978207
1775545546.815219,323.86,823.82,0.21930260145060398,0.2906556173626196,0.3001739700050014,0.3219522888736947
1775545546.8429985,324.64,823.24,0.21738030122869673,0.29000631572873686,0.3003447332430836,0.3213953452303378
1775545546.8707159,322.7,823.7,0.21908113007015123,0.28850448092507436,0.3006976898937144,0.32084808162999434
1775545546.898461,322.26,823.12,0.21871364570069712,0.2879385360770274,0.2993610488172479,0.32111968103322486
1775545546.926356,321.16,823.3,0.21758476503973465,0.28763899014744854,0.2988659083062983,0.32053238270335654
1775545546.9540663,321.92,823.1,0.21734718873115724,0.2893502746870433,0.298400018579914,0.3211675126454041
1775545546.982051,320.64,823.14,0.2180826659711771,0.2892794584376711,0.2982995436788242,0.3206512828747343
1775545547.0095856,321.9,822.52,0.2177927638414797,0.2887655633292473,0.298098585642509,0.32002717681119897
1775545547.0374277,320.96,822.98,0.2172959689152344,0.2881457436790971,0.2969294055542997,0.3187323811933092
1775545547.0654604,321.6,822.0,0.21901369170615856,0.28777890889633,0.29728020408784445,0.3201280453832576
1775545547.0929973,320.82,822.38,0.21749674369797786,0.2881792704907929,0.2972876366667971,0.31991787293113666
1775545547.1209798,321.02,821.92,0.21876825644266853,0.28760049060840515,0.2974127301280614,0.3184267486823217
1775545547.1553953,322.08,821.58,0.2198177594061951,0.2889201381612343,0.2969563366983836,0.3205262829667777
1775545547.183165,323.78,821.36,0.21970987291778513,0.2910069811134574,0.2979403041390765,0.3207218271420971
1775545547.2179248,322.2,821.36,0.2204593474981032,0.28891445392580234,0.29784966547841596,0.32018955289138784
1775545547.2527034,321.58,820.68,0.21786596193807392,0.28783542047969374,0.2970232995654315,0.3203123438458441
1775545547.2805245,319.88,820.68,0.21902823778820935,0.2876921574500391,0.2982701508033197,0.32088852176777055
1775545547.3152332,321.24,820.08,0.21887330875921712,0.28747667806079413,0.2968637971716843,0.320048077465552
1775545547.3430524,319.08,820.16,0.21878256700287105,0.28905286161192556,0.2969056904527695,0.31984618595063824
1775545547.3846266,320.32,819.72,0.21731700926700248,0.28690493718255533,0.29636270073266874,0.3198390789371564
1775545547.4193873,319.46,819.04,0.21736009675905665,0.28845291650174326,0.2971143061821308,0.32032522462882435
1775545547.4643683,319.24,818.76,0.2190256967801773,0.2895905110937346,0.29620389061098834,0.31955044313413905
1775545547.488505,317.82,818.72,0.22027022225337398,0.2919434171770623,0.2979229404413469,0.32125562021059106
1775545547.5123343,318.54,818.0,0.2187503244892019,0.29108001416295287,0.2976042254998485,0.32177514162783705
1775545547.544861,317.24,818.0,0.2173727485526268,0.2904313945294344,0.29622436902636345,0.32260851016706293
1775545547.5771909,317.96,817.3,0.21943478059746857,0.2928531059900098,0.297524423787214,0.3246112901020735
1775545547.6282885,317.32,817.3,0.2200684094478044,0.29379716397472067,0.2999866386569606,0.32360778905637905
1775545547.6573734,317.92,816.76,0.22196813031206122,0.29504414436719173,0.30377111692197123,0.32563133729131766
1775545547.690227,316.48,816.76,0.2215301785051144,0.2949561424884464,0.299911067778,0.3262188023809559
1775545547.7205694,317.94,816.02,0.22176861328113748,0.29641669040961,0.3009508758467167,0.32603041342920946
1775545547.7546396,317.06,815.48,0.22152261869125953,0.2971366970318666,0.299787495926025,0.32770111501428556
1775545547.7899437,318.98,815.08,0.22314339137393396,0.29736923608730614,0.3039834389208388,0.3262681428554379
1775545547.834774,318.76,814.68,0.22413417085035123,0.29805414884878134,0.30363510603421956,0.32486460584010174
1775545547.8653507,321.12,814.24,0.2257611325633352,0.29807951847925723,0.3029323089075688,0.3270698167214115
1775545547.8991437,319.46,814.32,0.2259898503241736,0.2991955977725485,0.3021798929178562,0.3279695296058072
1775545547.9455104,320.0,814.42,0.22701388192828742,0.3008097527485685,0.30672621268927497,0.3282040986039501
1775545547.9776576,319.6,814.64,0.22657010459383656,0.30083865440178675,0.30613255141856954,0.3274257584911176
1775545548.0093172,319.26,814.04,0.2253030609258146,0.2988857032816153,0.3061523897569224,0.32675020178319314
1775545548.0446687,318.16,814.16,0.22624545621216544,0.3011602283260475,0.30627641884176277,0.3299951121566421
1775545548.0894883,318.86,813.34,0.2274865930944527,0.29969992596990747,0.3084587520682381,0.33002505986290503
1775545548.120513,316.68,813.14,0.22625679099042928,0.29961267871652014,0.30701961434216146,0.33005999967106725
1775545548.1530938,317.38,812.66,0.22808561666846608,0.3014856322772728,0.31000246070786314,0.32899924523625124
1775545548.1854186,316.64,812.66,0.22746291386886194,0.29934351419143185,0.308147079433532,0.3297206569123791
1775545548.2165608,317.44,812.0,0.22677661140797015,0.29836319704178466,0.30680882729618086,0.32831663447403436
1775545548.2495258,315.6,812.1,0.22568789616740015,0.2960162388674593,0.3072764365637457,0.3259422935129716
1775545548.281694,317.76,811.46,0.22317012707914283,0.2948171537735344,0.3061107941380931,0.32706440512218954
1775545548.3134103,317.34,811.46,0.22193513795961328,0.2922932242308921,0.30115342372890774,0.3252313594105485
1775545548.3462427,318.5,810.84,0.22286816950569482,0.2911104278720572,0.3011054886628741,0.32763432549929733
1775545548.3800845,317.74,810.76,0.22300905651735423,0.290648633166261,0.30102574949668565,0.3266521349391251
1775545548.4266803,319.64,810.22,0.22126364209875796,0.29056636002895514,0.3009121292159954,0.3267198777324276
1775545548.4571958,318.46,810.22,0.22163876047615833,0.2926140892749379,0.3034800851521721,0.3300549263976746
1775545548.4907904,318.8,809.82,0.22388432655462068,0.2912746099529393,0.301904524975185,0.3289188989802874
1775545548.5202565,317.46,809.36,0.2241433402012654,0.29280283628732057,0.30300410426028446,0.33097440186179244
1775545548.5532694,318.74,809.0,0.22438398514629146,0.29462915356598035,0.30534151274347154,0.33136735921434324
1775545548.5854943,317.76,809.0,0.21749395796624918,0.2917546735316119,0.29992125725815044,0.3276777271730985
1775545548.6174576,318.74,808.44,0.21614000419212387,0.29260329581639477,0.2984904292656227,0.3293702740749551
1775545548.6484804,318.0,808.96,0.21447684445169976,0.29436043808558643,0.2949299363264447,0.32791923661510475
1775545548.6813028,320.42,808.22,0.21326935374199057,0.29102336544126967,0.29436373619498335,0.3272522363485835
1775545548.7135599,320.12,808.32,0.211817737660662,0.2897106079362112,0.29175855910921883,0.32638077172616925
1775545548.7456062,320.96,808.08,0.2118019833404171,0.28853412207825974,0.2942576979174858,0.32662348451794704
1775545548.7774725,319.68,808.26,0.21452804600054065,0.29039441607400307,0.29439856289970645,0.3274141792908931
1775545548.8111973,320.6,807.98,0.2137748027842427,0.28921300789889437,0.2946962405444175,0.32589455388658195
1775545548.857344,319.02,807.98,0.21423546589302142,0.2898241238766215,0.296983914191162,0.3267330362797086
1775545548.8892376,318.84,806.94,0.21635145626772664,0.2932469595008397,0.297719595071841,0.32836008970260977
1775545548.9204395,318.68,807.32,0.21847841482192396,0.29498031093097915,0.3010779019759878,0.3290895134409753
1775545548.9523923,319.8,807.12,0.21856467232159013,0.2957805028019784,0.30119163668934845,0.3283432804681868
1775545548.986765,318.38,807.6,0.21883177709164023,0.2952073809348996,0.3010116900028384,0.3282630421754846
1775545549.017329,319.48,806.78,0.2170306729255699,0.29160850736435506,0.29735338172480275,0.32405988635192307
1775545549.0509164,319.62,807.28,0.2194114441163147,0.29250136644999813,0.2983142086039286,0.3235145537559268
1775545549.081561,320.14,806.74,0.2175380085733471,0.29204722000830474,0.295096683606767,0.32341873428805556
1775545549.1147828,319.46,807.12,0.21599581216532332,0.291928806821316,0.29553799786425516,0.3236916086824521
1775545549.1467621,319.88,806.0,0.2165329918515135,0.2915938574820472,0.2962989819332349,0.3244158433001691
1775545549.1764874,318.78,806.04,0.21738211368119217,0.2922232326936721,0.2967361964513243,0.32362137260790985
1775545549.210097,319.56,805.5,0.21766374701636268,0.29260272952699873,0.29601986813506026,0.32443030441158943
1775545549.2464638,318.74,805.86,0.21874407932765405,0.2926418794389078,0.29586888193036825,0.3226472135681144
1775545549.289652,319.26,805.46,0.21827616349832038,0.2921226563264739,0.294716826518382,0.32214920070914926
1775545549.3213148,318.68,805.06,0.21795103870962818,0.2925459335064255,0.29784242259471155,0.3232479733815811
1775545549.353304,319.18,804.72,0.2182372593757643,0.29357116837272607,0.295930208325599,0.32480973569671245
1775545549.3854244,319.16,804.72,0.21810715984968845,0.29368102425676346,0.29753406887034756,0.3244059317504114
1775545549.4172385,320.18,804.06,0.2177767707835533,0.2927904647010747,0.29750277470784603,0.32539094848186045
1775545549.4485474,319.02,803.38,0.21893192347874782,0.2936369220717293,0.2989884294226298,0.32564620123935356
1775545549.4813778,317.94,802.96,0.21774702766836698,0.2930140027105174,0.29794347922604053,0.32582477777337854
1775545549.513438,315.92,803.38,0.2162705482283838,0.291105611379055,0.29582519030154075,0.3236737669772066
1775545549.547257,316.38,802.44,0.215509628549313,0.29082657000116346,0.2939795398066906,0.32234350662036876
1775545549.5773983,315.56,802.38,0.2159123972077782,0.291038716334514,0.29557809498948057,0.32394504263998786
1775545549.61081,315.6,801.04,0.21485410169647914,0.28964996971269846,0.29368758244843324,0.3219146873949133
1775545549.6474562,314.44,800.96,0.2145812759292446,0.2889509326093245,0.2935225485849336,0.3220251437114227
1775545549.6906781,315.18,800.32,0.2142330163422559,0.28795153756999403,0.2925999816860873,0.32052881389684257
1775545549.721491,313.98,800.3,0.21444533218062312,0.2889784938267826,0.29359762631741665,0.32221475909725616
1775545549.7548213,314.4,799.82,0.21577319222368352,0.2898160432253127,0.29364468521230774,0.3220286782466197
1775545549.7852912,314.66,800.02,0.21298453808245732,0.28712406229304716,0.29310695440698964,0.32178801973325194
1775545549.8173246,315.36,799.58,0.21350299966931738,0.2876050290350488,0.29369234121514104,0.32156870770337564
1775545549.8489873,314.84,799.58,0.2137025073192252,0.28838974308321425,0.29431738575234295,0.3219112371270442
1775545549.8812783,314.86,799.12,0.21524055285428878,0.2894248781618968,0.29437745270927335,0.32169959609700677
1775545549.9133797,315.12,798.64,0.21311851714544272,0.2886158388419433,0.2934895852381342,0.3209128506140395
1775545549.9478564,314.06,798.0,0.21426599149838182,0.28764723462263386,0.293710915943341,0.32139398461289204
1775545549.9779186,313.24,798.48,0.2126491746282446,0.2852218317198831,0.29352299210396904,0.3220106827887867
1775545550.0095167,313.46,797.76,0.21037909004145822,0.284768246328784,0.29081859762687123,0.3192599305697269
1775545550.0412674,313.44,797.58,0.21618325224000598,0.2885298234318933,0.2929481636939774,0.3205366790765613
1775545550.07537,313.94,796.78,0.2133193943667174,0.2870281581989312,0.2923395054632999,0.3210540971926819
1775545550.121433,314.1,796.78,0.2174402955513393,0.29086775764917966,0.29357564656925467,0.32151226618383005
1775545550.1532598,314.74,796.12,0.21713632896169124,0.2917741100276518,0.29740684332324496,0.32361192351773105
1775545550.185335,314.8,796.6,0.21462787178889522,0.2887498410318122,0.29412145071805323,0.32397709166764105
1775545550.2163603,315.2,796.46,0.2152987786191789,0.2901668008141557,0.2932089318477011,0.3210904938891184
1775545550.249886,315.48,795.9,0.21542735764032442,0.29151721586351415,0.29427341559518,0.3201189279472977
1775545550.281617,315.76,795.36,0.21586972850432712,0.29030100648542745,0.29391491368982964,0.3205579638047145
1775545550.3143659,314.96,794.66,0.2157504673759871,0.2908702400693109,0.29356227826682796,0.31880801012285015
1775545550.3484564,314.22,794.3,0.21597019047169927,0.2904361898197256,0.2939114980892607,0.3181170118715992
1775545550.3787997,311.96,794.36,0.2169389271132551,0.2921876252032338,0.29567917654424836,0.32076958363337343
1775545550.4093652,311.26,793.62,0.21855899904320453,0.2929184163258659,0.29532046216172464,0.3214787804621986
1775545550.4416437,310.56,793.72,0.2194642435091812,0.29390358634804514,0.2964137655143397,0.3209759637582467
1775545550.4723186,311.98,792.52,0.21965238050790886,0.2951815690653436,0.2975088514758269,0.32335521049466526
1775545550.5060167,310.4,792.98,0.21841396240468158,0.2941803736755635,0.2970817705461858,0.32508476365651356
1775545550.5401511,310.28,792.24,0.22136981648939555,0.2970120770587761,0.2989155807110076,0.3251375007351863
1775545550.5844097,309.08,792.42,0.2225445608698094,0.29814909833824343,0.2994579073526381,0.3263938414479286
1775545550.6175199,308.86,791.8,0.22369811717126611,0.30028038908490734,0.3029984725382663,0.3303824012338441
1775545550.6488216,309.1,791.92,0.22311359113911255,0.29957254089156315,0.3008133902614516,0.32594608396697716
1775545550.681441,309.0,791.98,0.2238605097202864,0.300018582773894,0.301059061705373,0.32781972656601127
1775545550.713264,308.38,791.96,0.2213527588643869,0.29642053340534413,0.2987095346868632,0.32653378981521447
1775545550.7490857,308.04,791.54,0.22193533127244347,0.29600383507501005,0.2989074750043444,0.3238506136063849
1775545550.776417,306.92,791.7,0.22062346703692848,0.29534532101797806,0.2976066040617378,0.32244120544035193
1775545550.8093858,308.24,791.3,0.22190403931323643,0.2961634299152786,0.29782557238520524,0.3230985389598984
1775545550.8405256,306.92,791.54,0.22134881891083363,0.2957926445556441,0.29922656735570297,0.32723021466812996
1775545550.8746324,307.16,791.18,0.22193392185047486,0.29705008366808766,0.30161443180178876,0.3339803864985482
1775545550.9083896,307.08,791.62,0.22423296929798356,0.2983232564224562,0.30344155227865904,0.3353232961004847
1775545550.9546096,304.82,790.8,0.22364879557490677,0.29852334215546067,0.30415146871847926,0.33684554112216225
1775545550.9851623,303.76,791.36,0.2269091239993511,0.3016736146001623,0.30810343097213105,0.33532976294279
1775545551.0187821,303.98,790.74,0.23455221512837227,0.30628063329207544,0.3142224073705945,0.3328096854049968
1775545551.0492795,302.0,791.42,0.24322826911080023,0.31133201777610553,0.31720320349503717,0.3296058881418948
1775545551.0816858,301.62,791.28,0.2496814126902688,0.3143819187925416,0.3155044861995825,0.32228303109464845
1775545551.113239,300.62,791.44,0.2554264817705928,0.31862055475143325,0.31767620792762524,0.32040133812922245
1775545551.1493466,301.34,791.12,0.26052459381699394,0.3217171076355959,0.3224188789132326,0.3145750559704058
1775545551.1762612,299.86,791.06,0.2617239121772205,0.324932129222147,0.3275476291520547,0.3160748744892291
1775545551.2093964,299.4,791.0,0.2635265357678301,0.3263238792874835,0.32970406900450067,0.3183081485596762
1775545551.2404425,298.8,791.16,0.26673386429536894,0.3289493423281872,0.3362626318134721,0.320881284854711
1775545551.2732692,299.66,790.86,0.2663979418817512,0.3315011172308519,0.33583034139920115,0.32157552307514314
1775545551.3054118,298.94,790.34,0.2699710098967932,0.33218071024987705,0.33482769389580547,0.3216058992986335
1775545551.3396015,300.46,790.14,0.2698223154786868,0.33166145579486206,0.3349627976753754,0.3213534732722932
1775545551.385007,300.16,790.38,0.2730298813554563,0.3329860810632541,0.33832811406803454,0.32217930113334836
1775545551.4165165,300.44,790.04,0.27068809604914174,0.3315512499091768,0.338912808096885,0.32405686129054845
1775545551.449485,299.2,789.74,0.2685561707583788,0.32962317713020617,0.3386949998078286,0.3236503352210982
1775545551.481241,298.96,789.42,0.271377707885481,0.33394898138998735,0.3402158825563221,0.3202553534032875
1775545551.5147953,297.28,789.9,0.27012174700246927,0.33141238626449876,0.34061261787657976,0.3242509659060408
1775545551.5501425,297.94,789.48,0.27146572376320627,0.3328560321166418,0.3413932558015274,0.3246026103104757
1775545551.5793424,296.96,790.0,0.27163472650356874,0.3345016552561285,0.3406148925003626,0.3247785363553159
1775545551.610167,297.26,789.76,0.2689242872743915,0.33580293059822824,0.339952217656387,0.327145143949133
1775545551.6430333,296.16,789.24,0.26889673262019514,0.3322270127531261,0.33964036836256317,0.32319191793872576
1775545551.6733596,295.86,789.32,0.2689057996016846,0.3320450068030326,0.33737747624534276,0.3229182545267526
1775545551.705479,294.9,788.98,0.2697469550180307,0.33299908390726396,0.3374705328213861,0.324177916695703
1775545551.7375388,293.78,788.96,0.2682383894627689,0.3325033800589595,0.3381063149686342,0.3235932412928941
1775545551.7710545,292.54,789.66,0.2681577115590034,0.3323329357575594,0.33800057924081506,0.3236513430812547
1775545551.817306,292.12,789.58,0.2687653284988917,0.3332084278494739,0.33691917550926537,0.3249034218807536
1775545551.8497434,291.88,789.66,0.2694955192707428,0.3319920718682356,0.33962969983968017,0.32272030064328583
1775545551.881312,291.2,788.98,0.26834839344367634,0.33310444404337675,0.33671286674192175,0.3239617686370406
1775545551.9133527,289.64,789.74,0.27109285836422703,0.332658992940834,0.3373281935744852,0.32191608788900017
1775545551.9499607,289.3,789.26,0.2667605434819735,0.3321803576256126,0.3358011574726553,0.32345548968147597
1775545551.9765124,288.82,790.12,0.2674961270195905,0.3311324567150834,0.33732751736089134,0.3223381491610457
1775545552.0082376,288.74,789.82,0.2671137930038133,0.33458979970452,0.3365182761308212,0.32429040927645025
1775545552.0413976,288.34,790.18,0.26827286249915167,0.3326554243374071,0.33985124725962246,0.32353804140952824
1775545552.07401,288.88,790.0,0.2697331266817148,0.33472002610769147,0.341506066943669,0.32581793444127694
1775545552.104605,288.52,790.04,0.2655911438252388,0.33403789191599104,0.336855161747863,0.32489822626309733
1775545552.138599,287.38,789.98,0.26634781454833906,0.3324152357613673,0.3383246183842315,0.3248618096806303
1775545552.1685948,287.4,790.42,0.2656624869740052,0.3330318645946627,0.3396407121948835,0.3262216873109819
1775545552.201544,286.78,790.52,0.2662326567938428,0.3348900731220167,0.33962324918665787,0.32720568768591196
1775545552.2347164,287.16,790.42,0.26726644986713166,0.33523431260990827,0.34026467862401416,0.3268327934673271
1775545552.2680132,286.0,790.44,0.26560348388743177,0.3350909260071751,0.3374417668500415,0.3280310642947064
1775545552.3135335,285.38,789.84,0.2667763312847572,0.3330724689901459,0.3396676199271575,0.3278313378889805
1775545552.3499157,285.7,789.58,0.26474432030491896,0.334512314123282,0.3377193641332443,0.32742200205579736
1775545552.3764017,284.74,789.1,0.26622991906262655,0.33575275037149416,0.33783074453521417,0.32847689228126475
1775545552.409494,285.2,789.08,0.2652021799755809,0.3350348539845556,0.3383072248605897,0.3280800014001651
1775545552.4404361,284.14,789.1,0.26318348232673433,0.3328636513020245,0.33485926272658856,0.3268612909604433
1775545552.4734201,283.24,789.14,0.2640930920908209,0.333266484983589,0.33794869403299643,0.32800385316830477
1775545552.5047245,282.92,789.12,0.2651280574904539,0.33419506142797994,0.3371508677274505,0.32850219349276355
1775545552.5370743,282.44,789.02,0.2638821515613021,0.3335272210672345,0.3367276894309842,0.32777034101562263
1775545552.5685298,280.88,788.88,0.2656787239701954,0.3342334881364894,0.3371873409419474,0.3285338961246589
1775545552.6024384,282.72,788.66,0.2644921698043914,0.3343344154112506,0.3371653694227404,0.3291287986079861
1775545552.6506867,282.56,788.74,0.2647309523374363,0.33441757695452073,0.33711268838628594,0.3292941278098484
1775545552.681422,282.26,788.44,0.2641188119474596,0.3344109297512792,0.33617483460753883,0.3278791641628837
1775545552.7135413,282.32,788.72,0.2631211056284695,0.33288614495014596,0.3348475155324178,0.32844920561992985
1775545552.7503717,281.34,788.42,0.263569421148323,0.3342407989281952,0.337250824155604,0.3297414170632007
1775545552.7790773,281.16,789.3,0.2624296502036847,0.3352898563976032,0.337309193899539,0.330078780332544
1775545552.8093648,280.76,788.9,0.26279670298503255,0.33442297697419315,0.33620190117736565,0.33030165523347715
1775545552.842716,280.92,789.08,0.2645775698624468,0.33443378805201057,0.3373731524239575,0.3300644814180389
1775545552.8736615,281.54,788.82,0.2643894152982146,0.33588185838921936,0.33699282779721473,0.3326167706847208
1775545552.9069395,281.56,788.76,0.2644614593592418,0.3350594062320698,0.33756576341347444,0.3306942397438226
1775545552.9373772,281.32,788.86,0.2642093945554596,0.33485016166810044,0.33567330647726484,0.3309865658887373
1775545552.9697113,280.84,789.52,0.264402984587462,0.3350282921572024,0.33602602252607494,0.3298925960200336
1775545553.0007267,280.34,789.02,0.265458414320209,0.33561807691182505,0.33717758166466716,0.3307381561198063
1775545553.0333486,280.16,789.04,0.2646123209617998,0.33559845886228884,0.3357742734364401,0.3294743304216065
1775545553.0673835,280.86,788.7,0.26425128711656587,0.33564287282154315,0.33699360387745914,0.3302447581043149
1775545553.1132934,282.12,789.3,0.26431857447748036,0.3344890364060072,0.3360504628342904,0.3302867292558645
1775545553.1453342,281.64,789.04,0.2622893056716153,0.3328860222415268,0.33389236859230714,0.3300648542888491
1775545553.177449,282.92,789.54,0.26405165486096027,0.334520685368952,0.3349409407928871,0.3304686090761089
1775545553.2086067,283.44,789.5,0.2637976166494908,0.33333166594611485,0.3357973092962646,0.33080577504994096
1775545553.241309,283.34,789.96,0.2637627760164966,0.33384457034958387,0.3352415955689622,0.32941935161742747
1775545553.2731957,282.4,789.62,0.26326028764334714,0.33403277132194126,0.33499608990453644,0.33070114191205896
1775545553.3056993,283.08,790.58,0.26368357646697893,0.3345886445955515,0.3362822488021214,0.33132959883277613
1775545553.3373935,283.54,790.26,0.26448342928099744,0.33425897666841675,0.33508598614554913,0.3315259100297787
1775545553.3693929,284.6,791.1,0.26433515677563335,0.3349551176078833,0.33557014222550524,0.330765796732921
1775545553.4026186,285.42,790.96,0.2652288946330085,0.3355455642143858,0.33519312619317854,0.3306447613050555
1775545553.4324625,285.32,790.84,0.2636956792934482,0.33409122769515043,0.3342179473107108,0.3307303694684559
1775545553.4668336,286.02,790.76,0.2636612042548081,0.33378027391960224,0.3341532372028025,0.330821011472992
1775545553.5124469,286.36,790.64,0.26381531503469347,0.3341777636282476,0.33501010602722087,0.3305413400016029
1775545553.5465567,286.08,790.86,0.2641309086823676,0.33409584444306156,0.3349361488132009,0.33032731443990415
1775545553.5773487,287.94,789.94,0.26437747184395394,0.3352062102817904,0.3340576020269083,0.33040999804728877
1775545553.6095033,287.7,790.54,0.2637165223342227,0.3335559766693837,0.33382294606354235,0.32975904134801337
1775545553.6413977,287.56,789.68,0.26424134787429016,0.33408497676576493,0.3357438827704394,0.3317788428328509
1775545553.6732876,287.56,790.32,0.2658216413137671,0.33567205658854776,0.3354343410924806,0.33128673005097836
1775545553.705463,289.26,789.22,0.2629557617869013,0.3323495819152299,0.33411484029680305,0.32950295935570667
1775545553.7374268,289.4,790.0,0.26410198892290626,0.334841024118873,0.33464725964504377,0.33099520537366267
1775545553.7694898,290.44,789.02,0.2646449596424801,0.33407836887844733,0.334118281348015,0.33084121000788613
1775545553.8005054,291.0,789.82,0.2655170871579596,0.3344464997655416,0.33451003026121573,0.33117938991688495
1775545553.8334632,292.5,788.64,0.26453019981288406,0.3348064341017401,0.33365195312465534,0.33046958041774716
1775545553.8655736,293.68,789.26,0.26369050508287506,0.3340072689890922,0.3343006619916805,0.329912888784026
1775545553.8992138,294.14,788.7,0.2637668317252243,0.3336147351925299,0.3336719425935171,0.33034263544423315
1775545553.9454663,295.24,789.08,0.26365808514488276,0.3326921988167389,0.33210610728883677,0.33035463073254573
1775545553.9775803,295.56,789.08,0.26451783799634127,0.3345090791023489,0.33339908779737093,0.3310550191014949
1775545554.009442,294.24,789.54,0.2638209524382958,0.3350069332205251,0.3358144161220276,0.3313943226579837
1775545554.0429265,296.32,789.54,0.26545654408617775,0.3363056643939945,0.33681833300571024,0.33406317258287976
1775545554.0734203,296.22,790.24,0.26516161362688895,0.3359240783742533,0.33609625338528903,0.33244971665767464
1775545554.1066835,298.36,789.68,0.26485871631474406,0.3354098261964209,0.33596973476109376,0.33302778908089453
1775545554.1376498,299.16,789.9,0.2656300193419208,0.3363539859627337,0.33733218884568766,0.332965356778253
1775545554.1707895,301.22,789.28,0.2655217374704772,0.3356683436007711,0.3366852137258184,0.33403673643129245
1775545554.2004635,301.72,789.3,0.26475494815837425,0.33602436055950163,0.3346334071619709,0.33374579564264656
1775545554.2333727,303.3,789.04,0.2657655815347036,0.33655195785200426,0.3351549631811734,0.3336275263286179
1775545554.2645175,302.8,789.5,0.2641724987248558,0.3361083918299823,0.33475535376972126,0.3321627046809006
1775545554.2981043,304.6,789.24,0.2641384436442058,0.33463507063783576,0.3357482181889263,0.333124358884248
1775545554.3312466,304.32,789.54,0.2646895048864582,0.33513412359839395,0.3348561190597942,0.3318928123509386
1775545554.3694403,306.26,788.94,0.2650218310096721,0.3358249651605377,0.33557845872574354,0.3315124014981525
1775545554.409395,306.86,789.4,0.26400159653574645,0.33641272692076923,0.33511948480053616,0.3314961164509666
1775545554.4454892,308.36,788.52,0.2643793268958557,0.33600528474418245,0.3346791461338598,0.32959518062839654
1775545554.4734445,309.26,788.62,0.2647606578475241,0.33561348958049714,0.3332571004892993,0.3296019328516597
1775545554.5046473,311.68,788.08,0.2637200324425442,0.3346031436836162,0.3342667569000002,0.3316334270209434
1775545554.5369039,310.68,788.4,0.2641387633265568,0.3354160590565381,0.33436536428556185,0.33057376181407055
1775545554.5692914,311.82,787.92,0.26637562536697795,0.3367831371146176,0.3370057213608778,0.33108252845780034
1775545554.6015768,311.24,788.26,0.26558574701020643,0.33672579956059306,0.33643431781358824,0.33216168757634656
1775545554.6333995,316.26,787.6,0.26399383695665884,0.3364638685234202,0.336203382503735,0.33222840497867606
1775545554.666475,316.38,788.36,0.2661513877555877,0.3379474278382464,0.3373205208675162,0.3318499123891715
1775545554.6972473,318.08,787.58,0.26290683381513286,0.33668126159382256,0.3365762838451009,0.33141999521970456
1775545554.7308831,317.7,788.14,0.2638267653942822,0.33680322073251817,0.33614325828887964,0.33182478793461856
1775545554.764542,318.84,787.18,0.26129323405117305,0.3338179489076335,0.33332082217108494,0.3286694446359826
1775545554.811018,318.7,787.5,0.2632034981870312,0.333748726084609,0.3343822836033207,0.32986244666320325
1775545554.8404708,320.36,786.5,0.263308821333833,0.33449105243191474,0.3355127946598479,0.33212730294533094
1775545554.873451,319.56,786.8,0.2632885343780887,0.33507574941933876,0.3336681692789756,0.33064087332221376
1775545554.905358,321.7,785.78,0.2641629016839893,0.3357947159392852,0.3351651743193001,0.33140612309083306
1775545554.9374018,323.24,786.66,0.26374418319745324,0.33557861477475254,0.33565109278719496,0.33187831938883455
1775545554.9696405,325.58,785.44,0.26264908370082923,0.3352260835306042,0.33578110756953417,0.3302616397567613
1775545555.000574,325.98,785.92,0.2636739644944409,0.3355988854615328,0.3356370828474788,0.3302942773909582
1775545555.0334938,327.72,784.84,0.2615943191846073,0.3339826070793209,0.3337606589973622,0.3307256729356551
1775545555.0652022,328.1,785.62,0.26311163238404184,0.33570106150506424,0.33500676566932,0.33031403265441783
1775545555.0964923,330.46,784.74,0.26191286051961793,0.3344149046133316,0.3339950586629603,0.3301004364534936
1775545555.1293302,330.96,785.16,0.2629704890178021,0.334755457393834,0.3353556894472741,0.33169631405428107
1775545555.1636908,333.8,783.98,0.263538405440317,0.33500794661916017,0.3360656424630101,0.3309065705274404
1775545555.2093294,333.56,784.44,0.2636551847655902,0.33509121978362494,0.33521613567437186,0.3313314174358974
1775545555.2418256,335.16,784.04,0.26272421975965204,0.33535734783667964,0.3347641974699565,0.33075994575658074
1775545555.2734346,336.72,784.3,0.2628885260101017,0.3356643322629122,0.3361004813867673,0.33071091758308596
1775545555.3067455,340.22,783.84,0.26214885435889235,0.3352656511782763,0.3343217336046763,0.33080285250254665
1775545555.337274,340.9,784.22,0.26317978558463095,0.3355440663501667,0.33572998853878316,0.33266045612369266
1775545555.3708227,344.5,783.64,0.26352022806444647,0.3347711647228001,0.3351346975223218,0.33160921117335485
1775545555.4004133,345.34,783.68,0.2633182490828859,0.33573415013650304,0.335550709615968,0.3323590257138507
1775545555.4340255,347.74,783.66,0.26280569821780914,0.33583731800960126,0.33513772694058325,0.3312116499653094
1775545555.464497,347.56,783.88,0.2640607268333431,0.3367530771623959,0.3366418744854994,0.33341601710090224
1775545555.4976697,349.76,783.86,0.2640532609341928,0.3368915659584453,0.337455918113411,0.33190948877269677
1775545555.5296564,350.6,784.16,0.26333419603542796,0.3366635019028471,0.3368269318072052,0.33210743009004917
1775545555.560609,353.46,783.74,0.26381550594862796,0.3362966049523269,0.33572448305073627,0.3324810151445345
1775545555.5934818,353.3,784.14,0.2637496477748548,0.33631378534114154,0.33506567764070994,0.3320251210393127
1775545555.6282718,356.24,783.38,0.26366520020302314,0.33554223539330924,0.33568028725886223,0.33211852734966985
1775545555.6724997,359.24,783.96,0.26416142675655574,0.33707826982572353,0.33568083577871033,0.3333049531996979
1775545555.7053056,361.18,783.22,0.26328276573617265,0.33679054992987,0.3344948857417434,0.33096532749991897
1775545555.7364187,361.66,783.24,0.2630491079912825,0.33412113735346566,0.33434495737169795,0.3291811685379517
1775545555.7695966,364.16,782.86,0.26408904655426646,0.3374101961884435,0.3368425878942024,0.333414178723258
1775545555.8013287,365.14,783.78,0.2630499648998767,0.3359831504968827,0.3355787914389029,0.3318988888009273
1775545555.833374,367.84,783.18,0.26323350730277384,0.3363684932104431,0.3362354563720393,0.33230693771701303
1775545555.864684,369.56,783.94,0.26485736088000766,0.33761155240759283,0.33734856533477786,0.33163493015597667
1775545555.8965745,372.04,782.46,0.26350295650213457,0.33717832029522105,0.3362576621282428,0.3322829403052667
1775545555.9306972,373.6,783.88,0.2647338129539058,0.33785013617165255,0.3363581148731265,0.33371811965430737
1775545555.9617214,375.44,782.48,0.26317114191532986,0.33616606901469104,0.33633676859886547,0.3320737613042148
1775545555.995406,376.7,783.46,0.26333864623214426,0.33603897287500084,0.3354694057664506,0.331437395137056
1775545556.0415874,382.5,782.16,0.26417026191308524,0.3363222356350502,0.33575284862745014,0.33258432095524315
1775545556.075734,383.44,783.06,0.26356036673270744,0.3359495460132389,0.3368643494595511,0.33475451238108384
1775545556.1055057,386.26,782.06,0.26306261722096164,0.3358969311902158,0.33545267356816394,0.33364640165606135
1775545556.1367023,386.76,783.22,0.2631734118947685,0.3367105481602151,0.3375572599113845,0.33449393398870525
1775545556.1693306,388.8,782.54,0.26277116643609,0.33652575601627355,0.33491920452330864,0.3320020794313342
1775545556.200961,390.3,783.5,0.2625604611915169,0.33585031263443477,0.3343526762584993,0.33150433245439437
1775545556.2331986,393.6,782.78,0.26379411323288177,0.3367269258618138,0.3360257513394212,0.3335120537451935
1775545556.2654066,394.4,783.6,0.2632209800541332,0.33646515371626284,0.3355542700043799,0.33242679259619556
1775545556.29747,393.94,782.86,0.26314289991654144,0.3359830334402409,0.33633266057436834,0.3342095490138758
1775545556.3294718,394.7,783.62,0.2645527458407394,0.3369811776740117,0.33752961354896166,0.3338011349156791
1775545556.3603497,396.88,782.68,0.26532883724538586,0.3367688754654426,0.3369012461142277,0.3338708956565575
1775545556.3933735,397.6,783.42,0.2634119420012554,0.33705094121826784,0.3352928722342825,0.3322293201949267
1775545556.427062,400.36,782.9,0.26492932048578083,0.33769490306647476,0.33774961615044763,0.33340814473127595
1775545556.4734256,401.28,783.76,0.26306273903683225,0.33603982423023815,0.33570902848587125,0.3333009219467041
1775545556.5055888,402.26,783.06,0.264227593893861,0.3374651432747635,0.3360331736334402,0.33332446106123215
1775545556.5381198,402.98,783.96,0.26279377823588496,0.33695298570904764,0.3356918725745095,0.33326989843149696
1775545556.5707304,404.96,783.56,0.26248807309634486,0.3365313394567364,0.33584441133838516,0.33329811718242336
1775545556.601275,405.58,783.64,0.26266464082876584,0.33702923131643564,0.3357321816554799,0.3326578545859802
1775545556.6347675,406.82,783.66,0.26311640733654856,0.33678649259828114,0.3358419700113142,0.33374878814413494
1775545556.6647425,407.24,784.08,0.26472217667857656,0.33873876296079025,0.3371503489193356,0.334451175361711
1775545556.698879,408.24,784.32,0.2646572087633839,0.3375825815202023,0.3372506326071709,0.3337396722636894
1775545556.7292893,408.2,784.5,0.2639411651256911,0.33828745903540275,0.33721504767186844,0.3332021584615048
1775545556.7604792,409.76,784.8,0.2624289453264638,0.33706258597936073,0.33613630571042635,0.33372946780933566
1775545556.793735,409.48,785.12,0.2649099792448106,0.33978070767645735,0.33860565088019917,0.3354800563075583
1775545556.8266754,410.04,786.42,0.2644682420154628,0.33882053719174726,0.33859328344677936,0.33483068952439426
1775545556.8629212,411.44,785.7,0.2641172441531719,0.3380974645920101,0.33707652566749224,0.3339896187063557
1775545556.9052677,412.96,787.02,0.26317773550724843,0.3370337065527108,0.33823187738203764,0.3332577536033315
1775545556.936378,411.98,786.44,0.2645401815959856,0.338907440950866,0.33850316255025553,0.33427966623112965
1775545556.969545,412.22,788.48,0.26333745045122336,0.3379123681955057,0.3366237339254306,0.3336643219244648
1775545557.0012507,410.76,787.06,0.26291958744794186,0.33722235005221807,0.3375295866424049,0.3345422270052885
1775545557.0334277,409.76,790.4,0.26301615749441787,0.33756952019721576,0.336927718913451,0.3331480403211712
1775545557.0718973,409.4,788.46,0.26308685669319015,0.3375385270488676,0.33770961794469834,0.3330339173499511
1775545557.0965674,410.6,791.34,0.26315814126735304,0.3385399700776741,0.33718467432192933,0.33404847800594045
1775545557.129392,410.9,789.42,0.26281865483373185,0.33735812997378956,0.33709801594726474,0.33270935303624133
1775545557.1603324,412.02,792.78,0.2644917979843009,0.3385923522575329,0.33678713106363267,0.333727026692886
1775545557.194503,411.9,790.7,0.2653764780717346,0.3395207398450533,0.33781497066346106,0.3353843126912645
1775545557.224424,412.66,794.22,0.2637825352559574,0.3377275476086082,0.33721866249616567,0.33487172679543703
1775545557.2576416,413.16,792.14,0.264308855336447,0.33758585379360806,0.3371368337468286,0.3348516196833739
1775545557.2912867,414.78,795.94,0.2638782318346583,0.3374100432573935,0.3373079043359824,0.33441340768497985
1775545557.3388357,413.36,793.7,0.26387139263827347,0.33802921961633164,0.3371467064655161,0.333841360662583
1775545557.3693454,414.64,797.72,0.2640027394788927,0.3378589793230741,0.3368897535408471,0.3342717843490677
1775545557.401538,414.66,795.62,0.26257259520978316,0.33571894814669656,0.33519661588769284,0.3343826918837572
1775545557.4325824,415.26,799.0,0.26368600189302444,0.33779801828955597,0.33680643107554853,0.334137104532864
1775545557.4653962,415.1,796.96,0.26343607309249795,0.337722191798846,0.33711091590903475,0.3326260878912623
1775545557.4975386,415.64,800.66,0.26519575657445515,0.338454974903453,0.3369924924496515,0.334310607666152
1775545557.5295174,414.2,798.74,0.26630833017244854,0.339487668691246,0.33869790260846694,0.33604322496878425
1775545557.5604331,414.84,802.72,0.2644855937275978,0.33884041319867064,0.3374205200696464,0.33557735656528453
1775545557.5933998,414.7,799.9,0.2650172145545509,0.3393998212083678,0.338881468112227,0.3355809363662578
1775545557.6251452,415.86,804.18,0.26410509249412145,0.3382527373181779,0.3368734974458097,0.3357817699809573
1775545557.6569808,416.5,801.72,0.2640992120162026,0.3389350915556356,0.33813096946949567,0.3356194574118781
1775545557.690683,413.58,806.58,0.26470529783595975,0.3392284373318707,0.33837976567381406,0.3356112568559161
1775545557.7371962,413.16,803.52,0.26524077815292363,0.33921914240881784,0.338206472985495,0.3353505315420621
1775545557.769375,415.2,808.64,0.263454584904437,0.3386776856372234,0.3382284610721103,0.336615328414707
1775545557.8014061,415.74,805.36,0.2655055135037959,0.33947920045550706,0.33812914424234636,0.3347933634986648
1775545557.8350403,417.54,810.56,0.26358799569712316,0.33778241690515015,0.3360188396598617,0.33515943222331335
1775545557.865411,417.96,807.22,0.2662371885315416,0.3385247349327394,0.3371452069638487,0.3345344830464578
1775545557.8989906,420.12,813.62,0.2643859915003897,0.337823865974003,0.33783515626055893,0.33377350440644227
1775545557.9293962,420.78,809.76,0.2646725106625454,0.3401006212942731,0.33797218912197435,0.33533704655407565
1775545557.962799,422.02,815.64,0.2654266063003093,0.3401062341120487,0.33895348821104043,0.33551994284840964
1775545557.9933724,422.44,811.84,0.2641194092244861,0.33808047094665167,0.33769215670842606,0.33519476434288137
1775545558.02529,424.46,817.98,0.26403078350931775,0.3378950595641153,0.3370952097594999,0.3343672943535174
1775545558.0565307,425.08,814.34,0.2651255188356395,0.33948493701543336,0.33849482453291146,0.3345270236831106
1775545558.0894065,426.48,819.96,0.2642282404609611,0.33949795252840437,0.3379042972627651,0.33606990495805694
1775545558.122043,427.82,816.6,0.2639438728854209,0.3375929992157467,0.3373577328041724,0.3353783154608729
1775545558.156665,433.04,822.76,0.26528018402745895,0.33919498407456894,0.33779551325420865,0.33551318987937573
1775545558.2007244,434.72,818.84,0.2651851377759709,0.33913922177331435,0.33844865174866484,0.3367705097273966
1775545558.2332995,437.66,825.1,0.2652471475786831,0.33879266319320445,0.33833634465456364,0.3353620251542048
1775545558.2647488,439.98,821.56,0.2643973762262808,0.337958627007976,0.3361336140163389,0.3342555555249054
1775545558.297653,443.3,827.5,0.2635517690851123,0.3369029172904033,0.3370945430593944,0.33504701693677547
1775545558.3294516,444.2,823.96,0.2636801444546135,0.3375751236264432,0.33636466897018663,0.33509799367060095
1775545558.3606203,448.26,829.6,0.2656268328804749,0.3387245353948613,0.3358206403876339,0.33410925420588694
1775545558.3932314,449.64,826.06,0.2638612120050724,0.3377458934864491,0.3371909987105015,0.3343339379079332
1775545558.4254496,452.06,831.54,0.2657134010842593,0.33822762107698084,0.33784744003734424,0.33515847106392666
1775545558.4580393,452.74,827.98,0.2632556123775393,0.3371588309945964,0.33536333834282644,0.33338721813461875
1775545558.4894676,456.04,833.16,0.26389090794711567,0.3380120120351618,0.33764649842521843,0.33559069832459626
1775545558.5225866,456.98,830.86,0.26419870311235594,0.33721729044249416,0.3363181736044351,0.3341035967881431
1775545558.5570338,459.02,835.54,0.26437476194492954,0.33785337564604206,0.33692861191260665,0.3338754269602608
1775545558.6028533,460.24,832.62,0.2644333345202882,0.3370983937302262,0.33677793555108354,0.334587884091148
1775545558.6333387,463.72,836.9,0.2647803804552448,0.33821017925918884,0.3368958482728142,0.3345021018855654
1775545558.6644926,465.68,834.76,0.26424452744423227,0.3370398547858786,0.33632443616520646,0.33323000963964367
1775545558.697481,469.5,838.02,0.2649353929017353,0.33808390480994494,0.3357717308459056,0.33288429435570815
1775545558.7293723,470.72,836.26,0.26311271368759587,0.33723833079296867,0.33554543568619205,0.3332088705920592
1775545558.7603135,473.72,839.68,0.2649340539384706,0.3382876312008587,0.3371708815701764,0.3339656578953632
1775545558.7932892,475.42,838.06,0.263091101712505,0.3371139419755201,0.3356949262671574,0.33366799574283607
1775545558.825279,478.8,841.0,0.2627667519451986,0.33505499066851085,0.33396472288354245,0.3323997445798567
1775545558.85745,480.08,839.54,0.2633326189153416,0.33740717692810007,0.33598421978245707,0.33377869542966704
1775545558.8896418,483.88,842.14,0.2638036124231653,0.33784799011437583,0.3372330580033433,0.334882320630112
1775545558.9214249,484.68,840.24,0.26282109700809003,0.33709689764615164,0.3364550283747561,0.33380511372157545
1775545558.9573388,489.76,843.12,0.26473792459120254,0.3374878612329785,0.33604963938017396,0.33355441183694934
1775545558.9870188,491.94,841.42,0.26412656830043274,0.3378493054768996,0.33709422112868,0.3330445586116685
1775545559.0325472,496.44,843.8,0.26387410686300333,0.3375616445720106,0.33537521339908566,0.3319675165213509
1775545559.0643938,498.3,842.36,0.26335890322456446,0.3375085711943797,0.3359087207018259,0.33291153553081654
1775545559.0988646,503.2,845.36,0.2656937866382925,0.33843738305665516,0.337503866659043,0.3345467319923105
1775545559.1295316,504.04,843.58,0.26229856137133944,0.33656864299293215,0.33558811414230577,0.3326160922770552
1775545559.1627576,507.78,846.54,0.2639444730392653,0.33709870375366613,0.33579918550123783,0.3340650250581055
1775545559.19225,509.16,844.92,0.2636958866848343,0.33797354024772114,0.3374469434170849,0.33452655166975853
1775545559.226911,512.26,847.86,0.26346656482225517,0.33611157468515385,0.33416830464589864,0.33167936628843836
1775545559.257849,513.42,846.48,0.26452793998028024,0.3376504298150708,0.3367814213109416,0.3328510359184606
1775545559.2895617,515.8,849.26,0.26351396370272984,0.33665621630593207,0.33627900840010455,0.33294070587963503
1775545559.3214476,516.52,847.84,0.26529344729880033,0.3376834441921123,0.33618812505563317,0.3316021423206227
1775545559.3580034,518.62,850.02,0.2635565856677067,0.337288607435003,0.3355894000863546,0.33136804776969475
1775545559.3877392,520.3,849.08,0.2648445451035182,0.33722199165256156,0.3347225032865388,0.3309052290604842
1775545559.4332647,521.94,851.0,0.2647573301591261,0.3368719520201,0.33579930742326675,0.33265171101506635
1775545559.4647415,521.76,850.22,0.2633504484436834,0.3372015305965717,0.33641519926286173,0.3330762787566116
1775545559.4980192,523.0,852.26,0.26516644207661794,0.3382119254328338,0.33784560985986806,0.3325139913166532
1775545559.5285904,522.12,851.56,0.2639381340393215,0.337779349008869,0.3349445095758385,0.3313364491509155
1775545559.5601242,523.72,852.6,0.26323142052522996,0.3366562930306377,0.3348590348411856,0.33152314278718387
1775545559.5937207,523.98,852.42,0.2637415476238449,0.3371357995754596,0.3369200377229386,0.33300124926721636
1775545559.6246064,526.08,853.56,0.2637575686758952,0.3374483802246015,0.33615742795805853,0.3332713176211137
1775545559.6581154,524.86,853.48,0.26387165584429434,0.33761308034831183,0.3359686391716912,0.33213127767881756
1775545559.6895618,525.4,854.42,0.26481799410794754,0.33816221976767963,0.3369196513875012,0.33106421682135506
1775545559.7226844,523.7,854.12,0.26394443211523877,0.33845576106556186,0.33563307915032564,0.32979609432051604
1775545559.7579565,524.5,855.32,0.2641597628008768,0.3365135481026089,0.3358350711163658,0.33126083677889756
1775545559.7868955,523.42,854.88,0.26437874404252837,0.3377780575171863,0.3356178191607262,0.3317141212595596
1775545559.8205469,521.52,855.8,0.26482829204707964,0.3384621237056212,0.3362081607992104,0.33174924694758706
1775545559.8654532,520.28,855.5,0.2636283089303565,0.3381045471388198,0.3357253313791998,0.33101942274723506
1775545559.8973935,518.66,856.38,0.2633903353800616,0.3379498660828161,0.3359135005742858,0.33166877554478114
1775545559.9291625,515.86,856.3,0.2636178061254139,0.3375081844935884,0.3365572910515593,0.333534883513051
1775545559.9613168,515.38,857.08,0.26349564387979313,0.33793214836026336,0.33505432210708486,0.33115635202929533
1775545559.993382,513.54,856.92,0.2651781571720464,0.33765084702250825,0.336271299411629,0.3308218191452398
1775545560.0254006,512.54,857.68,0.26360940094112334,0.3366344812151345,0.33601546807260435,0.3310151998907802
1775545560.0582829,511.44,857.68,0.26415304449370125,0.33756598407111293,0.335430919430862,0.3310362163301558
1775545560.0895295,511.7,858.4,0.26474745479356393,0.33701799685004535,0.3361231483226472,0.33271194488064576
1775545560.120468,510.8,858.4,0.26449974216633876,0.3377951365667339,0.33651974558908865,0.3321615010594047
1775545560.1534593,509.98,858.96,0.2629036836540136,0.3368179421100361,0.3353501984436067,0.33069466244073903
1775545560.1857305,508.06,858.58,0.2636068445195827,0.336727636974301,0.3353761656728489,0.3313594469664278
1775545560.2173696,508.06,859.2,0.2636804119515292,0.33781200758527213,0.335480056692774,0.33145904468215254
1775545560.2509818,506.98,859.16,0.2634051462677153,0.3365192202119714,0.3356469553273592,0.33314214449838986
1775545560.297358,506.08,859.9,0.2641540312757283,0.337314712649138,0.33702007849723997,0.33267748608589365
1775545560.3291595,504.62,859.9,0.2629473369490781,0.3375231118321588,0.3352777346508431,0.331434428463498
1775545560.362656,502.46,860.1,0.2624315188741168,0.33682469772873175,0.33627588430164695,0.334147313876999
1775545560.3934033,499.4,860.22,0.2637680599447792,0.3366372686971302,0.3353218383882681,0.332584919613844
1775545560.4268503,498.12,860.32,0.26298592156121586,0.3377311175844002,0.3353276995595302,0.332652855183601
1775545560.4588504,495.06,860.14,0.2646421705439407,0.3383474160448879,0.3352281301970894,0.3327491445209137
1775545560.492061,493.0,860.56,0.2642816146792726,0.33863979876740485,0.3357959222674855,0.333612806064589
1775545560.5215697,490.42,861.52,0.2661832464665674,0.33991572999994873,0.33857696520295694,0.3337994326715014
1775545560.5525527,489.7,862.34,0.2650994837026282,0.3394717107912984,0.3384759282593585,0.33278918276160746
1775545560.5854604,488.64,862.58,0.26618859816359014,0.34050462856206704,0.339232998394842,0.33451384849828697
1775545560.6175785,485.9,863.36,0.26728547969559896,0.3409924652813957,0.34007923099342274,0.3350532467598444
1775545560.6496189,483.14,863.28,0.2663579446787928,0.3401219047114324,0.33660230853680584,0.33378029958094885
1775545560.6836748,480.28,864.04,0.26533200570920945,0.3384221995293896,0.3359199792927239,0.33371221122622774
1775545560.7284365,476.42,864.04,0.2664667548998081,0.339633340151676,0.3388005915769781,0.3360751051897007
1775545560.7613425,472.96,864.46,0.2653020004545601,0.33995513522932064,0.33779962772420136,0.33489960933016594
1775545560.7933226,471.8,864.46,0.2653026200619211,0.33896586556065456,0.33631234580728336,0.33207940106882317
1775545560.8255196,469.76,864.54,0.2652204014046985,0.3385353820572433,0.3381578226722814,0.33384168842523404
1775545560.859441,468.26,864.52,0.2645260886826094,0.3398573848046784,0.3370925126216435,0.3337992528616614
1775545560.8885589,467.48,864.98,0.2657837604916012,0.3402939640163018,0.3383609581894608,0.33452887990065633
1775545560.922026,465.28,865.44,0.26796305554064653,0.34086905513094196,0.3390055508421743,0.3338625325684913
1775545560.9597554,463.86,865.56,0.2651861510467553,0.3393429944744462,0.33833311359664303,0.3339424736872101
1775545560.986683,461.26,865.46,0.26504694356786185,0.3395734199505162,0.3389197772617719,0.3342779122407898
1775545561.017453,460.96,865.74,0.2642509365402834,0.3382068417834267,0.3371391539595809,0.3354402657071331
1775545561.0509827,459.3,865.74,0.26619317198514975,0.3401182444795853,0.3365203803085379,0.3322060893190249
1775545561.084521,457.98,865.94,0.2654827420065402,0.33924646696408745,0.33789227060639726,0.3346784741998824
1775545561.1309605,457.3,866.2,0.2655276884223722,0.33951978984226294,0.33868625204969305,0.33566968521722074
1775545561.161341,456.48,865.86,0.2655765509218536,0.33901588381673475,0.3371981495242935,0.3340357300999969
1775545561.1923068,454.62,866.44,0.26513955641657566,0.33871123573205014,0.33853577223366876,0.333931448518651
1775545561.2257524,454.66,865.8,0.2657847325381596,0.3393461556364215,0.3382092161541054,0.33480172178497847
1775545561.2603943,453.26,866.6,0.26434140929568706,0.33765252862037176,0.3347433062858964,0.33193350306654096
1775545561.289883,451.64,866.28,0.26462629445809277,0.3378625761842739,0.33748448976259476,0.33294834525547146
1775545561.3206978,450.9,866.82,0.2631215645017158,0.33735441635101465,0.3351544899297546,0.33366333420586464
1775545561.3534372,450.12,866.88,0.2644184331813395,0.3377767383596856,0.33600705396600006,0.331984585109357
1775545561.3842554,449.24,867.64,0.264077070972951,0.3360301164494722,0.33484191660475116,0.33211875677373126
1775545561.417327,447.12,867.54,0.26547805137218106,0.3376793641930001,0.3357108432504482,0.3344213547904558
1775545561.44962,445.24,868.12,0.26362228944999644,0.3361117661978515,0.33416213230944497,0.3324196631964805
1775545561.4814827,443.5,867.62,0.26495128158942105,0.3363979124925764,0.3351087897644056,0.3333294428171412
1775545561.5151148,442.14,867.82,0.26086166290997104,0.3297256999936827,0.3315525873203826,0.33169518212857446
1775545561.5625856,441.88,867.28,0.2620012405976417,0.3255624827739898,0.3290378215790377,0.33067195794160426
1775545561.5955253,440.3,867.84,0.25855497377736375,0.316351326464396,0.3152076085570679,0.32016262620803515
1775545561.626682,438.42,867.6,0.24646964626340956,0.3007971368002591,0.30456384210202725,0.3069259579345775
1775545561.6611183,437.12,868.32,0.2361105423230031,0.2894649817794391,0.2945411166196682,0.3008508211981648
1775545561.689266,436.48,867.84,0.21794869266455388,0.26952855766122213,0.28083235997162903,0.29321820702775175
1775545561.7212996,434.66,867.84,0.1970717272077568,0.24733977940796223,0.2609479761712377,0.28314177677904456
1775545561.7550132,433.08,867.94,0.1784776031139216,0.22031926956563008,0.23924579379573274,0.2703664378936237
1775545561.785318,433.06,867.94,0.15132522166595522,0.17875216282317988,0.21396351588282542,0.256138297377742
1775545561.8175843,431.66,867.84,0.12902108655631342,0.16464332865098097,0.20299378122559425,0.2437723353652603
1775545561.8492637,431.98,868.22,0.11123387022873253,0.14923427574407086,0.19171372023897193,0.23932865368900064
1775545561.8814738,432.06,868.28,0.09578340791005023,0.12988066972826176,0.1740983319183535,0.225976670075214
1775545561.9136236,430.3,869.4,0.0930310349688406,0.13283077981803224,0.17416532331182336,0.22047688339474597
1775545561.947297,429.3,868.64,0.08876769996684823,0.13226426928187587,0.1720292266770001,0.21718590268528387
1775545561.9933412,427.66,869.52,0.08697793554682338,0.1346260975507368,0.17558833281788258,0.2152134593069009
1775545562.0245876,426.0,868.9,0.09537399667396719,0.13921985202085002,0.17432909472577188,0.2105747872299541
1775545562.0574808,425.28,868.94,0.09292008117198089,0.13563229743892966,0.16503162533420468,0.19689339334390757
1775545562.089622,424.76,867.66,0.10125674898509983,0.1430240887607982,0.1650254761710604,0.18944544293301363
1775545562.1213987,426.02,868.48,0.10334493833180983,0.1404942258607016,0.16084994204035086,0.1769731795099102
1775545562.1524024,425.04,867.82,0.12708350432275967,0.15341304671197797,0.16673468131579375,0.17522090986168032
1775545562.1857896,425.68,867.66,0.12887503259428834,0.15317580861842006,0.1654857485514907,0.16919119795294377
1775545562.2172768,424.04,866.96,0.1185087896473241,0.14926486325952648,0.16685261769534276,0.1695392863831231
1775545562.2504644,423.44,867.36,0.12095445185325547,0.13605816869682646,0.15808290564296545,0.1546072514654632
1775545562.2815213,422.3,866.26,0.1343737208686882,0.1420835311711276,0.1617859897265091,0.15341915339263765
1775545562.315778,422.46,867.18,0.14719391829359124,0.1489822903323774,0.16823311947577713,0.163363926668424
1775545562.344629,421.44,866.4,0.1511428513748929,0.1432629679727761,0.16373469384198594,0.1619085470929234
1775545562.3782547,422.14,866.92,0.154548536803702,0.15109737992999325,0.1710364199195904,0.17205751605305317
1775545562.4128075,420.94,866.14,0.15527701426397944,0.1499719792546521,0.1674670016524747,0.17303813150070038
1775545562.4626763,420.16,866.8,0.1506713999259216,0.14232771722785406,0.16297925289553566,0.17186701060996165
1775545562.4894495,419.44,866.04,0.14863026170733484,0.14131640297390535,0.16488138204946795,0.17763119261807347
1775545562.5214577,418.28,867.04,0.14424459022745503,0.13119620978940397,0.15568484299133603,0.17403915020532157
1775545562.5535932,416.72,866.22,0.13325525396835086,0.11784820326993392,0.14541762975970868,0.16868966584899797
1775545562.5854707,416.5,866.8,0.13128623929370875,0.11372763602970418,0.1411283105568374,0.16760560621239629
1775545562.61639,416.1,866.1,0.1273755888030844,0.10644083462311234,0.13618642549247717,0.16313225176389953
1775545562.649426,416.56,867.38,0.12443231765480228,0.10121929610827002,0.1327779021758006,0.1594994843132062
1775545562.68135,414.76,866.16,0.12090292589773005,0.09718254357719171,0.12941484327549826,0.1554874668801099
1775545562.71271,412.96,867.22,0.11743629018435724,0.09455994179680959,0.128624893402762,0.15381052888164543
1775545562.7453427,410.82,865.82,0.11306227095755782,0.09241731875277054,0.1281609964503582,0.15589610144882132
1775545562.779094,409.22,867.06,0.11064181924098042,0.09080675030064955,0.1266557980065835,0.154801775013345
1775545562.824565,407.78,865.68,0.1080806144783747,0.09041439373105273,0.1254548236268647,0.15473213660255078
1775545562.8573933,407.96,866.58,0.10743926405150385,0.09132212293227239,0.12861377419033804,0.15581032058112074
1775545562.8907752,405.7,864.74,0.10460846350993716,0.08922076843157754,0.1258730137451394,0.1538037026672835
1775545562.9215562,404.76,865.62,0.10382127939996165,0.08928583732628892,0.12876989208118947,0.15720939080343097
1775545562.954792,402.38,863.84,0.10244627395255348,0.08951589865611344,0.12808279211873788,0.15655162084223895
1775545562.9845638,0.0,0.0,0.1019890629438029,0.091379222888751,0.13038783803076032,0.1585549506550049
1775545563.0189466,267.26,811.06,0.1024910783785803,0.091929797687045,0.12989327575244952,0.1571195427748289
1775545563.0483735,263.56,810.36,0.10113946478779935,0.09105886725610836,0.13096365259585438,0.15823420145656295
1775545563.0815418,268.14,814.56,0.09936555783008325,0.09155607547779614,0.1313522764295921,0.16071235488500216
1775545563.1133282,268.54,816.06,0.09642805084088842,0.0916622990671635,0.1334107067422424,0.16114178608262453
1775545563.1452625,269.56,819.8,0.09766082042991124,0.09261336597864217,0.1327139584511504,0.1619950450439593
1775545563.1776233,270.08,815.26,0.09699295378684666,0.09145012326563354,0.13247235884981548,0.16088830507822274
1775545563.2113636,271.24,818.94,0.09729137611083559,0.09220484535854502,0.13360318203369895,0.1618115990961591
1775545563.2566113,272.02,814.44,0.09499859238878643,0.09095581506486698,0.13197507094517577,0.16065041253474147
1775545563.2892866,271.42,816.98,0.09451440078592091,0.09095476244248292,0.1307851087199033,0.1603922281365408
1775545563.321376,269.92,812.24,0.09494134352309887,0.09035234965732711,0.13200674649652153,0.15987930835454983
1775545563.3536477,270.5,815.82,0.09439990432086968,0.09197043757279974,0.1334644064033384,0.1611896005217275
1775545563.3848271,277.5,813.04,0.09098251184972743,0.0849539387532068,0.12696818037182303,0.15612009363289653
1775545563.4174843,277.66,818.86,0.09189949341968698,0.08852211360783721,0.13032674638382136,0.1588383166552349
1775545563.4511836,280.48,820.14,0.09165227528716315,0.08769708340812596,0.12932874386908397,0.1573474178950049
1775545563.4973197,282.42,827.28,0.09724463640989875,0.08925885482816288,0.1302616654000786,0.15830424647585034
1775545563.5305467,284.4,826.76,0.09338338653161328,0.09140536744017808,0.13187623026639037,0.1591878595767211
1775545563.5642178,285.08,831.9,0.09478119972903284,0.08994677747647091,0.13059940151186145,0.15906456734531554
1775545563.5954251,286.78,827.66,0.09490098002959631,0.09033840042144838,0.13094468696612926,0.1594168811624329
1775545563.6287644,288.16,830.32,0.08867770085603599,0.08789965164304277,0.12929798189701755,0.15663772280254554
1775545563.6746163,286.2,826.84,0.09289407802957413,0.08786898687230867,0.12845600989170247,0.15690405059058596
1775545563.7057297,288.18,826.3,0.09172353542863423,0.0894879912306678,0.130238844227996,0.158091628315637
1775545563.739541,286.38,825.0,0.09483772968162948,0.09194261035455974,0.13305964340920987,0.16171699721043187
1775545563.7844126,287.52,824.74,0.09431483683862081,0.09278703228244495,0.13382593083828978,0.16185176057792022
1775545563.8174074,287.42,817.76,0.09154641454445793,0.09015347325959087,0.13135794241977983,0.15956790839987958
1775545563.8493428,288.38,821.48,0.08963022326752788,0.09023014593003945,0.1324148662690612,0.16071841220653957
1775545563.882462,285.12,821.82,0.0885121984754892,0.0880063817412396,0.12987373006498915,0.15886197023621285
1775545563.9295654,285.66,829.62,0.08959655463270627,0.08970295318562774,0.13093188015349413,0.15903574677923463
1775545563.964389,288.8,823.68,0.09059131760422363,0.08841957467279919,0.13034922956985692,0.15904491542248844
1775545563.9934812,289.84,824.0,0.09291030235715396,0.08932568741698112,0.13083186683027015,0.1584611672916877
1775545564.0272593,291.96,821.32,0.09249847591920586,0.08929904929314783,0.13044471705262659,0.15765813853381386
1775545564.073702,292.56,821.68,0.09404367152040169,0.09022982806553513,0.1306612104169342,0.15862723321149844
1775545564.1053052,288.26,820.3,0.093074902149815,0.08957421344928512,0.1305483893609208,0.15913393399575756
1775545564.1374016,289.32,820.02,0.08761263933458001,0.08558832065204816,0.12749539492960787,0.15495944860724947
1775545564.1683085,282.98,816.04,0.08816390699921475,0.08534077624686819,0.12770916455843953,0.15584917666483675
1775545564.2020152,280.82,819.22,0.09026636715367678,0.08752831513190586,0.12852874703971237,0.15619244153859907
1775545564.235538,278.12,817.44,0.09051061427952292,0.08748972749195567,0.12802879596668607,0.1561748868994233
1775545564.2833326,276.46,820.54,0.09211670496490128,0.08886621329686623,0.1294856331328669,0.15845213619092402
1775545564.3124633,272.64,819.88,0.09112481303120641,0.08799953106421653,0.12863371053786865,0.15791200138752662
1775545564.347194,280.2,815.98,0.0945126092774386,0.09009932354141817,0.12937141532547317,0.1575615225097093
1775545564.3764443,277.96,812.48,0.09042842767581508,0.08376424565725184,0.12493118556122056,0.1524952192923483
1775545564.4092913,276.62,810.34,0.09120424538464064,0.08728042272744482,0.12813511970335506,0.15464395875209627
1775545564.4405482,269.3,813.04,0.09342881406902236,0.08903358097384054,0.1301002369617269,0.1581359449107868
1775545564.473515,270.96,811.12,0.09184706801863653,0.08794162851780098,0.12909355285577692,0.15754659237464005
1775545564.5054927,274.6,815.02,0.09030268515077455,0.08703358833862064,0.1271886912519411,0.1561081734801736
1775545564.5378664,269.7,815.94,0.09046957356843735,0.0874170369967001,0.12905265327277712,0.15734018171412212
1775545564.568301,271.0,815.18,0.08986922616549525,0.08749706401893624,0.1278438552192004,0.15590649728149505
1775545564.6015506,269.96,816.06,0.09037843157493913,0.08587142064890285,0.12547584832520348,0.15414939664940727
1775545564.635395,272.38,815.68,0.08961297237476695,0.08696595189711101,0.12808689504188292,0.15707146026896457
1775545564.680278,273.64,818.36,0.09068432976760932,0.08692939821838605,0.12771054903587706,0.15639839714475517
1775545564.7137222,271.14,816.6,0.09348190328805404,0.0873881339517423,0.1281102375399987,0.15720006609685164
1775545564.745503,275.14,817.24,0.08843741133662421,0.08466012003254045,0.12639134069959168,0.15436606853494075
1775545564.7774112,280.9,818.0,0.09349031797782593,0.0863991731028805,0.1265272256272562,0.1547173052853185
1775545564.808369,277.96,821.36,0.09154848290301425,0.08645668218833351,0.1271811707129277,0.15533862848425448
1775545564.8429189,275.94,820.28,0.0915832840569816,0.08542834972659444,0.12643133778615637,0.15314914195462395
1775545564.8734303,274.8,816.3,0.09196919750772087,0.08482949056197814,0.12638318928594233,0.15378225834698192
1775545564.9071279,273.08,818.36,0.08949811838602255,0.0872482240854755,0.12886145756309883,0.1567737702590336
1775545564.937324,272.92,815.84,0.09025457678240519,0.0879745743362061,0.12969075155338358,0.15781427296525544
1775545564.9708035,276.16,818.68,0.08971546542699445,0.08578543014949093,0.12706853012290292,0.15468940172807344
1775545565.0016084,281.88,820.16,0.09265866723586257,0.08797921229543774,0.1273605966882517,0.1546918891618554
1775545565.0335703,284.14,821.44,0.09286112599585128,0.08779815518983106,0.12832720026038158,0.15693491768194795
1775545565.0671926,287.18,819.2,0.09158006561065256,0.08595768386053368,0.12731547802487833,0.15646415209281075
1775545565.1133761,276.6,820.76,0.08994742478671623,0.08533990607384874,0.12701850703703277,0.15513103419953092
1775545565.1454673,276.08,815.52,0.09512909594557856,0.08856778534165266,0.12867695983397448,0.15737261473496006
1775545565.1764276,274.54,812.66,0.08992351908840023,0.08866617713825277,0.13044559568346234,0.15768023701853082
1775545565.2093892,274.72,807.88,0.09097584462748888,0.08580000467284869,0.12748961877064566,0.15593919754494956
1775545565.241515,267.72,810.22,0.08855600654385719,0.08610381563895514,0.12654703846014198,0.15547085909761355
1775545565.2725248,276.84,804.24,0.08669594777718484,0.08451555476449647,0.1258741303615331,0.15427997415510403
1775545565.305725,277.26,806.54,0.09038568783195992,0.08732409205815055,0.12850353478070722,0.1574491636490746
1775545565.3376927,280.2,803.84,0.09003592290769169,0.08841483118743113,0.12933413603735452,0.15684643210993704
1775545565.36846,280.58,803.8,0.08938987221467046,0.08651699883284297,0.1270162442102156,0.15659702723663504
1775545565.4017253,280.2,802.66,0.09279232961945467,0.08872896636830677,0.1297389013266132,0.1591394092610134
1775545565.4333706,281.54,803.86,0.08738142465420974,0.08532190082213305,0.12792896963295686,0.15649292150734384
1775545565.4663608,281.36,804.18,0.08931134873456209,0.08727494188736121,0.12912748002072813,0.15828503362600033
1775545565.4999495,282.32,808.1,0.09090804151661415,0.08726459781699804,0.12698122434555228,0.15730854336896907
1775545565.5466583,282.22,805.92,0.0880480314092656,0.08636060508002352,0.12715047799888907,0.15578586335789216
1775545565.5762064,286.36,806.22,0.0924816208550996,0.0852543842362105,0.12572187190990045,0.1541816995755022
1775545565.6110857,286.52,801.46,0.09034571005925263,0.08623525037739062,0.12805476117827544,0.15804077115025986
1775545565.6405685,283.78,804.76,0.08806954246244664,0.08459953465201098,0.12583918332273045,0.15513399086251797
1775545565.6735113,282.18,802.72,0.0886941125607102,0.08511607429606713,0.1284149424664707,0.15778357015832423
1775545565.705197,278.46,802.98,0.08908509088971452,0.08409734434658855,0.12597204563460224,0.15434648055448147
1775545565.7374592,279.06,801.16,0.08676218853902556,0.0847642362606176,0.12639327202457665,0.15499523735363496
1775545565.7684777,275.28,799.34,0.09103850221451115,0.08555360711868717,0.126307678920661,0.15568728054755554
1775545565.8014693,274.42,801.36,0.08894631519190062,0.08692730480012464,0.12900163639409334,0.15832242866960974
1775545565.833334,276.64,804.08,0.09210854394885362,0.08530329287855684,0.12540575654556727,0.15496977604949155
1775545565.8664768,275.5,801.34,0.09191401092904765,0.08739616312544321,0.1280661787866986,0.15600372412253372
1775545565.8993025,274.2,803.92,0.08887966476355864,0.0852066738208161,0.12693354111834682,0.15609359769654296
1775545565.9453566,273.7,798.28,0.09029265861619408,0.08502796576628648,0.12578082646558744,0.1554984581683233
1775545565.9775517,275.88,801.22,0.09093531427591903,0.08503795272127747,0.12572176447295028,0.1544785291446573
1775545566.009669,269.34,803.82,0.08883105908954132,0.08319309280096561,0.12424593249623572,0.1536434197681336
1775545566.0414436,270.28,809.26,0.08988267180245005,0.08565652528355139,0.1276044090768883,0.15650384471134918
1775545566.0732822,268.4,810.86,0.08897615017413908,0.0854598630099709,0.12589799205713648,0.1538642337504297
1775545566.1066475,271.22,811.7,0.08955574861208213,0.08497050787391822,0.12601118838970776,0.15506532415217605
1775545566.137386,271.82,812.0,0.08903323383197655,0.08550494742619856,0.12662444547944976,0.1560248637188032
1775545566.1708355,269.3,814.04,0.08954341133032889,0.08513826753445579,0.12591456811362112,0.15589981548729126
1775545566.2012608,267.24,809.32,0.08931480465308814,0.08457380977501837,0.1257581395964274,0.15533854266112626
1775545566.2349863,269.76,810.4,0.08814890715139007,0.08642866380138137,0.127935669865865,0.1557795206682074
1775545566.2666194,271.38,808.4,0.08846958519424723,0.08379773382839528,0.12497485717768132,0.15355396443074362
1775545566.2964516,270.3,814.58,0.09156102421182533,0.0856821778491135,0.12611907906817016,0.1558730009781884
1775545566.330286,269.2,806.96,0.09027488584689153,0.08546199528546307,0.12523653243594157,0.15452979287321522
1775545566.3773756,273.98,808.68,0.09128333007709569,0.08539116390672359,0.12502404241551573,0.15464787696132237
1775545566.4083161,269.94,804.82,0.08911629401016244,0.08616119908683828,0.1261711106755301,0.1561781653763674
1775545566.4414377,265.24,806.58,0.0889365143054308,0.08446461072032052,0.12497127436932352,0.15400476248461592
1775545566.4733615,265.9,801.48,0.08627637264678631,0.08216455322499942,0.1229348950664785,0.15313243151261632
1775545566.5055165,263.84,800.18,0.09003622912391557,0.08446426464479748,0.12483781165196862,0.1547934740240064
1775545566.5371108,263.02,799.58,0.08881294708302391,0.08609699397867254,0.12837819008406762,0.15652109795149852
1775545566.5686667,257.1,799.26,0.08635813607765803,0.08455198222119961,0.1282189769575932,0.1559525064218388
1775545566.6013644,256.66,802.2,0.0899989806033477,0.084377471317071,0.12551791245414662,0.15436890244577875
1775545566.6333823,254.1,801.72,0.09091377097388012,0.0868340140793748,0.12752769419680177,0.15778092397913582
1775545566.6674275,248.36,798.0,0.0899875701253011,0.08399240537715646,0.12580781042530462,0.15545703697540056
1775545566.6973643,245.22,801.6,0.08888950597470405,0.08446799121679137,0.1270127741928565,0.15624205765953253
1775545566.7309072,241.24,803.22,0.08727261863831057,0.0834302330776524,0.12548777202717243,0.15462580643691073
1775545566.7674367,245.54,801.24,0.08982236796595469,0.08788443623990834,0.12835655657664088,0.15702584979861087
1775545566.8110144,247.92,802.74,0.08935431318546103,0.08748642643952312,0.12816041913681142,0.15720772385686446
1775545566.8403594,246.16,804.08,0.0874201613675676,0.0815019033548219,0.12440044178405908,0.1541868938881637
1775545566.8748746,244.52,803.14,0.08842904758692505,0.07751999634130127,0.1200150002335103,0.15015358893505298
1775545566.9054482,250.02,800.62,0.08989440082261325,0.08370542195936306,0.12566826487070368,0.15541706076311285
1775545566.9376886,240.38,801.56,0.09263945667971313,0.087905480154492,0.12872991219580696,0.15698922323188397
1775545566.9691126,239.26,801.46,0.0995961827098382,0.09570315522658761,0.13793289072988896,0.16380095997508629
1775545567.001445,234.44,798.08,0.10244339456430496,0.1022836880892782,0.14946345584118345,0.17406398451560148
1775545567.0333505,236.86,802.02,0.1082273440965817,0.10624531667944102,0.1531957429718557,0.17785594836078455
1775545567.0678902,235.78,798.04,0.10626513389655436,0.10974489692036817,0.16010649233690508,0.18277383580563003
1775545567.0973012,234.38,795.54,0.10797630315063265,0.11412275183232286,0.16847635219639895,0.19353056035959873
1775545567.1293817,232.72,794.14,0.10664896702233696,0.12181216213806774,0.17551328335948888,0.192540512378919
1775545567.1609688,229.6,795.9,0.08611794471893755,0.11538308594220155,0.16467255832297065,0.17553072999090716
1775545567.1939762,227.5,796.78,0.08103340317401507,0.11002754198592628,0.151001412608975,0.1631668979431076
1775545567.2270699,227.76,794.12,0.07285259819753036,0.11026577149340783,0.15126916869664672,0.16246006553607897
1775545567.2723522,226.64,795.02,0.07525364707017622,0.11981041352909677,0.15026993265667557,0.16391694722788
1775545567.3054504,225.4,796.14,0.06666131671629269,0.11358783518977515,0.1413752284131192,0.15892916462633203
1775545567.3375647,226.68,798.8,0.05204672920530468,0.09549076960428361,0.1250994088576395,0.15618491739802212
1775545567.3697188,228.82,798.92,0.03880535407576979,0.08643498966789086,0.12220796471123606,0.1630757126140917
1775545567.401382,226.28,799.56,0.036175608572599285,0.07634415488433495,0.12225594550091828,0.17214737707200695
1775545567.434813,229.7,800.06,0.045683705561874566,0.08244145092868245,0.131431539628709,0.1867360125328831
1775545567.468371,230.56,798.38,0.06577114569592353,0.09982356176282961,0.14420879414609006,0.20355058520208294
1775545567.4987755,230.44,799.12,0.1027626457881634,0.1297567847989736,0.16257823638961555,0.22587860939232762
1775545567.5292954,231.56,800.52,0.12352915509036154,0.15546613798428668,0.18093978683032327,0.23798027951945158
1775545567.5605752,233.16,798.58,0.15389063330556735,0.19345376916060458,0.21342860380658285,0.268109392154654
1775545567.594105,231.98,802.0,0.18257447201137011,0.22724959099763328,0.24165837800450735,0.2869688830950016
1775545567.627291,228.82,801.56,0.21081869129743921,0.25688213153623,0.27596792025233524,0.30481349472728725
1775545567.6732502,228.68,802.7,0.22604882070684032,0.27866240819969956,0.2995246076186817,0.3192526808120942
1775545567.7055993,225.26,802.04,0.23715842155718875,0.295831726783851,0.31523157481844893,0.3302668587205365
1775545567.737226,228.1,800.52,0.24974202966887868,0.31107578541400493,0.3289346997904229,0.3420412020981363
1775545567.769562,225.18,799.32,0.26113444363435995,0.3244127317912622,0.34363912838827726,0.35555399264589166
1775545567.8013604,225.7,798.36,0.2695699281495272,0.33257925828027796,0.3515251851934091,0.3625420557844349
1775545567.8332977,226.32,795.9,0.27318727703423434,0.3391376282568526,0.35496024006065446,0.3670945679829141
1775545567.8693206,226.42,797.94,0.2778249223897261,0.34538703109254404,0.3598740842588731,0.3702325406608514
1775545567.897361,223.26,796.22,0.27827899646177007,0.34767275247247126,0.36126773790821315,0.37183833061361066
1775545567.9292305,222.88,799.18,0.2808298057381896,0.34918415790612267,0.36297788617861126,0.37298047426644265
1775545567.9616258,222.46,794.78,0.28016734156416756,0.3502129705168166,0.3641567969870367,0.37588669951793147
1775545567.9947205,223.5,798.48,0.2828418316356381,0.35095871828748504,0.36520461060374143,0.3767234802886891
1775545568.0283847,220.58,798.5,0.2823362804461148,0.3502907324883015,0.3634706995276398,0.3755858212883827
1775545568.0749905,221.66,798.34,0.278952595536711,0.34685391141011157,0.36009406285200257,0.37442000429717437
1775545568.1053858,226.04,796.76,0.2781272282372987,0.3474225021343168,0.36031494152347426,0.3764537116210844
1775545568.1387997,222.8,798.08,0.27641619057335687,0.3471920734160132,0.35903917206712477,0.3769621448758204
1775545568.169861,224.62,802.98,0.27716856486202446,0.3485050616025327,0.35816512938672046,0.3764181257133815
1775545568.2005255,224.98,804.54,0.2789730294554435,0.34944750546006853,0.35719952428130725,0.3727338380059434
1775545568.2335017,231.54,803.66,0.2801520942779054,0.35079350585536795,0.358931520485909,0.3728849518790581
1775545568.270049,230.84,801.7,0.27960508129507267,0.34947411285778673,0.3590138696144086,0.37422785552667
1775545568.2972915,229.8,803.46,0.278839979733977,0.3496950696869954,0.3595647839336284,0.373772067022018
1775545568.3285007,229.34,803.6,0.2802477670984227,0.3503699058292297,0.3597242141719356,0.37357462489842513
1775545568.3606167,228.04,801.54,0.2792383616721244,0.34961023455848506,0.35867318755632877,0.37505006461747836
1775545568.3933942,227.48,798.84,0.28049282251510316,0.3504793661353845,0.3601821249266897,0.373883155182588
1775545568.4252837,225.68,804.3,0.2801021055611211,0.3488434755056561,0.35825468306423425,0.37144788829386993
1775545568.4590673,223.02,804.66,0.2796212363222827,0.3494943237049595,0.35858713397757835,0.3721561904536873
1775545568.5053465,223.5,806.82,0.2819573901581085,0.3510586071601136,0.3598480481058268,0.37199898909205925
1775545568.536987,223.78,807.76,0.2799682588408526,0.3507366831844213,0.3591414762777958,0.372927328206772
1775545568.5702105,224.44,808.86,0.28063574503051714,0.35094272716167846,0.3580298957394507,0.3708796679236252
1775545568.6004684,223.6,808.2,0.2794766333348049,0.3494456107911353,0.35806661532283846,0.3709422040506919
1775545568.6344192,218.68,808.0,0.27994920436319215,0.35041380680999573,0.3574279476694115,0.369175942813647
1775545568.6702366,218.34,811.64,0.2811629855244928,0.3523618529107423,0.3595893312597475,0.3719494750660955
1775545568.6978693,211.44,809.22,0.2808793792073876,0.3518774503176707,0.360291525564473,0.3729354484827331
1775545568.7292905,211.72,811.78,0.28183211012456205,0.3525414849184026,0.3613896685330268,0.3705994950223562
1775545568.762897,209.36,815.34,0.28179224718751494,0.35270774598077625,0.3613094505469555,0.3736536342268832
1775545568.7969503,209.68,815.04,0.2815644246329795,0.35210852267894527,0.3596640063011619,0.3707819291265492
1775545568.841264,210.22,815.36,0.28215815073035216,0.35257275223855833,0.36022312314975324,0.3720851619847874
1775545568.872601,211.58,814.66,0.28060682912321955,0.35180020996443045,0.35903179092443155,0.3707896850099727
1775545568.9054108,208.98,815.16,0.28061050485080646,0.35163902316704687,0.3597520877947232,0.3693522373417464
1775545568.9391265,210.88,813.94,0.28192632991341454,0.3541205686259271,0.36097433901837367,0.3735410745525964
1775545568.9856048,209.8,813.76,0.2812996908424431,0.3530055861548558,0.36122385815428554,0.371553331525571
1775545569.0164998,210.5,811.54,0.28247103510169064,0.35308429310294304,0.362021635891956,0.3720357520043624
1775545569.0496266,208.02,810.76,0.28148098780440756,0.35286203522895093,0.3604453254594191,0.3704463437889005
1775545569.0832348,208.96,814.0,0.28171251680386467,0.35257661553649766,0.36136417352215155,0.36970874420078886
1775545569.1294348,204.96,814.74,0.2800127083866731,0.3525045889433247,0.36026849915058823,0.3700034427301108
1775545569.1613066,204.96,813.56,0.28060811304376543,0.35152595408569814,0.3608289707610018,0.3698888243626993
1775545569.193335,203.28,818.0,0.2808293391592095,0.3538551863146741,0.3614767708792171,0.37113220563867766
1775545569.225476,202.34,817.6,0.2814773483869353,0.3531341025359497,0.36346028560013294,0.37177093242029485
1775545569.2574244,202.74,819.88,0.2804754236627142,0.35348691198466653,0.361897328754993,0.3712778482423597
1775545569.291776,205.34,817.84,0.28184409309963365,0.3527754931284085,0.362851626132715,0.3704683310526893
1775545569.3204517,207.18,817.52,0.2815024512580573,0.353791917632968,0.36246952398718146,0.37186530077623164
1775545569.3543596,207.6,817.36,0.28070473582187583,0.3521199861246003,0.3618633344843678,0.37173183812823707
1775545569.3870063,206.46,816.18,0.28118805430059574,0.35242872690088417,0.36262767408356567,0.37101856642515685
1775545569.4348204,203.96,814.92,0.2819137911335658,0.35312946788543387,0.36385298152038276,0.37132244749340165
1775545569.4711835,201.74,815.72,0.28141208967767933,0.3526525698574067,0.36389426271162134,0.3717533148976853
1775545569.4974942,199.56,816.68,0.28179769315529535,0.3525694591334286,0.3625449338044349,0.36997055297001313
1775545569.5294168,195.64,818.82,0.28138678654240074,0.35268912817767994,0.36219130595763616,0.3694937862088759
1775545569.5612183,197.28,821.18,0.28143867372598125,0.3526563367011473,0.3623735014339051,0.3700239013862262
1775545569.5939727,197.56,821.94,0.2820577610434728,0.35340649427029736,0.36342390676287617,0.3696708075441863
1775545569.6244624,196.86,818.1,0.2813147636189692,0.35345356372158093,0.3625556388861448,0.36925072732791303
1775545569.6573825,197.02,819.06,0.28200677935518786,0.3527926788300343,0.36128085777693136,0.36840953032926144
1775545569.6885235,197.9,820.5,0.28362163433365967,0.35479318307516955,0.3637042082351799,0.37080052492871407
1775545569.72149,196.82,823.54,0.2829743899319029,0.3535232887145237,0.3635060141956819,0.3703764479461476
1775545569.753677,196.5,822.2,0.28454118233278,0.35449004863300826,0.36525873260778385,0.3710790940036037
1775545569.7869365,192.24,819.1,0.28315652320178414,0.35210502425082574,0.36207355294558363,0.36765710458563866
1775545569.8333702,193.32,818.18,0.28453651760757265,0.35233985693206993,0.36230031691337783,0.3686282148574836
1775545569.866713,192.26,815.62,0.28729033717143265,0.3538703413569837,0.36531131431946706,0.36893256189872276
1775545569.899008,192.08,815.64,0.29006277001379005,0.35558354285454463,0.36426039032666785,0.36810060253551796
1775545569.9304059,190.98,818.44,0.29186256709435854,0.35565768141059095,0.36427705252712267,0.36757464078544
1775545569.9613101,190.98,817.82,0.2858190739051476,0.3473884143038097,0.3569052799892807,0.3609012414526562
1775545569.9948366,189.54,822.46,0.27932335819112547,0.33211543962242407,0.3435598174740676,0.35320256069091605
1775545570.025533,192.84,825.14,0.26600859041953223,0.3132204830271018,0.32843548182596516,0.34395484075222676
1775545570.0586994,195.56,826.18,0.23579977291821966,0.27026036870580306,0.2929269564472231,0.32517572115334975
1775545570.0894802,196.28,825.5,0.19175370732294367,0.21415833317431554,0.25013318105384197,0.3027969704283862
1775545570.1214325,197.94,823.4,0.1394284111967068,0.16783161318096085,0.2145604151515868,0.273036323570105
1775545570.1534483,198.16,821.46,0.09050941433190994,0.12040884620039323,0.16956143380992178,0.22722046392052964
1775545570.1873474,198.3,820.6,0.05311010359014493,0.0969677232645719,0.143693253311378,0.196574409109242
1775545570.2325523,196.74,821.38,0.04120701309342187,0.09108564941550865,0.1332658159806139,0.1753360050217951
1775545570.2652705,193.52,824.74,0.05987894418718394,0.09897451428313628,0.12696992177207383,0.15698840130276762
1775545570.2965896,192.66,825.4,0.07872006779060167,0.11419261839604317,0.13414706470276228,0.14727293563688676
1775545570.3295114,196.42,825.22,0.09559507534343274,0.10164587154997509,0.12343539014286899,0.1204457958728052
1775545570.3603075,196.98,824.6,0.09845240581349614,0.09337969470834276,0.12086255654512398,0.12650418334161684
1775545570.3935776,203.02,825.0,0.1343317686833651,0.1182592099364218,0.1402150326422981,0.13580531472749707
1775545570.4258175,203.06,826.46,0.1325319795061876,0.11269898390595255,0.12951730543737155,0.12359511095427432
1775545570.4569955,205.66,826.22,0.1374426156460031,0.11802126348876062,0.12752489901783826,0.1297466754951254
1775545570.489891,205.8,825.06,0.14273930283030442,0.12023559714099442,0.13456358505293547,0.13978668351903853
1775545570.5216074,204.98,827.76,0.1437344885492839,0.12040467817287148,0.1334470203229324,0.14616903118191554
1775545570.5549736,207.78,825.92,0.13523746328137176,0.10966832841819729,0.13026917291009893,0.1576793521066752
1775545570.5855799,210.4,826.88,0.13174049576344032,0.10745850953000609,0.13412559668421462,0.16512315789332704
1775545570.6191936,207.82,825.42,0.12078250474895491,0.10228105065830859,0.1372300195114737,0.17059827245068276
1775545570.6644087,209.3,825.56,0.11712681797804408,0.09984626294045264,0.13504954342646197,0.16834114623456947
1775545570.6909075,208.84,821.36,0.11355575266979034,0.102617133723996,0.13602469376696974,0.16867236931902463
1775545570.7282686,209.76,819.64,0.11391956413823576,0.10391838256348924,0.13759330567436137,0.17029001889058049
1775545570.7612894,208.28,816.3,0.11192440212483597,0.0988713663499793,0.1330678191805483,0.16569850548375256
1775545570.793398,211.88,818.56,0.10950457502963422,0.09483607796259548,0.12911935112361622,0.16267321222722775
1775545570.825237,209.14,821.08,0.11072234577666065,0.09649310520124373,0.12967641522459386,0.16139813121996882
1775545570.8572502,210.62,817.34,0.10587683523822158,0.09012131403269295,0.12363578745661609,0.15445306341521203
1775545570.8893116,212.14,817.76,0.1059434606205091,0.09067866914762873,0.1262708026829865,0.15672494927221495
1775545570.9206128,211.1,815.48,0.10379982724024854,0.08479991082823497,0.11793853291931672,0.1478975042170717
1775545570.9532769,208.88,816.34,0.10446513560206441,0.08404762031757944,0.11446457204408089,0.14471208059769933
1775545570.985386,206.62,816.38,0.10514821987322465,0.08355173288784425,0.11317726218240862,0.143922231009391
1775545571.017513,206.92,817.02,0.10110284639652915,0.07680778480155627,0.10690126943790394,0.1387520423055308
1775545571.0512989,208.34,818.84,0.1031950521050101,0.07935658126293123,0.10882704893777005,0.13878484881472414
1775545571.0952778,209.32,826.08,0.10026701755436834,0.07797164375460633,0.1085278177469431,0.13778806893956566
1775545571.1294167,211.3,827.62,0.09830198376275825,0.07740349119589689,0.10825740146011852,0.1393143944848561
1775545571.1605837,210.68,827.62,0.0973310856340147,0.07772630347435709,0.10934764304048676,0.1394966695683518
1775545571.194422,208.74,825.72,0.09629785459190911,0.0773700431236845,0.10821826512282554,0.13879065836464133
1775545571.2253666,206.72,822.98,0.10165366591593028,0.07887476432632254,0.10851707385995536,0.1392224892388339
1775545571.2587364,206.46,823.84,0.09715838951047828,0.0785419703715391,0.11093643604197984,0.141284939633718
1775545571.2896926,204.54,821.62,0.09755439342480045,0.07788314891385165,0.10979390443771496,0.14102908957670923
1775545571.3229127,204.14,820.48,0.09745285811791524,0.07976436546309383,0.11184540982626251,0.143017188238501
1775545571.3523993,202.08,814.86,0.09680645787388803,0.07872328098459112,0.1109470498175507,0.14121228794876306
1775545571.3867443,203.42,810.84,0.09717281857056644,0.08079671659761585,0.11307613680652694,0.14424024920028397
1775545571.43323,203.96,810.8,0.09566971169163804,0.07789738015992252,0.11047755747304885,0.14151671609865954
1775545571.4652174,204.44,813.18,0.09603981309033617,0.07689696583132674,0.1094011092320469,0.1406369619053362
1775545571.4975493,205.22,813.18,0.09794191053842831,0.07969295030570367,0.11103430573811339,0.14252874889950604
1775545571.5313802,205.16,812.82,0.09567223635168033,0.07685367376953375,0.10960680001780522,0.1410046139354754
1775545571.576392,206.82,810.16,0.09599103119268997,0.07910536178497471,0.11088982786329662,0.1418297192672092
1775545571.6273487,206.84,806.78,0.09859769850005154,0.07903113115009082,0.10904878014046349,0.13920758079054604
1775545571.6768343,208.24,806.42,0.09468491040142474,0.0771176285120583,0.10844857791845203,0.1391188502322049
1775545571.7212799,209.46,800.7,0.09460513057897496,0.07767529484421833,0.10911497190375012,0.1404797736944929
1775545571.7534432,209.04,797.96,0.0958453730654985,0.07871374159485972,0.11227347051968496,0.14260520087548623
1775545571.7875907,207.12,798.22,0.09585896355641065,0.07913852242754571,0.11173744116461372,0.14102351958510295
1775545571.833384,207.24,800.66,0.0966618069812037,0.08219708660730993,0.11501578681594152,0.14423788751827946
1775545571.866894,210.44,803.92,0.09744694090688562,0.07941060958525974,0.11251486958232802,0.14290066635971874
1775545571.8972678,210.88,806.16,0.09591633679262715,0.08205545018200816,0.11565109972278594,0.14579930900268537
1775545571.9308677,210.2,805.98,0.09307386753731114,0.0791769019872192,0.11373957902914227,0.14401169926252894
1775545571.9646454,209.7,805.2,0.09808499641780534,0.08203755222314964,0.11560917016489834,0.1457941174720805
1775545572.0107958,212.38,797.12,0.09515921025042307,0.07951523509788652,0.11227988658313504,0.1426605816965812
1775545572.0413783,213.42,798.74,0.09414517261069487,0.07943772022722577,0.11291655934968628,0.14377852938328775
1775545572.0746665,216.14,797.98,0.09620966349905245,0.08101491611796725,0.11497319586442553,0.1451630821892382
1775545572.121424,216.18,798.56,0.09624361674989243,0.08284312039997102,0.11666949932710131,0.14642002236649246
1775545572.153261,213.62,797.98,0.09395128449947249,0.08153300215433171,0.11586417331616994,0.14345897970583474
1775545572.1856594,214.02,797.06,0.09283085354620632,0.07937064224609842,0.11345213214354305,0.14442236190985566
1775545572.2174013,213.28,795.32,0.09222001638992201,0.08262006299998732,0.11759342106257675,0.1458121927733372
1775545572.2484632,212.26,797.32,0.09545646200071242,0.08203585599597302,0.11552116363157028,0.14509404941789117
1775545572.2814708,209.36,791.36,0.09482351353234267,0.08153966424983958,0.11562699337744528,0.14679316638794426
1775545572.3134208,206.64,794.78,0.09395016571158477,0.08058352136800927,0.11535890599060568,0.14471812189337882
1775545572.3444889,204.22,794.34,0.09459039179953961,0.08101463512387047,0.11530679417264521,0.14404581525754412
1775545572.3764627,205.08,795.92,0.09422801984131882,0.08195263720131135,0.11611926883674202,0.146292936587593
1775545572.4092956,203.86,795.76,0.09600827340827484,0.08248208566721031,0.11777043350573878,0.14697286737657936
1775545572.4415617,202.34,798.9,0.09449820253638062,0.08134011870851025,0.11518300417103837,0.14479255820383888
1775545572.4756153,205.3,798.58,0.09519104527100758,0.08357597884640701,0.11885519762603242,0.14666207291523986
1775545572.522523,204.78,803.04,0.0947870454088399,0.08628227225273855,0.1201080916587546,0.14919787367818355
1775545572.5536017,205.9,799.94,0.09368931813446284,0.08386232373716752,0.11620207704556026,0.14446355303627556
1775545572.5865815,211.12,800.06,0.09417436900878828,0.08421319459999659,0.11751434623938284,0.14405654029629913
1775545572.616207,208.98,798.76,0.09357660244719325,0.08251635969698777,0.11676369844273349,0.14550365351437303
1775545572.650903,207.96,800.02,0.09452427054662453,0.08456746337854341,0.11765609736435635,0.1453456889982244
1775545572.68035,207.82,800.98,0.09285056703826645,0.08304797359941449,0.11734442356403263,0.14630971205531793
1775545572.7132504,206.68,802.06,0.09354932548973269,0.08237122181773124,0.11772451453488846,0.1463172807577322
1775545572.7453713,209.24,800.96,0.09229331621889446,0.08214043505242595,0.11658233495458085,0.145971323221895
1775545572.7769468,207.66,803.88,0.09332779562312457,0.08148909677538238,0.116810248088548,0.1458404326129842
1775545572.809501,208.86,799.96,0.09314333099027029,0.0799522207108072,0.1138756839831221,0.14418196503826797
1775545572.8414495,207.92,793.98,0.09013365403786815,0.08144056533678085,0.11618926413972168,0.14595116375205291
1775545572.8758523,211.02,792.84,0.09058056621760467,0.08308107816903156,0.11804761671673615,0.1474052463270295
1775545572.90768,212.0,794.1,0.0920804564944343,0.08139000224629472,0.11506589077015592,0.14444966505203308
1775545572.9533153,216.58,793.92,0.09295903170673347,0.08146783457120026,0.11474091396284644,0.14361129974288978
1775545572.9852283,220.0,795.38,0.09490333311172328,0.08430304043009774,0.11739784600194458,0.14673634187411905
1775545573.0172331,219.5,793.8,0.0934887811628975,0.08091475644918428,0.11406892766826855,0.14309809846681132
1775545573.0483236,220.2,798.14,0.09288513802434062,0.08053699500266348,0.11289496962660867,0.1410057382875007
1775545573.0815551,217.9,799.6,0.0906430766688402,0.07984495534716447,0.11494334399258443,0.14233978661974625
1775545573.1134253,218.26,804.42,0.09516167672050332,0.08299803744297876,0.1165518602541443,0.14406687984034472
1775545573.1468086,220.78,804.96,0.09298555808765306,0.08219664439276017,0.11978546710870366,0.14698592276301461
1775545573.1774395,219.8,807.88,0.09395083666074835,0.08211341496255851,0.11952499375386993,0.14527100140004376
1775545573.2108746,220.3,807.52,0.09396760520502397,0.08049286062096941,0.11842690584014609,0.1438570579427456
1775545573.2417123,221.26,806.72,0.10118356987131062,0.09001853724572532,0.12891665831568447,0.15480998680348554
1775545573.2765777,222.3,806.46,0.10419077068115418,0.09950558205250665,0.1387228826643163,0.16198516566372875
1775545573.3066747,220.72,813.08,0.10965182968385467,0.1049700144254493,0.14765341246057787,0.17160621719076463
1775545573.353208,219.02,816.28,0.11626195614006848,0.10846852260111,0.15288987084436273,0.17730570386022823
1775545573.3843963,218.92,816.28,0.11607517823765139,0.10629450761224168,0.15136344622135264,0.17613550761010774
1775545573.4174902,218.56,817.52,0.11657881939359317,0.10982224327955134,0.15797467189545367,0.182319708700177
1775545573.4496357,215.84,816.28,0.10553760997659206,0.10428188217070702,0.15632631170437225,0.1803372758678262
1775545573.4804935,216.72,819.8,0.10374111438266163,0.10194436271038002,0.15741982172147678,0.18175458500210742
1775545573.5132601,217.04,818.04,0.09613452899504106,0.10171016914975858,0.153717578286084,0.1754657888230153
1775545573.5452192,209.7,815.2,0.08385830775682364,0.10436037869041583,0.15689886992798247,0.16651274591158363
1775545573.576812,209.44,815.06,0.07867067479982263,0.1101660535038181,0.15629833003771804,0.1625825773370553
1775545573.609352,208.48,815.18,0.08993577999958537,0.11885119468919589,0.1546615727590701,0.16620798273891713
1775545573.6411307,208.52,817.32,0.08036464242484191,0.1183683784764269,0.14851744654410073,0.16922911708534852
1775545573.6769404,210.66,820.32,0.03518331774714207,0.0859716857133964,0.12695509570805424,0.17043975530349237
1775545573.7054884,210.36,823.16,0.044687421152124596,0.09230468832837219,0.13742093131201497,0.1858470152119874
1775545573.7391214,207.64,822.96,0.05334326947045027,0.09963174143321675,0.14952026435778565,0.19860864416660762
1775545573.7865815,208.86,822.5,0.050486790961024375,0.09790479398931937,0.1488638212789125,0.19810997669726485
1775545573.8173974,208.76,822.72,0.06294023175509612,0.10234498577766009,0.14910190191456363,0.20385961587975512
1775545573.8507383,207.14,824.96,0.0907115338085679,0.12307385451799664,0.15727064126389523,0.2157215259776234
1775545573.8800123,207.76,823.18,0.11465153553667261,0.15309958062253173,0.17897442627408106,0.23439842510907072
1775545573.9150655,208.44,825.64,0.1479624037614403,0.19131973697967095,0.20831658240439832,0.25224120509915887
1775545573.9444172,211.56,826.08,0.17456363230557434,0.22634916370803873,0.24394057764646834,0.27610339656241384
1775545573.977136,209.36,827.3,0.2073347460005718,0.2618570207455969,0.28097847180173324,0.2946881376178077
1775545574.0091584,212.22,827.26,0.22428429787217086,0.28252668687977023,0.298790386022506,0.31054292556405755
1775545574.041478,211.6,828.46,0.2366307910738537,0.29560900736022344,0.3088656124505575,0.3175642872773231
1775545574.0769362,210.04,828.06,0.2538856785617433,0.31555500640081124,0.32546704729018344,0.3305544398622823
1775545574.1047838,209.98,829.42,0.258218650142745,0.3197929134553131,0.32864421378621306,0.3361567156747977
1775545574.1373906,206.14,829.38,0.263925307167933,0.32395981712769545,0.3317376428559488,0.34039502648698367
1775545574.1711705,207.34,825.76,0.2659939563440132,0.3249954580972716,0.3330402759515791,0.34045299258669065
1775545574.2173908,206.16,826.02,0.26353566667565925,0.32509275826119655,0.3326399739495395,0.3394628376031477
1775545574.249368,202.88,828.52,0.2666053584926514,0.32761390626569165,0.33429614409815234,0.34228169858392304
1775545574.2804294,203.7,832.74,0.26745573158740504,0.32807192148399716,0.33712234125444385,0.3450922488484046
1775545574.313537,203.4,833.16,0.26980122170535603,0.33408476634593054,0.339052152514819,0.34557657884208215
1775545574.3454916,203.52,830.92,0.2697230353315103,0.3337688933519948,0.3400280403783388,0.34898599390560814
1775545574.3778365,204.48,831.24,0.2703057643373638,0.3348561766860875,0.34053800058550865,0.35080732647261514
1775545574.4109955,201.98,832.34,0.2699138192631777,0.3342076471333324,0.34087796866526227,0.35120817642202884
1775545574.4406261,202.82,827.8,0.26924571119764396,0.33198019976130794,0.3367750930905547,0.35071482859811964
1775545574.4744895,202.0,829.84,0.26777930839618347,0.3278431066991152,0.33408113338001966,0.3478044214768098
1775545574.5044394,202.06,830.32,0.2667949632269318,0.32710950752019397,0.33444224606825335,0.345450385007314
1775545574.5383136,202.32,830.24,0.26752973600214863,0.32810897257433413,0.3347778148454894,0.3450928386799647
1775545574.5685213,201.58,830.72,0.2673500387686459,0.32878312745277655,0.3349361289560534,0.34759277147870965
1775545574.5963,199.78,831.12,0.26856810100481565,0.3303187271831216,0.3370091598920509,0.34987043439773724
1775545574.6322458,197.32,832.32,0.26857893150602197,0.33025698293626415,0.3371825687068068,0.3490736281067986
1775545574.66615,197.26,832.3,0.2678926524742635,0.3306043025198109,0.33709663814365115,0.3476436727814806
1775545574.712598,196.84,828.24,0.2675200863130622,0.32923288365679243,0.3351528038287295,0.3461433123386771
1775545574.7444293,198.82,825.68,0.2669264204546386,0.3302929565069128,0.3351816958192002,0.347618303047733
1775545574.7787223,200.18,827.94,0.2677030669589121,0.3308884794639429,0.3364150296769981,0.3488276521692478
1775545574.8086388,199.72,827.02,0.2670280703916072,0.3308898026754961,0.3357071212808141,0.349806835065974
1775545574.841515,199.98,826.14,0.26781795623588045,0.332403345198501,0.33740007702997626,0.3502792756015692
1775545574.873391,198.18,825.44,0.26831066339197623,0.3316821131084657,0.336075090953285,0.3508416456487216
1775545574.904593,197.18,823.08,0.2688309569736536,0.33294448690933764,0.33652904720977805,0.3504375515607053
1775545574.9374592,195.9,823.16,0.26919180395386144,0.3338489202856838,0.3377579579245693,0.35169734388454466
1775545574.9684806,196.14,820.92,0.26854379565438136,0.3321943295641775,0.33660948897370263,0.3514265732684551
1775545575.0026498,196.86,816.68,0.26963705664217746,0.33392980278423207,0.3373817251180747,0.35185858837734707
1775545575.0501962,196.32,818.42,0.26864319621352956,0.33340902961715424,0.3373372885575097,0.35104003499069325
1775545575.0807953,195.42,815.32,0.26826336229406234,0.3334194664975197,0.33740789520622627,0.35169638198753345
1775545575.1146379,196.52,817.4,0.2665136856494847,0.3323053591025383,0.3368888683883935,0.35123664485817313
1775545575.1445003,196.12,813.88,0.2682930355124267,0.3327636180534467,0.336229624706728,0.35018781303296476
1775545575.1794467,197.54,816.64,0.26834998232051444,0.33146932674541163,0.3356688863064635,0.3501747692296819
1775545575.2091923,201.02,811.46,0.26757180767816174,0.33274129830330484,0.3355734164393684,0.34904583689925783
1775545575.241557,201.04,811.68,0.2679879031332591,0.3321856876109527,0.3363134659614694,0.34980362625429334
1775545575.2733326,201.38,810.04,0.2672683446806016,0.3322344344940112,0.33504837908432406,0.3495072617072087
1775545575.3043413,202.34,808.9,0.26727355132721,0.33134603481223307,0.33468175407038797,0.34958834809500416
1775545575.33741,201.46,810.42,0.26768024612887165,0.3326620323343162,0.3356323461119443,0.34939601063735615
1775545575.3712296,202.94,807.44,0.267454151908324,0.33128930576023347,0.3354908273356813,0.3496406225668033
1775545575.4173942,203.46,807.06,0.26697333113134186,0.33164214474638115,0.33534407696475765,0.3497498361062768
1775545575.4499211,202.14,805.6,0.26778430595057906,0.33191212696845596,0.3358761032090219,0.34986853732077033
1775545575.4816144,201.92,806.2,0.26868103497766394,0.331943262544671,0.3360391320814473,0.34903570697713493
1775545575.514609,203.64,803.72,0.26862420474333215,0.3328784882874372,0.3357756571765915,0.3492253560247731
1775545575.5604224,204.7,804.44,0.268132442989475,0.3323710516417242,0.33592131614549275,0.3492111229265944
1775545575.5933251,203.92,804.86,0.2683154501250258,0.3314390669343831,0.3351204802557095,0.3500685429161973
1775545575.6256092,203.6,805.5,0.26707265789005874,0.3296741165885042,0.33284251031733786,0.3474793922113697
1775545575.659304,203.5,804.92,0.2672578979722638,0.3310424048108277,0.33455945406350696,0.34932636519650817
1775545575.696382,199.86,802.58,0.2673820901071493,0.3293266356813243,0.33106648996048826,0.3455717207890051
1775545575.7367957,201.02,802.38,0.26835136481094507,0.33033330794339427,0.334050179284683,0.34599855943174046
1775545575.7704263,202.08,802.64,0.2663534526027063,0.3299430787625753,0.3322425801081841,0.34641022454226916
1775545575.80465,203.12,805.12,0.2675421375890329,0.32850203438252584,0.33078195627874435,0.3465023620933873
1775545575.8503919,202.7,807.04,0.2678694497420474,0.3273331430398225,0.3305976628000079,0.34393104103184174
1775545575.881394,201.44,809.66,0.267660964489859,0.3277813477820672,0.33011459258069603,0.3438881927123913
1775545575.912514,201.58,808.64,0.2671108310200881,0.3253201045891338,0.3272605570067125,0.3422601758835737
1775545575.9462922,200.18,806.98,0.2662363662359127,0.3252872252441543,0.3258059616066411,0.3406250430765638
1775545575.9803972,201.08,803.12,0.26572296212548197,0.3248534643604364,0.3258817930266893,0.339981439339546
1775545576.0246773,201.5,804.52,0.2634114028871921,0.32223519657843186,0.32318368557453964,0.33864298241073726
1775545576.0572102,201.82,805.54,0.2621645675632391,0.3215987316082175,0.32356835162903724,0.3384407116519574
1775545576.0902898,200.86,806.7,0.2619555948788437,0.3210994848431414,0.32211198024901655,0.3377126892183309
1775545576.1242867,202.2,804.28,0.26164446426910104,0.321325782984238,0.32197991413646465,0.3357774043724754
1775545576.1696622,201.64,808.7,0.2622259641750835,0.32113473996650654,0.3223457830148991,0.3359540879290694
1775545576.2013102,203.0,807.16,0.2608631144335947,0.3203333364686737,0.32220483695315,0.3348443430368286
1775545576.2336197,202.36,809.56,0.2611765066506048,0.319220493320391,0.32140752458329924,0.33486415360184707
1775545576.2654488,201.54,807.76,0.2618864723854852,0.3193002818345634,0.32196085826232224,0.3340161045580217
1775545576.2972803,201.74,808.24,0.26130283704207347,0.31962452907858935,0.32184512906707524,0.3348364768774284
1775545576.3293626,201.54,807.08,0.2607619454285825,0.3194382090240097,0.3213800094721711,0.3340713801546171
1775545576.3624816,202.7,806.0,0.2611413857562163,0.3181126918242803,0.32083947339123914,0.3348503806884828
1775545576.3937798,203.18,803.74,0.2610616788170628,0.3185179536445417,0.3201083509958212,0.3344931343188356
1775545576.426768,203.82,808.78,0.25762932121637566,0.3142899309661874,0.31733545801213536,0.3331337540195942
1775545576.4604287,204.36,808.66,0.25731824286945754,0.3126312287930916,0.3154028795643462,0.33343386296075084
1775545576.4974449,202.7,808.8,0.2566210370086447,0.31184370751297646,0.3132725060586092,0.33324086167256256
1775545576.5370998,201.32,808.3,0.25332595195206387,0.30250648681797293,0.3073556850586224,0.33007950109394174
1775545576.5690677,202.22,810.5,0.24854597256245006,0.2928530594483067,0.30375313513306756,0.3310785317250994
1775545576.6014774,203.72,809.24,0.24949265162103273,0.28945224191955116,0.30462674320418714,0.3331039283658251
1775545576.63344,203.54,814.96,0.2426022136027701,0.2794302800200904,0.29697098223759366,0.3315465104683901
1775545576.6646907,200.52,813.9,0.22046707831127643,0.2519493164176788,0.2740694155457757,0.3205410669495333
1775545576.697448,200.5,815.18,0.188342624612614,0.21057510687891423,0.24449636511123352,0.3036113309668907
1775545576.7293055,201.16,817.74,0.12858941066076277,0.1570064545686772,0.20173950257245782,0.2800851718652474
1775545576.7615795,200.82,815.16,0.09874313271519554,0.13402408134911936,0.18459097884228637,0.25939578879419645
1775545576.792529,201.04,815.92,0.0685908058272131,0.1135225062902511,0.16372691215026272,0.2201351968010986
1775545576.8244417,200.2,817.88,0.05293128267467732,0.09738822560225258,0.14383467742216696,0.1900739716787303
1775545576.8582716,198.84,816.2,0.04256397148588521,0.09013763719721528,0.1287036139866361,0.16510547072870557
1775545576.898401,196.8,816.8,0.0534701213105146,0.09221379908206545,0.12201611931630854,0.14758261460541203
1775545576.9369473,196.24,821.2,0.06018346441821726,0.08930262678651181,0.11271270116362345,0.13085225711217485
1775545576.9693484,198.52,823.02,0.06238684827032188,0.06525819197344426,0.08675324833050399,0.10279053238652086
1775545577.0027514,198.82,822.6,0.09649759412046423,0.0713324793230439,0.0850248090187182,0.08693887296895902
1775545577.0333025,198.04,823.86,0.1189589103390339,0.08929185490657358,0.09701029833154251,0.09552732149718368
1775545577.0669253,197.42,823.26,0.13327670922157883,0.09935714552809839,0.0981960988287638,0.10004934667521385
1775545577.0974658,195.24,824.34,0.1395527341164487,0.10428193020222072,0.10681740759190729,0.10894084643407462
1775545577.1314526,196.3,824.04,0.14398804969296522,0.11002475580765221,0.10988318685214757,0.11304164713769944
1775545577.1616168,196.44,828.14,0.14360101846481313,0.10923891048071047,0.10807361399873464,0.1142276980366165
1775545577.193276,195.62,825.94,0.14540769539783313,0.11013459197696208,0.11166167078460468,0.1209161673809464
1775545577.2253702,193.34,829.74,0.1473606666995769,0.11393248721911364,0.12224589440820442,0.13609638320499057
1775545577.2573173,191.16,829.52,0.14633865476126495,0.11633382723566028,0.13033208832098245,0.15135404065283248
1775545577.290948,191.76,830.26,0.14346896929960606,0.11628057114143017,0.13583598690168683,0.16418995950905496
1775545577.3373365,188.92,830.14,0.13904862948755461,0.11198335420114891,0.13472660767289224,0.16654713795920933
1775545577.3692946,188.92,830.74,0.13227458994091093,0.10570885419354765,0.13905973382393913,0.17273017539131857
1775545577.4015114,191.48,826.9,0.12713828875379496,0.10762701462711588,0.1439093062674977,0.1758769872156021
1775545577.4335287,192.8,828.96,0.1198041328109433,0.1037576522585149,0.14384629107428804,0.17469935496135064
1775545577.4652758,186.8,827.44,0.12341722175571303,0.11075998706843086,0.151532449750774,0.18019143113475342
1775545577.4975462,185.58,826.94,0.12231870823827269,0.10979265023811231,0.1500810225428183,0.17708221800307544
1775545577.5295424,186.58,825.48,0.12403393415299283,0.11463190684519758,0.15297618106010133,0.17881208384562683
1775545577.560478,186.74,826.92,0.1206300760046629,0.11193724193230829,0.14884320688507452,0.17504388811500837
1775545577.5922804,187.46,827.14,0.11724049810943517,0.10732437078338837,0.1425187961422308,0.16790165421052197
1775545577.6268246,187.7,829.16,0.11163740522723549,0.10081306600032983,0.13665712851825765,0.16476135830864663
1775545577.6567473,189.08,828.44,0.10879573135740978,0.09697586215511074,0.1291694890574504,0.15745724218476534
1775545577.690918,189.02,829.16,0.10608454262842922,0.09404054056742193,0.1272769634462359,0.15564045577937224
1775545577.7246947,189.7,829.4,0.10663753422859999,0.09115974037517613,0.12401814432777086,0.15439867186511008
1775545577.770594,190.78,829.9,0.10637810111699711,0.09481230138195897,0.12768766580060914,0.15654697814921986
1775545577.8013377,190.34,829.46,0.1049444726952802,0.09163365895258921,0.12461331807188566,0.15528532881040233
1775545577.8334816,189.44,828.38,0.10572060856163,0.09018482915378546,0.1226674099493751,0.15277727482391043
1775545577.8653476,186.56,828.38,0.1065128289036724,0.09115297417692166,0.12402130170709504,0.15373559217861776
1775545577.8973212,188.6,828.12,0.10687492787072071,0.09196855594056302,0.12474399959567474,0.1565113828137789
1775545577.9294713,184.36,828.12,0.10460427424304795,0.0922467465711225,0.12375677272382854,0.15455455029779375
1775545577.9614902,184.36,830.08,0.10532930812324931,0.09098527112904152,0.1233409833999156,0.1547023559607912
1775545577.993231,182.26,829.48,0.1043479542031347,0.08999172275983905,0.12164970165407493,0.15292283089210867
1775545578.0247135,180.44,831.96,0.10422669791379609,0.09053516177363015,0.12404855743296217,0.15449109499238897
1775545578.0574198,179.84,834.08,0.10399481986109227,0.08981731877065216,0.12199771587431471,0.15230831879560472
1775545578.0916376,179.96,834.72,0.09985010576758871,0.08826905186016014,0.12074031039369078,0.15013990790646872
1775545578.1363595,180.36,833.72,0.1013917382180065,0.0881623284074677,0.1217040983482052,0.15054962962929122
1775545578.1695197,180.28,835.3,0.10174966949865448,0.08879095832923727,0.12116753663577559,0.15026715995715706
1775545578.2006388,180.66,836.26,0.1016093167619384,0.0874531872567412,0.12167517585740922,0.14937910949844097
1775545578.23437,182.08,835.24,0.10093438219107852,0.08721584807198929,0.12061278057789084,0.14999686277006524
1775545578.282177,182.88,836.12,0.10115708513427622,0.08654064329462408,0.11985154916495924,0.1487704175825452
1775545578.3134127,182.34,836.66,0.10174281030991847,0.08730049202206679,0.12005727865141216,0.1495258179476655
1775545578.3466454,185.58,835.88,0.10062569603595484,0.08631577002418486,0.11893916608021878,0.14758707246846645
1775545578.3819978,185.62,836.68,0.10133534193903133,0.08885141721337352,0.12248572969664963,0.15252663125360705
1775545578.4267552,185.28,834.8,0.10285861676888768,0.08973267288216312,0.12179097997341638,0.150918228134045
1775545578.456498,185.08,838.66,0.10180542952917272,0.08813934302577955,0.11974331280176399,0.14879723243049217
1775545578.4896452,185.48,838.4,0.09903801973778502,0.08464542644851679,0.11730698583050034,0.14676534592304993
1775545578.522401,186.3,836.62,0.09924229107952882,0.08403425836384602,0.11693482927506525,0.14615980604825174
1775545578.5694995,189.2,836.32,0.10231845541556782,0.08490441662531095,0.1180480794308525,0.1484153038468434
1775545578.601465,189.38,837.28,0.10201916549721962,0.08688424166819678,0.11963914682587272,0.1479845084761479
1775545578.6333046,189.38,837.54,0.09834531426585652,0.08466881708976585,0.11651302894698107,0.14529170033913472
1775545578.6669517,189.0,837.24,0.10103620408058922,0.08748332502868608,0.12054450107330139,0.14900965476033742
1775545578.7008424,189.44,837.36,0.09998888686027603,0.08676476097795796,0.1191242430487801,0.14751100581453833
1775545578.7444756,193.14,838.96,0.10003911522774449,0.08675067392154902,0.11883337371407036,0.14803441963844746
1775545578.7830002,192.1,838.48,0.10032029340065929,0.08499432651622103,0.11611247822957499,0.14537534942316074
1775545578.8115199,192.72,839.8,0.09826061431556019,0.08268237180987345,0.1158002333340068,0.14456459685478673
1775545578.8572295,189.42,839.28,0.1006538340655165,0.08779652778817376,0.12018691161826045,0.1475814392095447
1775545578.8881936,189.14,840.6,0.09854795489291142,0.08582698638496092,0.11655471388438716,0.1457615433277835
1775545578.921665,189.22,840.1,0.09658018509219443,0.08052229287953584,0.11142081537781737,0.1401857907720814
1775545578.9544144,189.9,841.08,0.09775676660905187,0.0829022068638206,0.11468349571787595,0.14426327622491963
1775545578.9844313,188.92,840.44,0.09771585323288264,0.08424481342611048,0.11623147621954187,0.14573979978625046
1775545579.018854,189.84,840.02,0.09531850045948914,0.08131060820497642,0.11446393700324976,0.1438677912427519
1775545579.0493615,192.8,837.94,0.09888568647229404,0.08638055873909947,0.1187445011863225,0.1472930944155958
1775545579.083329,193.08,838.78,0.09869844474744797,0.08430533122799441,0.1154885344417924,0.14429686782281156
1775545579.113251,191.44,842.64,0.09883018527079568,0.08540489874223761,0.11665439852530006,0.14456493825913672
1775545579.1469905,190.98,842.64,0.09774694671477224,0.08508552667610743,0.11654625033308263,0.1446634256105796
1775545579.1933296,196.38,842.54,0.09887107533106174,0.08550815572700203,0.11669375823642607,0.14404806995867675
1775545579.2253468,196.94,843.7,0.09776568972198868,0.0843461152257459,0.11496962240988759,0.1426202575414682
1775545579.257412,196.88,843.64,0.0980215313080035,0.08589658844227134,0.11813692087985139,0.14537933608362835
1775545579.2887552,197.28,844.18,0.09842069579630054,0.0868497166627519,0.11914403363587954,0.14774827708992128
1775545579.3214355,193.58,844.14,0.09795033483207247,0.08466434200450862,0.11699131532301439,0.14376527980529422
1775545579.353278,193.36,843.0,0.09724694665226262,0.08505767600928188,0.11929359972691816,0.14644678895298024
1775545579.3855376,191.22,842.66,0.09774407256670915,0.08420718892689372,0.11638670711100364,0.1446291153769491
1775545579.4174173,191.5,842.14,0.09721336914513408,0.08388186762720247,0.1164755334706274,0.14442838315607176
1775545579.44957,190.44,841.3,0.09820895832799034,0.08379999023591428,0.1158144059350815,0.14342028717710534
1775545579.483363,189.56,842.76,0.09562218388186648,0.08465084351965713,0.11788417304589502,0.1449256384346685
1775545579.5134273,189.32,842.58,0.09624965975209124,0.08183280651485313,0.11566574218796968,0.1434589798366448
1775545579.545207,189.0,842.78,0.0963925657242417,0.08412941535936735,0.11713609219966878,0.14449076374312123
1775545579.5790122,189.22,843.72,0.09806515997610095,0.08380621527967733,0.11609355561319792,0.14224919899147803
1775545579.6124554,187.94,844.54,0.09763510273746762,0.08137142180867656,0.11499804948638583,0.14263242311639077
1775545579.6596582,191.84,844.68,0.09583145349213339,0.08149564464548946,0.11345080440750174,0.14035550497471078
1775545579.6884742,191.3,844.44,0.0973651782394946,0.08321086238286952,0.11576736169891577,0.14448573326156833
1775545579.7225091,191.98,844.54,0.09705177869155686,0.08308112735758215,0.11505132497018918,0.14177701339118243
1775545579.7522333,191.76,844.78,0.09671012748085313,0.08333938563361096,0.1166501179829848,0.1430496714964486
1775545579.784837,189.3,843.78,0.09943789606094022,0.08328916997936738,0.11647195283295912,0.1444732301338314
1775545579.8176322,188.34,843.7,0.09715198553353568,0.08246642837121052,0.11421828878155939,0.14095180810875366
1775545579.8495488,186.52,843.78,0.09824688283141238,0.08267859128769213,0.11492166428729954,0.14265621373022294
1775545579.8839822,186.78,842.94,0.0953829283021719,0.08126446718020963,0.1153577277717313,0.1429521919697152
1775545579.913319,186.22,842.24,0.09768362637911264,0.08152645594734928,0.11742333919953968,0.14603058035813304
1775545579.9454215,183.86,844.22,0.09647439415397145,0.08138033417055494,0.115376868708088,0.14194755829090897
1775545579.9792092,182.32,843.66,0.09825389530019678,0.08337746490952969,0.11709934601538742,0.1437084681020073
1775545580.0254366,181.1,844.3,0.0933169533523858,0.07542832079574625,0.10952933813846753,0.13732643044280715
1775545580.0573645,181.6,844.08,0.09414165592145901,0.07775473790299609,0.11377668225566184,0.14125303807390502
1775545580.088423,181.26,842.58,0.09790635966095874,0.08170935981788707,0.11690721397825563,0.1442324421326552
1775545580.1215017,181.86,841.08,0.09876515089451185,0.08394494215542797,0.11942690263622506,0.1462096871053914
1775545580.153323,182.48,841.66,0.09885678630878501,0.08541994693852295,0.12279545413981074,0.15066388112555537
1775545580.1856725,182.42,839.98,0.0995215983409299,0.08847864937689695,0.12537824852334364,0.1525488199924167
1775545580.218596,181.52,842.46,0.10266280813344401,0.09174139935070755,0.13011222562982064,0.15437987824028962
1775545580.2488546,178.68,842.2,0.1051960139299508,0.09144514785920924,0.1312091355079027,0.15559469404708262
1775545580.284495,178.04,841.72,0.10105380309298614,0.08937220086659488,0.13104733392119272,0.15875091893079515
1775545580.3135202,176.74,840.76,0.10465019924980375,0.09197021416516848,0.13596245136548657,0.1625919310360534
1775545580.3467271,175.32,841.72,0.10512134382318294,0.09595312429507495,0.14432331208398125,0.1735966374076437
1775545580.38475,174.7,840.74,0.09185531278865887,0.08457462726957701,0.135894316170178,0.16679769619412527
1775545580.4112806,171.54,841.06,0.09333261845730288,0.09380352491526726,0.1434395629308612,0.17353517374202368
1775545580.4574046,172.1,840.7,0.08353313500306336,0.0918579634043127,0.14361826638247016,0.16558132937055628
1775545580.488526,171.42,840.48,0.0698531609648123,0.08816147188441219,0.13825067567213706,0.15754520867022415
1775545580.5214715,173.14,839.64,0.06523177944819292,0.0956836405385172,0.13865595238735634,0.15434395306804982
1775545580.5524836,173.04,839.24,0.06081412695808561,0.08375987328043036,0.11989561186061909,0.14330463339597052
1775545580.5850341,172.1,839.98,0.008862218489875286,0.05694549086414267,0.10125868906829318,0.14636763740386632
1775545580.6174347,172.4,838.48,0.041352924258580094,0.06263123577893506,0.10789883560498505,0.16089617234628947
1775545580.6497016,172.86,838.12,0.0456934086770146,0.07647321110789093,0.12222481211275761,0.16818518062692425
1775545580.6849105,172.48,838.62,0.09196426044813397,0.1361620761586154,0.14771982988612065,0.19868196159944862
1775545580.7135332,170.86,840.16,0.11566296876853206,0.16679533178130526,0.17954158489173588,0.22339256279039416
1775545580.7454205,171.34,839.76,0.1666061435902584,0.22326768986059312,0.22288772081768118,0.2597001055087886
1775545580.777476,172.76,840.1,0.19767264263300344,0.2522225169263255,0.2649157093315735,0.2813480421254506
1775545580.808535,170.76,842.88,0.22049392452127434,0.27400862129193465,0.281233502094571,0.295072616990922
1775545580.8421915,170.76,843.34,0.2321006046523221,0.28543662690493493,0.2908119102818906,0.30600609530094786
1775545580.8760765,171.88,842.26,0.2412873305250599,0.29570865372182303,0.29860073452412833,0.3119875518869016
1775545580.9227602,171.32,841.34,0.24933503946782115,0.3037915282580899,0.3073938002600014,0.3215071742926034
1775545580.952354,171.32,841.22,0.25342873614177225,0.3067796930498306,0.30954579818277994,0.3247564113623073
1775545580.986102,174.56,841.34,0.2569623118665618,0.31130989935275144,0.31304314253534166,0.32940753638885567
1775545581.0175273,176.64,842.72,0.2610939027009859,0.31382924676175533,0.3177423858849408,0.3348869090237574
1775545581.0494595,176.34,842.62,0.26314905444963893,0.3165489376693304,0.3203108861788474,0.33697759154353124
1775545581.0850308,176.68,842.52,0.2616875783427225,0.31636160415290987,0.31925820066434235,0.33842900105716656
1775545581.1133523,175.16,842.92,0.26362022816074737,0.31958820370508995,0.3224501291336562,0.3403413117721753
1775545581.144673,175.48,843.38,0.2646030697190212,0.32270491283773733,0.3257780193490029,0.34280786882945896
1775545581.177431,174.76,843.74,0.2643571387274007,0.3237210825050594,0.32797732340004404,0.345460264328658
1775545581.208593,174.62,844.36,0.26410541108113006,0.3240224847417772,0.3263345762863335,0.34405505928407104
1775545581.2414954,174.76,843.04,0.2601779794806082,0.3219913392231654,0.32352878623065257,0.34211214835414583
1775545581.2753184,175.3,843.76,0.2597451037142116,0.32208454730616615,0.32514728220925204,0.3436290193673609
1775545581.3212311,174.22,841.36,0.2603786507045035,0.32268758390162255,0.3240911118312562,0.34274904519699523
1775545581.3532605,174.72,841.6,0.2630287854139879,0.324753682183253,0.32650996595855236,0.3448831840525963
1775545581.3855383,176.2,841.66,0.26212280992224973,0.32228741420005624,0.3254641241875524,0.34367118108623446
1775545581.4173942,177.3,842.14,0.263733291174791,0.3237346630779219,0.3278751987397279,0.3460242681009535
1775545581.4493895,178.8,842.54,0.2630613375415758,0.32256710245299386,0.32768878249241856,0.3451424454267711
1775545581.4856424,179.64,843.12,0.2636513911349574,0.3213907473981761,0.32715996522538116,0.3452342241080979
1775545581.5133722,181.1,843.54,0.2649010595979414,0.32422307550815377,0.32921904031562793,0.3465513658830053
1775545581.546511,180.86,844.4,0.2651192173910701,0.3267066714932004,0.33021124921256084,0.34692769382199734
1775545581.5760942,178.38,844.06,0.26500628408164967,0.3240849360165587,0.3292513837093267,0.3476288829516882
1775545581.6036398,178.68,844.1,0.2659470304076526,0.3249968171760975,0.3302632118925958,0.34651223482495
1775545581.6414826,179.56,844.2,0.26588782242339254,0.32569856465703895,0.3301160860024998,0.347534282828471
1775545581.6752045,179.96,844.54,0.2648437130521817,0.32472012111678167,0.3294681459802902,0.3470695230941988
1775545581.7214952,179.28,844.7,0.2669008020739548,0.3282611111683115,0.33150038408979776,0.3477897049405812
1775545581.7532907,180.24,846.26,0.265622960228799,0.32576837027227734,0.3307937372972689,0.3475540832666625
1775545581.7860863,180.24,848.62,0.2640761628310695,0.3249538217498494,0.3294750734585479,0.3465958471227442
1775545581.8176317,180.8,849.06,0.2657027367016499,0.32618353220615565,0.3298317442864464,0.3471576296227445
1775545581.8485448,180.44,849.62,0.2656021802679395,0.326424025844806,0.33065509754826333,0.3467416609929767
1775545581.8814774,180.16,848.86,0.2667733122644305,0.32791568356030354,0.3328426538447323,0.34840955670141915
1775545581.9135754,181.74,849.34,0.266685867759385,0.3263204009306169,0.32981477444667645,0.34689722826640057
1775545581.945183,182.88,849.54,0.26656895636140665,0.3269743235025498,0.33110149192633836,0.34505312363821883
1775545581.976489,184.18,849.4,0.26640513411930467,0.3271895793762636,0.3300565774496826,0.3449296885985736
1775545582.0084543,183.78,849.32,0.26589673227533217,0.32664868856159324,0.32986217000836554,0.3437507954687886
1775545582.0420916,183.96,849.14,0.26777222652079613,0.32719156017125123,0.3289418993838182,0.34455511891464335
1775545582.075544,183.98,848.84,0.26779775115266247,0.32725437806744523,0.32981427065934293,0.3456099074926257
1775545582.122821,183.52,849.54,0.268621315706718,0.32797838894488845,0.32994173233796925,0.3441965734091452
1775545582.152309,183.44,850.24,0.2683003679346074,0.32766746263438534,0.32992202194234815,0.34456160717280226
1775545582.1862428,182.84,850.6,0.2675593347325374,0.3274220135958232,0.32987459884071946,0.34435790352717305
1775545582.2190611,184.64,850.8,0.2675195942598721,0.32723910165111336,0.33105246807624356,0.34464583987851316
1775545582.2663445,184.4,849.64,0.2670205556339159,0.3281486248953723,0.3307686017184372,0.34552225904076767
1775545582.2973719,184.4,851.06,0.268133945424851,0.3287277615004055,0.33096161651287864,0.3450954553281614
1775545582.3310592,184.06,849.8,0.2677153413792683,0.32835409039576374,0.33120291088807646,0.3446540874669186
1775545582.377607,182.8,850.5,0.26877877077512946,0.3275963102362987,0.3304333639268182,0.3444492575741486
1775545582.4287314,184.4,849.74,0.27028746036897605,0.32918954884012913,0.3301774550980774,0.3440425330902882
1775545582.4742687,184.4,849.94,0.2713841282952237,0.33161775878106814,0.3309630800971316,0.3432646448106905
1775545582.5216205,183.86,849.76,0.27112435420660397,0.3302708699999008,0.33028659057863624,0.34345660398992595
1775545582.5527785,185.98,847.82,0.2716857048769744,0.3304582438922812,0.3311667552099114,0.343367730931674
1775545582.5870483,186.0,847.84,0.2715573404115134,0.33115753614357374,0.3316100346955009,0.3442724910814286
1775545582.6192546,185.88,849.46,0.27023415228586956,0.3297170714565111,0.330121869054553,0.3444682798547109
1775545582.665386,186.28,849.46,0.27091798229921343,0.32972110123016785,0.3301408851336816,0.34338593319189065
1775545582.6973717,186.18,848.96,0.270097615283539,0.33035105226983486,0.3302397817844571,0.3428770926237324
1775545582.7293239,184.88,849.1,0.2708470584767735,0.3297523774286212,0.3299264283416206,0.3427431101863245
1775545582.761517,182.88,849.58,0.2691641935896475,0.3290899075317464,0.32700644949128177,0.3408535690696309
1775545582.7947326,182.08,849.38,0.2687422967737806,0.32894468604309995,0.32613211755077176,0.3402784236817077
1775545582.825369,182.66,850.8,0.2685920019815622,0.32686775603356,0.32535722573135245,0.33823757702998336
1775545582.8588042,184.1,849.64,0.2681044925465669,0.32671671454032924,0.3258885406361716,0.33531864410419177
1775545582.8888597,184.74,849.26,0.26791573546712816,0.3245863680519532,0.32358054853703444,0.3337724715675495
1775545582.922798,185.08,848.94,0.2678882966413099,0.32264349742109855,0.3224574141423355,0.33122917517783074
1775545582.953248,185.46,849.92,0.27072227179234476,0.3229114931871651,0.32234795199410377,0.3284868631310507
1775545582.9880345,186.62,850.14,0.26790018222628115,0.31836894629476825,0.31726687485970106,0.3226220112103413
1775545583.0333784,188.44,850.24,0.26746498221970905,0.31839616108213536,0.31788662021647734,0.32010200653980875
1775545583.065162,189.46,851.24,0.26393201284181983,0.31466073497946767,0.3141398171947414,0.31433162034816103
1775545583.0964162,189.88,851.22,0.26305067778849095,0.3109628564741334,0.3063701348747299,0.30532239018070156
1775545583.1293406,188.4,851.44,0.25607292963455774,0.3024138255748255,0.29253565297236944,0.28336808231091676
1775545583.1615121,188.06,851.72,0.25713037164083913,0.3009004082967214,0.2858377311175931,0.26131806332706164
1775545583.1924613,189.96,851.64,0.25781319239891975,0.30110925523822235,0.2860814155197727,0.2582728143830981
1775545583.2254217,189.26,852.02,0.25021217475235896,0.29301392312446306,0.2732023735329525,0.24365276378331122
1775545583.2575705,189.06,851.76,0.2429041162758238,0.27457948728228176,0.2499021504428942,0.22099619217699668
1775545583.2886493,189.7,851.56,0.2477940292327804,0.269818758761065,0.2417203076193843,0.21125172996546612
1775545583.321232,192.28,851.02,0.24025345595862013,0.25124282699314743,0.22560917442866169,0.20006750890562097
1775545583.3533742,191.5,852.28,0.22478313986070222,0.2188751530670926,0.19590715853657012,0.17142408529987987
1775545583.3886642,191.16,851.64,0.21913734376169128,0.20766400461642787,0.18338000247332392,0.16548375523616163
1775545583.4193077,191.48,851.68,0.20000725211027778,0.17191977520451354,0.1510792403516263,0.13733515740378266
1775545583.4655952,190.8,852.04,0.1800437336750053,0.14298772989039923,0.11216240657184907,0.09614205400870321
1775545583.4985273,189.36,852.76,0.1493162310813074,0.11333590317315353,0.08282476339540429,0.06150767249162842
1775545583.529456,187.66,852.02,0.13485787284497958,0.08497376780700101,0.046473155735694736,0.028833886813100347
1775545583.5624914,186.14,852.66,0.13949274267982673,0.09696499290984553,0.06858534130838034,0.03087564750591825
1775545583.5922537,186.62,853.98,0.1265560722705448,0.10609340771903697,0.0907019009754131,0.054233078530446475
1775545583.62401,186.6,853.86,0.13509192086890026,0.12027107259455717,0.10742831730324258,0.08311981663945663
1775545583.6567762,186.88,852.74,0.14542071578486954,0.12633740922194023,0.11416707624731033,0.0949959172244397
1775545583.6889358,186.8,853.86,0.12108771352418476,0.11476390568574527,0.11901446294941641,0.11692809551378501
1775545583.721409,186.8,853.16,0.1428202412632944,0.14227333785268267,0.15808649745253484,0.15594626255196656
1775545583.753354,187.1,853.36,0.14165594663521405,0.14319071807961462,0.16435891733511865,0.16557395429654712
1775545583.8003693,186.0,854.18,0.13349054078263434,0.1393559523033227,0.1627669510742441,0.1696374802215852
1775545583.8326087,186.32,854.7,0.14124258536427867,0.14679080012810725,0.17215276540038765,0.1804833326080161
1775545583.8656332,186.02,853.56,0.11832564193552922,0.1265929305415289,0.14956082061928208,0.1585258942795998
1775545583.8974183,186.5,854.86,0.1208651349150603,0.13355129499393623,0.15980801490514654,0.17406745344287047
1775545583.9293687,186.16,854.46,0.12466168473089992,0.14037805865551778,0.1675246686718673,0.18079436507550134
1775545583.9613533,185.54,855.32,0.11532588725782099,0.12823043889566776,0.15661485107798676,0.17334176110954574
1775545583.9924924,186.16,856.66,0.11062293864807474,0.12285319284518262,0.15217986148126247,0.1691310617039917
1775545584.0255775,184.96,857.48,0.10996800360963786,0.11968128639589366,0.148802603633841,0.16536094369221102
1775545584.0595996,184.02,858.24,0.11124839276407823,0.12414828962937541,0.15294691804315816,0.17039462876679243
1775545584.0895226,184.32,858.34,0.10811926670807649,0.11725556343292018,0.14830103495976132,0.16591980413294657
1775545584.1231966,182.9,857.82,0.10769431057762852,0.12016341133984677,0.15345892853915416,0.17191540604851607
1775545584.1523297,182.64,858.52,0.10732566206853841,0.11411609662631235,0.1454400362659947,0.16405756903395846
1775545584.1859782,180.86,858.02,0.10758088459258223,0.11012642192437816,0.14018858877853457,0.1583668849692459
1775545584.219776,179.16,858.4,0.10096922832086346,0.10439677595053759,0.13589810144443512,0.1541663637199731
1775545584.2653317,177.24,857.8,0.10061733341375301,0.09947710125165386,0.13069533071058778,0.147704581451243
1775545584.2973711,176.02,857.68,0.10101805858762092,0.10310549058651584,0.13722832414929087,0.15458165888983355
1775545584.33125,176.56,857.4,0.10217218809331012,0.09844693389184792,0.13103209356887124,0.14727454153620487
1775545584.376519,176.52,859.32,0.09857659614733079,0.10125434140987799,0.13877432493073844,0.15502758295608662
1775545584.4084804,177.16,858.2,0.10433900537093323,0.09615283941584907,0.12942561746602477,0.14439057896456073
1775545584.4417007,177.22,858.28,0.10191651739471824,0.10482133033052082,0.14124285266870948,0.1580718572701578
1775545584.475276,178.26,858.7,0.10296145887024674,0.0979541047190229,0.13309004263084478,0.14868454616451587
1775545584.52152,176.48,859.2,0.10989306557222074,0.10764558019816749,0.14506293716637642,0.15995742464036966
1775545584.5535145,176.68,859.94,0.10568529038473026,0.11112591561337871,0.14966308747103657,0.16588970526565
1775545584.5895977,175.74,860.64,0.10058861735124804,0.10640019397169154,0.14624623919782812,0.16434711699548105
1775545584.6180892,176.8,860.92,0.10313841618754369,0.09833318178189397,0.13568253826888094,0.15067589827748662
1775545584.6514413,177.04,860.8,0.10184686579266056,0.10176062828961667,0.13955588515383016,0.15558879449610888
1775545584.697422,0.0,0.0,0.09835811478380287,0.09742226840970845,0.13644729110037251,0.1520532645346963
1775545584.7305043,194.64,909.58,0.10383672520789858,0.09776851363298493,0.13435479791397523,0.148321470223032
1775545584.7640955,192.72,911.54,0.10539117426939988,0.10011907947844532,0.13476837205092768,0.14876548187103353
1775545584.8294256,206.42,905.86,0.11091938391824135,0.10252774100559166,0.1358521327197709,0.148101403165059
1775545584.8744845,205.14,907.1,0.09766687297239497,0.08787675731754484,0.12236501852513976,0.13700767819757712
1775545584.908161,202.66,903.9,0.09980293569102613,0.09185171328081629,0.12612931185608023,0.14007177203517468
1775545584.953343,200.74,900.34,0.1055747663412546,0.09558474455441662,0.12832306323529738,0.13991049729312646
1775545584.9900467,196.6,904.82,0.0963562343328434,0.08979638895398923,0.12550438763747548,0.13972573605197328
1775545585.0163922,196.26,908.94,0.09995586043824745,0.09517941571188233,0.1306325569071979,0.14510637063485873
1775545585.0494034,196.26,911.14,0.09759449814524206,0.08777275973885601,0.12397763212467562,0.13865287466692114
1775545585.081735,198.92,912.98,0.09439948425727575,0.08746291577754181,0.12346037693273589,0.13831888325456324
1775545585.1125498,204.34,915.68,0.09784578937984457,0.09151707703270465,0.12764891811828996,0.14298249625250628
1775545585.1457489,204.44,915.92,0.09346072023103348,0.08611207358967995,0.12253208758477459,0.13797170189231253
1775545585.1766202,207.8,918.2,0.09599134614438926,0.08497007604552644,0.11886540825502327,0.1332658676841646
1775545585.2094705,209.86,921.28,0.10230610729180707,0.0908863059599378,0.12404033397378346,0.1364914427593695
1775545585.2413845,209.0,920.6,0.09262874559177138,0.09111531751972132,0.12971544328972093,0.14675218448780158
1775545585.2750568,203.82,913.04,0.09357762647368281,0.08791929479007621,0.12554262530776839,0.1422256775257747
1775545585.3080857,203.08,917.9,0.09531988456753958,0.09290047736998555,0.13058974537603749,0.14691048922657823
1775545585.353411,202.94,925.34,0.09864157972563811,0.0962454691911084,0.13260512458734766,0.1483720695542461
1775545585.3902934,201.08,924.5,0.09869090903645161,0.09544182041833021,0.1312676968847951,0.14899595232586837
1775545585.4162228,205.72,924.84,0.10071524398527235,0.09650449187908293,0.13142874104361785,0.14772333906133045
1775545585.4495914,206.12,917.08,0.10235411166335404,0.09292243056651064,0.12556448022978905,0.14076886087642618
1775545585.4805415,202.36,915.26,0.1027228921156236,0.0965237906733106,0.1305286236238263,0.14674930685941986
1775545585.514442,205.42,906.72,0.10223902027413158,0.09451819461708232,0.12759012355052973,0.14130954384208302
1775545585.545918,205.12,908.92,0.09984887543103597,0.09273854814962405,0.1282129818563024,0.14284407613175928
1775545585.5775003,202.62,915.44,0.10257683573188418,0.09237030910717846,0.125126051168551,0.1382136320560332
1775545585.6094542,201.38,920.12,0.1000579645703184,0.093646109173829,0.1264870769230416,0.13966993844216005
1775545585.6415014,200.14,918.96,0.09906203498634793,0.09852338759021584,0.13373754483619135,0.14778644911690805
1775545585.6750977,202.7,924.5,0.0980568817701422,0.09469349375526315,0.12859890433306398,0.14393921849095165
1775545585.7088776,201.7,925.98,0.09966948074696906,0.09351533176209752,0.12594471044392952,0.14039047454801673
1775545585.7535045,202.04,927.86,0.09772656777509905,0.09529954002493372,0.1302292964043602,0.14679068888716518
1775545585.7853277,202.38,927.34,0.097105737532953,0.09380240488927019,0.1290123536706402,0.14575570698130053
1775545585.817596,191.98,926.38,0.09983766572213126,0.09924319548641626,0.1361759919685352,0.1517227807305036
1775545585.8484912,193.6,923.28,0.09239832311350284,0.08896249254802678,0.1250327882709818,0.14312218430423368
1775545585.8811815,192.06,921.56,0.09430882082195786,0.09356843137963834,0.13132424639986576,0.1470475328075728
1775545585.9133842,190.38,922.54,0.10147724606390443,0.09826571312261322,0.13362599356111216,0.1463563204016939
1775545585.945434,190.7,923.26,0.09625627663199189,0.09507683344980804,0.13178504121093074,0.147930999089706
1775545585.9764671,189.82,920.32,0.09878888749113447,0.09784925298083134,0.13583859988798797,0.15247709251758748
1775545586.0116847,191.44,918.46,0.09241918768403366,0.08909731216681765,0.12486106765976596,0.14426292984644679
1775545586.0411618,192.78,922.76,0.09343783419969802,0.09288907594899144,0.12965337519699824,0.14740026202718767
1775545586.0747037,194.14,928.56,0.09470803149517631,0.08897537584951372,0.12379787306812416,0.14160212450594398
1775545586.1085515,193.32,926.64,0.0949405248382237,0.09268279944769894,0.1288087742419013,0.14584423156049184
1775545586.153615,196.44,925.76,0.1001780530655058,0.09376391372707364,0.12908836308906438,0.1443440710261306
1775545586.184551,197.66,923.04,0.09712670989787944,0.09599359739255546,0.1317851878291011,0.1489443304204741
1775545586.2164388,194.3,923.34,0.09061463668725489,0.0880353391265305,0.1248143289985748,0.14496494117273862
1775545586.2496572,191.9,919.94,0.09941343887653545,0.09668060636239337,0.13187254381313113,0.1495229553158187
1775545586.2814927,190.68,918.58,0.09657912644023811,0.093908444607733,0.12897046702565954,0.14652391794335912
1775545586.3134816,188.08,927.72,0.10061710143582521,0.09587102356696256,0.1308113122506875,0.14675682355643593
1775545586.3455198,191.82,921.22,0.09583010987345308,0.09052259793858468,0.1251588848739041,0.14192397241239846
1775545586.3774257,191.28,911.34,0.09963416587725829,0.09255494591441646,0.12589056846801286,0.1416325086547051
1775545586.408527,205.24,913.46,0.09691540008293864,0.09022495669748858,0.12510085023523865,0.1423283814171412
1775545586.4413445,210.54,905.72,0.094239997186872,0.08999416472382342,0.12536354823042614,0.14184114222381541
1775545586.473428,212.82,904.74,0.09799595157537602,0.09037158687982923,0.12374756813271093,0.14089863125590507
1775545586.505263,198.9,907.98,0.09615128558150597,0.09041939592405729,0.1265355324390585,0.1440504896776573
1775545586.5396533,199.44,907.4,0.09544052435242396,0.09214250868742235,0.12927004243016638,0.14757870451984648
1775545586.585405,197.96,907.4,0.10110013594427834,0.10124362185471333,0.13831327509027672,0.15405986889705883
1775545586.6181016,196.34,915.42,0.097141555732194,0.09458960857766956,0.1287213771776141,0.14628813263534457
1775545586.6505494,195.7,915.8,0.10202058405168739,0.10242973673220306,0.13704660863692789,0.15391993233895915
1775545586.6815672,194.62,913.94,0.10349268437708335,0.10064008424521048,0.1346421187222974,0.15256641922414255
1775545586.7150555,196.1,912.3,0.10294796412237275,0.10286324983768216,0.14203704844469228,0.15926777132912578
1775545586.7453697,193.92,910.38,0.11266658268305405,0.11172993094205463,0.15228936741986196,0.1674326621789235
1775545586.7785857,188.24,912.5,0.10886457192982832,0.11035242280100141,0.15253772249939254,0.1607163730418932
1775545586.8094776,186.68,909.26,0.11359452942951764,0.11667867739813777,0.1533664720657368,0.15086500920440024
1775545586.841443,190.22,902.06,0.030923392577926697,0.04432319122257177,0.09873313281202811,0.11706992494863279
1775545586.8733492,188.56,901.98,0.03952179161812467,0.026940398542411627,0.08119029953783988,0.10198744897695289
1775545586.905534,188.3,901.22,0.04510860769953767,0.02021541689803777,0.060580013835280666,0.1013642385004837
1775545586.9373248,185.22,907.5,0.06815722351883455,0.04691482321467189,0.06613729346833981,0.12280967843508164
1775545586.9709475,187.76,905.58,0.07194087882927214,0.06105305347911118,0.07392000246077447,0.12284051886482207
1775545587.009679,189.18,904.82,0.10556999306365727,0.10875289549865395,0.10186309053810813,0.14208106078634528
1775545587.0488179,188.28,904.38,0.15133821355490368,0.17019970498892503,0.15766766644702412,0.17411288272222214
1775545587.0815187,183.26,905.18,0.17353429543487806,0.22017150489908346,0.2077139816794976,0.21624761639641596
1775545587.113397,182.7,911.14,0.20256652545153286,0.25294206411988013,0.24919531321225982,0.2434188890188346
1775545587.145306,181.76,910.24,0.2231863792404794,0.2814113729308579,0.2756613381723037,0.2701965900226835
1775545587.1772869,178.36,919.4,0.24172146584860923,0.30110187121441134,0.29914846918168125,0.29931900291394536
1775545587.2088227,180.4,918.68,0.24870945644659703,0.30701983244552,0.3069225187397116,0.3133573313362965
1775545587.2413907,183.92,919.76,0.26136922810507823,0.3207770831433288,0.3253930169647295,0.33147882542399715
1775545587.2732024,184.68,918.94,0.2660175040634039,0.32675289187410167,0.32839859315576647,0.33380782467468534
1775545587.3053536,185.88,921.04,0.2647654167241365,0.32650164382437424,0.32907454421618004,0.33650650190785025
1775545587.338455,184.12,920.94,0.26725851300083575,0.3287806101185545,0.32975025639389066,0.3398387200984754
1775545587.3732142,186.78,918.02,0.2677562961018101,0.3274637170487421,0.32782245567447177,0.3405743885147668
1775545587.410525,192.9,918.24,0.266785833605976,0.3275534121187696,0.3285785589754406,0.34150692417919243
1775545587.4493887,197.28,910.66,0.2678138289292362,0.32961688048917664,0.32937178951596413,0.3424425261638322
1775545587.4813585,197.58,912.98,0.2710696592099393,0.33085374846493654,0.32991389566940943,0.34412208010358664
1775545587.5133317,197.98,912.24,0.2694005317243485,0.32951426003263207,0.3302482107900903,0.3449890390979776
1775545587.544966,196.58,914.04,0.26991232009201965,0.3303051739745296,0.33067189314060685,0.3453485430233074
1775545587.5763915,202.46,914.34,0.2709450560903661,0.3314513346480819,0.3313098077890034,0.34626165751464016
1775545587.6096284,198.92,917.06,0.27099752140478484,0.33087227669232777,0.3316037149870905,0.34584613631445166
1775545587.6414979,198.56,917.38,0.27142368593538113,0.33254567919665884,0.3324384447022225,0.3471622933868593
1775545587.672512,195.66,917.92,0.2704458856721736,0.3307523268011922,0.33058553072723323,0.34663451602306333
1775545587.7044272,196.66,910.9,0.26975944754301917,0.3300671518123701,0.3309213521481566,0.3459502348984212
1775545587.7373476,198.92,909.64,0.27048215175012713,0.33108385877952984,0.33222999956181704,0.34838310212830964
1775545587.7694247,200.18,910.94,0.26963479669315615,0.3307466933751126,0.33210456171384795,0.34855726167413403
1775545587.80359,195.48,914.04,0.2707980311616153,0.3310185160804847,0.3322935319938684,0.34865846511028686
1775545587.849082,196.18,918.34,0.26863802107468615,0.32948763175402884,0.33102289275226693,0.34720858742490873
1775545587.8799264,202.66,922.64,0.26938079900087614,0.32992314065340256,0.332101515988881,0.3463624194479864
1775545587.9146643,205.14,920.22,0.26736127698740075,0.32927055655808285,0.3324955693973489,0.34670220283729225
1775545587.9443898,208.56,917.88,0.2690882224106306,0.3291902486086617,0.3332662498894186,0.346730358265369
1775545587.9779763,210.7,915.64,0.26819207160992065,0.3293216709531699,0.3327712524156899,0.34742847213116756
1775545588.008763,211.06,914.46,0.26780502828127956,0.3286893974819956,0.3319824609914183,0.34819552869211856
1775545588.042562,210.62,915.3,0.26757982746242914,0.32915242755474516,0.3335911957737418,0.34849479253228943
1775545588.0735862,198.06,908.28,0.2701855635376315,0.3322319216645088,0.334131870171916,0.34958369431182507
1775545588.105176,195.24,913.8,0.26800532727123866,0.32919798766754255,0.33228003412758544,0.34984447083677395
1775545588.137425,191.36,921.84,0.2701611707545943,0.3312810002428368,0.3341285030960053,0.3506449179688989
1775545588.1695745,197.3,921.98,0.2700634957251075,0.33142525219962676,0.33560613731318245,0.3506909489892423
1775545588.201532,201.54,921.22,0.26937535854657957,0.3309909063551319,0.33514921890067667,0.3504877214900369
1775545588.2344365,199.66,922.76,0.26838606146470845,0.3311794678756398,0.3339965404905217,0.35024286875564353
1775545588.2816486,200.9,921.74,0.2699378925341137,0.33095698660771516,0.335372331291983,0.35060059509646935
1775545588.3124824,200.76,916.48,0.2719220719998255,0.3327997313101208,0.3376192975804834,0.3506954072661997
1775545588.3453557,200.76,914.16,0.2709696825205431,0.33260853829250264,0.336859047521605,0.3508168624644589
1775545588.3764434,202.24,919.5,0.26982954918020735,0.33186758972463454,0.3359372174399391,0.35079668855409984
1775545588.4096355,201.84,922.82,0.2706114284090561,0.33252258427541886,0.33731180537846295,0.35091190451792414
1775545588.4417286,206.36,917.22,0.272828751364852,0.3350088188778964,0.3395896035420748,0.3527185018519734
1775545588.4726756,203.82,921.44,0.2703984743226819,0.3334918500875423,0.3382541751995737,0.3507155155035877
1775545588.50543,198.3,927.84,0.27006391043520794,0.3332224803184837,0.3382048293446566,0.35114519972375247
1775545588.5382733,200.98,922.38,0.2705171665574214,0.3337758106644526,0.3389751305239902,0.3525621261082886
1775545588.5720205,199.84,920.54,0.27309147667624867,0.33627753555261913,0.34005327542677405,0.3536529409281178
1775545588.6124985,201.96,920.22,0.2715108223571239,0.33544113703807044,0.3398770549977693,0.3536720575188333
1775545588.6485894,200.0,920.84,0.2708886751556796,0.33443045593257487,0.34011949844343775,0.35409417100034074
1775545588.6824658,201.74,922.52,0.27371431216519276,0.3365995489767299,0.34077220222304616,0.35565493094082234
1775545588.716486,200.92,919.42,0.2723072917641681,0.3358646122009856,0.34017198907324037,0.3542718661805232
1775545588.760465,203.96,917.7,0.27245723503232505,0.33570126875193973,0.33869962455466796,0.3527116760229834
1775545588.7959473,201.68,916.64,0.27163771868711994,0.33545389159610567,0.33849257337153493,0.3531511249902414
1775545588.8275707,205.42,919.32,0.2735071084924887,0.33640740077858355,0.34043435314556575,0.35413118254724063
1775545588.8731015,204.62,919.98,0.2723013479701644,0.33530490079009345,0.33955644012208275,0.35400831467625565
1775545588.9053414,207.0,919.92,0.272583294027944,0.3364637111748731,0.34006290521009325,0.35439364600003337
1775545588.9373555,204.7,919.08,0.27393973817640044,0.33720808150894693,0.34005614896194314,0.35463098250910613
1775545588.9709303,202.92,917.98,0.2734626117389864,0.33702117596025805,0.34121784261706456,0.3537889596027697
1775545589.016659,203.94,919.32,0.2732894731513379,0.33643071117172285,0.3404759126283565,0.3539558732705672
1775545589.04944,203.14,916.54,0.2734466342009765,0.33679729519288415,0.3403813074114895,0.3544281222175664
1775545589.080592,205.38,920.2,0.27422648002975814,0.33674654614792854,0.34019801652614234,0.35423754689537557
1775545589.1147695,199.42,916.6,0.2744993754979591,0.337282693900428,0.3408693843398589,0.35318806914685485
1775545589.1614897,198.58,918.72,0.27571549037983284,0.3372113621419267,0.33991093248191107,0.354418918452778
1775545589.1971624,201.64,918.2,0.27499462155747945,0.33702248842306387,0.34076853674469365,0.3543507236428122
1775545589.2272227,200.84,921.34,0.27477378920461115,0.33729838086062086,0.3409579379898572,0.3537371364237752
1775545589.2599633,201.2,922.3,0.2754135816499356,0.33741401224296663,0.3403870496459126,0.3535193987055395
1775545589.306766,196.7,925.12,0.2743104174781227,0.3374308524348422,0.34070145390393947,0.3538060787778537
1775545589.3376908,199.58,922.7,0.2744280664811007,0.33679703345873135,0.3415276824079885,0.3536178997225489
1775545589.3706326,196.9,923.36,0.2751851676518293,0.33676949119811267,0.34076250276405196,0.353694774406304
1775545589.401365,199.78,922.6,0.27465682621548965,0.3359695633073974,0.3402140436093109,0.35314399356722764
1775545589.4333258,200.62,921.64,0.27375959547355394,0.3359798013791443,0.339780195391635,0.3529444658917611
1775545589.4653447,200.48,921.52,0.2739632702868577,0.3339241833334897,0.3373595232525398,0.34908421139849277
1775545589.497612,199.66,921.0,0.27402358775487584,0.3327208373407858,0.33501006093128316,0.3429631678990263
1775545589.5293968,197.74,919.14,0.2740234388047592,0.328821891386628,0.33013698660646706,0.3389804035442204
1775545589.5612886,205.68,918.54,0.2722880868022309,0.32387005011371955,0.32951897970266897,0.3349048032272062
1775545589.597522,199.68,915.66,0.26985890406127866,0.3180404314835273,0.32486694754506545,0.3318807753336713
1775545589.6252367,198.36,916.26,0.2652217025274383,0.31009943085406544,0.3188056255226349,0.3258447923199082
1775545589.658907,193.74,907.32,0.25475684544167226,0.29641829042902723,0.3080353606196791,0.31886414727523255
1775545589.7058508,194.0,905.62,0.24223593150257391,0.2821724903293317,0.2939251122785987,0.30935584720711906
1775545589.7372937,191.3,909.26,0.2180850543499041,0.2499260813037633,0.2605237212398056,0.2860447393168188
1775545589.7734475,205.52,912.12,0.19941698945008185,0.22203367835270732,0.23136478093932705,0.2653121834780783
1775545589.8012464,208.34,916.32,0.1819904592048568,0.2007330439412495,0.20909308044951336,0.25103995717195016
1775545589.833369,211.18,914.44,0.16664269351970565,0.1768305092225358,0.19625926356888632,0.23598388723496014
1775545589.8665264,211.52,909.08,0.15668385945574287,0.16029012034661982,0.17628351723056893,0.2153485277174947
1775545589.8977227,209.2,909.1,0.14295979152688582,0.1405408162415765,0.15785676934005832,0.19483605061766382
1775545589.9306688,205.06,907.7,0.13069988097114282,0.13345069083376143,0.1474402686685815,0.18520586464293332
1775545589.9614644,205.14,908.94,0.11403628741883749,0.11004974035890472,0.12633215957217084,0.16688389315780464
1775545589.9980652,199.62,912.16,0.10076177309269477,0.09525396962970273,0.1090380430283702,0.14331461955411612
1775545590.0254724,204.2,906.98,0.08205072935907097,0.07847988562548514,0.09481742551947552,0.13064191826307572
1775545590.0572672,200.58,909.48,0.07672272110338446,0.07013032885281817,0.08543368268326827,0.12069449014498705
1775545590.0908911,199.32,906.12,0.07372369049420059,0.059268634851721756,0.07864106151995058,0.11005507301834283
1775545590.1374226,199.82,905.56,0.061590340361255165,0.045189318952647724,0.0657265838240496,0.09513626782509324
1775545590.1693125,195.94,907.26,0.05862025069591454,0.03248812611808668,0.05341742284431362,0.08141599548707107
1775545590.20057,197.64,908.78,0.05837463458979606,0.02392515043531406,0.04360372009835748,0.07279629416537406
1775545590.2324543,199.86,907.24,0.058991015278463045,0.019404533528654934,0.03674401440789508,0.06534373503332402
1775545590.2656922,194.9,909.06,0.06145961056408578,0.021704743661899693,0.029073310696247467,0.0578805973678837
1775545590.2981927,195.28,913.8,0.06857123477973683,0.027821337546929257,0.021525960939977214,0.05074800227520137
1775545590.329294,192.52,921.48,0.07244892217734618,0.031675869489065527,0.017077980033773386,0.046541917690527145
1775545590.3612323,189.66,920.42,0.07918676301980765,0.03545887542272805,0.011870024788741447,0.041553275936700544
1775545590.392422,186.98,919.82,0.08176184114589899,0.035811611297769046,0.010652597558739629,0.04301594780116962
1775545590.4244845,190.16,923.34,0.09043674006124477,0.04314951735309739,0.008517029483492531,0.03651453361862519
1775545590.4576025,188.74,921.12,0.09428584557312689,0.04379058242380308,0.0031505141572830617,0.03486193996762778
1775545590.4907887,192.7,923.04,0.09621679639129957,0.047831072063152257,0.009934488149103962,0.03267489679462586
1775545590.5237713,188.54,924.78,0.09907404117224597,0.04828177775974592,0.007160893365405618,0.02976516926018245
1775545590.5711837,189.82,927.92,0.09775770422098262,0.04795132499898683,0.010465942568312734,0.031928673834322074
1775545590.600836,182.64,926.46,0.10260299243455782,0.052281541949953256,0.014964566498886634,0.03261426374457719
1775545590.6345587,183.82,924.16,0.10055619986273083,0.04936335189804772,0.015580085992213505,0.03664914102617543
1775545590.6642542,186.74,924.08,0.10186753515022351,0.051312975023799036,0.018268299165750075,0.03696500702699817
1775545590.6986496,187.04,923.04,0.09453444928925293,0.04541151929038732,0.014022684408718766,0.04606000083749836
1775545590.7283154,188.52,925.18,0.09788189898997195,0.045925045174977995,0.009809414891309461,0.04760627063391795
1775545590.7616787,184.0,925.5,0.09486262932964173,0.04306269322877796,0.012462324592124792,0.05240872371778846
1775545590.7985582,187.06,924.4,0.09738453200624293,0.044983365909382456,0.011998507843520554,0.05397245495258238
1775545590.825451,187.08,925.38,0.0978389558681841,0.0438519518536613,0.011946301468078199,0.054275477336364335
1775545590.8572676,185.14,919.38,0.10193822356797132,0.046951521859286464,0.009425604353937958,0.05218179666689984
1775545590.889477,184.7,920.08,0.09755350886116278,0.04094995246048642,0.011107814474740936,0.055130809334076256
1775545590.9235363,187.26,916.88,0.10007159989643416,0.0456228498019846,0.009140553192200545,0.05155694495960012
1775545590.9695067,189.2,917.52,0.09840135547871591,0.04353983318151987,0.01116695637282467,0.05329410813038721
1775545591.0002196,188.66,917.82,0.09764915022693464,0.04300526942484797,0.009117792158733404,0.050900380655741984
1775545591.033216,191.68,916.88,0.09938544815924491,0.04428991245307398,0.008906476247640316,0.05014093113079458
1775545591.0645242,190.68,916.24,0.0971634600308606,0.04237973598355945,0.009683456880123892,0.050161635829859864
1775545591.098981,189.86,915.46,0.0979085297617548,0.04211185873233644,0.010167892368714033,0.05059600787596761
1775545591.1307113,189.8,914.3,0.09753058854056264,0.04211815380388449,0.009998203645982685,0.050272443000652915
1775545591.161379,192.68,914.18,0.0951015343815738,0.03959463826723739,0.011953623168079923,0.05235413846311978
1775545591.1945736,193.4,914.24,0.09621782911005931,0.04217501581822175,0.010085983830545563,0.050464094766902765
1775545591.225343,182.16,915.56,0.09722529674520669,0.03920749270809309,0.013839777712565967,0.05159239567062891
1775545591.2584841,188.16,914.48,0.09609278417569443,0.04046996307272095,0.01315424506225412,0.051770690202676134
1775545591.289514,192.74,915.16,0.09198637579591475,0.03532294410016761,0.017620843998979212,0.05420632169980567
1775545591.3214896,193.82,923.08,0.0951284376213424,0.03841978418843136,0.015540910061022423,0.05257230626216827
1775545591.3541894,194.48,922.64,0.09501947752084705,0.03869784731604753,0.017282299168184547,0.05188821096032986
1775545591.3896713,193.2,923.16,0.09532960243380717,0.03843397788522106,0.016949585400221373,0.05181616098349097
1775545591.433143,178.82,922.98,0.09353495251184302,0.035485508835494124,0.020701989793906698,0.05449155858466887
1775545591.4653428,178.18,922.28,0.09531351745340588,0.03684720620173024,0.018710865477929727,0.05204195885860276
1775545591.4991925,178.44,922.16,0.09523092419973242,0.03843631219979461,0.018932385080820163,0.05116098628874863
1775545591.5292552,180.08,920.62,0.09653219430710949,0.03895973986386738,0.017012300087292927,0.051458267219344794
1775545591.5603962,178.48,920.62,0.09743422169649046,0.04024000881811414,0.018030232399614418,0.051034812286713645
1775545591.5935688,176.28,923.38,0.09554277201133195,0.038163190475251164,0.02248580588058852,0.05228356229769784
1775545591.625419,177.62,920.4,0.09792236046496004,0.04054052777378752,0.0208772519158956,0.05162124563632438
1775545591.6574824,180.28,914.84,0.09546137709352659,0.03766961929720778,0.021731666793926362,0.0526077039655662
1775545591.6891994,175.84,919.5,0.09546807222414919,0.037741572615691006,0.025003036202617717,0.053602495429984076
1775545591.7205167,180.14,919.48,0.09527662194910891,0.03783088291461454,0.02688013439588517,0.05359504351948187
1775545591.7547576,179.96,917.84,0.09233779362811485,0.03453704891217268,0.025254665297295927,0.05485067725299606
1775545591.7885456,181.44,916.94,0.09095358755927535,0.03295406311086426,0.0280226238999886,0.05738590154859795
1775545591.826931,182.72,916.24,0.09188160301496007,0.03497335264490992,0.024624620273841553,0.05359169293801416
1775545591.8646088,182.88,913.96,0.09249276139373329,0.03636640093871175,0.021440934252162997,0.05222937295057695
1775545591.899747,183.64,913.22,0.09337738589706329,0.036891428156142846,0.020052323571510468,0.05241258849386257
1775545591.9291453,187.04,911.86,0.09428061568582641,0.036943783721338,0.02113228391641433,0.05161469938570284
1775545591.9613807,190.42,910.58,0.09575042365819614,0.03791247119751485,0.01952070258189121,0.0500264120324081
1775545591.9934008,192.48,907.58,0.09440388585306583,0.03816798867175256,0.019172930471988626,0.05001417268925702
1775545592.025593,194.16,908.02,0.0954508520337257,0.03734248473275362,0.019545874693236955,0.05003627281202435
1775545592.057488,193.44,905.86,0.09183453360851689,0.035963422063521724,0.021351503529146488,0.05094847594581906
1775545592.0886915,194.28,905.76,0.09486350670328862,0.03715895838044354,0.02154098689787977,0.0522605908340771
1775545592.121742,195.1,908.18,0.09406473349972534,0.03725043702518287,0.020926049659687054,0.05061248332226945
1775545592.155609,196.5,907.86,0.09552054480626819,0.03895336318662216,0.018641323020299354,0.048893524348948926
1775545592.2004287,199.36,905.08,0.09243085900938385,0.0346514539709972,0.022636385487307946,0.0530648594158054
1775545592.233712,199.78,900.44,0.09314729478770345,0.03643621032383406,0.020485198450325696,0.05147827014119548
1775545592.2674098,204.26,900.26,0.09616084092719092,0.038674368981152715,0.01960409814228148,0.04996365453120921
1775545592.3136737,203.44,900.68,0.09211042280094621,0.035369229995185034,0.022333385391547347,0.05161921035989486
1775545592.3454313,201.2,899.7,0.09297507176876987,0.03451966407547257,0.024151851879960624,0.053697703050502206
1775545592.3774936,203.6,901.44,0.0913783675895761,0.033712346633711254,0.026393827383320106,0.05435051521011567
1775545592.4452777,201.48,899.58,0.09068913797287984,0.03438135065521717,0.021493906823162122,0.052834928041888704
1775545592.4909422,203.02,896.94,0.09152069198717609,0.033477267417102045,0.022673061833865433,0.05298626446852352
1775545592.5205061,203.18,899.5,0.09048962927225097,0.03297053455038792,0.026366430761657757,0.05421081946425918
1775545592.5542147,203.7,898.52,0.09118337401147401,0.03492218605707799,0.02210034315650195,0.050644333530812095
1775545592.5871584,203.36,899.78,0.09159028276720715,0.034148867009372655,0.02330425228828278,0.05169982518859469
1775545592.6333287,205.36,899.12,0.09111181833932898,0.0316624909878131,0.026417634194167535,0.054364126089159914
1775545592.6656232,201.82,897.28,0.09018109203877982,0.03244082958388268,0.02813415137993001,0.05440858850521019
1775545592.7019293,204.24,895.44,0.08863412238367296,0.032134801829719645,0.025574489587974373,0.053828685968928626
1775545592.7442806,202.92,892.9,0.08925952610535598,0.03320322017288005,0.027732331880080997,0.05431280443873043
1775545592.7773962,203.3,893.5,0.08944234257780699,0.033433841539749945,0.02686488449474857,0.05336768717977433
1775545592.8099303,200.66,891.62,0.08961511660137388,0.032444662188020806,0.027532563215568896,0.05324032626285436
1775545592.842721,200.98,896.5,0.08864347046419704,0.031889240129569306,0.027124873528116114,0.05427732036419276
1775545592.8894053,203.0,894.72,0.0896887645862719,0.03237455906538905,0.026433855683513658,0.053603780172763835
1775545592.9217324,203.54,894.54,0.08994183136787338,0.0328082561211135,0.026784414175164823,0.05417575160622761
1775545592.9523904,202.82,893.2,0.09127844443551181,0.03500098117118094,0.02754498943435903,0.05188572972158296
1775545592.9855535,202.66,893.78,0.09301723173667599,0.035320939764683625,0.023127981757555552,0.05103042028225657
1775545593.0173984,201.16,892.0,0.08711146394831039,0.03220073148234002,0.030609885928950566,0.056707254228646725
1775545593.0493796,198.02,892.28,0.08872606610818796,0.03183460335232793,0.025239787392672967,0.05532099659022503
1775545593.08259,198.14,891.06,0.08920485492749083,0.031974688508389686,0.02543161405028934,0.056310012186094514
1775545593.113454,198.06,892.46,0.09115982916523102,0.033824805104244925,0.022442132940437932,0.05285464569648163
1775545593.1467316,199.9,892.18,0.09519398469806288,0.037038569507958946,0.017823664669558818,0.05071459915355914
1775545593.1773276,201.46,895.16,0.09302344699363083,0.0393983294285536,0.013298593555831932,0.05002915743787455
1775545593.2114005,200.92,892.76,0.0946095885215169,0.03967703026079193,0.013196084648849775,0.0525695351848327
1775545593.2446072,201.62,893.32,0.0903650145230409,0.03645944476700197,0.014429326989287354,0.0562006848776024
1775545593.289477,201.58,891.74,0.08896312378877186,0.03643922663200786,0.013847867245260695,0.05394248345355774
1775545593.3214684,200.66,891.74,0.0771343269278114,0.02728019485789359,0.020863840520420982,0.06052234885990376
1775545593.3517444,201.56,889.36,0.07219599823478468,0.02153168508626041,0.027787044483925667,0.058966056558549744
1775545593.3854957,202.54,891.48,0.05630638837567425,0.008271262317846221,0.03970167543354975,0.07689700603696287
1775545593.416239,201.5,890.32,0.050729321150288297,0.018147849596329965,0.05002207566058172,0.08980690657359824
1775545593.449215,201.48,891.16,0.05845272130802045,0.0440706318958308,0.07073678304851594,0.11632017518435747
1775545593.4814765,201.02,889.06,0.0691748808196255,0.07267577800937453,0.10451086353207184,0.14553790378178041
1775545593.5134175,201.84,890.06,0.11735240702545569,0.12348340518814338,0.132015715765707,0.16840183028039374
1775545593.5451293,201.86,888.02,0.16582031702482725,0.1966000688345268,0.19977707165583067,0.21315667275494152
1775545593.5774176,200.82,889.64,0.21315990997494386,0.25658102516174136,0.24703174322119503,0.2514621717307279
1775545593.6082914,199.76,886.8,0.2446535480882288,0.2907553310924361,0.2867394827226878,0.2809869051136981
1775545593.6421218,199.7,888.44,0.26700102038399853,0.31985353226330693,0.3164955964608419,0.3106162550285573
1775545593.6752923,199.36,889.82,0.2772310574123123,0.3346072239631975,0.33113210563639,0.3300966719662711
1775545593.722868,196.82,889.5,0.28092136007213075,0.3388630657624844,0.33934942520153794,0.343666315232458
1775545593.752666,198.0,888.52,0.2844981321228244,0.3422540978736733,0.3448200911602048,0.35170101320872926
1775545593.7855947,198.82,888.62,0.2853693617408385,0.3458405201268989,0.3497153160685114,0.3584621519698246
1775545593.8168454,199.64,887.62,0.28587474294609316,0.34593941218729674,0.35505410889797956,0.36582808015216445
1775545593.8518155,198.78,888.58,0.2872333015528485,0.34768246334744074,0.35745740878823634,0.3730301933408042
1775545593.8814573,195.14,887.18,0.2884768430036151,0.35135469094728833,0.36128222053002873,0.3774660779928717
1775545593.913474,193.34,885.88,0.28966262436273554,0.35346264515701725,0.36410104818187816,0.3821313961484234
1775545593.945634,190.78,885.16,0.29112490420065706,0.3556237254776689,0.3666552102780902,0.3852582473963867
1775545593.9770951,190.54,886.1,0.29243470527841653,0.3578157631188203,0.36757211189515226,0.388857643804072
1775545594.0092769,190.68,885.68,0.2928727055285446,0.3580450783540266,0.36996709850786735,0.392123436894631
1775545594.0420246,192.42,885.62,0.2934831554427509,0.36027918250294655,0.3733316661193694,0.3953804530533331
1775545594.0752265,191.72,884.94,0.29281570800720375,0.3601488173537249,0.37600848369096934,0.3954509377738981
1775545594.1214979,186.18,884.62,0.29304656821039826,0.35902170476520756,0.37434576392296565,0.3944269553356127
1775545594.1533964,187.54,884.52,0.2881984066594545,0.35564633142211516,0.3700424710808417,0.38804315835540804
1775545594.1854455,187.9,885.52,0.2876510168187534,0.35376384863878285,0.36856809404718527,0.38731315946759276
1775545594.2164166,188.34,883.6,0.28932018473319054,0.3568009496862499,0.37210716834367863,0.3896845376735063
1775545594.2491033,186.18,883.6,0.2915119636451127,0.3580820414623811,0.37451390749753416,0.3924140975768434
1775545594.2813985,187.3,884.78,0.29292659776577973,0.36153261585064944,0.3770299465333032,0.3938841459239628
1775545594.3132706,185.1,886.26,0.29385314909423965,0.3612817351427015,0.37688839831056486,0.3935216532331542
1775545594.3464413,187.9,886.88,0.29490249669806096,0.3615731628220053,0.37597857128351475,0.39293620294199344
1775545594.3773773,185.28,886.34,0.2932546784885561,0.361830185282517,0.37825758415981925,0.3916930875004009
1775545594.4113214,185.64,886.16,0.29582909149472214,0.36479104597846834,0.3826473817147198,0.3947724015573027
1775545594.4564514,186.14,886.22,0.29728812708505187,0.36532206231664577,0.3813097399358282,0.3966428667904181
1775545594.4907496,187.3,885.76,0.2965754406382292,0.3651186463217805,0.3821018537901051,0.3949194163167762
1775545594.521693,187.28,885.76,0.29686946304140166,0.36610211191074077,0.38282762332539827,0.39614645764033607
1775545594.555459,183.82,886.48,0.29703961137011625,0.3669921830436461,0.383451802543272,0.39597632804378446
1775545594.604013,182.88,886.34,0.2964386376145943,0.3652127934392564,0.3835246303385344,0.39521419767941307
1775545594.6332157,186.78,886.3,0.29731907388560486,0.3662206943684411,0.3824860314547839,0.3963686025397494
1775545594.6644456,186.86,885.88,0.2944718467778429,0.36420396439371294,0.3792746252017128,0.3937539193341139
1775545594.6981509,186.44,887.06,0.2944891944624341,0.3646968936627526,0.3791568352064298,0.3932253611248288
1775545594.7453785,186.08,888.14,0.2969346704190957,0.3672611473279637,0.3817333057165241,0.3950946384787727
1775545594.7775908,187.2,887.92,0.29801067518046764,0.3696082557612111,0.3839271119851813,0.39799296601255374
1775545594.8274367,187.42,888.16,0.29967322948819425,0.37074373626130913,0.3834087776929867,0.39753958897216274
1775545594.8575392,183.88,887.84,0.3008924041444447,0.3722451244822751,0.38449072316729554,0.3985739430332449
1775545594.8893604,183.58,887.34,0.30148889005548124,0.3724771093541317,0.38568559249238765,0.399363618048445
1775545594.921666,182.52,887.66,0.3015932683667038,0.3727056692704756,0.38588955190733615,0.3972667004780661
1775545594.9527333,181.58,887.38,0.30193842090846446,0.3732173956959145,0.3863818522828543,0.39930537980740183
1775545594.986484,179.86,886.98,0.30251364729490526,0.37374986299660184,0.38757982709203737,0.39836906327986343
1775545595.0225952,182.1,888.66,0.30330949272168817,0.3743035310596859,0.3894367013991712,0.40039006855422526
1775545595.0653481,182.28,889.38,0.30451715728976314,0.37531064745165593,0.38903263027530943,0.4007428747033323
1775545595.0984786,182.56,889.06,0.30560500698231113,0.374503562208469,0.39055178397213797,0.40289528411865827
1775545595.1325295,183.74,886.18,0.30490237302756434,0.3751335318351372,0.39058579133532506,0.40119062557062984
1775545595.1785758,184.8,886.78,0.3053214830880447,0.375302601261275,0.39033685436939225,0.40065953653192565
1775545595.2083662,186.0,887.14,0.30515203409258407,0.37455091338738933,0.38878835436037723,0.3952204605018491
1775545595.2403655,187.72,887.08,0.3059489260365002,0.37668904844376117,0.3919808929052391,0.39548341562469175
1775545595.273095,187.8,887.34,0.3062269337740306,0.37684593460800425,0.39110592652563786,0.3952800170503214
1775545595.3055043,188.28,887.02,0.30627029918460646,0.3757000906416042,0.38984695650048234,0.39130973150350123
1775545595.3364642,189.88,887.3,0.306841815932234,0.3766054402982152,0.39019056183027145,0.39080800637953994
1775545595.369424,191.06,887.76,0.3073675030901398,0.3781471459639652,0.3919413712212547,0.39276975644538886
1775545595.4055166,189.28,887.54,0.3084786805435616,0.37903394800885293,0.3900590458469661,0.391107331186585
1775545595.4334207,187.42,887.96,0.30668054708918224,0.3781290488972493,0.3913934720402556,0.39111877306349246
1775545595.4655166,185.26,888.52,0.30532687894021315,0.37863869682425516,0.39207143125572785,0.39325074139886707
1775545595.499196,186.3,888.24,0.3064162087086224,0.3795998871620171,0.393277595179189,0.3947945049293255
1775545595.545145,186.24,887.98,0.3065316907900832,0.37983520907599805,0.3925964395746817,0.3950058682873831
1775545595.5772765,187.04,887.24,0.3081240296655136,0.37858294907418083,0.3904500838450438,0.3933162945907451
1775545595.6092691,189.4,889.44,0.30823107922640086,0.3782955119019216,0.39007848266536377,0.39092709222377736
1775545595.6413639,189.68,890.76,0.30684949780596815,0.3770069540607653,0.38706398501397454,0.3876761178161113
1775545595.6743512,190.86,890.98,0.30717711703922945,0.3760654336180877,0.3843858226737947,0.3848729429754425
1775545595.7062378,190.58,890.8,0.30793736582622355,0.3756781497281475,0.384105860313806,0.38023319162096747
1775545595.7388601,188.52,891.34,0.3099744052194784,0.37510036086893905,0.3836499209538242,0.3783050797594912
1775545595.769366,187.92,891.12,0.307609292944199,0.37438344204851043,0.3838298511296102,0.3769521947185537
1775545595.8062415,188.84,891.4,0.3100708755179863,0.37114610805462234,0.37848258278160635,0.3728298063644461
1775545595.8322976,191.92,891.42,0.31255571947172334,0.3717692736471223,0.37284756558163445,0.3619227080803891
1775545595.8659232,191.88,892.78,0.30929650289247235,0.36641264129035384,0.36243744114194293,0.3476886665687393
1775545595.8995228,191.04,890.86,0.30985750058137285,0.3657986354169388,0.36159225776172466,0.3479034488997925
1775545595.9444306,189.22,891.72,0.2978177063892689,0.34915434478114216,0.3464346223693858,0.32945120545363643
1775545595.9775097,191.7,894.24,0.29012819330735345,0.3383885735163733,0.3323919111241407,0.3091494126412141
1775545596.009348,190.46,894.68,0.2759803241298648,0.32036122454027544,0.31573795189953385,0.2968132106701522
1775545596.0411818,192.84,894.28,0.24526423155754476,0.2790261308782437,0.27342103341095786,0.27503168743794637
1775545596.0735524,191.34,894.84,0.22552975416310508,0.2455608694335093,0.24724875587787196,0.2620122588507697
1775545596.1068864,192.48,894.72,0.19604449144754515,0.20808207861658803,0.22019413354318604,0.24515330198356453
1775545596.1374123,195.22,895.6,0.17197930452017565,0.18039631938631742,0.18681263521438904,0.20691913306854573
1775545596.1693494,195.18,894.94,0.14796490599231754,0.14074675666572606,0.14869541841838027,0.1855840609998057
1775545596.2006717,196.06,895.7,0.12658739054344284,0.11443545300852705,0.1166491019566101,0.15021205477783575
1775545596.2337747,195.02,895.66,0.10209590901912341,0.09216844107143221,0.09980830105455865,0.1307323319721357
1775545596.2656555,196.14,895.22,0.09108497113536959,0.07527341591565488,0.08733221348810263,0.11740906635600637
1775545596.2984447,197.28,895.84,0.08167212027631537,0.06612591901113003,0.07799468138881002,0.10157755167023744
1775545596.3324416,194.72,896.22,0.08388524374960327,0.06586608898557805,0.07801908354990918,0.10173442295916475
1775545596.3786802,197.28,896.32,0.07169561283208206,0.052506230042538835,0.057743296082470405,0.08003580305323162
1775545596.4078321,194.18,895.94,0.07338297160207051,0.03759378789033585,0.042313994186355224,0.06726146495184626
1775545596.442566,195.24,895.8,0.07765907439076447,0.033308116940975484,0.024435846406796188,0.05190603181787299
1775545596.472253,192.88,897.24,0.08206988274102608,0.034346893725774534,0.011385714561675279,0.044194956810967335
1775545596.5078573,192.72,897.66,0.08831543108035969,0.03992080417476368,0.0042688381965652585,0.03969730211005522
1775545596.5382087,195.0,898.28,0.09030769894713886,0.04229644279502291,0.0038248814791072504,0.04143625857922853
1775545596.5694935,195.0,898.06,0.09766105413800015,0.048916171571292466,0.006676665955420497,0.03762444705660647
1775545596.600658,194.9,898.3,0.10857903138103826,0.05555702012708956,0.010785608065472286,0.03187563332237586
1775545596.6332836,194.22,898.2,0.11253072208071997,0.057796755892753855,0.011402473266797917,0.027996384524113
1775545596.665349,194.88,899.34,0.12648559493844486,0.07091585404485115,0.023298898920585308,0.02920068943259846
1775545596.6974742,195.8,898.1,0.1314060934924927,0.07822185441255436,0.031525667906796735,0.032319978292859305
1775545596.7295551,196.92,898.4,0.13502478037324084,0.07972831028950501,0.03380502352286985,0.025806817328613535
1775545596.7633889,196.3,898.0,0.13110041395538052,0.07644672638086264,0.031967004100610145,0.021950975730749916
1775545596.8093972,195.1,900.92,0.1365525958633541,0.08175788495753225,0.035817062029880484,0.026348489888103073
1775545596.8413522,194.9,900.48,0.12237257246844797,0.06503802529549514,0.016656204869696857,0.02644394108689536
1775545596.8732817,193.14,900.96,0.12328126316388115,0.0662165169683877,0.017884425626403393,0.032843057379854705
1775545596.9082296,190.68,901.12,0.12370700873600207,0.0665625701411396,0.019253066940993175,0.03387329611342391
1775545596.9386237,189.64,900.82,0.1185303543178565,0.061561646296021365,0.011796707374502748,0.03622302655058912
1775545596.9698207,189.76,899.12,0.11740250082707608,0.05891568361681483,0.00979502873750367,0.03838390660645033
1775545597.0029507,188.96,900.36,0.1163449396572538,0.05843379027564415,0.008694793105159323,0.03841500603806345
1775545597.033285,187.76,899.12,0.11326409496874498,0.05530590072500752,0.006376277464798836,0.04097341965223982
1775545597.0669317,187.14,898.96,0.11447282004018468,0.055300463420074615,0.006371300770132568,0.04041157736073601
1775545597.0974307,190.04,898.5,0.1159349230372085,0.057247392539972776,0.005899380514424563,0.03731838930984314
1775545597.1295116,189.74,898.78,0.11743867102291229,0.05829109072541014,0.005116729123068851,0.03733272540991436
1775545597.1614764,190.2,899.06,0.11326323434678189,0.05416964515276888,0.00161672817326519,0.039669761374965425
1775545597.1951516,189.86,899.28,0.11449320492952701,0.05641800009294926,0.002401285903024531,0.03823446705579147
1775545597.2414644,189.08,899.62,0.11500283367381985,0.05725891324336789,0.0037810383230102457,0.03547279079221464
1775545597.2724102,188.86,899.22,0.11227405315623787,0.053185672453019694,0.0007270091212641614,0.03845453302850208
1775545597.3088171,187.8,898.94,0.11385676232318793,0.055231343484606385,0.0022097696397227608,0.03581536561689548
1775545597.3373609,185.56,899.12,0.1125506057787378,0.05382184350591327,0.0021004000065197952,0.03619853307527667
1775545597.3685424,185.24,898.42,0.11231069444052191,0.05572501900766706,0.002796139865839976,0.03678648156577068
1775545597.4016435,186.1,899.38,0.11186560071874549,0.05458421356688584,0.004968608125219828,0.03790823392987769
1775545597.4334326,186.38,898.58,0.11337393764267709,0.05611274180299386,0.003488472170309034,0.035998884904526914
1775545597.4653056,185.18,899.2,0.11188578277394098,0.05359889248966788,0.0020122969544712657,0.038339249039612576
1775545597.4977827,184.38,898.72,0.1119907717420313,0.05413930545329479,0.004422904654969959,0.03837287945636351
1775545597.5294774,183.88,898.46,0.11249368596360199,0.05424553762572389,0.0026460324891093776,0.039172233804577156
1775545597.563201,184.78,899.14,0.11266634325220878,0.054322393197238285,0.0033982011416317775,0.03902083676191905
1775545597.5968924,184.48,899.98,0.1120923508644623,0.054467586006006,0.0021212456869052505,0.0396095561933625
1775545597.6428323,183.52,898.56,0.10987719775829086,0.0518854941961171,0.004236905813393982,0.04095032515323552
1775545597.6731904,181.38,898.54,0.1113123675756289,0.053472864952747855,0.002302575512828818,0.03880880474935817
1775545597.7089627,178.26,895.84,0.11256495525193597,0.055290878984943594,0.0022219896600810694,0.03867595712281023
1775545597.7366164,177.2,895.64,0.1117925095488295,0.05388520962406927,0.00404624714758991,0.038875132773365774
1775545597.769342,176.46,895.48,0.11057016137724393,0.05279226889374664,0.002938632341667436,0.03949781734507714
1775545597.8012595,174.96,895.66,0.10983245279884576,0.05167329769426489,0.003985209753009567,0.03962044538415166
1775545597.833324,173.92,895.8,0.1117560904698424,0.052807918665462486,0.002925795542010548,0.039519665618468695
1775545597.865725,172.84,895.4,0.10993161270864785,0.05214066008359053,0.004231112119939664,0.04020188756931099
1775545597.8976374,173.44,895.44,0.10640987410428279,0.0492614554735429,0.006014661279152437,0.041139774664208845
1775545597.9294071,170.38,896.0,0.10710761334897052,0.049427126452073256,0.00539961793558844,0.04165441955812284
1775545597.961397,169.64,895.28,0.10753258962052517,0.04998398314029754,0.005526009049279957,0.04056121191210499
1775545597.9924295,169.02,896.2,0.10752856788111366,0.04974329573203192,0.005913057413329821,0.040963667947678056
1775545598.02554,165.88,896.58,0.10657653962766614,0.0486848996686356,0.006479383471481267,0.04154221953310244
1775545598.060092,166.66,896.9,0.10660448680601724,0.04807676456582651,0.0066646148762267736,0.04275733990193137
1775545598.1099823,166.94,896.24,0.10726140552201682,0.048774871059949716,0.0059386480325274715,0.040921898992821816
1775545598.1373706,167.82,896.24,0.10646288663113901,0.04836198185513523,0.006263255980539376,0.0424917958627464
1775545598.1694536,166.9,895.68,0.10641179761114236,0.048060541801412164,0.006530990073747366,0.04350931347929023
1775545598.2025428,166.24,895.94,0.10746720068141112,0.04912032306190136,0.007063719807481136,0.041350375381810016
1775545598.2366748,166.22,896.54,0.10737136537347632,0.048086785464040965,0.00751726172785776,0.04367036096755519
1775545598.2830975,164.08,897.0,0.10759737758358072,0.04954232629773269,0.005695552625862809,0.040994105856666636
1775545598.312321,163.44,897.0,0.10637506419577547,0.04856002617107682,0.00546064643469103,0.04276841329292329
1775545598.3464186,163.4,896.8,0.10826253868560022,0.04988648064362144,0.0038819893208266345,0.039228659344675364
1775545598.3801017,160.84,897.6,0.10754550956650655,0.049201690682058596,0.005074055584013932,0.0415098392722134
1775545598.425441,158.58,897.88,0.10705908078614056,0.04893976676933945,0.004949653132156763,0.040760040241801326
1775545598.456465,159.54,897.48,0.10760765824505074,0.049629295231319995,0.003762651601495133,0.039947112025939924
1775545598.4894474,159.24,896.52,0.1056303574006121,0.04753784731130546,0.005625476458731335,0.04232411699768573
1775545598.5235128,159.0,896.62,0.10794811248098954,0.04998933225969343,0.004401247266531855,0.040286217796854644
1775545598.5696115,157.66,897.42,0.10706721713894168,0.04814272581004044,0.005185033243372233,0.04226147747039105
1775545598.6013641,157.4,897.5,0.10854688208036366,0.050097778548082485,0.00425210252474154,0.040637087313894725
1775545598.6326118,157.12,898.74,0.10707493187962994,0.04828277370943021,0.005894877510999382,0.04244992087948435
1775545598.66643,157.08,900.04,0.1093994046568385,0.05112519999971262,0.004776847852327986,0.041248450544906744
1775545598.7123806,154.84,899.8,0.10728340916851216,0.04873262798527629,0.004529403826558529,0.04128166158188952
1775545598.745503,155.96,900.12,0.10773808013833042,0.04913513173339937,0.004533262204817644,0.04058911637757201
1775545598.7774615,160.2,900.4,0.1084011454754776,0.04985782000836132,0.004248506254476598,0.04075780165560852
1775545598.8111184,159.66,900.74,0.10634371827928857,0.04844650414185015,0.005879994392756304,0.04175724318194002
1775545598.8572598,159.24,901.32,0.10481553074586472,0.046202928799386866,0.006752916000076299,0.04254020684445874
1775545598.8904984,160.38,900.98,0.10722800990747532,0.049285945037087046,0.005807071570517978,0.042923864779787824
1775545598.9214337,159.6,900.32,0.10819442055519596,0.05017273691519716,0.004998682703078922,0.04132200993309436
1775545598.954617,160.46,900.26,0.10671071204044734,0.04869111817591501,0.006129383489034239,0.042782511016452494
1775545598.9853225,159.98,899.64,0.1084480615528542,0.05009648546934116,0.0047087943511629655,0.03941784644914029
1775545599.0189192,160.42,899.46,0.11169110056918158,0.05544713646895903,0.004897407608946066,0.03913075052209509
1775545599.0525723,160.52,899.78,0.11069748918688382,0.054506535338555984,0.007645546098180633,0.04285509884690868
1775545599.0971124,160.2,899.96,0.11482861089150395,0.05786271123707339,0.008404330730307615,0.040741634128027976
1775545599.1297803,158.46,899.42,0.1083788055819275,0.053077818301876946,0.003381254205311824,0.04602571305834421
1775545599.1604698,158.9,900.6,0.09997261729340803,0.04587212436130585,0.007690011187977172,0.05266954669637508
1775545599.1939812,160.12,900.6,0.09411717295045081,0.0404794257555627,0.01947622238758763,0.060753032157187394
1775545599.225676,160.94,900.94,0.0871841576188227,0.03367777572364279,0.01840295387097599,0.05854919609765563
1775545599.2576094,160.0,900.22,0.07359744530946877,0.023450392359050182,0.0272171199300209,0.0696090727114506
1775545599.2894459,157.68,901.08,0.05671600113841406,0.022835117326691388,0.041525313100985645,0.08277966872179363
1775545599.3216288,157.86,899.84,0.051541195197610204,0.03018034258230032,0.06247521762292022,0.10379909932524027
1775545599.3533504,159.82,899.68,0.06103345165606544,0.05099951910062699,0.07934614534926825,0.1308522135635896
1775545599.3854563,160.4,899.7,0.0637109724688498,0.06897586897150988,0.10565952272600242,0.14843349160940075
1775545599.4165812,161.88,902.34,0.07886336692430616,0.1057713588777213,0.13308292863573645,0.1674563006622954
1775545599.4501169,162.24,902.74,0.1324886457760841,0.15789357524486236,0.1632468192154884,0.19143692457347541
1775545599.4832497,162.92,902.64,0.1698257546245448,0.19929355361549975,0.19945244491253886,0.20846352603507767
1775545599.530517,161.84,902.72,0.1946739727856625,0.24009645995904155,0.2268067445681808,0.23448374805092778
1775545599.560691,162.52,901.58,0.22044998534911278,0.268042516992065,0.2601263147570185,0.2621896009876806
1775545599.5948923,162.68,901.8,0.24098752387749908,0.2876668476116293,0.27731559049808774,0.27879498095560956
1775545599.6243155,162.1,901.16,0.25228985208981797,0.3031647488166483,0.29177515265946236,0.28491523882791375
1775545599.658702,164.08,900.84,0.2634204219275902,0.3180108841228814,0.3094022778634095,0.30152211177969
1775545599.6894345,164.1,900.92,0.27167644779945815,0.32587660823023806,0.31570447679690766,0.30828406762793326
1775545599.7205946,162.72,899.8,0.27890354492638175,0.3336345137633909,0.3237599758389567,0.3163551389660655
1775545599.7533584,164.24,899.74,0.2816478933513742,0.3359805453557829,0.32756749447641786,0.32296564404166356
1775545599.7855537,164.68,900.1,0.28245036707365484,0.340187274017905,0.3330309050667956,0.32960896685855706
1775545599.8163803,164.94,900.3,0.2823233315580342,0.3412154253115834,0.33577244351998453,0.3322327350191975
1775545599.8484278,166.28,899.6,0.28431900972100854,0.34183930807449686,0.3374538742898205,0.335302556609737
1775545599.8820503,166.88,898.62,0.2843696470979681,0.34303149053370424,0.336878135146937,0.3373618713943363
1775545599.9157414,166.16,898.72,0.28759180245949195,0.34553864086093444,0.33997875928269417,0.3403769717593588
1775545599.9614322,164.56,898.1,0.2876675690603671,0.3460597261232485,0.3408799610877506,0.3421429287766515
1775545599.9923587,165.3,898.52,0.2892033407368992,0.3478617521419272,0.3421490456112509,0.34511836756935327
1775545600.0255158,167.18,897.48,0.28884866825474254,0.34691460803202734,0.34283865910200645,0.3471431792685327
1775545600.0573974,166.98,896.58,0.2908472653064131,0.34826148964691533,0.3451449233205367,0.3493533680563417
1775545600.0894883,168.88,896.64,0.2911116845423142,0.3496780823749509,0.34544709557945225,0.34992495215344493
1775545600.1214683,169.4,896.3,0.29018536376040943,0.34936724032361427,0.34381724568685446,0.3507474580855188
1775545600.1534438,168.62,896.78,0.29042680045095426,0.3478863649802651,0.3438956122033408,0.350268444114596
1775545600.184542,168.42,897.84,0.29058909497412494,0.34812791213013544,0.34572260266976296,0.3524026921451276
1775545600.2187521,168.32,897.58,0.29116058103337417,0.35050174294617176,0.34850034301356964,0.3537535553228042
1775545600.2493193,167.42,896.92,0.292908930154002,0.3510281620469504,0.3484345036056867,0.3542064522410123
1775545600.2828746,167.86,896.72,0.2904971271397605,0.35131540793527943,0.34960287648998756,0.3542587108816473
1775545600.3164368,168.46,897.8,0.29126171971760745,0.3520952005084861,0.35026962656138855,0.35458670976188944
1775545600.360356,169.5,897.88,0.29188134735821003,0.35195255008498155,0.3501383641776389,0.3545141870550587
1775545600.3934145,169.64,898.76,0.291272835384184,0.35051073841575164,0.3492521327167023,0.3551123367014754
1775545600.4242673,169.14,898.22,0.2898155594491074,0.35104513415402144,0.3499124571196856,0.3558576445149944
1775545600.4574425,163.76,898.4,0.29090068068427527,0.35208881843200474,0.3498153495458496,0.35546143005865805
1775545600.489506,163.76,897.68,0.29017623496351713,0.3508559196024151,0.3508138574760448,0.35730048905062334
1775545600.5211945,163.02,897.0,0.2911640269505777,0.353451876710556,0.3533248027027958,0.3587200924525808
1775545600.553557,162.34,896.82,0.29182361852507704,0.35442881540098875,0.3550627765972139,0.3587604658977938
1775545600.5847542,162.48,897.98,0.2920657973954106,0.3540198404551826,0.35645047483135095,0.35795544301742105
1775545600.6164384,164.0,899.4,0.2921808467719356,0.3536424715461291,0.3572914069444857,0.35832475566711103
1775545600.649256,163.96,899.46,0.2920982972257436,0.3528957936474773,0.35508659364541045,0.3556448808871125
1775545600.6815727,162.26,899.58,0.2929658142757345,0.3536590443043032,0.35655033415684356,0.35748856278892266
1775545600.7151198,162.26,899.18,0.2927140376671839,0.3529038948696962,0.35767034694689637,0.3568750712958411
1775545600.7608447,163.0,899.04,0.29330000241202675,0.3537814256772829,0.3569759843850665,0.35709273402540875
1775545600.7945468,161.06,899.68,0.29397982834724257,0.35463720082087763,0.3561831595913181,0.3562905118496664
1775545600.82591,158.5,899.12,0.29498367218930727,0.35616498046000983,0.35698513288981487,0.3586937342129102
1775545600.8589451,157.2,900.16,0.2953663739237397,0.35692067788604925,0.3586499788080632,0.35911931336732894
1775545600.8893101,157.84,899.78,0.29500604295964794,0.3575450484257672,0.3580614704878892,0.3583794072891057
1775545600.9227355,159.34,900.68,0.29429546414975755,0.35702587085711945,0.35743710258737066,0.3583785076446392
1775545600.953428,161.66,900.38,0.29558419910739464,0.35798478964609437,0.3582568388877623,0.3588848742708499
1775545600.985334,162.98,901.86,0.2971572844347979,0.3597874737340389,0.35844491496551206,0.3587329314453191
1775545601.0163321,159.4,900.92,0.2958803033773831,0.3578737711489869,0.3571407031846617,0.3583778318826561
1775545601.0493405,159.82,901.5,0.2974519867843998,0.36011297734186803,0.3582640377073882,0.3584729841457785
1775545601.0832226,162.94,901.78,0.2974005313121044,0.3619807930357149,0.36073746494577325,0.35940054885957934
1775545601.129711,163.04,902.3,0.29471673028601153,0.36114978968654327,0.3604639025049314,0.3585978530903268
1775545601.1610696,162.78,902.0,0.2967980865825649,0.3616059740627858,0.3629411556496262,0.3582547794246143
1775545601.1924272,164.32,901.64,0.2985670638918575,0.36283047477777136,0.36229813383152504,0.35764885708018296
1775545601.2259834,164.12,903.56,0.299259628109709,0.36260080273179507,0.3627315150103102,0.3585994558176624
1775545601.2593598,162.8,904.64,0.29912529634409785,0.3634942204222906,0.3621196578977097,0.3594495958218996
1775545601.30443,163.4,903.6,0.30028868315796814,0.36473590487785335,0.3640348435167869,0.35999264905173545
1775545601.3365004,162.44,904.8,0.3003649648207211,0.36440923157968474,0.3632342376328746,0.36108642088360554
1775545601.3713474,159.86,905.08,0.30042318022863257,0.3616980108845201,0.36171780408931303,0.35960211823926547
1775545601.4162753,159.8,906.46,0.29203855478512464,0.3429148166586545,0.34544841094112133,0.34500683492753265
1775545601.4505758,159.42,904.22,0.27962007784416926,0.3237538796635309,0.33010146827581605,0.3326979263084295
1775545601.4815867,156.82,902.74,0.25491218449855013,0.29722633031137213,0.30685035129506805,0.31882866019419537
1775545601.5158296,156.46,903.28,0.23233675700951661,0.26532738440066944,0.27489896629706595,0.3049754038422165
1775545601.5616002,153.88,907.14,0.19308005344960297,0.21743812474866966,0.23631496255219128,0.2816123644389864
1775545601.5946276,154.4,906.54,0.1577829731144425,0.18410028345117377,0.21079814287672902,0.2588347962923257
1775545601.6254458,153.68,907.8,0.13104174251873113,0.13952643454495417,0.17531750640377622,0.2344066065548966
1775545601.657438,155.94,905.78,0.08964963480558918,0.0999876657497007,0.12826342539862653,0.18895392464202598
1775545601.6912546,155.92,907.14,0.07038977683175052,0.07677862166098615,0.10486372352660439,0.15213675894350406
1775545601.7362607,157.46,909.2,0.04866676123223666,0.048561297836371656,0.08374373545901485,0.12936294241058588
1775545601.7694468,157.02,912.1,0.0416163357582713,0.03469166095296935,0.07080485627337998,0.11202643989483894
1775545601.8014045,156.02,912.2,0.04297981692198169,0.024615754164925452,0.06604718926669853,0.1086435418138234
1775545601.8333411,155.8,912.94,0.03821386233515599,0.013955385424337899,0.05816394031911598,0.09438310920055198
1775545601.8656425,154.84,912.94,0.05197577420081179,0.004865607111883215,0.04845263703706631,0.0761136637411029
1775545601.897877,154.96,912.32,0.05988080119718248,0.014133531255269545,0.04307600399312227,0.06998074886967116
1775545601.9283388,156.52,910.68,0.07056072262237117,0.02855728006847713,0.05175083572135718,0.07058725821395727
1775545601.9615545,155.58,910.62,0.08778456820758943,0.0431067725957066,0.054831471889831895,0.06879926127885139
1775545601.9934204,156.84,909.62,0.09379118056496388,0.047959541927033646,0.056883865905317674,0.06921482505851027
1775545602.0255215,155.82,907.36,0.10643847028729293,0.058478623983675836,0.05661938531471849,0.06800126976445317
1775545602.0564654,155.3,906.2,0.10923735506869697,0.060763443971916804,0.05843198275516269,0.07085774486168575
1775545602.0901701,156.18,907.6,0.11308882908775912,0.06687564002196576,0.06127853915258221,0.07265923335648988
1775545602.125504,157.84,907.84,0.11320583434549124,0.06811051902450863,0.060023149532778236,0.06818112038828988
1775545602.170874,160.18,907.9,0.11200453197743805,0.06642770122256844,0.056224868204011964,0.06919871501048029
1775545602.201687,160.36,907.02,0.11832183273516295,0.0746917553977373,0.05989708379274766,0.07265513115153625
1775545602.2348406,161.5,907.84,0.122273142603203,0.07708831594294593,0.06144362492272109,0.06989323697514926
1775545602.2646844,161.56,903.74,0.12371393958531782,0.07613665398379936,0.05819874989258928,0.0694567371194807
1775545602.29661,163.42,905.36,0.1212999988558598,0.07231236595431297,0.05145284292135776,0.0658411157365219
1775545602.3293166,161.98,903.92,0.11691848671885358,0.06605588565901087,0.05097345379852555,0.0681906552656892
1775545602.3604548,161.78,904.68,0.11611270958124592,0.06443008165352929,0.04600396120259657,0.06557461412754403
1775545602.3938565,163.34,904.4,0.1106404316261063,0.059068401696279124,0.0423106860848548,0.06764431418590529
1775545602.4244595,165.62,905.02,0.10409138210048073,0.05152729784235845,0.03399030491956784,0.06699998098690411
1775545602.457677,165.88,903.86,0.10234444272906162,0.04779760222426593,0.029120428808942608,0.06559818080956223
1775545602.4886541,165.92,904.12,0.09969652363169298,0.045097928629797536,0.026145338118985367,0.06272211516884739
1775545602.523231,169.38,904.7,0.09906371206685739,0.0439389158604228,0.027069646604301324,0.06434867373048725
1775545602.5691407,168.8,901.92,0.09756785580303919,0.04246109451725573,0.024827810166687028,0.06484865600046956
1775545602.601523,170.8,902.72,0.09903453426181186,0.04289907495894959,0.02384794860813654,0.06152953755630481
1775545602.6333156,171.5,903.38,0.10087128827297048,0.044625408261282244,0.022921533463805085,0.06194465966267577
1775545602.6655698,166.64,904.1,0.09522398336872319,0.040627928009391336,0.024145346173407405,0.06524476100113669
1775545602.6963272,165.36,903.62,0.09601532717119668,0.040566187072902694,0.020930440187607476,0.06064207684455145
1775545602.730456,168.34,904.4,0.09486996569410423,0.039092456218787916,0.019099207658889242,0.05959762670483215
1775545602.7616045,167.1,903.18,0.09269783012027731,0.036670814511573474,0.02254146526892822,0.06268395732630513
1775545602.7946234,167.4,901.88,0.09306697446727136,0.03573210238560106,0.023390278946445665,0.06144158102284145
1775545602.825255,167.06,902.12,0.0930193823391488,0.03493980781423355,0.02195720655791046,0.06272404592396942
1775545602.8589997,167.14,902.44,0.09405443175567622,0.036713156689315754,0.01966703695464383,0.0600007524368544
1775545602.8885431,165.02,902.82,0.09254143716802174,0.03388052065033249,0.02271946477145136,0.060923209027153744
1775545602.921471,166.18,904.1,0.09157313418847268,0.03374397917107188,0.023481471525771194,0.06210862630712076
1775545602.955131,169.42,904.0,0.09405941489348281,0.03571091929409003,0.020621428093398373,0.05914827061927394
1775545603.0014167,169.34,905.76,0.09112419151592477,0.03293608264878508,0.023711120021219965,0.06212049945669417
1775545603.0332794,169.72,906.3,0.09011493510820573,0.0322220322381113,0.024906073352066776,0.06440058369360127
1775545603.065403,171.34,906.44,0.08967161295271742,0.03152902620122127,0.02205919633331194,0.06172757109052244
1775545603.0965576,170.44,903.74,0.09210296568833153,0.03296939569551035,0.022048347900535583,0.06156066049412092
1775545603.1296234,170.32,908.02,0.09026640596338299,0.032226964247047074,0.02222225923505702,0.06268587302856136
1775545603.1634095,170.96,907.6,0.09397824271839178,0.03521493276947792,0.017747481937558412,0.057421210712127725
1775545603.208401,171.08,906.72,0.09241010643845568,0.03340410630840014,0.021060521410147262,0.05966064981879209
1775545603.2415788,171.72,903.56,0.09404936657728055,0.03465247155246984,0.01855978442622311,0.05539160902924257
1775545603.2735524,169.38,905.74,0.0954852287513834,0.03616994550712991,0.017280992582029565,0.05691768028119973
1775545603.3072333,169.7,901.06,0.09829916429913307,0.03930926964922817,0.0143527438964561,0.0543104352743739
1775545603.352581,169.74,903.0,0.09228320468085355,0.03267399353567716,0.0199873667741375,0.05974854317005255
1775545603.3867733,170.7,896.68,0.09313212710955557,0.0325668558689373,0.02088322269654322,0.06040989986043602
1775545603.4183195,169.54,896.88,0.091184235445333,0.03165242261364024,0.021990133817448628,0.06113717417613711
1775545603.451183,171.36,894.96,0.09319075581850757,0.034279213467879974,0.021346050478876298,0.059155169818174445
1775545603.4845412,170.44,894.04,0.09324912761363506,0.03478275339217318,0.0185508900573778,0.05816574854627107
1775545603.5305598,170.9,894.02,0.09140810764934457,0.03094217504354834,0.019682103273728713,0.05918652906258895
1775545603.5615044,173.52,893.6,0.09252575343244246,0.0329163356327428,0.01917413436961663,0.05824993099801658
1775545603.5951936,174.12,894.1,0.09308016066867007,0.032501942769896174,0.020244754740491987,0.05947734548187266
1775545603.6392179,173.06,898.9,0.0893382382942963,0.02940310657228867,0.023471167533998062,0.06145520439612548
1775545603.672622,174.9,900.9,0.09083142776694582,0.03107921806074316,0.022485651324223293,0.060645050367319875
1775545603.705678,173.92,903.18,0.09256218852353665,0.033089811261634676,0.021069167130303927,0.05938247323805409
1775545603.7403514,172.34,905.12,0.09518826390234182,0.03487996116290778,0.01879050335399644,0.057438348921143044
1775545603.7853668,174.1,906.24,0.09568426027562495,0.03514544023779051,0.01893321292734546,0.057263711257220684
1775545603.818848,175.04,902.44,0.09682434354131349,0.03681602749560586,0.016634215722672117,0.05607703863211595
1775545603.8495274,171.96,904.44,0.0931864209859212,0.03342711676961259,0.020210199411718303,0.05978495682225609
1775545603.881393,171.12,904.54,0.09365231727538581,0.03361786179510716,0.01961630555814968,0.05685718366912122
1775545603.919102,170.64,907.66,0.09164440966847903,0.03266691184395454,0.021387199890113,0.061292437786752696
1775545603.9476335,169.74,908.6,0.09230976734892608,0.032482932515397314,0.022173037813924077,0.062064192412358485
1775545603.992907,171.7,912.14,0.0890301536060859,0.030403973492425296,0.023510307322835187,0.06272027466394663
1775545604.0244756,169.24,910.64,0.09074364707950619,0.031425789756973965,0.020242305459694614,0.05917259379605433
1775545604.0587575,168.92,910.68,0.08923591257084063,0.028979738413867837,0.02624710217844745,0.06492596524566907
1775545604.0887191,169.58,909.86,0.0930955947530027,0.033497620103625475,0.02136810351628856,0.06127089088625774
1775545604.1227503,171.22,908.66,0.0908845003815066,0.0316420684619164,0.021803241065012562,0.06086423626183236
1775545604.153493,168.8,907.6,0.09062386068409402,0.031135194821464665,0.023300520469680026,0.06148485681507947
1775545604.1866388,168.72,909.62,0.08857897362493612,0.030541169706253292,0.02506278353216396,0.06434513972304753
1775545604.219096,171.74,910.72,0.0902123136964098,0.03055727984294694,0.025033144386393216,0.06527301608337059
1775545604.2483678,171.56,911.04,0.08970163038417558,0.031735635479968535,0.026901998585161537,0.06715123457011944
1775545604.2815785,171.58,911.84,0.09090861165423923,0.035359777618783304,0.027232335749826173,0.06701367543109978
1775545604.3125257,169.04,911.36,0.09256547860814685,0.03774684479240073,0.025934297021318574,0.06720179287598463
1775545604.3454957,167.6,910.7,0.09379800124793163,0.04052381709067965,0.033049006706768656,0.07192005701472912
1775545604.3792064,172.46,909.96,0.09474576401321022,0.0432607306956822,0.04209956492898618,0.08031081252125329
1775545604.4243813,171.8,908.5,0.10024794321526351,0.049973870972988985,0.05311719900672778,0.08852490313475525
1775545604.4579947,169.96,907.56,0.08227317106918391,0.05406563238888731,0.08908984984113248,0.1270023937145426
1775545604.4895644,169.76,901.46,0.0796099841953223,0.06993536466907012,0.11510954835461723,0.15504645875083098
1775545604.5213335,165.92,903.08,0.08756692104597609,0.1014879528786883,0.13931893497437592,0.17031144349366625
1775545604.5534842,166.66,904.18,0.08162560239420355,0.11575641092622095,0.15129750304387946,0.17354092905298013
1775545604.5854418,166.9,906.32,0.08433282429705706,0.11937918151697344,0.1555529625808448,0.188915923771318
1775545604.6192927,168.38,907.54,0.08316712755889653,0.12452333131085538,0.16469940448609824,0.2046193556853174
1775545604.6494365,168.08,905.18,0.08075038411405394,0.13037708391051314,0.17525380472441832,0.22126444574485862
1775545604.6826575,165.66,902.56,0.09063108268329009,0.13772582576215844,0.18270114517278113,0.24093703993786203
1775545604.7193065,169.66,902.46,0.10118516071812685,0.14700605107837245,0.1994905475151106,0.2656269425420928
1775545604.7469556,168.7,902.48,0.12272814881879616,0.16341443047393303,0.2200576941882567,0.2909457684866503
1775545604.777482,167.1,902.3,0.15298875221515681,0.2110187160405612,0.2473043768834101,0.30766592098176504
1775545604.8102486,168.5,904.76,0.20599154316326793,0.2621606990472461,0.2902501772582021,0.35596030415871727
1775545604.8433821,168.34,902.82,0.2596599311311492,0.30817800244588306,0.3352980422492134,0.3882324051459953
1775545604.889476,168.64,906.38,0.29981726701965294,0.35265389774524963,0.3747899012942303,0.41693330221548436
1775545604.9214554,168.0,905.62,0.33371800722126044,0.3972307429635645,0.4135415341194882,0.44685755891790896
1775545604.9533732,167.68,904.22,0.35847071446771295,0.4273169128817042,0.4445998987476099,0.4696808428496383
1775545604.9852583,171.98,903.8,0.37067114612077057,0.4419854720408861,0.4615082730463311,0.48261962621239685
1775545605.019538,170.88,905.8,0.37640256680243345,0.44770284081225964,0.4698545174683848,0.490391990097666
1775545605.0495636,168.34,906.16,0.3809542322294046,0.4527875757110744,0.4759907567357704,0.4963756673490672
1775545605.0814111,168.68,909.9,0.38336819585956255,0.45550903495676026,0.4816182219438548,0.5011789399708466
1775545605.1134763,166.6,907.64,0.38326855916717845,0.4545683362960132,0.4815546651875107,0.504244352442959
1775545605.1454778,164.42,908.1,0.3843933179146807,0.4553114788436739,0.4824286883092551,0.5039147547433818
1775545605.1776695,165.3,905.14,0.38620365278186886,0.46024965068846313,0.48662161970170315,0.5069574987422655
1775545605.2114055,165.18,902.3,0.3893227793123867,0.46127158257699125,0.4885285471064292,0.5094696077236481
1775545605.257161,163.3,902.12,0.3881839848044117,0.4600095068675698,0.4875042979573719,0.5099405845814207
1775545605.2893863,162.9,900.38,0.38455814564694424,0.45900646054263644,0.48802840282275295,0.5111437281154824
1775545605.3225517,161.4,897.18,0.37838264232654123,0.45307410293408396,0.48412192499078993,0.5075360983823695
1775545605.3523192,160.2,894.92,0.3745811255653035,0.44915335004821144,0.4807129136177814,0.5029554055986453
1775545605.3864787,160.5,894.3,0.373094150490243,0.4501229091230809,0.47955547012146826,0.4991830800628086
1775545605.4195287,162.94,889.44,0.37384696390896394,0.45169001635808564,0.4779389794580048,0.49874853779630685
1775545605.4506633,161.14,890.82,0.37337361235978483,0.4504905793092696,0.47878549479637783,0.49884072075723374
1775545605.481466,163.0,890.38,0.3736713188383838,0.4500346337482129,0.48061629692713354,0.5001268899912851
1775545605.513049,162.82,888.14,0.37420010807493187,0.45126948170652065,0.48040490246743095,0.49961843141225704
1775545605.545393,161.34,886.1,0.3731171747007526,0.4506175561544184,0.48014569767670556,0.5003767065751328
1775545605.577318,161.74,884.8,0.37301188853181677,0.45059334113335303,0.4805261026280491,0.5004940161925465
1775545605.6094377,160.4,883.9,0.37257650334336706,0.4491383671351425,0.4786304687088081,0.49875710893313235
1775545605.6435082,158.1,885.84,0.373102482768791,0.4507126088040277,0.4794117510284234,0.4990845611765624
1775545605.6893702,156.74,885.62,0.3736183755251062,0.4513122163448367,0.4802887668698488,0.4992947523120229
1775545605.7207596,161.92,884.3,0.37470845747963377,0.4523917730990114,0.4813475233606433,0.4997091461152094
1775545605.7523255,160.54,882.84,0.37498226957029623,0.45180881716812243,0.47947627479319493,0.49857964902891255
1775545605.7855825,160.32,886.02,0.3738286364566327,0.4508017289801266,0.47895738337910637,0.49966753071621045
1775545605.8195686,162.1,888.9,0.37357513356712213,0.45057618434682234,0.4807614850066346,0.5003915156326875
1775545605.8495483,162.12,889.36,0.3723372096293797,0.447478273459523,0.47955841906977636,0.4992606908480397
1775545605.8813908,161.76,882.5,0.3718180949394929,0.4469490389998691,0.47895611863917464,0.4995066173058492
1775545605.9133933,164.94,880.58,0.37087361201475133,0.44628963485894724,0.4782708263578282,0.4980389611366834
1775545605.9465518,163.74,880.82,0.3706071543446428,0.4454087597147351,0.47745732894322396,0.49736474261584007
1775545605.9774458,162.54,877.36,0.3713482633310782,0.44576667561957456,0.4773059497163971,0.4966213438100497
1775545606.010944,161.66,876.44,0.37036254292516213,0.4450511298851133,0.47738001357342813,0.4967022340125517
1775545606.040299,159.74,874.7,0.37001648610286475,0.4439903485547871,0.4761571697327034,0.4962739941127676
1775545606.0738933,159.84,873.22,0.3698247850936012,0.4449856874007277,0.47693840455062264,0.49652844878460234
1775545606.1071908,160.2,873.34,0.36974564765057105,0.44485191175186284,0.4772327824617202,0.497473075528693
1775545606.1532497,160.48,878.16,0.36988089810874286,0.4445532843980384,0.4773562041612484,0.4971180409090974
1775545606.1852632,160.22,880.62,0.3693561113715768,0.44518016720980114,0.4776859142151792,0.496679385102078
1775545606.2200744,160.26,878.0,0.37108177198376646,0.4476042520539855,0.4759890537438293,0.4958503575154029
1775545606.249493,161.7,877.4,0.3703312456758864,0.4459841889891995,0.4781414322205068,0.49656712773339456
1775545606.2809548,161.28,874.88,0.3705026739397122,0.44776381552673833,0.4785724230767736,0.49592756191018295
1775545606.312552,158.76,876.16,0.3710630739703965,0.448133114128998,0.47945775072176017,0.4955207710626907
1775545606.345399,0.0,0.0,0.3720513922533399,0.44757214098660836,0.4801394254933701,0.49823627107086
1775545606.3774273,233.2,884.76,0.37248076637853167,0.4484253424182686,0.48036841457079377,0.49840719000739625
1775545606.4093976,232.68,886.44,0.371816008982079,0.4493265315292496,0.48167985098191674,0.49908222484104126
1775545606.4433239,234.32,888.6,0.3709872237542869,0.4491288281291684,0.4802499724759874,0.4986354202423355
1775545606.48946,231.12,889.2,0.37280098968083214,0.4496425013016772,0.47792923019222006,0.4968600575432851
1775545606.5206788,230.84,892.62,0.3691751697990258,0.4462003860674607,0.47686894529709517,0.49515987482070123
1775545606.552394,234.08,895.0,0.3696377301982144,0.44733045561893525,0.47754517723681755,0.49542010278337056
1775545606.5861921,235.22,896.2,0.36917670436204797,0.4473274910523079,0.476640336297752,0.495909541019879
1775545606.6207623,237.2,896.86,0.373025149550766,0.4492507161650597,0.4779523441365815,0.4960082367773175
1775545606.6664975,236.18,896.8,0.3714439184265179,0.44676056929805924,0.47739817964165815,0.49480299729725635
1775545606.697508,233.2,898.04,0.37036324616969213,0.44846346798689835,0.47765612563528287,0.4942377872273965
1775545606.73114,231.92,893.14,0.36753372241507815,0.44829516290949806,0.47823589767503044,0.4935264290070586
1775545606.765296,232.48,893.78,0.3660225383011907,0.449134949666212,0.4797233824606008,0.4944753074500099
1775545606.8275816,233.72,893.8,0.3652449888571119,0.447961148038287,0.4762971434645981,0.4911281877165258
1775545606.8751519,233.44,894.28,0.36649281671297657,0.4499175128895154,0.47820943233371255,0.49150820584161853
1775545606.9210048,233.7,894.94,0.3675570839680068,0.44896995179507443,0.47759253466392027,0.49225837034804176
1775545606.9533935,233.38,895.88,0.3686378866799198,0.4492835342181991,0.4772044521702878,0.49139552199724723
1775545606.9844093,233.02,895.04,0.36710283706433383,0.44926243555873885,0.47568652108839937,0.49169783012001234
1775545607.021137,234.0,894.42,0.3637841417367928,0.4463411758901914,0.4731688026998877,0.4884896652358818
1775545607.051588,236.98,890.58,0.3577630380183732,0.44697885594162806,0.4693102577806449,0.4859920660534817
1775545607.0967073,237.04,892.34,0.34075351866899917,0.4334679003771017,0.45038021161709335,0.47577541501909665
1775545607.129429,234.8,893.1,0.3263936420868832,0.41214444981611026,0.4334108616898971,0.46219207551581826
1775545607.1631494,234.16,892.0,0.2988214669317309,0.37905144289070336,0.40133631118161983,0.43352935371215384
1775545607.2098138,234.0,892.16,0.26812622721428725,0.3437533384768228,0.3665752312103149,0.41138501265931493
1775545607.2412887,232.76,892.5,0.2677076608098825,0.34011076058593287,0.3666870044148146,0.4106743163738438
1775545607.2747853,233.64,888.06,0.17911106616860967,0.22458347905650053,0.2722652014644121,0.3475815053098589
1775545607.305194,232.52,888.46,0.14600387579835675,0.18954716993618834,0.23386376966019432,0.31857624393488265
1775545607.3393035,232.76,890.04,0.1177060200049232,0.1485444738034255,0.1955673431743016,0.2766009831179549
1775545607.3683846,232.78,888.96,0.08521160010225255,0.12017728957315135,0.17032866893985818,0.2465852166827945
1775545607.4026537,232.9,888.92,0.05854699516632619,0.08873372052436157,0.13908640457028584,0.2023478876923483
1775545607.4363804,230.02,890.46,0.03640149068142323,0.06713680873156448,0.11483766429670675,0.1673645718597856
1775545607.4815075,230.36,890.02,0.03649248246064776,0.06420755134374699,0.11253717187789192,0.16516237899781272
1775545607.5134962,228.64,889.74,0.031008820282542635,0.03263904504565572,0.07445141006481369,0.12120764629374865
1775545607.5448537,227.26,889.4,0.04753528731120776,0.010748063237319753,0.05304753603491239,0.0985841277605412
1775545607.5772834,224.86,889.9,0.05736306119017387,0.012113066340630826,0.044440726567954766,0.08332805369441117
1775545607.6094236,223.9,890.48,0.06792806984843029,0.012374407791475387,0.034915176355204317,0.0678989097197878
1775545607.6413708,221.74,888.76,0.09089330917406668,0.035661977948052766,0.022677394508775463,0.049166675531881934
1775545607.673215,223.34,892.08,0.11233645267451788,0.056123324084289966,0.018433070260438153,0.0306640763518468
1775545607.7046492,221.08,892.16,0.1227078179534018,0.06805370091304312,0.03612472203338711,0.0418996036456017
1775545607.7375157,220.42,893.3,0.1259767102940432,0.074786299759656,0.03374290313436078,0.04175706142782329
1775545607.7694614,218.88,894.08,0.13042650606242304,0.08071625921524493,0.03661083326291755,0.04617508090766653
1775545607.801492,219.32,894.64,0.13221697481953182,0.08370945201013033,0.042685424758974244,0.047444536243888044
1775545607.8334484,220.6,896.88,0.1340939116937621,0.08782897874138178,0.0484530994887109,0.0553723236190838
1775545607.8672347,219.64,897.44,0.13638022748014145,0.08910395831709995,0.05117965859077951,0.05519948136049988
1775545607.9158502,216.36,898.14,0.14231747463085878,0.09212108380727446,0.05272275537924546,0.05238412845255502
1775545607.9454122,221.24,898.6,0.13853292596471098,0.08961734223719159,0.05295027544506301,0.05526638621375404
1775545607.978667,224.54,897.82,0.1369385988398235,0.08369020143505072,0.042952829909955303,0.05284027773455717
1775545608.0093768,221.98,898.12,0.13468598964404233,0.07993840884706971,0.03931594666813684,0.05730955526577795
1775545608.042725,221.28,898.92,0.13240216871424468,0.07549248510910782,0.03203112586532096,0.0562571457907853
1775545608.0726044,221.42,900.76,0.11971795584471315,0.06424487994841512,0.027926313637641812,0.05999461540034724
1775545608.105316,222.16,900.32,0.1214904697865664,0.0650232030366469,0.027743393133541877,0.054569309804945176
1775545608.1364758,221.04,902.22,0.11701628258719786,0.06075505393965754,0.022179682170903856,0.05338619805982809
1775545608.1695476,219.78,902.14,0.1158355644864426,0.060659959323275704,0.020488510804904287,0.05171906908405925
1775545608.2004602,221.94,901.82,0.11429259504218922,0.058659941763864853,0.01759026118607851,0.049781927441106905
1775545608.2334914,223.3,900.42,0.11493358914621628,0.05781417284576414,0.02066116879208948,0.051455132706834016
1775545608.2670715,222.98,900.64,0.11352326147346209,0.055873158447868256,0.016037030796329406,0.051768875139612605
1775545608.313386,224.22,897.68,0.11333969624717934,0.05509235409473005,0.01579943069109306,0.0502745265708028
1775545608.3454835,225.38,897.8,0.11085671546228955,0.055036142501065526,0.015904368471956,0.049103976212633245
1775545608.3772998,224.84,898.42,0.11555062101854277,0.05844068163349389,0.018396421057686064,0.04800419984668496
1775545608.4095678,231.3,898.66,0.1127309066829048,0.055983443099748585,0.01613002653782971,0.0474558576879735
1775545608.4414475,231.28,902.4,0.11207207337708928,0.05674491085185833,0.013871355658744323,0.04631365111360472
1775545608.4731112,231.4,901.94,0.1137217119808737,0.056227601287546135,0.014463084859245561,0.04645045290972632
1775545608.5045202,230.24,901.86,0.11581541949396805,0.05842919503006382,0.01582296590224373,0.047032201489121614
1775545608.5382934,229.3,900.3,0.11687989467034259,0.06049256630180455,0.013738993530514934,0.043676117565901396
1775545608.5693107,228.52,901.72,0.11478890931791247,0.05687278278655957,0.009310800552651795,0.04606360180327004
1775545608.6015565,225.46,901.22,0.11407733498332978,0.05632886920558605,0.01139458353486685,0.04897785369332695
1775545608.6334763,224.44,897.54,0.11358636786286108,0.05729530484218906,0.012339928862231089,0.044561740115646446
1775545608.6666293,222.62,898.9,0.11424093799307566,0.05775450865783098,0.01357710972858238,0.046276500162156564
1775545608.700275,219.48,898.2,0.11344038249157572,0.057172576132372234,0.012214157493255294,0.04800512404630888
1775545608.7435029,216.38,899.94,0.11373007942217936,0.05730402001001886,0.01261326677769267,0.04620926702917375
1775545608.7774367,214.94,899.62,0.11202047888035781,0.05515430300125778,0.008382449275134608,0.047651112722150724
1775545608.8098798,215.7,898.48,0.11257559382908959,0.05629854213498162,0.013604258884901686,0.04971174052977364
1775545608.8439133,215.68,900.58,0.11057174906190474,0.055871843085254,0.009332629252582512,0.049092137994475794
1775545608.889419,215.4,900.26,0.11448548313931292,0.05731417021033586,0.01244624351528645,0.04932935806395856
1775545608.9230504,211.52,901.28,0.11251927151050618,0.05507722817736055,0.012249812538302587,0.050087734163212466
1775545608.955651,211.22,905.12,0.10878551388195322,0.05328496670477859,0.012825844391546333,0.05241894802261403
1775545609.001347,212.58,904.92,0.11127681826855025,0.05461426285818154,0.010939598409065223,0.050713382212960983
1775545609.0334058,212.6,904.36,0.11391998930527203,0.05660753539162165,0.010759887033245884,0.046573416898147035
1775545609.065619,213.94,904.5,0.1098094980372305,0.05377113493082493,0.012634719558029322,0.049832423333472334
1775545609.0993178,213.62,907.98,0.1073740804934671,0.05127523521868261,0.013123410902203762,0.0512326753592124
1775545609.1431963,217.1,914.74,0.11119215784130186,0.053515627442159514,0.01124501830776527,0.04938235989875963
1775545609.1775894,218.6,913.56,0.10930291379858137,0.05170925878303386,0.015113777410524429,0.05114218042895359
1775545609.2275438,219.2,913.88,0.11071422015707108,0.052725880654296724,0.015230895916197498,0.049642500142721285
1775545609.2764828,222.14,913.66,0.11153497144208586,0.05518286452933777,0.014293350023206707,0.048310385756224844
1775545609.3237765,222.96,911.64,0.11085014925245384,0.05382591788697712,0.014929437340065466,0.04907377551171721
1775545609.3547246,222.18,911.64,0.10926154283376897,0.052849399457648154,0.011788988981924977,0.04915567129189257
1775545609.3885202,222.06,914.22,0.10948617157649858,0.053335468961223334,0.013085199431245252,0.048999054229298
1775545609.4335325,221.04,914.4,0.10839704515964652,0.051936740532353386,0.012942938648936773,0.05043269358989074
1775545609.464601,221.96,912.68,0.1108965275754642,0.052231413616294874,0.013213245420334805,0.04847882926712351
1775545609.497507,223.54,904.4,0.1072890853318267,0.050629124157863255,0.014453544214166381,0.05053698906654615
1775545609.5284448,223.58,905.36,0.1089942898641907,0.05130990386694607,0.013347381441666577,0.04792859666006394
1775545609.5616617,223.82,907.04,0.10981412605543915,0.053911124056157174,0.016067377253523883,0.049012276217516755
1775545609.5933874,222.4,907.12,0.10956301863313173,0.051629151940046004,0.011780346128423479,0.04722849016400065
1775545609.6249633,222.0,907.7,0.11122596138365352,0.054694151631390624,0.012462743655114362,0.04731660904146213
1775545609.6574802,218.28,910.26,0.1111560239006478,0.05423721368158466,0.01490572806995598,0.04844271430574667
1775545609.6912177,215.04,911.34,0.11032951936840871,0.052851491986105226,0.011452650221050424,0.046239210795293306
1775545609.7361805,213.74,908.8,0.1102823194506118,0.053922821834534625,0.012870269887480723,0.048218156418699545
1775545609.7694507,213.84,906.68,0.10800794053488512,0.050972062238280214,0.01593504736604759,0.051638738885120744
1775545609.8003886,210.24,909.84,0.1097223069278861,0.05335204818603727,0.014782697535391484,0.05070033678282517
1775545609.8333783,207.98,905.44,0.10984602395504928,0.05271450736780519,0.014345874695100983,0.049331356291591785
1775545609.866549,207.96,906.22,0.10539055768386571,0.04895356221362852,0.013401110561947949,0.05417566336433331
1775545609.8974483,208.9,899.6,0.10615269120608709,0.049919505699981374,0.010661396751110053,0.05285088773709222
1775545609.929844,212.36,900.64,0.10268001630298246,0.04872556933874393,0.017660178521086936,0.05698809803780092
1775545609.9615362,209.92,903.38,0.10687590770299196,0.05346469928854142,0.02207973308590184,0.062174590359719686
1775545609.994506,212.4,904.6,0.11355831287135484,0.06035058006808771,0.032594741674375226,0.07053331737128819
1775545610.0254693,215.16,903.44,0.11601613856241526,0.06429718805612866,0.037911143060671434,0.07656939556393405
1775545610.0575476,214.92,901.92,0.11241780764048474,0.06592991544619689,0.05338280566493057,0.09538892557819481
1775545610.0896127,215.48,901.36,0.09051111543526098,0.0511080291186821,0.05887028601037334,0.09204943993494222
1775545610.124358,209.8,900.5,0.08710185441068935,0.047535093055537145,0.06343192941064749,0.09486349346078045
1775545610.1695993,203.5,897.2,0.05786640087079973,0.031156746041799428,0.062425404281370736,0.10227488529233329
1775545610.2002053,203.16,893.12,0.03635086528880283,0.03253637515310543,0.07386775561459995,0.11721343088396378
1775545610.2334762,206.26,894.9,0.007966497860520954,0.03751253072236645,0.08091013955156885,0.13137746200694228
1775545610.2652419,205.5,895.66,0.04587218066437355,0.056843953492202316,0.10035550216458301,0.1562193101575891
1775545610.2974548,209.66,899.42,0.06874565107819472,0.08511339172415576,0.12915949259432388,0.18271245164320177
1775545610.3284543,209.28,901.24,0.10101315339072665,0.13771468961046435,0.16987979337002124,0.22074338466931137
1775545610.3613977,212.42,904.02,0.15320291920029303,0.20105664894395817,0.22089414294826934,0.26965534501362776
1775545610.3934739,211.9,915.64,0.22445009282386139,0.2797576131233504,0.29567194893987797,0.3381413834490681
1775545610.4256592,213.78,910.86,0.2758940862871878,0.3395594184310742,0.35413845030919683,0.3765953376070778
1775545610.4573157,214.8,912.18,0.3004730710205907,0.3685422346001041,0.384118073500969,0.4059729157105096
1775545610.490536,219.02,911.94,0.32583368362460163,0.3979834552480661,0.4118706346346144,0.4307414333680817
1775545610.5246055,215.58,909.24,0.3424564194143811,0.41635936443216276,0.4289729881111237,0.44847785813067587
1775545610.5551307,217.76,908.84,0.3546717871460219,0.42977760955008454,0.44380690301944936,0.4633462719613006
1775545610.601749,215.28,908.82,0.36551399577103194,0.44140214446437326,0.4586467310992261,0.4759223084883739
1775545610.6334705,214.56,906.16,0.37037550046234263,0.44528648748181204,0.46184924966578117,0.4805574955547205
1775545610.6654232,219.72,905.18,0.3784246399695444,0.4527622578577018,0.46869987375303823,0.48660043172291234
1775545610.6974313,218.56,905.3,0.3789372777104262,0.45329942157968506,0.4708198689302072,0.4899319690434154
1775545610.72845,215.2,905.72,0.37949934854875833,0.4557421900846614,0.47478976897366726,0.49314368283067045
1775545610.7614524,218.18,908.84,0.3824230530049299,0.4591481888022084,0.4773644709709424,0.49462578601252755
1775545610.7924035,217.08,910.32,0.38383441978171573,0.46065572198368987,0.4782474082293393,0.4938503113559697
1775545610.8252685,216.56,908.98,0.38579919438059046,0.4605950380589367,0.47877422911069534,0.4934832554622602
1775545610.8574371,215.02,902.88,0.3859346663732832,0.4624523829608768,0.4804622851454441,0.49480557539937525
1775545610.889172,213.7,903.74,0.38541366634263124,0.4624723797068829,0.4800964934503406,0.4942044276549862
1775545610.9254293,212.78,904.06,0.38682272152042496,0.46272373410530176,0.4813358317253482,0.49527640204239154
1775545610.953334,209.5,904.62,0.3871450009291794,0.46500236894693986,0.4826311013638206,0.4961052333669561
1775545610.9870877,208.86,907.08,0.38763079903848624,0.46522914160968887,0.48153182383696186,0.4974829616179605
1775545611.0319743,212.22,908.12,0.3883617740590311,0.4649749583608532,0.4784915100904552,0.49488454856624225
1775545611.0656235,214.3,908.62,0.3890565061919195,0.4663733700884289,0.48013779036255405,0.4966064717071215
1775545611.0972662,214.26,908.64,0.38827148193958055,0.4668589841703913,0.48026797277256555,0.495099111977669
1775545611.1304953,215.78,908.24,0.39029525060631326,0.4672373049399441,0.48236130735644484,0.4959756845698
1775545611.1614199,215.78,915.84,0.39025995505357525,0.46588954104194186,0.4817376128151735,0.49552079336379806
1775545611.1949716,217.6,915.98,0.3907895396269099,0.4663380020365421,0.48232417298045427,0.4947374936408351
1775545611.225971,216.72,915.04,0.39069976570587184,0.4658729931730744,0.48298102561597367,0.4948320612557279
1775545611.258703,217.04,913.28,0.39118214034044774,0.46542498198700316,0.481841871129181,0.49433782157473166
1775545611.2893145,218.76,915.14,0.39046897080893345,0.46572658264276756,0.48095230343609957,0.4949875071841377
1775545611.3260999,220.0,914.12,0.3923139561702116,0.4673230599472736,0.4822172915334856,0.49382260623699703
1775545611.3534558,215.62,914.06,0.3918789654395415,0.4668678958250795,0.48458650692512306,0.4946830533842917
1775545611.3873193,216.96,917.78,0.3924718623886638,0.46703286205128686,0.48285765434496414,0.49325489368338993
1775545611.433456,216.68,919.88,0.39235023738044833,0.46909340815146494,0.483645131954173,0.4926610211621205
1775545611.4647899,219.18,916.3,0.3920484035691791,0.468465458927148,0.4849390097284211,0.49348261660299375
1775545611.4975433,221.6,922.48,0.3921693729210903,0.4720296345131218,0.485054896366542,0.4926923406564556
1775545611.5293093,220.62,919.42,0.3923545076076804,0.4714194801381188,0.48539364957645065,0.4937259638599426
1775545611.5613308,222.04,929.74,0.39284673676266985,0.47067152858518063,0.4858576846488482,0.4945978019054644
1775545611.5935724,217.56,928.18,0.3925603201772236,0.4709428852251875,0.4850974973137567,0.4925809436350059
1775545611.6260815,219.18,928.18,0.3937932788915697,0.4715972893641413,0.4833806967579966,0.49297411899573634
1775545611.6565473,217.92,926.68,0.39189107017111985,0.46992987532507885,0.48399762520065825,0.4923301164090553
1775545611.6895006,219.36,922.3,0.3922965422642749,0.4715969405507403,0.48360574980972704,0.4921589735012127
1775545611.7259545,217.48,924.94,0.39140271771928153,0.4711096079925282,0.48379221467149913,0.4921232387371088
1775545611.7547674,215.84,930.22,0.392292554292097,0.47106393863890267,0.4828380454298992,0.49020688786822203
1775545611.784153,218.72,931.08,0.3894442755297184,0.46735162725582063,0.48128930140128945,0.48879175197967933
1775545611.8177545,216.08,932.22,0.3895384432335634,0.4673291962875189,0.48138063853941193,0.4867111995957615
1775545611.8514998,213.6,928.46,0.38874107449500905,0.4677236294569612,0.4807118388203379,0.48633924496245395
1775545611.8997748,214.16,924.24,0.39054537597739625,0.46931525059607815,0.48331580224675014,0.4874818302086611
1775545611.9283195,218.54,924.52,0.3923271856966882,0.47007380633106466,0.4819945290075139,0.48679199320654143
1775545611.9616635,213.54,920.56,0.39168871965873414,0.46916058498549074,0.48208254470960893,0.4867546527370436
1775545611.9932373,213.22,916.9,0.3920709743719195,0.47004745735897835,0.48266132218786073,0.486418214306939
1775545612.0262678,214.18,915.38,0.3920123218915139,0.4688035444515008,0.4814582829449343,0.4847899549683792
1775545612.0574276,217.28,908.56,0.3920789337321928,0.4685199847437308,0.4812093652734282,0.48430083194365664
1775545612.08843,214.12,911.6,0.3918964992174108,0.46975511258316754,0.48041658033721174,0.48546128731728444
1775545612.1213808,213.7,908.0,0.3907942409103691,0.4687823147951477,0.4807518115029125,0.4858539407249374
1775545612.1535263,210.2,908.04,0.3904640220429308,0.46997415763649997,0.4808149661855088,0.4855697414109746
1775545612.1848588,211.78,910.26,0.39158866993285196,0.46949035726770394,0.48072003706150307,0.4853232971164156
1775545612.2164893,211.42,913.56,0.39225620638585484,0.4692606743199769,0.48059632721339024,0.484943520035257
1775545612.2507482,215.64,911.52,0.3922218081544868,0.469371329271437,0.48156656251821917,0.4844180566694424
1775545612.2973137,220.8,914.54,0.391235729025665,0.46885299708678524,0.4801060002736843,0.4820303638217959
1775545612.328587,219.56,912.8,0.39266326347957387,0.46915741187889876,0.4803722141778996,0.4828245361372518
1775545612.3614464,221.32,914.96,0.3932473260725054,0.46960446598815775,0.4790877196722837,0.4815010596420685
1775545612.3944342,220.0,917.7,0.39566934697006784,0.4714121446426247,0.4747194376011713,0.4780768312306802
1775545612.428389,224.2,914.5,0.39379038048099124,0.4670207633316741,0.4695895754351324,0.4706123281797038
1775545612.474983,219.14,914.38,0.3918606926505811,0.46063018759583774,0.4616680747687747,0.46334641213312483
1775545612.5044494,219.44,913.92,0.38841683617341327,0.45161510903599256,0.45339460678021587,0.45571484033243265
1775545612.538179,218.46,912.28,0.3809116009631165,0.436847026787885,0.43852517854185175,0.4417390329732332
1775545612.5720348,217.6,918.18,0.368891525784338,0.4204585637865676,0.42687648106936016,0.4319563410731633
1775545612.617394,219.8,915.42,0.3365633917288783,0.384961329841146,0.39891098224411936,0.40856883341051115
1775545612.6496978,219.72,919.08,0.335035160343971,0.3836901499526179,0.39945163013609974,0.4103657805403731
1775545612.6812072,217.9,916.86,0.2948143135089283,0.338929600572579,0.35728163316552364,0.3830019580103861
1775545612.7133777,215.62,917.3,0.24937855467266057,0.2895083749271912,0.3109048237355473,0.349702092932755
1775545612.745417,219.66,915.2,0.20705881442688448,0.23854132037198103,0.27196873943028677,0.3281167161765135
1775545612.7775145,220.76,917.62,0.16351779631132496,0.19510637438227468,0.23153163540772728,0.28566575911449515
1775545612.809403,223.54,921.0,0.12075495014678962,0.14304074415289234,0.18565776660847946,0.23656633744268513
1775545612.8414958,221.58,923.3,0.094667431883202,0.11062975627398663,0.14850922814343803,0.1932278580016828
1775545612.8734028,219.98,920.16,0.060071890555879276,0.057999284980008836,0.09192562969957675,0.12924542988633494
1775545612.905659,218.32,918.84,0.05550044522378038,0.03473478524070611,0.06532132457740362,0.09550779198880843
1775545612.9393034,218.4,919.66,0.06190424034186684,0.017814163688277873,0.04189708599476055,0.07275699399234088
1775545612.9844806,219.02,912.8,0.0627259501155216,0.019080005998592418,0.040137168497179396,0.07070638716914078
1775545613.0179608,218.2,912.46,0.06578156286655304,0.013579433253975244,0.0278789901690367,0.060235072536981626
1775545613.0507495,224.36,910.98,0.08556055232785445,0.03584534390265812,0.018712199279852345,0.042837801173061255
1775545613.0815105,226.76,911.22,0.09371337218856271,0.044021410169096296,0.014823401058977595,0.035488475608656055
1775545613.1147676,229.22,909.86,0.1007365052267557,0.04899606880850887,0.01710674649665748,0.03156472663994982
1775545613.145421,228.92,909.12,0.11413110306074112,0.060079546606367364,0.023667190571144196,0.02848993721809288
1775545613.1783128,228.6,908.6,0.11769852637737584,0.0653712335507036,0.017281653883227284,0.0243244859688619
1775545613.209328,238.68,906.42,0.11942529202242107,0.06768948331473232,0.023871535285552466,0.03323434552964535
1775545613.241561,236.26,906.38,0.12492453055713444,0.07336234961140788,0.027453101849196526,0.03299168333834328
1775545613.2723432,235.86,907.9,0.12895836560612564,0.07981713528369865,0.03767072357146128,0.04445449347155369
1775545613.3053493,235.84,906.9,0.1342564665442274,0.08398189129962313,0.04404571134503596,0.04585310481231433
1775545613.337653,234.12,912.86,0.1284700175884125,0.07650407713485566,0.03756133216968395,0.05219927392194648
1775545613.3713298,229.76,911.48,0.12511595170320708,0.07035344616184941,0.028413633411928135,0.056417255975593605
1775545613.4164495,231.88,909.84,0.1283073118709626,0.07331999869291382,0.029311988362087826,0.053454056130448804
1775545613.449317,233.94,905.14,0.12626676577023693,0.07010283927492299,0.025640886595659735,0.05261842175505099
1775545613.4805427,233.26,904.68,0.12616551672115695,0.06994711065434522,0.02913428466907033,0.06035544597546038
1775545613.5135896,234.82,909.44,0.12704224585415708,0.0702550837345646,0.025718248192490224,0.05789577329045102
1775545613.5455263,236.9,911.14,0.12215870748112374,0.06323371914460334,0.019376546419947783,0.05574354431524069
1775545613.5764084,235.0,916.92,0.12126819400857383,0.060610426382686856,0.0127645632457342,0.050747461385083105
1775545613.609291,231.88,912.34,0.11585472461314905,0.05554634839474733,0.010759458457779888,0.05286076829404106
1775545613.643242,231.86,916.76,0.11658866837255359,0.05692072908639245,0.00933801581311784,0.04985913267278979
1775545613.6907547,235.76,915.48,0.11422944761070754,0.05460932635479844,0.009822216696842124,0.05123388867533274
1775545613.728389,234.58,913.78,0.11553283037309124,0.056325819305856284,0.011191684518236263,0.05167901607475061
1775545613.7552843,231.28,911.98,0.11264905784092952,0.05411819404804053,0.011138067725154636,0.051724645821263744
1775545613.8005311,234.76,912.86,0.11526255944173225,0.055243361070587686,0.013741454044988154,0.05206398138495803
1775545613.8354428,235.28,914.78,0.11290499725949611,0.05420171399861237,0.011322036380819574,0.050906674147012894
1775545613.8654459,235.22,915.46,0.11395601233272443,0.054626164108855346,0.008593931953931948,0.05002472520540788
1775545613.899032,236.04,915.72,0.11362189383033072,0.054188118295974565,0.010664221991802931,0.050978952927000554
1775545613.9451401,236.06,915.2,0.11455351631523633,0.055422595328800554,0.010041639533480858,0.05158726943664035
1775545613.9773982,238.38,918.48,0.11619599970308014,0.057455465937083006,0.010628091684927938,0.048063649955503884
1775545614.028466,233.0,919.08,0.11306990522177397,0.05393065722171734,0.006173635449006811,0.051268717962819635
1775545614.076438,232.98,918.28,0.11421255445863979,0.05561314727704946,0.011265024712943803,0.048776042033788054
1775545614.1214907,229.98,917.88,0.11359247977278233,0.055191236087201584,0.00960721669685646,0.05065736433549313
1775545614.1534667,232.4,913.86,0.11408116499360012,0.05483550055902353,0.01154796821294907,0.050835611490308553
1775545614.187263,228.12,913.84,0.11384253087299503,0.05411541134705482,0.012881347522571742,0.05125337786473642
1775545614.2326412,232.78,912.24,0.11552250500998831,0.056337438689088096,0.010662531358632373,0.04947582682801946
1775545614.2652287,230.48,915.72,0.11532773535236034,0.05704237575633497,0.00970075594521609,0.049858643254117554
1775545614.2973952,231.04,917.76,0.11682201932351076,0.0569511870455926,0.009734233510306714,0.04890148459438192
1775545614.3286114,231.78,915.1,0.11489933802383122,0.05602119520444061,0.009644349412577,0.04988562656360876
1775545614.3625124,233.62,916.08,0.1153676266470254,0.056332712768559584,0.008422599983545196,0.04667205415922096
1775545614.3960776,238.04,912.88,0.1142884705267675,0.05539846845770194,0.009156821793331427,0.04889675924453406
1775545614.4424953,237.92,915.88,0.11390669121103103,0.05429040757399626,0.006577794357916771,0.04841013240737836
1775545614.4731224,237.16,914.76,0.1146067837935772,0.05539784048639924,0.011469457382392278,0.05071080830416276
1775545614.5065367,230.26,916.94,0.11289459890235595,0.05418174301815175,0.010543291925108327,0.05224255507048062
1775545614.5382261,227.0,913.82,0.11500827529110039,0.05689210163952625,0.013055146181497784,0.048785294408500185
1775545614.569292,221.98,911.34,0.11389379950162226,0.05551439151597032,0.009691883892479613,0.048942668134615876
1775545614.6006541,225.84,908.72,0.11476669910542447,0.05526597565254246,0.010063973513863398,0.049335365751077095
1775545614.6324806,227.5,911.62,0.11414055046727647,0.05575216917640179,0.010337096065157387,0.047832230250799114
1775545614.665205,228.48,914.1,0.11487769130488688,0.05661237358937365,0.011163357539256298,0.04921374857863533
1775545614.6975715,227.44,915.54,0.11187440718273159,0.05389894442129751,0.007075080888899593,0.04751940475807882
1775545614.728909,227.1,923.98,0.11159901191654943,0.054485458403450225,0.007308826470716534,0.04694511478671617
1775545614.7613478,230.02,921.84,0.11112704587899283,0.053178909803155455,0.003799505122113375,0.04860987227555979
1775545614.7949564,226.24,924.7,0.11383050730016268,0.05470051928171006,0.004632169645982914,0.04513495885172633
1775545614.841371,222.18,920.04,0.11503696308559086,0.05543566267918235,0.005859079862748889,0.04442310668140991
1775545614.873359,223.86,918.14,0.1144276566671396,0.05530880089440125,0.005907298138154345,0.044410959648309066
1775545614.9052691,226.32,917.52,0.11601454932983203,0.056487311398452464,0.0052480698119244445,0.04210537406690703
1775545614.9375925,225.02,915.2,0.11289301801935998,0.054299206196713225,0.005490127868520367,0.044594286324933334
1775545614.969388,212.42,920.32,0.11527004599287043,0.055494582567767084,0.005609393557140729,0.04249562665150201
1775545615.0024896,213.86,918.9,0.1133749574441509,0.05364104650679508,0.0037238991643306625,0.04385765570772884
1775545615.0323336,212.92,914.96,0.11362795861573184,0.05421238926947057,0.005482539400735478,0.045026533587800316
1775545615.0669546,209.86,918.86,0.11279114641975867,0.05356705427294216,0.004098777340397349,0.045702848633674124
1775545615.0964265,208.32,913.82,0.11323746401287985,0.05410754906731241,0.004261506723233196,0.04472156358697426
1775545615.130917,211.16,920.7,0.11244170256866852,0.054828949060059695,0.00503139573739084,0.04345347600125144
1775545615.1616607,210.02,921.54,0.11104027415546534,0.05216812541173191,0.00295501350538364,0.04587507841871728
1775545615.1925578,208.96,923.32,0.11458259779147077,0.05536299877943858,0.005698344361912298,0.04278080470107633
1775545615.226328,206.36,921.96,0.11206192956780112,0.05392271810388553,0.004125927607603529,0.044485209324413647
1775545615.2734,206.32,921.16,0.11230615503291991,0.05446603153415009,0.004653851423486075,0.04421766924914438
1775545615.305515,208.04,921.08,0.11161827122010255,0.05437347101113495,0.0035196528426675367,0.045061236245434136
1775545615.3366559,207.8,923.04,0.10611680479816298,0.05039391133705303,0.006772435220103817,0.04980275611056975
1775545615.368387,208.9,924.74,0.11014527396232442,0.0546247070652805,0.016968079053443177,0.05498495626958789
1775545615.4013443,208.9,921.84,0.11075277218373894,0.057177616871698006,0.026920682764477705,0.06565251728618518
1775545615.4350307,205.38,919.72,0.11205011211644064,0.06416191432268936,0.051716235274101484,0.08487358874826217
1775545615.4812353,203.7,921.64,0.0925439633030279,0.051647894595404316,0.057802395900539406,0.09066345504029932
1775545615.5134504,204.3,920.08,0.0741178550147156,0.0431045041053123,0.07108603955595974,0.0989400459734386
1775545615.5451343,203.42,923.64,0.07911661614414127,0.0479682648422577,0.07471700019282917,0.10327058018051728
1775545615.5788612,201.28,923.24,0.05231627901642495,0.025854185062440624,0.05965656943597662,0.09675502226241407
1775545615.6304386,205.66,923.24,0.0267009695580596,0.023969138228815048,0.06972167295093153,0.11205022402365833
1775545615.6585114,205.72,920.3,0.03186492154021016,0.03565764555125074,0.07624036249742162,0.1273759281865087
1775545615.6894286,203.26,920.82,0.055110676456839605,0.06618388588452083,0.10944921929795379,0.1588913673585506
1775545615.7228832,198.56,915.64,0.07580021407980721,0.09195473409056977,0.13245165366218667,0.18066825169212455
1775545615.7563832,203.42,915.2,0.08606026746217052,0.11725126467897162,0.15095816864044093,0.2016787688491432
1775545615.803191,202.32,917.48,0.12851008996212138,0.16587379109282485,0.19618731443123533,0.2524969174758177
1775545615.833337,205.94,915.26,0.18326667199048158,0.22804843250155218,0.2446579943342485,0.2919453294151856
1775545615.864515,207.96,915.9,0.2328316386230419,0.28675275018679514,0.2951291475996574,0.33425503930291806
1775545615.8961465,206.6,915.84,0.26868785273783585,0.32575578427059243,0.3359148670833945,0.35957001894247564
1775545615.9309423,204.58,916.4,0.2971036297433957,0.3559538645094683,0.36603537390965907,0.3826118014301189
1775545615.9614172,207.5,911.5,0.324205172699975,0.3850651498906928,0.39463236235117055,0.40585969734868316
1775545615.9932756,207.42,909.08,0.34981920220987106,0.41183535150118533,0.4168305744498531,0.42975003490975144
1775545616.0255053,208.64,908.48,0.36349545321747406,0.4233668781155171,0.42981314737173987,0.4427531413609349
1775545616.0575507,202.12,910.6,0.36821347074805977,0.429059358238001,0.4383937451477648,0.4506287349567272
1775545616.0893846,196.74,905.86,0.37506525728447737,0.43667973286019507,0.4463789054714071,0.4598135122180292
1775545616.1217234,196.94,904.58,0.3783655811402093,0.4436553666815022,0.45180768391268417,0.4667698466155004
1775545616.1526551,199.1,906.24,0.37904995790816387,0.44408240175285363,0.45506156622232297,0.47130368757304475
1775545616.1863568,198.8,902.78,0.3762023413090713,0.44197243814060805,0.4556285156418936,0.4742417855326004
1775545616.233441,199.44,902.64,0.37291953750087703,0.4425694178694462,0.45517845474857815,0.4739882149316047
1775545616.2642696,198.94,903.76,0.37210922440532984,0.44142474372142765,0.45481469034307853,0.4749815110669982
1775545616.2985008,194.54,899.94,0.3718028024929442,0.44210077339918324,0.45428069049311953,0.47488092011524224
1775545616.3314953,191.64,899.56,0.3723721659510014,0.4422271132208121,0.4546789188133381,0.47789301481201607
1775545616.3628893,194.28,898.1,0.37287967785315507,0.4437612600723666,0.45515364448812584,0.48076829475598376
1775545616.3931465,193.08,896.92,0.37308594673677975,0.44375667095786375,0.45681650368232285,0.47882861975034485
1775545616.4269698,191.1,893.54,0.37133543659448326,0.4424180137108579,0.45428913341506816,0.4791987675885058
1775545616.4572878,191.36,891.54,0.37220103115872605,0.4417713475851167,0.4547048951521445,0.47926294483787607
1775545616.4894671,192.24,891.66,0.3722452777732328,0.4462130478901385,0.45384360175232036,0.4813416850697674
1775545616.5214226,191.58,894.14,0.3717862835924703,0.44515975850825784,0.4541340828995997,0.48105277506708344
1775545616.552426,187.9,896.54,0.37273849561591565,0.4451056293357576,0.4555911111404031,0.481202904439362
1775545616.5863805,186.1,897.8,0.37038174008681296,0.44479337133215346,0.4531236704686654,0.48230085943325357
1775545616.6328118,185.88,901.5,0.37031774208552126,0.44429687455898015,0.4532786009089448,0.4820820735842131
1775545616.6645706,184.22,903.94,0.3691496012325837,0.44491502682847045,0.45227400743587093,0.48154101055239584
1775545616.6977787,182.9,904.52,0.3700680825147167,0.4446271347318407,0.4533133866237813,0.481361122106073
1775545616.7319953,183.7,906.42,0.36965088966833964,0.4437488260658515,0.45420346732592326,0.48309044407051555
1775545616.7765071,186.2,901.9,0.3681833736495177,0.4423038357864295,0.4531653138192329,0.48075655554242075
1775545616.8318808,188.82,901.82,0.36859720015209174,0.443359724444202,0.4528515306369158,0.4824923277400826
1775545616.8749664,187.08,902.66,0.36941888031587056,0.44367365943817655,0.45350383411217987,0.48091037830027106
1775545616.9213772,187.98,897.94,0.3693656839128972,0.4449040398008024,0.45162521601909855,0.48170765244107694
1775545616.9549937,186.4,895.82,0.3686700722129691,0.44379864997926255,0.4517712685357062,0.48096659556627086
1775545616.9887874,187.62,891.34,0.36809259900846075,0.44457685465568925,0.452812984321958,0.4826199385168943
1775545617.0334308,188.94,892.74,0.3716586408868351,0.4463888476277921,0.4529238798401382,0.4838028426744625
1775545617.0655265,187.84,894.46,0.3684280032632056,0.44375459402167533,0.4528967294246443,0.48086382676505657
1775545617.0987065,188.84,893.16,0.36866810830094865,0.4434217941175817,0.45307557549011107,0.48195577732905515
1775545617.132306,186.14,894.54,0.37110316731727455,0.4462008638750919,0.4541221567662221,0.4816412566506254
1775545617.1775963,187.62,893.78,0.369694237642799,0.4453390890447771,0.4533089771434596,0.481859457317066
1775545617.2083888,187.48,896.9,0.36877541748463927,0.44475710247488626,0.45257413983136885,0.48082664264176167
1775545617.241369,188.36,895.76,0.37001964729494463,0.4451144816013071,0.45227069668376674,0.4810034227327924
1775545617.2750726,188.36,895.9,0.37009311323951155,0.44574896505895095,0.4527521916966227,0.4810971517173043
1775545617.3212469,188.24,893.3,0.369412485059368,0.4466510435104152,0.4537402207283648,0.48261646541176345
1775545617.3532078,190.46,894.44,0.3700732197875376,0.4462236009475654,0.4540758305800441,0.4821597473787262
1775545617.3843145,187.9,893.0,0.3694748804513809,0.4452580490595591,0.4538493122846329,0.48004381031847226
1775545617.4173048,189.0,894.32,0.370312162928891,0.447121121318059,0.4529686550058656,0.4813787718520228
1775545617.4493568,190.98,893.38,0.37114482972877033,0.44635712193967597,0.45355239771918665,0.4805862222457291
1775545617.481477,191.3,892.9,0.3712274908561815,0.4462827307116327,0.4533491611031167,0.48148470951599426
1775545617.5134149,188.54,896.94,0.3690926597974506,0.4461407849901891,0.45372547945369707,0.48125838263492415
1775545617.545077,189.4,894.04,0.37156788324589957,0.4466617054621142,0.4542064390121221,0.4811786006494707
1775545617.5774188,184.94,895.54,0.3722594457055649,0.4486516956982241,0.45576827209157444,0.48379597367066385
1775545617.611032,181.2,893.2,0.37257285961985387,0.44920835902950573,0.4560308167714146,0.483717069952719
1775545617.6447685,182.86,894.96,0.37200379107372,0.4491467938256979,0.4542831645628643,0.483052303447722
1775545617.690971,185.66,893.08,0.3712263903305389,0.44823330571480546,0.4547619150019454,0.4825086173893377
1775545617.7204552,186.72,895.0,0.3716196082733747,0.4479211120810628,0.45427435490406326,0.4812641866934624
1775545617.752937,185.78,897.02,0.3730731553564846,0.44863769490867245,0.4554228536594606,0.48252878951841005
1775545617.784317,183.16,893.74,0.37108544760058804,0.4469398799516549,0.45431739309283536,0.4798838294022827
1775545617.8174667,184.78,890.36,0.37256665288367735,0.4480841732594612,0.4559213411147017,0.4804673581639956
1775545617.8485596,187.32,895.72,0.37114397348384376,0.4481254714146434,0.45684329919320205,0.4776405416452077
1775545617.8814049,186.28,895.86,0.3727300473486432,0.4493492396434114,0.46112522725125166,0.47890567733906825
1775545617.9136374,182.36,893.08,0.3726070068587052,0.45032065132102045,0.4627453449736257,0.47829525171056486
1775545617.9454687,181.72,894.5,0.3709726133808498,0.4490572094310692,0.461875868010215,0.47835192882515926
1775545617.9772618,184.18,897.3,0.3712326468444711,0.4500185850656875,0.4620889447520192,0.4800112118002963
1775545618.0094638,184.86,894.02,0.37308368489258004,0.4499568730937292,0.460598955910238,0.4781827390225886
1775545618.0432484,185.34,900.52,0.37273500843941093,0.4507787900025541,0.45832875658970196,0.47783659116867855
1775545618.0885594,184.7,899.0,0.37222695395630717,0.45039953732683513,0.45631912471704084,0.47699161441145543
1775545618.1212912,183.96,900.62,0.37319043337724306,0.45043969045575105,0.45636945795434514,0.47602113156591147
1775545618.1533105,184.42,898.92,0.3711950915543799,0.44607807260383625,0.45483979446214223,0.4737939537460667
1775545618.185208,185.96,900.36,0.37353331490691866,0.4487254600443692,0.45622574557343915,0.4712935041388649
1775545618.216624,185.7,903.02,0.3714721686156879,0.4431886453570803,0.4542354270286493,0.46384666817821507
1775545618.2517,185.44,899.02,0.3701932836871202,0.4367785598391827,0.44326597156221187,0.45018997833352026
1775545618.2817576,184.76,900.7,0.3641295944062723,0.42489782809466303,0.429498062440145,0.4354741737519192
1775545618.3148363,186.6,903.18,0.34478307277331144,0.4010555386458935,0.409293352624548,0.4158303004413956
1775545618.3454144,184.26,902.26,0.30981664557228766,0.36404924811127104,0.37440363151267897,0.38998544962393217
1775545618.3789005,187.84,899.78,0.2772125995904853,0.3287787753307299,0.3382145968182434,0.3609610509057298
1775545618.4092777,191.56,894.04,0.2346029402684489,0.27326389274522933,0.28699500296887787,0.3276819844535469
1775545618.4428446,194.42,892.8,0.1912949612568491,0.21578463321713107,0.24530174500417487,0.2920180410504164
1775545618.4893298,195.14,892.24,0.14567473733258848,0.1675669998474133,0.19987622563738508,0.23971639327230296
1775545618.5204852,195.9,894.24,0.10873262321118667,0.12068232680628685,0.15611017548274173,0.20196929266286903
1775545618.5531485,193.98,893.16,0.0775085550506958,0.09387420528137733,0.12870635295789554,0.1664514983960946
1775545618.5845175,194.5,894.14,0.06189588716650628,0.07771910270719874,0.11360418473997394,0.15521217314042401
1775545618.6175048,193.78,898.66,0.0631784979278263,0.06330305904121754,0.1013632408328084,0.13818572143826977
1775545618.6494162,194.26,899.3,0.0497290025440207,0.04449821918834045,0.08641939825530971,0.12001543574682419
1775545618.6813128,194.72,904.32,0.03968481264987394,0.03824637772572312,0.08211878136684349,0.11730728322188248
1775545618.713362,195.28,901.34,0.03869244864885972,0.026442432257726477,0.06766996149146914,0.10239664061006165
1775545618.7454112,193.52,901.5,0.036629575833119266,0.02196521238530645,0.06273668932374289,0.09469628579588076
1775545618.777339,192.04,900.68,0.04247830451450901,0.011593428708052028,0.052090862330808,0.08367438521102784
1775545618.8093555,191.54,900.8,0.04846722052498262,0.00541041501167837,0.045208580948952505,0.07429015142982438
1775545618.8403432,190.72,901.88,0.05381056907283252,0.01210017173281956,0.0426912156674715,0.06823868371294398
1775545618.8739288,190.36,900.96,0.07659745876317393,0.031977740508689956,0.044138157943570976,0.06645759344011248
1775545618.9073293,191.04,901.96,0.07082204338643426,0.026798818359431664,0.0370380974302357,0.062004638354603396
1775545618.954855,190.78,901.58,0.08554791844134335,0.035644620881163276,0.037485686471237116,0.05852622353185245
1775545618.9846013,190.74,902.32,0.09504251996919275,0.04504786903014269,0.04096274389728899,0.059870161556609534
1775545619.0191398,189.24,901.1,0.10170753677153936,0.0501975882668545,0.04550713434332409,0.05840521810705829
1775545619.048526,189.62,902.54,0.10911410329682023,0.05446464756494927,0.043365929048363,0.051070868044905085
1775545619.0803223,189.36,902.7,0.11407440801116282,0.05993625764728302,0.04254978520209306,0.0484979608535063
1775545619.1136122,189.08,903.64,0.11538972964121534,0.06091975092733358,0.039890289584558966,0.047050290578355095
1775545619.1455553,187.46,906.4,0.11643499805964735,0.06376526474081155,0.044051274122742304,0.052452320037571096
1775545619.1767814,187.0,903.76,0.11623542887084037,0.06423652227456908,0.04657842204353113,0.05361864835242514
1775545619.2084694,185.02,906.8,0.11651852303710765,0.06454987624024776,0.04452765348709028,0.0500198266412268
1775545619.242183,189.48,905.86,0.1197336569610869,0.06949759459412382,0.0459426977827197,0.050776153326939584
1775545619.2753267,187.5,907.48,0.12874572383949598,0.07959484385976222,0.05217033802276774,0.058679293252776696
1775545619.321246,188.72,906.82,0.12559263012613753,0.07795238831915328,0.05732614529948953,0.06307008571656471
1775545619.3534853,183.68,907.98,0.1311678531730453,0.08398866687857595,0.06400701638708878,0.06696989039985413
1775545619.38717,183.16,905.62,0.1334764912354601,0.08626462453393918,0.061468938811178445,0.0670678500235877
1775545619.4354565,184.38,904.02,0.13316659879069298,0.08558101337292007,0.061137362677083584,0.06406124543892729
1775545619.465276,186.66,905.76,0.13528296126133696,0.08723366519990393,0.06383451587059302,0.06724187135485177
1775545619.4966614,187.08,907.2,0.12863395502647537,0.07954961397904092,0.05568409371616987,0.06557915917696565
1775545619.5301657,186.24,907.64,0.12196341003227984,0.07117980803595654,0.05047758625492701,0.06956507706680226
1775545619.565801,187.98,906.94,0.12820636422204984,0.0777075576447657,0.050807395353103135,0.0643862321067656
1775545619.630079,187.94,909.04,0.12356415398263777,0.07054217839450386,0.0451389870275539,0.0626241898690027
1775545619.674194,187.46,908.3,0.12775052528192202,0.0743817636325337,0.044326255714925204,0.05730670404790394
1775545619.7080176,187.06,906.98,0.12738004724053115,0.07379305085866968,0.043563200917011685,0.058115587589018504
1775545619.7536008,189.24,908.74,0.12766765476731098,0.07437920801682117,0.04537594729302094,0.05911797644834587
1775545619.7853253,189.52,907.74,0.12465546074446564,0.07158395827157094,0.04455003163664168,0.0633467611522022
1775545619.8191156,191.48,907.46,0.12364382050223405,0.07090973179382504,0.04547427458843689,0.06180528086967717
1775545619.8542533,189.56,907.76,0.12442860849719511,0.07192000292871184,0.04443586357396081,0.06523482805827174
1775545619.896613,192.36,909.32,0.11811090371040986,0.06721623110661616,0.045553160534125614,0.0659272377388486
1775545619.929372,192.48,909.76,0.11672947593462703,0.06405300542663189,0.04273179242179412,0.06577884357610964
1775545619.9630485,192.02,909.48,0.11685162340703649,0.06391855742312051,0.04189820029807248,0.06578422619587616
1775545620.0094206,193.28,912.24,0.12268402599115465,0.07001740969718631,0.04556274442523044,0.06500436931598216
1775545620.041528,193.8,910.76,0.11691074598024802,0.06331457449500606,0.04147545959584916,0.06311958711714416
1775545620.0727785,193.2,910.44,0.11722162309654788,0.06499360538590118,0.04675753631430933,0.06833429819527344
1775545620.1044047,194.18,910.42,0.1147595724771426,0.061652232611797336,0.04069646325379271,0.06361135426126069
1775545620.1368525,193.46,910.1,0.11522828314770618,0.062046948057272316,0.040240146679504915,0.05993258849345261
1775545620.1694238,191.64,910.6,0.11265677754940216,0.058857137869341075,0.038836757919745675,0.06312149943868142
1775545620.201245,191.98,909.02,0.11304098473921094,0.058322207464774574,0.036007817827357465,0.06136808546936953
1775545620.2368221,191.64,909.62,0.11512484549713671,0.0632847075138057,0.04438245837912937,0.06461996461957334
1775545620.2670338,189.72,907.62,0.11310855779084755,0.05931787050200077,0.03938622994118784,0.06205121900368005
1775545620.3007581,187.24,907.82,0.11372168995575294,0.06171236748702484,0.04255180235254015,0.06341606433011773
1775545620.346684,188.32,907.24,0.1155695230153088,0.06215146455821672,0.043479221105846816,0.06487685349389341
1775545620.3774257,189.0,906.8,0.11380942642936673,0.05978025222805948,0.03765905904031544,0.058918930386370263
1775545620.4113243,190.6,907.48,0.10970044098920521,0.055783724021133595,0.03853290351896848,0.0644647252422021
1775545620.4443893,193.1,909.52,0.10840468528103048,0.054855560849338444,0.03701887385174054,0.06308196834701763
1775545620.4733076,192.98,911.76,0.11135669355763661,0.05776093232957982,0.03755536204980974,0.06259593550453203
1775545620.5054631,191.48,910.06,0.10864163666112639,0.05680702749902597,0.03863133647634395,0.0622999982134554
1775545620.537391,192.22,910.22,0.11058313064082254,0.058016299175590244,0.03786174287924372,0.06095906827868236
1775545620.5693154,193.68,909.14,0.10801756642238809,0.055572593461977224,0.035350335796449237,0.058408710878580135
1775545620.601336,195.9,909.14,0.10909760582478975,0.05735853411432905,0.03945429275739289,0.062230791815976766
1775545620.6381214,193.84,909.84,0.10804322258079024,0.05644430722586857,0.040133700212170616,0.06213312286899024
1775545620.6652906,194.44,910.26,0.10614738990223989,0.05351834713875395,0.03968496624712406,0.06571625033586231
1775545620.6975613,194.06,908.84,0.10566513336672963,0.053158757195189164,0.037811651886129095,0.0663638658316268
1775545620.7358449,196.22,908.22,0.10600794904092971,0.05331212842839594,0.036571254129550715,0.061653565691488804
1775545620.760442,197.82,909.76,0.10582027585454756,0.053138057388825405,0.03727256793302329,0.062282670661011105
1775545620.7786798,198.22,907.42,0.10569239148184102,0.05322503571704304,0.035071273815129,0.06076058756165481
1775545620.8427217,196.62,908.3,0.10404151484287005,0.05303517875054441,0.03996365001320167,0.06551124157598255
1775545620.872416,199.1,908.3,0.10492471905770863,0.053282780704807776,0.03719044738263768,0.05889899863321968
1775545620.906873,197.26,908.0,0.10222330020407265,0.05097819573389687,0.033917318115276596,0.057591470669218055
1775545620.937413,199.3,909.38,0.10362361040021306,0.051353539977877546,0.035229332668205084,0.06055720494431181
1775545620.971066,202.92,908.56,0.1022057302274445,0.05014810964790953,0.035066455968325146,0.06006818879050446
1775545621.0013108,199.5,906.86,0.10075440047838302,0.048288454003746706,0.029405714335260357,0.057646814100132275
1775545621.0375679,201.66,907.96,0.10421713819861181,0.05185184390753887,0.03546541009286731,0.060279230039162794
1775545621.065466,201.82,909.46,0.10198263128742142,0.04934776986180847,0.03354084857674369,0.06128502565684924
1775545621.097637,205.54,906.76,0.10135043814018858,0.0487257968690925,0.030824844824233703,0.06033298706181506
1775545621.129361,206.34,908.02,0.10265208099371201,0.05105150303116256,0.031988924422944584,0.05917130946736502
1775545621.1634011,201.68,910.26,0.10267232659407304,0.05047899925041879,0.03157634846554696,0.05870701668894457
1775545621.2085574,203.98,912.7,0.10257103333645619,0.0498461229749859,0.03228013736010255,0.05863227447450291
1775545621.2412803,203.2,912.56,0.10138355693295109,0.049540654160098556,0.035065914026069775,0.06266668472441345
1775545621.2733765,204.1,912.4,0.10059037884903999,0.048847070800754386,0.03294310155529481,0.06066966757725845
1775545621.305304,201.22,909.44,0.09771661507669022,0.04518024623879333,0.026848994495740297,0.0584064302029885
1775545621.33843,200.6,907.14,0.10204211104767995,0.048236014505205316,0.030041323641784395,0.057297824336133125
1775545621.3758106,201.3,908.36,0.10178392311694535,0.049114309005660654,0.032284192633388636,0.05940102944642392
1775545621.4106116,198.84,908.4,0.09977259364185623,0.04699715554598563,0.033658717773595984,0.06185099207654177
1775545621.4386454,195.32,908.56,0.09917211306940976,0.04677181499343214,0.03214182081496251,0.060420191155907
1775545621.4658465,194.76,907.88,0.09943434580418999,0.04551746280679335,0.03261585183691166,0.06207388485766335
1775545621.4976926,191.0,908.34,0.09767842165792628,0.04473642435078277,0.03186877936784392,0.06247666340057685
1775545621.5310159,193.54,906.72,0.09531928006483925,0.04287909733609618,0.03278220718481441,0.06459723587251313
1775545621.5646727,187.38,907.58,0.09710602101855301,0.04364542173132449,0.0337813010627365,0.06284764295090794
1775545621.5993812,184.78,906.76,0.0951658235727385,0.04258140322368451,0.03264364650950924,0.0628621855933822
1775545621.6414306,184.94,907.08,0.0977446333912732,0.04394255731835745,0.032944525261008537,0.06244944534659737
1775545621.6742308,183.98,904.92,0.0956992327275873,0.041849603545634155,0.030143152592363213,0.06112566460064008
1775545621.7054348,181.18,905.96,0.09349731505573328,0.03908101513701373,0.02887504701863416,0.06191603974254943
1775545621.7296891,182.66,906.6,0.09639187586242046,0.04139168107179778,0.029896146264572973,0.06099841989433273
1775545621.7527475,180.72,906.86,0.09591260187928285,0.04188434770175493,0.026826630752736134,0.057842619762464215
1775545621.7871687,181.0,908.7,0.09434806305874034,0.039595100473368644,0.02455885595933473,0.05889955408894342
1775545621.801701,179.56,908.7,0.09842620611008518,0.04217534299213983,0.02434302354319759,0.05710133715138328
1775545621.8390393,178.54,911.26,0.0991202878953012,0.04260837588730999,0.027933484369721588,0.05719268845986967
1775545621.8591301,175.88,910.54,0.09684037116621412,0.04059708469934333,0.02079919462426199,0.05277352966086056
1775545621.883424,178.26,911.4,0.09504622852276556,0.03810953620738729,0.02140936757917138,0.05526666129195731
1775545621.9152277,178.82,910.68,0.09660780395936203,0.03912619796686652,0.018852943940287067,0.05368876884582079
1775545621.948373,181.04,910.6,0.09484752865283598,0.038180744129200604,0.01688728467692049,0.05283265253275682
1775545621.9620275,179.44,911.18,0.09520194188935394,0.03895540603874405,0.016921016454124277,0.05381656555596237
1775545622.0278778,176.9,911.56,0.09961918403265065,0.04124357478888873,0.012115424375048442,0.049578564505949135
1775545622.072776,173.84,908.36,0.10179383457335006,0.044544482596683886,0.011141977446261544,0.04483624085537714
1775545622.1070313,174.48,906.2,0.09879856109261274,0.04054578995957807,0.01068898917524296,0.048431125352038105
1775545622.1391468,174.96,908.2,0.09910263690034594,0.041699837350012134,0.016977198269452452,0.05032074868220544
1775545622.1706803,176.48,908.52,0.09615728743042518,0.04323880709831703,0.027962420193946413,0.057883515916023386
1775545622.200392,178.54,906.94,0.10071552108973132,0.051088523604900245,0.037492415608164485,0.06808621808243648
1775545622.235124,179.1,906.38,0.10585454156284883,0.05782875573196035,0.04897728679111276,0.08354359856343344
1775545622.2653182,177.38,904.46,0.11046789608882689,0.06358273726440115,0.06325580114916927,0.0970556346680524
1775545622.2972934,176.62,902.68,0.09917692512608432,0.0636559881040459,0.08476708718743925,0.1213900734102747
1775545622.328563,177.04,906.32,0.0639656574619859,0.04968161540557159,0.0860353377992559,0.13211353903196935
1775545622.3605082,175.58,907.26,0.018152564249563727,0.031181263345353212,0.07963584620916207,0.12859228926813757
1775545622.3933382,175.86,906.6,0.04819780333050615,0.06637326236500261,0.11110656519218948,0.16756128101394596
1775545622.4261434,176.82,908.62,0.06793202972712215,0.10249739070612024,0.14631211549232687,0.19961594114527967
1775545622.4735038,177.02,908.06,0.1395124806630115,0.19021354158986942,0.194950844920837,0.24837391398886968
1775545622.505292,175.28,907.16,0.1972340133886519,0.24667364444749615,0.25711196949231374,0.2883288298778265
1775545622.5392735,175.6,904.3,0.23077606679755397,0.28820123365510164,0.2971257517893956,0.32363493615372846
1775545622.568561,176.08,902.28,0.2540264725557396,0.3103735057315392,0.3242093146702868,0.3434511837529756
1775545622.6013625,171.22,901.94,0.26977259289815475,0.3307636593626759,0.3414390956357365,0.35857187790129585
1775545622.6334913,174.58,905.26,0.2828573718252337,0.3436684265982156,0.3549045925393243,0.3706729115246795
1775545622.665414,173.12,903.86,0.29116873405604393,0.3524866457277349,0.3629091731983024,0.37895427705598944
1775545622.6965742,172.54,901.12,0.2959279001174588,0.36141417970121975,0.3735108024494505,0.39017163709793057
1775545622.730598,171.92,900.56,0.3014434870896514,0.3681345373948846,0.3801574082525576,0.39644673683498216
1775545622.7616465,171.56,900.64,0.303425624991382,0.3718303657834297,0.38442923315394634,0.3989086662055129
1775545622.7948205,171.68,897.92,0.30646258936716175,0.3745324784216826,0.38726834347918654,0.4007336429587476
1775545622.8254673,170.38,894.3,0.30761708627318407,0.3766387228584793,0.38874836886490555,0.40346609641454845
1775545622.8580294,168.62,894.24,0.30912717887588237,0.37759156926654136,0.3906624508003689,0.40409589368186655
1775545622.8926656,170.66,892.88,0.3117147824173911,0.3792468445811743,0.39054114624979036,0.4037666976739194
1775545622.9403296,170.94,895.3,0.3136220991907227,0.3814994315573129,0.39420327394326266,0.4069249071492531
1775545622.9686801,175.34,897.42,0.3095887411988404,0.37870786130068457,0.39264755104154975,0.40620583083455436
1775545623.0003572,177.02,896.98,0.31030094993238255,0.3797521235163831,0.39208124474137274,0.4081185140296854
1775545623.033374,180.72,895.14,0.3095617467970518,0.37927012009161976,0.3926496040286911,0.4078619333098362
1775545623.0653934,180.04,895.9,0.30979762306501935,0.37971524958540126,0.3930497194619216,0.4082641014694964
1775545623.0973797,181.7,895.66,0.31020841387027537,0.37979363788885956,0.39248319557819544,0.4076255799041811
1775545623.1292946,181.48,895.82,0.3079398239048756,0.37948398234429487,0.39111571636991693,0.40785777754457697
1775545623.1613002,181.28,893.6,0.3063643527420267,0.376781881179035,0.38836608581422566,0.4053145451197456
1775545623.1925147,183.84,892.66,0.303769018908915,0.3749218751520782,0.3862157001700386,0.40289127498553556
1775545623.2240126,189.6,891.7,0.3026613763230097,0.373279519546911,0.3845900922639234,0.40156711882515866
1775545623.256224,188.28,892.58,0.30318927868474044,0.37424985089312585,0.3861892966195508,0.4023302454965081
1775545623.2901943,188.1,894.66,0.30183887877822063,0.37370073643016744,0.3853526995537029,0.3999764307237178
1775545623.3404062,188.76,892.68,0.30115253372805256,0.37268417433851386,0.383622621703842,0.39877057139734357
1775545623.3707044,187.72,891.62,0.3013223402522401,0.3721320712852868,0.3813865364932223,0.3976655291872683
1775545623.4014213,188.3,891.94,0.2979825235354122,0.36987020975931834,0.37944889493853323,0.39557683164362534
1775545623.4346175,187.52,889.3,0.2964326808923547,0.3692823134020469,0.3774373865533354,0.39410684346223934
1775545623.4646287,189.68,891.58,0.2944050725673752,0.3677586184089392,0.3769990103501867,0.39348820647888055
1775545623.4983532,191.02,890.6,0.29440017794275386,0.36926233276763304,0.376223472592409,0.3923633212682785
1775545623.5296292,189.36,891.96,0.2933807390720319,0.36796738811754903,0.37626598463377353,0.39209440226087355
1775545623.5612218,190.44,892.58,0.29278500303997135,0.3683148872174981,0.3759677060214212,0.3902868723896602
1775545623.5935853,190.1,893.2,0.2940633675027673,0.3710538749558097,0.37596116145802216,0.38970437605652064
1775545623.6255515,188.5,892.9,0.2923989217601254,0.370068787756826,0.37606994017382006,0.39243221866525896
1775545623.6573594,186.88,893.54,0.29116264220367555,0.36842589573504203,0.37483292131818663,0.39100497997161365
1775545623.6912646,189.42,893.92,0.29182260758839834,0.37034132062615516,0.37408005244969245,0.389075083246065
