Timestamp,Inner_Env,Outer_Env,Index_Dist,Mid_Dist,Ring_Dist,Pinky_Dist,Label
1775547342.5989263,0.0,0.0,0.1818232500038029,0.255374306311671,0.2505482137442996,0.2597928103445631,0
1775547342.6699383,1778.74,263.12,0.1816398048886839,0.251462514736423,0.2491030881465854,0.2571513585147441,0
1775547342.7019937,1769.78,264.94,0.1805524185623686,0.251285409790985,0.2483056099502233,0.256433988556464,0
1775547342.7422998,1770.44,266.24,0.179729495030305,0.251619694938913,0.2472342433142874,0.2579856456664288,0
1775547342.773869,1763.1,264.12,0.179933509273282,0.2521086219889039,0.249023815273496,0.2597166279934846,0
1775547342.8068404,1763.08,262.26,0.1778264525492648,0.2520111700905305,0.2479690541695274,0.2597014768348249,0
1775547342.8446047,1754.4,257.46,0.1813927297511177,0.2530637492575276,0.2518783235036131,0.2597239003716183,0
1775547342.8723238,1754.44,252.74,0.1813967331041676,0.254018865791199,0.2521933108155806,0.260673419435612,0
1775547342.906324,1748.76,246.32,0.1812983908409886,0.2529278899225368,0.2508605121141178,0.2594139437956375,0
1775547342.935239,1748.52,240.8,0.1819052435384765,0.2520771899530716,0.2491242704983089,0.2581262951527404,0
1775547342.961774,1741.52,234.0,0.1797174470812562,0.2535228515680701,0.2495342798850096,0.2601221201483339,0
1775547342.9895833,1741.6,229.06,0.1797579139295647,0.2514783722799295,0.2474403066638282,0.2588543999107315,0
1775547343.0175903,1736.04,222.5,0.18127814452799,0.2527915297299335,0.2500814831274107,0.2597012096171804,0
1775547343.0453494,1735.64,218.84,0.1802004540787868,0.2517191306090607,0.2469735407528956,0.2580536604235725,0
1775547343.072891,1723.58,214.06,0.1820341631823836,0.2542062285114669,0.2494982820366305,0.2592562093568162,0
1775547343.100701,1723.68,212.66,0.1797435034916129,0.2518930735363624,0.2471528039294833,0.2585337792939682,0
1775547343.1284747,1716.38,209.36,0.178703824597535,0.2528508647920284,0.2457780180329555,0.2589475444900526,0
1775547343.1564567,1716.12,208.78,0.1808103305059507,0.2530154145577338,0.2473353506048133,0.2608300325258175,0
1775547343.1840658,1709.54,209.0,0.1793109402103761,0.2535036882333836,0.2488552145371697,0.2602564761517153,0
1775547343.2120605,1709.86,206.18,0.1798428410209261,0.2536961871055614,0.2487239765593663,0.2599119380530537,0
1775547343.2398453,1703.8,207.0,0.1802513407299966,0.2552017485107057,0.2495259087826565,0.2606908221847712,0
1775547343.2683518,1703.96,207.52,0.1783947673420978,0.2522455570229257,0.249187779302419,0.2590681727508475,0
1775547343.2959862,1702.54,206.92,0.1809698617868287,0.2563156450017844,0.2510755558611008,0.2613325750850919,0
1775547343.3240218,1702.56,207.64,0.1815959342773439,0.2552606685173437,0.252795800327465,0.2623338483995408,0
1775547343.3583117,1699.16,206.7,0.1800163293194929,0.2535669638866398,0.2500118930321111,0.2599503184425886,0
1775547343.386515,1699.08,207.62,0.1815853534263805,0.2576884055713269,0.2520196824153452,0.2625028931724794,0
1775547343.421505,1696.2,206.62,0.1826552770648657,0.257776529382338,0.2511268147052175,0.2628846629978412,0
1775547343.4545548,1696.92,207.42,0.1818400654850886,0.2583373996376252,0.2517746449414514,0.262429400156629,0
1775547343.4984906,1691.98,206.58,0.1836602171455459,0.2572947166257098,0.2525915796429963,0.2633099147710511,0
1775547343.5389965,1691.94,206.72,0.1855270526280137,0.2584307948931622,0.2540052886454692,0.2656238797085412,0
1775547343.5743332,1687.76,206.52,0.1833045096302936,0.2566565776254139,0.2533979055734061,0.2651375064816003,0
1775547343.608184,1687.4,206.76,0.184590109362898,0.2575313634505133,0.2527757306488353,0.2641937406270224,0
1775547343.638118,1684.9,206.76,0.184393784151551,0.2592791290821806,0.2555975377022093,0.2655195304436853,0
1775547343.6720014,1685.18,206.26,0.1865437466261981,0.2592899240903243,0.2549124966908475,0.2641721625921931,0
1775547343.7028072,1679.36,205.94,0.1836037842194616,0.2596047569997722,0.2551990837339121,0.2651435778171696,0
1775547343.7397294,1679.44,206.04,0.1865092050457156,0.2604986774044158,0.2551753732850344,0.2650374002501956,0
1775547343.77318,1678.16,205.46,0.1843884635810816,0.2603106802748215,0.2532232621800664,0.2646889434087009,0
1775547343.8055952,1678.38,205.92,0.183792539675568,0.2601127597051945,0.2540534900822881,0.2645548500966589,0
1775547343.8385262,1676.58,205.86,0.1850781366496644,0.2603399009405584,0.2536863802397239,0.2639443923563949,0
1775547343.8712797,1676.84,206.28,0.185049348014688,0.2597686999383944,0.2548318589072234,0.2640822213046401,0
1775547343.916197,1676.46,205.88,0.1830203693294913,0.258705635511581,0.2539837381443048,0.2649017143214081,0
1775547343.9581325,1676.46,206.64,0.1827538392048527,0.2588500195044174,0.2534911501531422,0.2647909706693642,0
1775547343.9930055,1677.48,205.88,0.182674953473296,0.2607970537097044,0.25482252228105,0.2652992654793422,0
1775547344.0307057,1677.46,206.54,0.1844990225076234,0.2587454491124549,0.2537588734148708,0.2631132197375098,0
1775547344.051889,1675.88,205.78,0.1846157354141449,0.260269351146268,0.254294618192621,0.262942316713605,0
1775547344.086475,1675.88,206.92,0.1846096620603752,0.2590550648009599,0.255456358139047,0.2644178539572269,0
1775547344.124268,1675.64,205.9,0.1830754994048278,0.2599337750524745,0.2547398303202657,0.2629522837702462,0
1775547344.1496615,1675.54,208.2,0.184383510916108,0.2595261879467051,0.2538501055711843,0.2637789505694174,0
1775547344.177674,1677.74,206.14,0.1841998472011381,0.2592661439393917,0.2544726097925697,0.2645531183090944,0
1775547344.2056534,1677.62,209.48,0.1837279752468173,0.2584416376879342,0.2569477025547854,0.2659488308086083,0
1775547344.2342095,1678.48,207.1,0.1846566535713127,0.257946841684098,0.2563920978628025,0.2657983062082414,0
1775547344.2786632,1678.56,210.4,0.1842238031969093,0.2585193680692795,0.2568617159589684,0.2656091836857326,0
1775547344.3117125,1682.02,208.22,0.1841840914097455,0.2584876902406461,0.2550025690228638,0.2650717078977663,0
1775547344.357831,1681.66,211.12,0.183791630670783,0.2582114547016241,0.255900916697754,0.2649943298890697,0
1775547344.3905988,1684.62,209.48,0.1847754455479484,0.2583824302945794,0.2551574313609113,0.2648113339601118,0
1775547344.4222062,1684.2,212.64,0.1837400428585291,0.2586504756048505,0.2545777142259735,0.264984845922276,0
1775547344.460453,1687.18,210.76,0.1833196427766546,0.2582612218158854,0.2525013415769327,0.2630886720915882,0
1775547344.4899764,1687.3,213.2,0.1823463852285934,0.2590179758938781,0.253527653928613,0.2646841452498786,0
1775547344.517329,1689.82,211.34,0.1851775230534328,0.2595061354398728,0.2544149575427067,0.2639339007700687,0
1775547344.5435543,1689.84,214.66,0.1847280834147044,0.2587312654376338,0.2555102778419538,0.2651636090972475,0
1775547344.5708764,1691.66,213.12,0.1859043721114997,0.2582721027956575,0.2537633564475106,0.264344776301202,0
1775547344.5996578,1691.9,215.94,0.1840181474885601,0.2581031883775826,0.2534594504516932,0.2649057135152549,0
1775547344.6302435,1691.94,213.96,0.1831796623745749,0.2584615537011818,0.2525005487832532,0.2642296961287547,0
1775547344.656215,1692.4,217.48,0.1847857220846555,0.258712045068031,0.2530822568312681,0.2629865543548016,0
1775547344.6848028,1697.74,215.34,0.1850719239109707,0.2593474354377627,0.2538016136767789,0.2649866735877453,0
1775547344.7393365,1697.96,220.64,0.1850791560011629,0.259901689223373,0.2547650513652009,0.2655720867923721,0
1775547344.767792,1698.88,219.5,0.183673477762278,0.25852348414048,0.253378736558849,0.2640960356935751,0
1775547344.802642,1698.86,222.96,0.1841358791166031,0.2591473642380262,0.2536613355570876,0.2631511969018059,0
1775547344.8366196,1699.66,220.88,0.183957725245377,0.2568049838659446,0.2525598674013133,0.2640153614596479,0
1775547344.8714309,1699.68,223.92,0.18414911167952,0.2575082346000819,0.254398761646702,0.2652207366068182,0
1775547344.9204917,1700.12,221.88,0.1853594797154414,0.2582589778587507,0.25422374797169,0.2658574214292748,0
1775547344.955245,1699.64,224.92,0.1843577874867728,0.2596159684255065,0.2528874295764595,0.2648072756142546,0
1775547344.9887486,1697.18,222.58,0.184453300792319,0.2597506125710765,0.2530327290867473,0.2643256403773679,0
1775547345.0304005,1697.34,226.06,0.1846866126662066,0.2600694238431915,0.2538108687635822,0.2639909449805875,0
1775547345.0628493,1696.68,224.16,0.1851041761881728,0.258960718431741,0.253986397878511,0.2641656288949799,0
1775547345.0944543,1696.48,226.78,0.1838243144122704,0.2573827350757416,0.2557544312803828,0.2638396545529791,0
1775547345.1256366,1697.44,225.2,0.1839050612371829,0.2581283676323903,0.2559058393048474,0.2645050312132755,0
1775547345.1578283,1696.88,226.88,0.1846545066226,0.2579423469211932,0.2555911195014967,0.2653172859116896,0
1775547345.190797,1697.14,225.78,0.1829540354747049,0.2574433016896816,0.2539652777446734,0.2626810902652983,0
1775547345.223972,1697.54,227.82,0.1850647080613795,0.2588054473045199,0.2552908009599684,0.2648618213311607,0
1775547345.254747,1695.42,226.66,0.1829294474064886,0.2586663463973584,0.2523103892769288,0.2634574413323512,0
1775547345.286453,1695.56,228.1,0.1833733248394716,0.2577624379099343,0.254468304422941,0.2652006697965561,0
1775547345.3183775,1693.64,226.7,0.1843383727738642,0.2564704530818607,0.2529259491797774,0.2638302782826636,0
1775547345.3510704,1693.04,229.28,0.1838279085255571,0.2573526044105464,0.2523779167299096,0.2639846067865189,0
1775547345.3806622,1694.14,227.9,0.1838663537748769,0.256792907283111,0.2523453536612534,0.2648745601203705,0
1775547345.4063025,1694.04,229.66,0.1858604158416716,0.2594465264767582,0.2540768711515926,0.2652175809823238,0
1775547345.4306474,1692.04,229.2,0.1848479416779793,0.2610929865295347,0.2530120792079957,0.2643727652780763,0
1775547345.4627678,1691.9,229.16,0.185654491121567,0.2609058136166932,0.2541927370966184,0.2648506684636101,0
1775547345.494721,1688.12,228.96,0.1855270627852128,0.2606616425830235,0.2557488856491724,0.2662257508940644,0
1775547345.5297272,1684.94,227.72,0.1845351385273702,0.2590864346207086,0.2556938556490927,0.2652502175480792,0
1775547345.558916,1679.36,228.4,0.1835381470773624,0.2589489226967017,0.2561773569889208,0.2653023720888217,0
1775547345.590664,1677.4,226.62,0.1836223336030348,0.2584337968992903,0.2552719701933152,0.2651542215725138,0
1775547345.622578,1673.62,227.52,0.1840906995365104,0.2573090834316002,0.2542173657727014,0.2658641795741564,0
1775547345.6548393,1671.78,226.26,0.1837691847506002,0.2581528219537263,0.2545543557901362,0.2641360743456795,0
1775547345.6858742,1667.16,227.26,0.1838622766304883,0.2567416258309979,0.2538349248737808,0.2646247934882743,0
1775547345.7282972,1666.34,225.28,0.1854455385073773,0.2591070698261537,0.2548509642726572,0.2649035969197196,0
1775547345.7494524,1662.84,226.72,0.1847111871314632,0.2610063124109641,0.2531764263419325,0.2631832026110545,0
1775547345.7850597,1658.48,224.62,0.1852134551392149,0.2606767532559974,0.2539616677942374,0.2644406995003879,0
1775547345.8183465,1654.72,225.74,0.1841676572789346,0.2591519590257916,0.2559713928283403,0.2658807505389707,0
1775547345.8636978,1651.06,223.06,0.185141976305267,0.2586854947489632,0.2563431190114102,0.2672606505002661,0
1775547345.893438,1645.72,225.06,0.1867682213306673,0.2597501739143273,0.2591381972073294,0.2694313814101653,0
1775547345.934062,1640.38,222.54,0.1867542332990549,0.2594467823909097,0.258592481069726,0.2686809242735943,0
1775547345.959134,1634.04,223.88,0.185870520397465,0.2584795648293378,0.2577552634862828,0.2686902517512818,0
1775547345.9897192,1629.32,222.04,0.1860307512594376,0.2599918717485147,0.2600831487261768,0.2722349171364076,0
1775547346.0226305,1623.64,223.56,0.187442452716685,0.2613241886840445,0.2632856378783939,0.2745071116643767,0
1775547346.0547595,1620.84,221.28,0.1869164312741809,0.2628028292141146,0.2635483515578662,0.2731887387589323,0
1775547346.0866833,1615.94,222.92,0.1863697605008875,0.260529234434867,0.2644306861229819,0.2755338973162257,0
1775547346.1186397,1611.46,220.54,0.1880477646126095,0.2632799332802619,0.2665362890024425,0.2786958777677916,0
1775547346.150775,1606.48,222.52,0.1874975411321547,0.2615069938391359,0.2655831778041968,0.2777654570800901,0
1775547346.2022066,1606.12,219.6,0.1920735437305819,0.2654233786042909,0.2679256303197428,0.2817429152008611,0
1775547346.2368538,1605.82,221.0,0.1916898308602548,0.2636735918367833,0.2663263126175322,0.2805111057396624,0
1775547346.2621737,1605.7,219.18,0.1931046307695306,0.2643055099846386,0.2696129903625469,0.282421371312637,0
1775547346.293883,1606.38,220.88,0.1923181261413675,0.264259559767537,0.2685551594724417,0.2809444511149136,0
1775547346.3258286,1606.62,218.48,0.1919763237133573,0.2647281222400418,0.2684344995817463,0.281332010920747,0
1775547346.3588135,1604.06,220.06,0.1951034122937418,0.2680143617787753,0.2704070595599824,0.2836324063125787,0
1775547346.399019,1602.68,218.12,0.1941229288190386,0.2668975768138262,0.2694723604959005,0.2823596082775097,0
1775547346.4316852,1598.88,219.7,0.1938343545662319,0.2669497051496037,0.2700843275479258,0.2829377663886467,0
1775547346.4561164,1598.62,217.7,0.1910122897546694,0.2655669268840457,0.2684590678902144,0.2818094764697831,0
1775547346.4866102,1593.08,219.12,0.1892989897575168,0.2634490263457357,0.2686615997272573,0.2815333593853026,0
1775547346.5119624,1592.86,217.84,0.1914935919971784,0.2650655480128197,0.2705996928462265,0.2826496897920676,0
1775547346.540174,1589.18,219.32,0.1896776703612953,0.2642111639842859,0.2700781911547789,0.2828823232998589,0
1775547346.60163,1589.16,217.58,0.1897765564751049,0.262447408407011,0.2682413584912292,0.2839799361079691,0
1775547346.6370122,1586.16,219.48,0.1953016089954815,0.2688540950229585,0.2750362756307349,0.2897155392811832,0
1775547346.65618,1585.84,217.52,0.1974019254265188,0.2697417925536901,0.274919739030161,0.2927835263765802,0
1775547346.6843204,1583.68,219.06,0.1973165582865738,0.2700153309399887,0.2757986662687014,0.2908878491719066,0
1775547346.7118587,1583.5,217.44,0.1977130607106125,0.2709115448725336,0.2771142481135653,0.2945404002966357,0
1775547346.7468312,1582.1,218.86,0.1990504224261709,0.2729325620598238,0.2784819512891271,0.2955516479192481,0
1775547346.7743394,1582.4,217.8,0.2003764545169112,0.274184715393558,0.2803693490140086,0.2970097484548694,0
1775547346.809023,1579.76,218.58,0.2007744558173353,0.2729173321059343,0.2809606642378904,0.2973264165953438,0
1775547346.8441648,1579.72,217.3,0.2003427577782489,0.2743941657573278,0.2810627567947725,0.2986050897843531,0
1775547346.8714354,1579.54,217.76,0.2022110623769471,0.2749742785770862,0.2820583391166317,0.299896763180317,0
1775547346.9131422,1579.38,216.8,0.2023483803488375,0.2775176461839009,0.2825185107051944,0.2997190715586409,0
1775547346.9500997,1578.72,217.72,0.2033745747775046,0.2772193634415312,0.2842257485509116,0.3026718491999853,0
1775547347.0034378,1577.84,216.0,0.2061813785191964,0.2783347935974543,0.2859685934466669,0.3016628107065653,0
1775547347.0311773,1577.92,217.26,0.2083157213161419,0.2811835485184004,0.28855867713477,0.3066108843176545,0
1775547347.0659213,1576.9,215.38,0.2073968337631975,0.2811418041497209,0.288957300130437,0.3054035901821427,0
1775547347.0947032,1575.28,216.3,0.210212916838217,0.2854281241262258,0.2904505076932812,0.3096985852538502,0
1775547347.1284685,1575.18,215.72,0.2071990900472054,0.2808108879859939,0.2899715896107266,0.3060588655128978,0
1775547347.157877,1577.18,215.46,0.2120417583392018,0.2866203732978091,0.2910242698934618,0.3105046450174181,0
1775547347.1841033,1580.04,216.6,0.2131805733546383,0.2880166613894879,0.2929294936701904,0.3105253616370586,0
1775547347.2204823,1580.94,216.22,0.2128750573079536,0.2856258684064253,0.2923486529940641,0.3093438300626238,0
1775547347.2464547,1582.66,217.0,0.2124286062518467,0.2886025597912957,0.2928838975683625,0.3111410275224121,0
1775547347.2812755,1583.74,216.58,0.214851287114199,0.2903150331303181,0.2942860026924347,0.3119096833035295,0
1775547347.3089163,1585.36,216.84,0.2148332935908478,0.2911969903942438,0.295662925314137,0.3151038902668694,0
1775547347.3366485,1588.66,216.44,0.2151059420448957,0.2908565876703333,0.2953881919025093,0.3117902787417273,0
1775547347.3992243,1589.12,217.26,0.2152458429054966,0.2913972392760994,0.2944141718609642,0.3142529460460536,0
1775547347.434615,1589.74,216.32,0.2154919287216896,0.2897222420409972,0.2943919126812238,0.3124107173550967,0
1775547347.4615412,1593.96,217.28,0.2152298658082712,0.2917894959275905,0.2958517121567827,0.3139399013156764,0
1775547347.49466,1595.54,216.88,0.2150528386787564,0.2901283462586876,0.294328530782956,0.311999553396572,0
1775547347.525472,1599.06,218.26,0.2154373563401974,0.2905923367603676,0.2953405226397349,0.3127768196790574,0
1775547347.5582728,1600.54,216.58,0.2152726372215334,0.2892694203132672,0.2941143120074611,0.3123083111548954,0
1775547347.5899966,1605.5,218.5,0.217361489555605,0.2905965348710527,0.2966698880678637,0.3163144878952669,0
1775547347.6217215,1608.88,217.9,0.2139173296908915,0.28875984915011,0.2942226029264712,0.3154938510360129,0
1775547347.6545155,1613.58,218.8,0.2138379825389702,0.2900702744743159,0.2955821559811517,0.3192887798591452,0
1775547347.6878483,1616.98,217.82,0.2132272403626525,0.2897195657680356,0.2961850389842483,0.3216316288007987,0
1775547347.7204008,1620.32,219.22,0.2183895047454676,0.2939402785262821,0.2996945453310802,0.3237540095176378,0
1775547347.751986,1621.38,218.24,0.2194609769958474,0.2958352722795416,0.3016151212050315,0.3264309132973981,0
1775547347.8013935,1625.58,219.84,0.2196040297476626,0.2979176593711086,0.3042984612168419,0.3299138632821007,0
1775547347.838241,1628.06,218.78,0.2199033587222916,0.2981562156771976,0.307252139185608,0.3325101253368211,0
1775547347.8786826,1628.22,219.86,0.2190711339694069,0.3002245941749156,0.3074302760826279,0.3327063312122307,0
1775547347.9104886,1625.3,219.1,0.220699796717453,0.3002486786916603,0.3085676863114749,0.3323443062236429,0
1775547347.9447043,1625.4,219.84,0.2232185261119363,0.3020617803565503,0.30889866167903,0.3327298808641217,0
1775547347.990837,1624.92,219.0,0.224677586133486,0.3028656659558831,0.3114876059042859,0.3360675242560625,0
1775547348.0225835,1624.96,219.9,0.2272639593970303,0.3056564802293052,0.3122102365414343,0.3370582882690561,0
1775547348.053519,1626.24,218.86,0.230779969988665,0.3078490335167501,0.3130606265056368,0.3376869910334085,0
1775547348.085816,1627.6,219.84,0.2350228151142178,0.3093523307958385,0.3160440674032038,0.338311515161977,0
1775547348.1206417,1630.38,219.24,0.2378473897242097,0.3129055159899977,0.317731980299634,0.3437457617193944,0
1775547348.1507864,1630.62,220.16,0.2424249664043496,0.3165034273622216,0.3214883234746641,0.3467201261763581,0
1775547348.1825848,1632.88,219.6,0.2449483933671385,0.3174934457537794,0.3241494928917147,0.3488961186884645,0
1775547348.2147768,1633.1,219.86,0.2501066571270792,0.3231808124812964,0.3283902796657075,0.3497580959365164,0
1775547348.2457683,1635.58,219.34,0.2526130453372899,0.3267646944921917,0.3318744468835125,0.353568924627806,0
1775547348.278706,1635.96,220.08,0.2537117867656048,0.3268197708480211,0.3315237017492324,0.3527045349465343,0
1775547348.3103917,1637.56,218.7,0.2532019825854513,0.3254881005469713,0.3316083015138248,0.3559087146576759,0
1775547348.3426049,1637.78,219.06,0.2560878457692929,0.3271787339539168,0.3334581307143551,0.3570052948692216,0
1775547348.376228,1638.38,218.22,0.2541109318820518,0.3268953434804718,0.3333976164664492,0.3579288526034703,0
1775547348.410256,1638.86,218.54,0.2580077224570976,0.3310286491616752,0.3346176250348361,0.3612959813699067,0
1775547348.4561386,1634.5,218.22,0.2556501598916989,0.3295201709917936,0.3356964530040403,0.3602368056555964,0
1775547348.487057,1634.36,218.28,0.2590225659836027,0.3318609842461201,0.3361063481787623,0.3647008561951488,0
1775547348.5209312,1635.54,218.08,0.2597908604499799,0.33438896704493,0.3408458895257216,0.3654406453106957,0
1775547348.5506473,1635.52,218.36,0.2627006326992561,0.3371775996571864,0.3431347190188543,0.368365460984359,0
1775547348.5827684,1636.76,218.14,0.2626491608936002,0.3381781532950201,0.3434581185372536,0.368494080539154,0
1775547348.6208987,1636.72,218.3,0.2656393860412416,0.34079830830731,0.3462059590177795,0.3749436166623085,0
1775547348.6467144,1636.82,217.98,0.2689959849417341,0.3414610141390528,0.3481831841744566,0.377455921716359,0
1775547348.6788738,1638.02,218.06,0.2671502083584492,0.342394814281018,0.3479442149849642,0.3759439439185444,0
1775547348.7127712,1638.2,217.96,0.269508062560599,0.3431157783609583,0.3488304111209818,0.3773260511987615,0
1775547348.7579646,1639.64,218.04,0.2664271818784862,0.3415440120001825,0.3488886190285266,0.3766043003706807,0
1775547348.7897608,1640.3,217.74,0.2699307871270597,0.3450361419371321,0.3496313303448246,0.3772640680337728,0
1775547348.8227756,1640.3,217.5,0.2670125094275826,0.3425639574902893,0.3467226379888535,0.3754371824868704,0
1775547348.8537152,1640.1,217.66,0.2664735539368337,0.3425330936072753,0.3479958897547291,0.3737135780687911,0
1775547348.8866951,1640.1,217.2,0.2658829354339344,0.342689692092256,0.3464487303293043,0.3730405712954272,0
1775547348.9218717,1639.54,217.2,0.2654966842794165,0.3440947643360172,0.3486134294946673,0.373386429343834,0
1775547348.9510882,1639.8,217.12,0.2633424518610563,0.3408434924166537,0.3470418989442436,0.3724844309495828,0
1775547348.982087,1638.78,217.1,0.2647669586583714,0.3426438053136323,0.3468270361727049,0.3734822835731004,0
1775547349.015857,1639.16,217.58,0.2645775454191233,0.3426465413623534,0.3471570979421953,0.3728249993322792,0
1775547349.0457735,1637.0,217.54,0.2656882702195373,0.342606750727799,0.3471038969230219,0.3723902824998637,0
1775547349.0795395,1634.46,217.68,0.2648006632052268,0.3431444923687076,0.3482801461562627,0.374372083281963,0
1775547349.1129413,1634.88,217.4,0.264929888819758,0.343074785886352,0.3468625154445557,0.3739629398984558,0
1775547349.1588178,1634.12,217.54,0.2646904643622793,0.3426279864781754,0.3480064851291131,0.3735942552811935,0
1775547349.190595,1633.92,216.94,0.2638800293845008,0.3414654200518318,0.3456253177347134,0.3725375593739516,0
1775547349.222183,1632.96,216.48,0.2650639276487205,0.3417617295653127,0.3451683465025916,0.3748725749192871,0
1775547349.254891,1633.98,217.1,0.2640977488815659,0.3425486596468815,0.3451609452647915,0.3754213478893913,0
1775547349.2866724,1633.98,216.42,0.2641846624383142,0.3435352159668782,0.3475956487124473,0.3758416586625708,0
1775547349.3223534,1633.82,216.22,0.2658077934582576,0.345532585749328,0.3473261535969484,0.3755517361438808,0
1775547349.3499055,1632.54,215.96,0.2675009395620474,0.3455455928405203,0.3477138385468962,0.3763710931382715,0
1775547349.388522,1631.12,215.94,0.266033192514361,0.3435648928548753,0.3472918976583022,0.3762943218591552,0
1775547349.414132,1630.12,215.2,0.2635834935338718,0.3435297166236684,0.345935247685135,0.3734469124527519,0
1775547349.4465685,1632.16,215.48,0.2643012750925559,0.3434193183021177,0.3468797691107553,0.3750754586090135,0
1775547349.4801831,1630.18,214.64,0.2641265974469985,0.3445369521567265,0.3471698862317922,0.3749286529059199,0
1775547349.5253358,1629.42,214.78,0.2638759528827565,0.341815053570175,0.3446671696445813,0.3734078341313357,0
1775547349.5586128,1628.34,214.5,0.2645811327999801,0.3452626713994659,0.3470093999763496,0.3736830990685221,0
1775547349.5918918,1627.98,214.48,0.2636177579765237,0.3415879754027628,0.3441270270522754,0.3739943545458393,0
1775547349.6228132,1626.74,214.18,0.2642098737078779,0.3427391598622479,0.3440789026754237,0.3731440694131272,0
1775547349.6557934,1624.7,214.38,0.2648553207697638,0.3459468507813604,0.3477065683257297,0.3763085900220747,0
1775547349.6867409,1624.02,214.04,0.2649530065674096,0.3451256286378151,0.3466253852661425,0.376915028843671,0
1775547349.7228932,1622.52,214.36,0.2683242862961951,0.3493381017321544,0.3483208991457251,0.3780334147252312,0
1775547349.750696,1619.98,214.2,0.2658750928971499,0.3482741774713083,0.3486408509638098,0.3794654284269457,0
1775547349.781638,1619.1,214.18,0.2661294072825036,0.3471914579226624,0.3477041474025217,0.3776495000491831,0
1775547349.8145974,1619.02,213.88,0.2679343185631593,0.3487456010613657,0.349321858415952,0.3772559419142332,0
1775547349.8467286,1619.5,214.26,0.2647738381695106,0.3445817931521197,0.3475143432995025,0.3755949926183172,0
1775547349.878693,1619.5,214.04,0.2668876390580976,0.3487090849659973,0.3496863691143783,0.3765605340534811,0
1775547349.9123917,1617.76,214.04,0.2645324217007601,0.3452694478072695,0.3461510526256224,0.3743230692599223,0
1775547349.958791,1614.94,213.46,0.2651700947108939,0.3439566261222461,0.3451792739108306,0.3743557228951135,0
1775547349.9899323,1611.22,213.82,0.2656623647918666,0.344208208471531,0.3460199495620872,0.3756002963018867,0
1775547350.0235083,1611.38,213.26,0.2649684570164031,0.3429383124154095,0.3438521488659856,0.3742161687922287,0
1775547350.053819,1610.1,213.64,0.2622522373903703,0.3425592050284901,0.3441849308810999,0.3733715372315574,0
1775547350.0860603,1606.66,212.88,0.2642196993696653,0.3437965508817617,0.3459719620642573,0.3754372461034943,0
1775547350.1177654,1608.58,212.94,0.2632140160559679,0.3418742223216525,0.342068108177552,0.3724829456294303,0
1775547350.1510167,1605.88,212.66,0.2618462801936115,0.3427877765418094,0.3436104065779946,0.3708914905216993,0
1775547350.1827185,1605.64,212.92,0.2622913918685306,0.3432129189621573,0.34583913256119,0.3702615210656883,0
1775547350.21584,1604.36,212.84,0.2611378628322328,0.340703126138031,0.341910819544072,0.3697228201279501,0
1775547350.2468204,1603.7,213.02,0.260999116916057,0.340587540903251,0.345289487674796,0.3711409033179199,0
1775547350.2810862,1602.14,212.7,0.2613421102075443,0.3406659606563,0.3424038481899885,0.370749096876446,0
1775547350.3100052,1602.08,213.04,0.2631175478729931,0.3415275040800914,0.3443252250721778,0.3721358753375111,0
1775547350.341184,1601.78,212.54,0.263682180437792,0.3419357083590568,0.3454518299457144,0.3721031845500335,0
1775547350.374756,1602.28,212.58,0.2622353077954147,0.34093770505334,0.3452618875488401,0.3720617015183358,0
1775547350.4081604,1601.02,212.0,0.2616082328400976,0.3407167747279349,0.3420885189760266,0.3711573822602885,0
1775547350.4421637,1600.14,212.46,0.2625918880638437,0.3413427988256378,0.3429797154528918,0.3714645826287782,0
1775547350.488716,1600.24,212.24,0.2618134512833496,0.3406383963965939,0.3427601060574281,0.371213008249809,0
1775547350.5348692,1600.04,212.76,0.2634556580597791,0.343390145970245,0.3445201719287936,0.3710720526953378,0
1775547350.5657988,1598.94,212.24,0.2639077205930799,0.3426277835280695,0.344196636031741,0.3719555777217777,0
1775547350.5977414,1598.4,212.0,0.2632216672712353,0.3427733863092242,0.3445183746211973,0.3718326692490608,0
1775547350.631615,1596.26,212.12,0.2640003246354193,0.3438727759341196,0.3441799206398257,0.3698373103589316,0
1775547350.679049,1593.84,212.46,0.2633117555318178,0.3422461112507982,0.344225849009858,0.3704821540186412,0
1775547350.709744,1591.56,212.22,0.2664582584989584,0.3447155704589346,0.3445832088103198,0.3729694584474617,0
1775547350.7412744,1592.66,212.2,0.2651958837411836,0.3443222411779462,0.3451780756145566,0.3734997602813708,0
1775547350.77451,1594.36,212.2,0.2671598521743284,0.34595619114482,0.3459209649991816,0.3718409187366455,0
1775547350.8083456,1593.86,212.3,0.2654319202867626,0.3451843692033355,0.3454181943832709,0.3714816971578979,0
1775547350.84228,1592.7,211.86,0.2640405113855066,0.3423061790677651,0.345539577812361,0.3706112606519677,0
1775547350.888114,1592.22,212.28,0.2628608543752775,0.3432965945229201,0.343534634818438,0.3712277854811175,0
1775547350.921199,1592.5,212.16,0.2651325180569196,0.3437905512680898,0.3445508315578325,0.3711207128502027,0
1775547350.9669173,1592.58,212.02,0.2643781219232535,0.3431479576279114,0.3438633240362372,0.3694406307505425,0
1775547350.998647,1592.82,211.8,0.2636054830643136,0.3432728745367127,0.3450354832239778,0.3712514194645182,0
1775547351.0318096,1592.28,212.1,0.2628256874896751,0.3437385134738642,0.3451020681870647,0.3715200926505256,0
1775547351.065529,1592.72,212.06,0.2636428214654744,0.3436436394690114,0.3452286170625716,0.3714483320387792,0
1775547351.11057,1593.38,212.16,0.2664921773858686,0.345186422613227,0.3470617722109325,0.3727173176634089,0
1775547351.1427014,1594.42,212.24,0.2650959909190744,0.3445960032672689,0.3455064610501909,0.3733680112877773,0
1775547351.173728,1592.74,212.2,0.2654848562855472,0.3451826488454284,0.3453008904234404,0.3730744844549388,0
1775547351.2065852,1594.72,212.14,0.2652071071835338,0.3474096455984783,0.3477199554770687,0.3746114450851336,0
1775547351.2386112,1592.24,212.08,0.2673588210219661,0.3461284565587459,0.347155042880043,0.3745188157224396,0
1775547351.2705808,1593.54,212.08,0.2650781585816479,0.3461540577256574,0.3477161659684021,0.3742686843207049,0
1775547351.3026931,1594.86,212.1,0.2679334946885831,0.3482731019138477,0.3481150987379795,0.3759792846860101,0
1775547351.3362694,1595.92,212.2,0.2685916571026983,0.3488473313378463,0.3485020894714587,0.3757285133603422,0
1775547351.4016032,1596.52,212.28,0.2678554896036125,0.3489943021841229,0.3482981091887641,0.3755411234000019,0
1775547351.445664,1596.56,212.06,0.2683939519791916,0.3502312484399666,0.350513200520296,0.3756873895964994,0
1775547351.4787178,1596.16,212.22,0.2669885620127259,0.347753211518732,0.3462836019038185,0.3740378746636345,0
1775547351.5105717,1598.66,212.06,0.2696926307597872,0.3509116725353014,0.3506494797385848,0.3770365133486184,0
1775547351.5435748,1598.14,212.08,0.2662954095485936,0.3482789446267242,0.3481027918669256,0.3761483498386526,0
1775547351.5748014,1598.34,211.46,0.2691321377839133,0.3508006556168598,0.3505145572656278,0.376917665120225,0
1775547351.6078086,1598.46,211.18,0.2689237083924333,0.350815817887733,0.3495413181858969,0.3773535447663096,0
1775547351.638702,1598.82,210.6,0.2694116050266581,0.3496111462049328,0.3506448693609091,0.3769986372714338,0
1775547351.6715405,1597.84,210.92,0.2709557708521539,0.3517829770521689,0.3519779926467188,0.3792638799631229,0
1775547351.7026663,1600.64,210.44,0.2701114838052235,0.3527920751628874,0.3505729292914141,0.3769489229432126,0
1775547351.7338705,1603.5,210.68,0.2702489839385973,0.3503496499745274,0.3488976798112636,0.3768420803743491,0
1775547351.767574,1603.08,209.94,0.2697952838822384,0.3507104889313702,0.3496512515060522,0.3766531300527138,0
1775547351.8145814,1603.92,210.12,0.2701681468690416,0.3504925198036145,0.3496872423647766,0.3757447972318127,0
1775547351.846792,1606.84,209.46,0.2692554986757717,0.3504083743532801,0.350057127022475,0.3767484789228449,0
1775547351.8786693,1606.9,209.44,0.2695741352353529,0.3507952653274396,0.3498568258298018,0.3751070057243366,0
1775547351.9096868,1608.76,209.18,0.2678681622570147,0.3497257630207876,0.3504354920168765,0.374500336059234,0
1775547351.94278,1607.0,208.98,0.2696074661497462,0.3502938784844179,0.349481711678594,0.3730350061890209,0
1775547351.9748974,1607.32,208.7,0.2681861920063679,0.3477469787301773,0.3476797586772546,0.3683981199208448,0
1775547352.0066798,1606.62,208.76,0.2696931097686625,0.3491202227723401,0.3503780239607193,0.3704319265787676,0
1775547352.0387242,1606.8,208.6,0.2720359733318984,0.350718755188654,0.3510299262326121,0.3684675100142361,0
1775547352.0707035,1606.34,208.7,0.2702968783410625,0.3493717745698529,0.350925040411244,0.368483255769936,0
1775547352.102601,1605.08,208.7,0.2699488656423298,0.3494103513065922,0.3505308285279552,0.367850945298072,0
1775547352.133762,1602.72,208.78,0.2700349408079268,0.3497635468205463,0.3508402577894649,0.3697427721327867,0
1775547352.1679597,1602.72,208.86,0.269677040944257,0.3496491749960895,0.3521569339694871,0.3696743761873945,0
1775547352.2017424,1602.08,208.86,0.2698648046141605,0.349876296594238,0.3528806354704702,0.3719884645918178,0
1775547352.2478588,1602.02,208.82,0.2711597154746402,0.3508013100409545,0.3547687912976147,0.3697577645749285,0
1775547352.278081,1601.12,208.4,0.2723911102446232,0.3521121031787415,0.3538664479707882,0.3736828181619501,0
1775547352.3120875,1600.62,208.5,0.2756397504827709,0.3566794064098617,0.358819665289991,0.376985517819611,0
1775547352.3427567,1601.1,208.58,0.2758499920234283,0.3575552841507025,0.3571571837461277,0.377646518436192,0
1775547352.3738008,1601.32,208.08,0.2781264627792154,0.3588400727509041,0.3587812790137151,0.3804632522582614,0
1775547352.405576,1604.5,208.08,0.2795074220318216,0.3599787637863263,0.3582587720390436,0.3826425923271556,0
1775547352.4387715,1606.7,207.62,0.2818596818009842,0.3622504766022549,0.3616388113164862,0.3847583464123594,2
1775547352.4707,1605.74,207.66,0.2830833404137315,0.3614885786199071,0.3593106231690772,0.3859998608421974,2
1775547352.5018616,1605.52,207.06,0.2820990972263146,0.3596099561573194,0.3579337284382294,0.3848561105881836,2
1775547352.534286,1605.38,207.76,0.2839760323840845,0.3610253521676204,0.3592107725729798,0.3847534498758868,2
1775547352.5667632,1603.76,207.28,0.2832741320648594,0.3591746544325713,0.3577133289424327,0.3837998439495641,2
1775547352.5995052,1603.38,207.56,0.2848315629038092,0.3613096793762558,0.361232990940285,0.3865840118037128,2
1775547352.6469295,1603.5,207.14,0.2852543183630274,0.3603707819485017,0.3595576769061689,0.3849638450556066,2
1775547352.677887,1602.72,207.18,0.2873660250388825,0.3635204331126151,0.3618856717614492,0.3870955205559983,2
1775547352.7100685,1603.02,206.68,0.2870571171700406,0.3623057201476625,0.3610271517343176,0.3870545113618009,2
1775547352.742015,1603.9,206.86,0.2874037488431373,0.3619268919059067,0.361645455974578,0.388079554369607,2
1775547352.7746117,1604.1,206.22,0.2883234669461679,0.3642991921737141,0.362638461205951,0.3892999871266904,2
1775547352.8080015,1603.56,206.26,0.2874489707038742,0.3636056975954519,0.361816119593272,0.3884271817147835,2
1775547352.8380134,1602.12,205.8,0.2875916637313632,0.3646750904691925,0.3624670474180863,0.3887049584125052,2
1775547352.8718677,1601.1,206.04,0.2857659005135511,0.3620147743889693,0.3612546817219721,0.3903436191939465,2
1775547352.901653,1601.22,205.98,0.2867155693553496,0.3629375351321846,0.361669367202337,0.3908558577744374,2
1775547352.935946,1602.8,206.2,0.2857917149928619,0.362282430404591,0.3611161957951176,0.3897449822537272,2
1775547352.965804,1601.84,205.9,0.2871486832385872,0.3649136789946931,0.3624261216462716,0.3901510952584678,2
1775547352.998833,1601.52,206.4,0.2873263501936902,0.3642449847228789,0.3633648398272681,0.3924663353121485,2
1775547353.032817,1599.7,206.0,0.287244866129513,0.3648748657299739,0.3629168422450963,0.3902874698870498,2
1775547353.0778272,1599.62,206.24,0.2856896685144247,0.3627905461145284,0.3613970110368782,0.3893361850675248,2
1775547353.1097367,1597.94,206.06,0.2840312158406746,0.3605790684693125,0.3595084188765328,0.3876313979877138,2
1775547353.142523,1598.56,206.0,0.2858157592652092,0.3633003269830856,0.3611748869544542,0.3897531345257909,2
1775547353.1744838,1596.62,205.52,0.2879436223890649,0.3644463544674052,0.362043383923247,0.3911067346831863,2
1775547353.2060046,1597.14,205.84,0.2879154112537692,0.3648688471399796,0.3623856388438072,0.3909262252083659,2
1775547353.238661,1595.74,205.9,0.2865679661183081,0.362096351727643,0.3598744097472608,0.3886961959886522,2
1775547353.2708104,1595.16,206.04,0.2872779013215186,0.3638200171221035,0.3612741239780985,0.3889664039204249,2
1775547353.3026383,1593.74,206.06,0.288009160793173,0.364267161467666,0.3602508197184857,0.3887095632943085,2
1775547353.3340347,1595.02,205.8,0.2875461941615501,0.3639279049936811,0.3600856503915766,0.3869194709649181,2
1775547353.3668118,1592.86,205.6,0.2880146733872626,0.3634156430826411,0.360282863343384,0.3879396111439497,2
1775547353.3987646,1592.88,205.66,0.2880700751814984,0.3629880454682235,0.3598712223453518,0.3873728838889396,2
1775547353.4312694,1593.28,205.68,0.2892403228706934,0.3638363545470321,0.3600705799095957,0.3880177849909887,2
1775547353.4649467,1592.78,206.06,0.2890444106448867,0.3635864183051626,0.3602883355008061,0.3893356458096632,2
1775547353.512148,1593.08,205.86,0.2846096583286199,0.3600705018162573,0.3587463630998135,0.3848206015383769,2
1775547353.5419607,1593.48,206.56,0.2883973091443055,0.3620313503787125,0.3588684567869586,0.3855930132418521,2
1775547353.5762506,1594.52,205.96,0.2852627322822105,0.3619803801592036,0.3594334748150591,0.384901370931732,2
1775547353.6068182,1595.48,206.52,0.2857000583218978,0.3618977625342041,0.360001544159846,0.3857501435244401,2
1775547353.6387477,1596.02,205.56,0.2862544814824741,0.3608317278747978,0.3571192146487357,0.3847604384429813,2
1775547353.670809,1596.84,206.32,0.2888308685277111,0.3633481995420562,0.3592241511102707,0.3858177022714049,2
1775547353.702705,1595.5,206.24,0.2884203400820714,0.3625538963731318,0.3602480188572011,0.3849229031230177,2
1775547353.7368555,1595.9,206.44,0.2852776052204643,0.3600744395028332,0.3578838724981084,0.3852010410339105,2
1775547353.78234,1592.38,206.62,0.2849945475812778,0.3627062156437761,0.3602327260150997,0.3861178911977721,2
1775547353.813614,1593.1,206.86,0.2849324414094403,0.3624231507455964,0.3598822083605721,0.3855951419451705,2
1775547353.8456929,1593.62,207.0,0.2858889490471538,0.3622805847041073,0.3580269454779686,0.3864777961893822,2
1775547353.879652,1593.62,207.12,0.2857048296527747,0.3629834672943635,0.3621601924089391,0.3877727030707487,2
1775547353.930632,1592.94,206.98,0.2851983747234394,0.3629517261381,0.3607240453918023,0.3858742221272973,2
1775547353.957754,1593.72,207.56,0.2858446353987449,0.3627679216245174,0.3597945550090869,0.3855413751256098,2
1775547353.9906795,1595.4,206.84,0.2860449154075148,0.3637287934201856,0.3606760425461434,0.3869952222071591,2
1775547354.023733,1596.36,207.38,0.2864688563772551,0.3628336995870075,0.3614896650291609,0.3857815080467811,2
1775547354.057104,1598.24,206.62,0.2893293365896535,0.3641003320794758,0.3614277541780749,0.3863255655081219,2
1775547354.1040094,1599.08,207.04,0.2836761702267195,0.3607247979121031,0.3590685440558626,0.384816254242608,2
1775547354.1337495,1599.02,206.52,0.2869375433709687,0.3637106596136231,0.3615019974300025,0.3864212158129397,2
1775547354.167579,1599.84,206.98,0.2881317483028429,0.3632938521627788,0.3615327402922493,0.3871789746302562,2
1775547354.1999793,1601.24,206.32,0.2921267948311298,0.3669009747092051,0.364996527710581,0.3886481137731204,2
1775547354.2478786,1601.42,206.42,0.2931427934630239,0.3674278633245438,0.3639553499502622,0.3883292040971309,2
1775547354.2786565,1603.82,205.92,0.2949658940127501,0.3686343997061838,0.3655273706080254,0.38941601317416,2
1775547354.311578,1605.1,206.52,0.293637215173074,0.3672717300739913,0.3675497251309111,0.3901934125733148,2
1775547354.3452632,1605.86,205.94,0.2948622455304754,0.3688461328442688,0.3643528031471156,0.3900634998722291,2
1775547354.3892963,1607.92,206.96,0.2915772037833714,0.365879274313356,0.3638371877028826,0.3889284516352486,2
1775547354.422865,1607.54,206.28,0.2933013698021668,0.3672411838292716,0.3635808169112915,0.3881249020737238,2
1775547354.4568417,1607.5,206.74,0.2942747600436957,0.3679183232875222,0.3631930838236565,0.3882575330715256,2
1775547354.501758,1608.08,206.06,0.2946661665840631,0.3685565294600234,0.3649535363420234,0.3895188304110313,2
1775547354.53477,1608.6,206.9,0.2923138552706583,0.3671125052594589,0.3652882052768764,0.3907477677394741,2
1775547354.5665648,1609.7,206.34,0.2924521360490307,0.3666998852478557,0.3626156432526463,0.3882081002371644,2
1775547354.598676,1611.28,207.0,0.2900407720991141,0.3654805924246695,0.3638380519693151,0.389428987347359,2
1775547354.632195,1611.42,206.46,0.2899417579638453,0.3645191425818604,0.3630367824725715,0.3899027613583375,2
1775547354.6627972,1612.0,206.68,0.2892577513561838,0.3664017903858851,0.3652833268443625,0.3920769300437804,2
1775547354.6938746,1609.44,206.42,0.2905278958459598,0.369595338479162,0.3679426007852238,0.3974291779518574,2
1775547354.725688,1609.98,206.54,0.2937111426438965,0.3747081705500832,0.3741884501960522,0.4091928597356792,2
1775547354.7597463,1607.72,206.54,0.2950317110726823,0.3766547776821711,0.3775400873146119,0.4174865476907622,2
1775547354.7898712,1607.2,206.78,0.2990406222223321,0.3814745250505262,0.3854534027056882,0.4272117192534641,2
1775547354.8237636,1604.94,206.7,0.3028848121050091,0.3874951104043171,0.3933294103389053,0.433563509226206,2
1775547354.8541026,1604.3,207.0,0.3046658053372751,0.3911034085531495,0.3978546804200851,0.4388353986790144,2
1775547354.8878858,1604.92,206.92,0.311495607168123,0.401311703069433,0.4070868910810781,0.4505623238772548,2
1775547354.9212916,1604.86,207.1,0.3143234622049169,0.4050264760962346,0.412626843049162,0.4566306124865946,2
1775547354.9665756,1605.64,206.9,0.317273501599694,0.4083468739492139,0.4176452211761131,0.4616460908431233,2
1775547354.997312,1605.72,207.4,0.3188741988070891,0.410347463356101,0.4199639797631696,0.4650346633107404,2
1775547355.032792,1606.44,207.24,0.3236531364680817,0.415956948898816,0.4255128543929225,0.4672133294061313,2
1775547355.0628726,1606.66,208.0,0.3241697645467575,0.4164755833071663,0.4261080719094045,0.4697722981671847,2
1775547355.093798,1608.52,208.16,0.324666196185114,0.4181536287936068,0.4273621559288189,0.4697561160629373,2
1775547355.1269784,1609.1,208.84,0.3242283516975174,0.4175971211655126,0.4269015789242074,0.4693068569076934,2
1775547355.158718,1611.08,208.58,0.327134947943796,0.4195022285410266,0.4275218718566708,0.4693131525046155,2
1775547355.1897204,1611.74,208.6,0.325721665304477,0.4198892177731808,0.4284551765594359,0.4704888069044631,2
1775547355.2227638,1611.82,208.26,0.3247149236561747,0.418771598608323,0.4276544842442576,0.4700214061683083,2
1775547355.254677,1612.74,208.46,0.3266044719880102,0.419828128208379,0.4296959649416918,0.4707016506848195,2
1775547355.2866454,1612.44,208.08,0.329084527143569,0.4222487695960785,0.4309261248174776,0.4718869052161436,2
1775547355.320454,1613.38,208.48,0.3259347444704632,0.4179124397342706,0.4271673341680664,0.4707144750569558,2
1775547355.3659148,1613.52,208.18,0.3283986085133928,0.4220965031480168,0.4296529948707097,0.4723300555487792,2
1775547355.4000273,1614.08,208.38,0.3289620437738643,0.422697544253508,0.4324987071698914,0.4740462658275466,2
1775547355.4339588,1617.18,207.12,0.330822339876136,0.4257455809414983,0.4336048865257484,0.4739590693839925,2
1775547355.4633555,1617.6,207.4,0.3298821191491097,0.4242649713755197,0.4318443440775775,0.4747662936267648,2
1775547355.493779,1622.64,206.16,0.3294831435151987,0.4243671003351203,0.4334444351857361,0.4745384166326606,2
1775547355.528142,1625.1,206.78,0.3304002522557627,0.4243503499592143,0.4314634824894259,0.4742366800023803,2
1775547355.5577886,1625.68,205.64,0.3307711112774705,0.4234498072398962,0.4324488432623661,0.471883938203602,2
1775547355.5906267,1626.98,205.98,0.3327312637177231,0.4249657599134447,0.432804871960317,0.4694677455436539,2
1775547355.62285,1625.68,205.2,0.3315550881973247,0.4235427519057532,0.4313580551490991,0.4675705288408109,2
1775547355.655054,1626.68,205.7,0.3313716811421923,0.4243668409126434,0.4318095742865742,0.466317594641446,2
1775547355.6858428,1625.96,205.64,0.3334834820312004,0.4247739222805797,0.4340839253652799,0.4677615705032666,2
1775547355.7177105,1623.58,205.86,0.330383986854854,0.4232536497173563,0.4325114611881321,0.4696137244977644,2
1775547355.7514553,1623.58,205.6,0.3320141349069621,0.4249445284481861,0.4334592077808887,0.4724092687255102,2
1775547355.7990737,1623.16,205.5,0.3313455504192606,0.4250389794287424,0.432897719026009,0.471573488511045,2
1775547355.834864,1623.16,204.9,0.3299088376908063,0.4259789207951537,0.4311541406218909,0.4721042894202057,2
1775547355.8626587,1624.0,205.3,0.3309684351331766,0.4250417135091323,0.4326017150542975,0.4708484164517945,2
1775547355.894843,1623.68,204.98,0.3313190668693281,0.4255144335334273,0.4321544100429546,0.4724102720989561,2
1775547355.9260118,1623.98,205.4,0.3324110300302938,0.4264127213050118,0.4332094754443616,0.4706984113929637,2
1775547355.958701,1625.3,204.74,0.3322807773425649,0.4263929481619514,0.4345614109782371,0.4705354664871952,2
1775547355.9896872,1626.38,205.34,0.3325203339497017,0.4259492309094308,0.4349692986850018,0.4725659760992184,2
1775547356.02247,1626.34,204.94,0.3330992004942724,0.4261747703506889,0.434262185740597,0.4721541231278417,2
1775547356.0554934,1626.1,204.9,0.3339540741820621,0.4257664545109087,0.4340287152117587,0.4713247677732685,2
1775547356.088776,1626.3,204.52,0.3318171796883584,0.4247224562922361,0.4319439694860587,0.4695519482369968,2
1775547356.1372514,1626.72,204.96,0.3327642271730274,0.424912762609884,0.4317889301841199,0.4706051192864559,2
1775547356.1842697,1626.66,204.62,0.332571798412026,0.4260720324989073,0.4329002655167442,0.4708541085881669,2
1775547356.2139628,1627.38,205.02,0.3324298445783294,0.4257308445057491,0.4331592341677221,0.4728929343156784,2
1775547356.2456343,1627.46,204.44,0.3335019399530933,0.425599500652677,0.4339131016485589,0.4730156318305674,2
1775547356.279431,1628.64,204.7,0.3339246882241325,0.42697614153222,0.4346256940167421,0.4730345779552984,2
1775547356.3267355,1627.94,204.12,0.3343737855531182,0.426057212839338,0.4333720049842554,0.4728362275483039,2
1775547356.3586411,1628.38,204.82,0.3332390523898704,0.4258163149105882,0.434140746809549,0.4732368714482657,2
1775547356.390017,1631.48,204.26,0.3344130834678531,0.4255653485770118,0.4329287857687113,0.4722808107398075,2
1775547356.4237728,1632.22,205.02,0.3355508176121844,0.4260717426486946,0.4337460936478303,0.4738980109345223,2
1775547356.4709356,1636.52,203.84,0.3338031060166677,0.4247160640040456,0.4321245025852654,0.4728355383914089,2
1775547356.5027535,1638.28,204.54,0.3351357975810811,0.4259627111608755,0.4336800883754895,0.4737165559065662,2
1775547356.5363927,1642.54,203.58,0.3342076128388438,0.4266093232022279,0.4355035260557324,0.4722920072278777,2
1775547356.5673852,1642.66,204.44,0.3328697579397129,0.4255561181389186,0.4332250194624722,0.4711894561268975,2
1775547356.614752,1643.94,203.02,0.3333781130111818,0.4258794033208503,0.4340315413446226,0.4733808910713696,2
1775547356.6457362,1644.94,204.1,0.3338938667569051,0.4259487601276341,0.4331248941150055,0.4717305977704814,2
1775547356.6788611,1645.54,202.9,0.3350876581969932,0.4260694805004414,0.4343958550824943,0.4730427951860672,2
1775547356.712314,1648.5,203.72,0.3347194198001784,0.426124097332955,0.4347481193980472,0.4720004947391999,2
1775547356.7452042,1648.5,202.84,0.3351152309960805,0.4259704281177516,0.4341749053129649,0.4720933217087379,2
1775547356.7921894,1649.64,203.3,0.333838314794137,0.42508361565048,0.433719045535182,0.4719334792087829,2
1775547356.8218102,1650.02,202.18,0.3355644575243303,0.4257077014105825,0.4318537387844556,0.4719221498642974,2
1775547356.8552618,1650.58,202.42,0.3340582987527462,0.4260845755647482,0.4320609445558021,0.4717640840631848,2
1775547356.8866253,1648.38,201.88,0.332524851121333,0.42499440368277,0.4325097302988014,0.4713636272724956,2
1775547356.9187071,1649.3,202.68,0.3318239811122752,0.4235453017929622,0.4300813971365926,0.4709425321167865,2
1775547356.950709,1648.72,202.12,0.3334653223187591,0.4249422867986095,0.4314470573244126,0.4702611637096666,2
1775547356.9820466,1649.1,202.74,0.3328866993967236,0.4243999060488314,0.4322535634929899,0.4717361415935287,2
1775547357.0137897,1649.3,202.58,0.3335045839117653,0.4244394684681811,0.4302501754951809,0.4702399766319674,2
1775547357.0467412,1649.52,203.02,0.3320911076093641,0.4224012527634064,0.4283027491982336,0.4699281676054222,2
1775547357.078689,1649.4,202.54,0.3309132026725752,0.4239878385428323,0.4287313357128161,0.4694015436329111,2
1775547357.1105294,1650.08,203.04,0.3312307873698504,0.4229689840523277,0.4283864024108069,0.4694043871887389,2
1775547357.1427867,1649.78,202.9,0.3305720213780936,0.4225879151332141,0.4280494664732283,0.4687402080096957,2
1775547357.1764638,1650.54,203.62,0.3301356419812304,0.4221170991357328,0.4290332454876751,0.4687802254873051,2
1775547357.2229548,1650.46,202.96,0.3309666299146011,0.4212600912229461,0.4287244689544282,0.469491774531128,2
1775547357.2539551,1649.1,203.38,0.3308485087208322,0.4223063761434601,0.4281986612186541,0.4679367909767266,2
1775547357.28568,1649.28,203.1,0.330270558370109,0.4219629388265251,0.4290820333716877,0.4697758216786676,2
1775547357.3188417,1650.12,203.66,0.3312381894242067,0.422131993169995,0.4294778718476095,0.47020893968047,2
1775547357.3518846,1652.4,203.28,0.3307666256088685,0.4231552219593869,0.4277321007969954,0.4684901818472239,2
1775547357.3819914,1653.64,203.6,0.3306121047932751,0.4228041550996336,0.4276849877768162,0.4685359690010319,2
1775547357.4175124,1654.6,202.64,0.3296771737787898,0.421422273155447,0.4285168357978882,0.4676882631625426,2
1775547357.4458506,1657.88,203.56,0.3306274700776708,0.4228637142130571,0.4286340825610312,0.4682174977160513,2
1775547357.4804115,1657.92,203.2,0.3307599309315869,0.4219566089369092,0.4292247265860126,0.4694551809610703,2
1775547357.509689,1660.8,204.16,0.3310465631713866,0.4231531205817861,0.428419025368527,0.4686221121140396,2
1775547357.542317,1660.84,203.64,0.3306822586221426,0.4243567442546342,0.4293631898059461,0.4701928172371964,2
1775547357.576106,1661.54,204.08,0.3297334681627093,0.4231976559513531,0.4279512086227543,0.4685451536735527,2
1775547357.6217296,1661.86,203.66,0.3302120778443816,0.4231272225935514,0.4289116248588678,0.4687452657649546,2
1775547357.6536489,1663.46,204.08,0.3317852599164757,0.4240161758625583,0.4285010529199389,0.4685686473580658,2
1775547357.6871064,1663.34,203.96,0.3312624334057331,0.422779404553863,0.4282723037183961,0.4687414008107085,2
1775547357.718814,1664.4,204.14,0.3306505487881776,0.4223577072119157,0.4278354140126978,0.4677322386842665,2
1775547357.7497227,1664.24,203.82,0.330925111421703,0.4249704767592142,0.4290598509329391,0.4682661664308686,2
1775547357.7828343,1664.48,204.28,0.3309261036411517,0.4228470997873201,0.4286786939379271,0.4690341817001966,2
1775547357.8149507,1664.3,204.06,0.3319540850057414,0.4237293835295976,0.4283220341291982,0.4677422079395963,2
1775547357.845723,1664.46,204.4,0.331224492684841,0.4231193684029068,0.4289005683807332,0.4681205833628972,2
1775547357.8788054,1664.62,204.28,0.3299703933048149,0.4221405268264991,0.4279182075740311,0.4684113827430703,2
1775547357.9095883,1665.88,204.58,0.3308135709200066,0.4234548267486221,0.4282241338031529,0.4695420600550629,2
1775547357.942989,1665.88,204.26,0.3307949546176497,0.4218320691517545,0.4283791701341126,0.4677489867848518,2
1775547357.9764328,1666.34,204.64,0.3309146229034935,0.4238417137345992,0.4283392684534791,0.468918718229793,2
1775547358.0102026,1666.94,204.48,0.3315708894118643,0.4233591786278552,0.4287302680428715,0.4689160016219194,2
1775547358.056084,1669.34,205.16,0.3301860068141654,0.4214175925697281,0.4273730813828192,0.469265103895544,2
1775547358.0869236,1669.88,205.04,0.3296381796160603,0.42341664912862,0.4265985938004604,0.4693604651367075,2
1775547358.1201084,1673.38,205.34,0.3295274609238466,0.4235721372853437,0.4271302422267851,0.4687799683454759,2
1775547358.1505244,1673.38,205.5,0.3289822559555503,0.422021598745377,0.4253045974937517,0.4684875106241741,2
1775547358.1827354,1673.38,205.8,0.3300653006076799,0.4239302777119151,0.427751302649119,0.4692813320258551,2
1775547358.2146473,1673.6,205.6,0.3302560544965195,0.4215730479065041,0.4267860689665099,0.4680343473677459,2
1775547358.2458007,1676.94,205.94,0.3288443994937495,0.4209476358781859,0.4261652493197043,0.4658165375596419,2
1775547358.2793326,1676.98,206.32,0.3293596836206144,0.4222676336383085,0.4268378414154772,0.4673992997238346,2
1775547358.3102016,1678.26,206.44,0.3303580870607314,0.4224568045918482,0.4268944564070719,0.4675922612209016,2
1775547358.342033,1678.08,207.42,0.3300287022015373,0.4231054780102222,0.4277598589133495,0.4680861944031778,2
1775547358.3738675,1678.96,207.64,0.3303287852694759,0.42238384128133,0.4274127840149267,0.4685260202532178,2
1775547358.4056845,1679.24,208.4,0.3299096431283496,0.4231980564522556,0.4278188000677599,0.4685945132125179,2
1775547358.4405313,1682.14,209.04,0.3291461904195665,0.4214673033865915,0.4265296706482203,0.4684122033702155,2
1775547358.4727633,1682.06,210.4,0.3304848333032673,0.4222116888061829,0.4255892821003995,0.4691762215810096,2
1775547358.5182457,1683.8,210.92,0.3296791149043349,0.4228168468106681,0.4267219556430348,0.4684458050412188,2
1775547358.5515451,1683.86,211.64,0.3290303294593183,0.4227750732707866,0.4272149036659773,0.4681897266845958,2
1775547358.582966,1685.18,211.7,0.3297292669303187,0.4224601304836486,0.4255295242859327,0.4677647310018978,2
1775547358.616226,1685.8,211.98,0.3294141666555973,0.4224571136397789,0.4274215059965293,0.4693404984528581,2
1775547358.646737,0.0,0.0,0.3292792068830591,0.423162141267423,0.4248035420901334,0.468410287136727,2
1775547358.678779,237.58,225.36,0.3314800955212541,0.4239144728209357,0.428284569491104,0.4698989587492935,2
1775547358.7098763,233.14,224.74,0.3306000541539359,0.4228179574275712,0.4262826201052178,0.471016313825502,2
1775547358.743427,229.7,224.28,0.332714177276012,0.4260724994919638,0.4290956261326551,0.4698452228193389,2
1775547358.774062,224.8,223.92,0.330823830083066,0.4244720021791408,0.4280653090631361,0.4712446190826185,2
1775547358.8056784,223.56,223.54,0.3326148527937438,0.4266899726666519,0.4301183470670082,0.469664056142628,2
1775547358.8412652,220.44,222.82,0.3325418668353437,0.4254296148346695,0.4279298445914735,0.4702848374550304,2
1775547358.8727138,217.6,222.2,0.3327865774052155,0.4258099351016567,0.4288247156663912,0.4707412400001675,2
1775547358.917472,215.58,221.5,0.3316819503804962,0.4239889900888264,0.4276873480645579,0.4694779906292876,2
1775547358.9509957,214.7,220.94,0.3308117371028353,0.4238846468128902,0.4277833941706366,0.4687142500114783,2
1775547358.9827716,211.22,220.6,0.3319963922647652,0.4255847984842521,0.4293172988630769,0.4698086425995975,2
1775547359.014682,209.06,220.18,0.3311410915676708,0.4244921189161596,0.4274759044522263,0.4714751428347061,2
1775547359.0458171,203.76,219.78,0.3324846975516327,0.4247637560694424,0.429301121989677,0.4708131492711663,2
1775547359.0787666,204.22,219.78,0.3313572736304939,0.4241372344675432,0.4277386026779053,0.470553771504169,2
1775547359.109985,202.26,219.06,0.332288758059667,0.4274576133208161,0.4308542957060516,0.4710293163122568,2
1775547359.1427798,199.72,218.54,0.3309926559273299,0.4252675384952921,0.4295831394247579,0.4701953105998596,2
1775547359.1746798,195.68,217.54,0.3316319746259614,0.4240554937271221,0.4298885499803928,0.4704551055660554,2
1775547359.2064126,194.82,217.08,0.332691252055514,0.4261267732660304,0.4298075170580243,0.4710185217300844,2
1775547359.2418523,193.28,216.72,0.3318616769034589,0.4257531497755203,0.4302561923415742,0.4722615342900355,2
1775547359.2758725,193.94,216.1,0.3314902516829207,0.4252517589471131,0.4282959769557901,0.4697798381334547,2
1775547359.3199267,189.78,215.74,0.3307682006095643,0.4238467724536756,0.4255888975784794,0.4691708961444933,2
1775547359.3508308,187.08,215.2,0.3301765544938656,0.423142700197592,0.4259600631415182,0.4692777592794337,2
1775547359.3840797,184.04,215.1,0.3313982807689478,0.4242708957248403,0.427140654401649,0.46807825240128,2
1775547359.4146063,183.98,214.96,0.3306958883234533,0.4233360996004807,0.4266119724420894,0.4700814557278586,2
1775547359.445603,181.14,214.28,0.3309982344754312,0.4230769821795541,0.4276498348706237,0.4707060601104306,2
1775547359.4789057,179.84,214.28,0.3313769326656149,0.4246897105656785,0.4287291834104709,0.4723098226861051,2
1775547359.5099556,177.8,213.78,0.3316590021675671,0.4239537362518626,0.4284554412726705,0.4695321836157471,2
1775547359.542305,173.84,213.78,0.3310493339860438,0.4237794522812398,0.4276155764817841,0.4698826217140655,2
1775547359.5747817,170.9,213.5,0.3318106254014118,0.4245002460214451,0.4271000813026852,0.4703289831787208,2
1775547359.6059406,170.38,213.4,0.3305182841846236,0.425490284812954,0.4279119985508376,0.4694106953906914,2
1775547359.6423578,166.96,213.42,0.3337899610841249,0.4279340156285049,0.4304607464650447,0.4711074416602142,2
1775547359.6697614,165.68,213.78,0.3318718225497084,0.424408685384594,0.4287270823527777,0.4714055562613042,2
1775547359.7037818,165.94,213.44,0.3328564461783054,0.4256653679129382,0.4296235886791838,0.4704862132310282,2
1775547359.749839,165.36,212.96,0.3315985155719122,0.4255639165865861,0.4276184894111624,0.471248090701157,2
1775547359.7827888,162.18,212.64,0.3321153922698532,0.4255329852072604,0.4293575035345701,0.4719010982427284,2
1775547359.8146713,160.32,211.76,0.3325871754000009,0.4264278616498934,0.4297516584557165,0.4726282439887433,2
1775547359.845717,157.04,211.58,0.3343511451859274,0.4286635689752964,0.4302362822330932,0.4724963377202437,2
1775547359.8799634,156.9,211.44,0.3312669340063728,0.4262104298863299,0.4294119199344157,0.4716678754567764,2
1775547359.9096794,154.72,211.16,0.332251689274702,0.4270401158867926,0.4300431679566721,0.4727483926417024,2
1775547359.9437704,154.36,210.86,0.3329230414011154,0.4270772378784261,0.430118159301618,0.4728723941160478,2
1775547359.974017,152.34,210.4,0.3324028961506337,0.4271994875885962,0.4284420571713399,0.4715049608853196,2
1775547360.0080197,150.28,209.88,0.3331785515746356,0.427272961508138,0.4301411278854671,0.4709805479995725,2
1775547360.042777,147.64,209.54,0.3316264934212622,0.4252520185954699,0.4277790281189461,0.4720849007280946,2
1775547360.069774,145.34,208.88,0.3330055445864721,0.4250976168113962,0.4281370640356374,0.4715368143705506,2
1775547360.1028562,142.92,208.86,0.3315077286134656,0.4263945237015831,0.4281081948202342,0.471032419390516,2
1775547360.1365309,140.36,209.32,0.3312511766320699,0.4257179921310253,0.4284428399099637,0.4705072124512299,2
1775547360.1827896,137.74,209.12,0.3318317456018113,0.426023034988984,0.4283378014952547,0.4701207317587321,2
1775547360.2136354,136.3,209.0,0.3318205809404491,0.4261311354097017,0.4299853036397623,0.4703022750117237,2
1775547360.245998,133.06,208.7,0.3322498014103615,0.4258749931733971,0.4280370010100696,0.4713253796949916,2
1775547360.2778466,132.4,208.68,0.3330652237690168,0.4270912445350368,0.4283036667125574,0.4731763890634505,2
1775547360.3105645,129.26,208.5,0.3316810886936386,0.4255315163813102,0.4273016506948422,0.4719570896899982,2
1775547360.3433156,129.78,208.58,0.3316963601333256,0.4247106370023831,0.4278216326527318,0.4708525774106198,2
1775547360.3738184,129.66,208.6,0.3324728614442572,0.4266841313373041,0.4282195418929739,0.4717658376938157,2
1775547360.4069884,127.1,208.54,0.3309285887021501,0.4258187443375163,0.4272671596947962,0.4716095759348732,2
1775547360.443236,126.46,208.3,0.3321710507844957,0.4263639852732098,0.4292631763566726,0.4702494669870214,2
1775547360.469741,123.88,208.12,0.3306675263288157,0.425693868710944,0.4275575603061715,0.4708744211793826,2
1775547360.50276,121.18,208.04,0.3302399725094456,0.425434319934963,0.4263718260629012,0.4708368806364908,2
1775547360.534407,120.08,207.98,0.3323896925277623,0.4264151235642704,0.4277048526691388,0.4710191738526055,2
1775547360.567469,119.02,208.04,0.3321930300109557,0.4265155711710411,0.4282861034883988,0.4710640149061911,2
1775547360.6028688,117.26,208.08,0.3332980798407952,0.4279725468925494,0.4290063613064059,0.4718410476267051,2
1775547360.6481898,116.18,207.92,0.3347889727509239,0.4277952137531097,0.4291323231203714,0.47133030778591,2
1775547360.6787329,116.84,207.42,0.3308621556348752,0.4255096992283505,0.4266053143545775,0.4710183884554706,2
1775547360.7107322,117.2,207.02,0.3334682837858115,0.4279527281910062,0.4294759787991369,0.4720618198366038,2
1775547360.7436223,113.76,206.22,0.3351584271701202,0.4296218828628676,0.4325269794937329,0.4730727755538229,2
1775547360.774824,112.92,206.32,0.333580150107132,0.428442204467244,0.4298612431024304,0.4722875855463546,2
1775547360.8068802,116.2,206.2,0.33277219867518,0.4289177034345439,0.4307909949624587,0.4722368933648649,2
1775547360.8438742,116.66,206.18,0.3335603623473424,0.4280516576506372,0.4289260129793359,0.4712717748884964,2
1775547360.8706503,114.66,205.78,0.3335084889609582,0.4288910716825294,0.4301283082568026,0.4723230114546261,2
1775547360.9026654,113.3,205.84,0.3318971061014466,0.4264205882650653,0.4283044430205821,0.4714497119996841,2
1775547360.933938,110.04,205.82,0.3332736623113372,0.427301560313966,0.4292630115817319,0.4715376761006951,2
1775547360.9697127,112.58,205.64,0.3340409608185801,0.4276514622619441,0.4292077336740754,0.4731184116828918,2
1775547361.013824,110.56,206.18,0.3345215676501066,0.4284710805912565,0.4296096845438859,0.4707522789076381,2
1775547361.0461504,111.5,206.3,0.3339332592194298,0.4281058801882267,0.4293836207049005,0.4730153707650366,2
1775547361.07787,109.74,206.18,0.3332155473294804,0.4277766308093236,0.4296339775613125,0.4731069708941115,2
1775547361.1091497,111.66,206.3,0.3349112999608035,0.4283170142333997,0.429481728420216,0.4714009090327055,2
1775547361.1445172,110.24,205.66,0.3337608276561288,0.4280553697498769,0.4303242132875482,0.470887141595629,2
1775547361.1737623,111.4,205.62,0.3339312269058172,0.4289182907434721,0.4311511386469938,0.4728526673187966,2
1775547361.2083535,110.32,204.78,0.333078550559067,0.4269620320936362,0.4292698388282539,0.4735097116889041,2
1775547361.2446978,112.16,204.84,0.3324076211899126,0.4281923116639307,0.4277897319799683,0.4727358800102821,2
1775547361.2722244,110.12,204.66,0.3333930503527303,0.4284486231720575,0.4296790949357911,0.4733471544451073,2
1775547361.3018348,111.76,204.38,0.3328388228329481,0.4258815207027962,0.428379376570831,0.4722079704046236,2
1775547361.3349452,110.08,203.96,0.3347102301931546,0.4280983744639579,0.4288641963288003,0.4720998169844703,2
1775547361.366652,112.56,203.84,0.3326200156619086,0.4285170495226336,0.4285564141078546,0.4716136070481526,2
1775547361.400344,112.2,202.98,0.3344584317649186,0.4302433732705777,0.4303078220997849,0.4710156872351405,2
1775547361.446404,114.28,202.98,0.3352406031508944,0.4300529312008131,0.4301910558465734,0.4736226335786463,2
1775547361.4776278,112.6,203.14,0.3347736834928433,0.4300189462586239,0.4298219642512765,0.4742242455304977,2
1775547361.5110357,115.68,203.06,0.3345000741723851,0.4283850318784283,0.429243435246097,0.4731925932711295,2
1775547361.5454752,111.68,202.66,0.3341927277603227,0.4294221816390201,0.4290734458727402,0.473018005972708,2
1775547361.5749097,115.1,202.62,0.3348762024309361,0.431062279794379,0.4323090097994558,0.4740925108881262,2
1775547361.6059344,115.36,202.32,0.3348370609014616,0.4300894720460045,0.4292351951007019,0.4734588770089263,2
1775547361.637821,120.3,202.62,0.3329895000141731,0.4287019442710886,0.4293435515974445,0.4734222985991693,2
1775547361.6708772,118.04,202.44,0.3352447370134611,0.4297898684976516,0.4297276754917454,0.4717852327457118,2
1775547361.7017894,122.46,202.28,0.3328303215161025,0.4275842597469853,0.4275406608065632,0.4722770885389873,2
1775547361.7363431,122.4,202.1,0.3353675247762712,0.4296356602414128,0.4300830782105879,0.4739658973198201,2
1775547361.7692983,126.96,202.12,0.333964542051265,0.4284433151751871,0.4271432815112365,0.4710983961932395,2
1775547361.7987597,126.46,201.42,0.3345727349506312,0.4291364369185204,0.4291734147981569,0.472612533089849,2
1775547361.8324904,130.34,201.22,0.3333203522906113,0.4287908677402315,0.428478546584454,0.4724031627792928,2
1775547361.8664906,129.06,200.78,0.3349673198478528,0.4292893511038146,0.4294210753874208,0.4736497136166523,2
1775547361.9123845,132.36,200.84,0.3345360541099464,0.4295668628242167,0.4280578075492902,0.4714709872007004,2
1775547361.9461782,130.56,200.28,0.334804286656636,0.428773805950185,0.4279054132384068,0.4740098170820688,2
1775547361.9738035,136.62,199.74,0.3343842922656712,0.4292774868298634,0.4293050910255084,0.4714206509031494,2
1775547362.0066414,134.7,198.58,0.3338862173968119,0.4288622402342474,0.427509893978089,0.4724493575601519,2
1775547362.0390172,138.96,198.8,0.3339642621739996,0.4296888794916313,0.4288297680128636,0.4717950381582133,2
1775547362.070876,137.42,198.6,0.3339100738437515,0.4295834198555394,0.4295412302795694,0.4722737486547271,2
1775547362.1030104,142.02,198.36,0.3347946038114771,0.4292891596565569,0.4288844322303507,0.4717441457247321,2
1775547362.1347318,140.26,197.88,0.3343351949490878,0.4296446116213474,0.4285894631816774,0.4728246743116281,2
1775547362.1666777,144.44,197.86,0.335119916246194,0.4293329194433532,0.4292359648941262,0.4720200452277175,2
1775547362.198567,141.94,197.6,0.33419517438388,0.4292379548855809,0.4297442050443233,0.4714682798413818,2
1775547362.2309835,147.2,197.6,0.3339623349626696,0.4288986298188271,0.4284803642042163,0.4722577987656878,2
1775547362.2637236,145.44,197.04,0.3339808691556343,0.4298620605594796,0.428807486037991,0.4711135117420207,2
1775547362.3099074,151.48,197.0,0.3346105059907325,0.4293955350665443,0.4295434819721968,0.4725619648390575,2
1775547362.3469958,147.1,197.92,0.3351003243266388,0.4311168595479624,0.4303000401414878,0.4723842885673122,2
1775547362.3738291,152.72,198.38,0.3354772545873977,0.4303459455264897,0.4303696526433956,0.4720630305347382,2
1775547362.4079795,150.24,198.24,0.3369789208468736,0.4332695800503719,0.4321879518587497,0.473621336144945,2
1775547362.438167,155.42,198.24,0.3364504730190656,0.4327134053327274,0.4326951962666017,0.4743129706615984,2
1775547362.4645865,150.06,198.12,0.3373475197825468,0.4335228276941936,0.4324802621539494,0.4748263478977332,2
1775547362.502581,156.56,198.06,0.3364970222076906,0.4313622843821065,0.4306324123358876,0.473417690011023,2
1775547362.5370634,154.98,198.0,0.3365739748236474,0.4310817056735664,0.4306633491848677,0.4729327734167046,2
1775547362.566924,160.3,197.88,0.3371783674614725,0.4329083466377491,0.4318417870710127,0.4729317357386579,2
1775547362.597863,160.08,197.64,0.3346355340985006,0.429580656401902,0.4296454282558045,0.4742840885696266,2
1775547362.6298804,165.92,197.96,0.3366151543202255,0.4313180193778004,0.4317765631524495,0.474663817613304,2
1775547362.6631503,164.68,197.04,0.3354482098670185,0.4316366717568717,0.4308612171370339,0.4743264057837772,2
1775547362.7106893,170.06,196.76,0.336116114041441,0.431767967761707,0.4297207029763766,0.4724038928743055,2
1775547362.7478013,168.76,196.56,0.3359039106605462,0.430097037244529,0.4305166881545649,0.4729171860953287,2
1775547362.7739177,176.0,196.6,0.3331314627594084,0.4286667873877054,0.4270363682099272,0.4732232049945018,2
1775547362.8067608,175.46,196.32,0.3340289212508405,0.4299156045721727,0.4284052344988766,0.4732955316559759,2
1775547362.838566,180.02,196.44,0.3341991502526363,0.4299226950756437,0.428946016114762,0.4721168507394058,2
1775547362.8708048,179.84,195.6,0.3361069526317279,0.4317190443434824,0.4307556988812138,0.4736960569690951,2
1775547362.902616,184.18,195.3,0.3356235956993801,0.4317247633667834,0.4306212644948948,0.473416390675921,2
1775547362.9345171,183.06,195.04,0.33550274776451,0.4300700379876346,0.4287770394465702,0.4730274610621057,2
1775547362.9661033,188.12,195.0,0.336115450751974,0.4317668415175992,0.4308489622171356,0.4722832353639291,2
1775547362.99797,186.24,194.44,0.3355162681667686,0.4309270443097285,0.4304619607405748,0.474520590196214,2
1775547363.0321534,189.8,194.18,0.3364297949170919,0.4325884101555478,0.4315700601218857,0.4729511554995672,2
1775547363.0617914,189.84,194.08,0.3354452545950213,0.4324870907566392,0.4311679453838257,0.4740600840349749,2
1775547363.0945623,196.2,194.12,0.3359699365582586,0.4320216330978606,0.4328516888442185,0.4742855842930855,2
1775547363.1309972,194.72,193.74,0.3357156442147683,0.4314881327186359,0.4317741476708872,0.4728970386804096,2
1775547363.1670306,199.4,193.54,0.3366227047949434,0.4321340035384669,0.4314803827306318,0.4735682870597933,2
1775547363.20711,197.98,194.48,0.3360375040431157,0.431641890856315,0.4312701730518536,0.4743325554477688,2
1775547363.2376845,202.68,194.6,0.3370162074662645,0.4321623123984382,0.4316643830475368,0.4740228800602863,2
1775547363.2698762,199.06,194.58,0.3365290697730779,0.4320516995086625,0.4334568386458547,0.4745101315519699,2
1775547363.3020155,202.36,194.42,0.3383093568755163,0.4336358239942273,0.4344629069742688,0.4748259262336406,2
1775547363.3348038,202.24,194.14,0.3384362970106745,0.4331116982114508,0.434289734457757,0.4747934214947816,2
1775547363.3667235,205.04,194.22,0.3361484679184455,0.432396388963962,0.4328071919144664,0.4739518415686135,2
1775547363.3981469,203.22,193.98,0.3373092779334241,0.4327029448672371,0.4328433643455916,0.4739966128620538,2
1775547363.4300256,206.02,194.18,0.3386567019650727,0.4333629172074613,0.4332087852492463,0.4745247703237051,2
1775547363.4629145,207.62,193.68,0.3393349826596944,0.4339553064466985,0.4353977101457443,0.4747191763061741,2
1775547363.494904,212.16,193.9,0.339945735863968,0.4341249345040236,0.4341899558672045,0.4764811143923352,2
1775547363.5285642,212.76,194.0,0.3407454385071121,0.4302339366143108,0.4311848165186112,0.4722170269780327,2
1775547363.5683086,217.96,194.06,0.3393098026620573,0.4256462978942517,0.4273613784596973,0.4663458005321897,2
1775547363.6057718,217.2,194.2,0.3340045670218499,0.4143721176300411,0.4206979111057304,0.4477028949563068,2
1775547363.638781,220.38,194.98,0.3161243084319397,0.3800077203711153,0.3942504151256161,0.4180450137178236,2
1775547363.6709878,217.76,195.14,0.282972409320509,0.3290949064311049,0.351737369927325,0.3834236594648044,2
1775547363.7019792,221.3,195.08,0.2418892197202341,0.282826563635513,0.2984497605988409,0.3295407028758418,0
1775547363.7367122,222.96,195.24,0.1910055169443919,0.2214453338913696,0.2397868663639054,0.2830598190365434,0
1775547363.7656164,226.4,195.66,0.1415559981422721,0.1581130797218792,0.1952670581835791,0.2451958848133706,1
1775547363.8001692,226.04,195.84,0.0931753076219574,0.1173866419969919,0.145594560856029,0.1930020437462484,1
1775547363.8310072,229.88,195.96,0.0884903246245167,0.0948845151247818,0.1207644599419978,0.1567220577471031,1
1775547363.8621705,229.48,195.92,0.0880623308013565,0.0635877715459457,0.0916248991128883,0.1226442292491953,1
1775547363.8940833,233.68,196.24,0.0831115284825128,0.0495629314940659,0.0703502929328873,0.0998497885266697,1
1775547363.925563,232.82,196.34,0.0741109748747453,0.0358909102321255,0.0520964885797721,0.0821999986165026,1
1775547363.95834,237.26,196.66,0.0838195583683263,0.0334146264084652,0.0344419362604449,0.0669843012727292,1
1775547363.9934015,237.32,195.68,0.0883274838283508,0.0292336942469811,0.0214433633702273,0.0543143391727074,1
1775547364.0388353,242.46,195.62,0.0982590991511779,0.0408591419301869,0.0104054045012014,0.0437431345975429,1
1775547364.069943,242.44,195.58,0.1066946918633009,0.0490658412768455,0.0185213595361227,0.0368988073695018,1
1775547364.1032715,247.24,195.6,0.112889305895242,0.0555395774023787,0.0282790191357679,0.0485721865824534,1
1775547364.1342406,246.8,195.28,0.1194985892594021,0.0593251811002671,0.0304322594923377,0.0469845139259317,1
1775547364.166386,250.18,195.42,0.123058868029345,0.0630296874480403,0.0297202862399363,0.04353774823202,1
1775547364.199008,249.44,195.54,0.1317007654327986,0.0752418495673283,0.0420299146861651,0.0501806116677338,1
1775547364.2299175,254.18,195.72,0.1391816956042715,0.0805450397894058,0.0447590569254022,0.0508184804906872,1
1775547364.2627716,252.9,195.42,0.1421196511331454,0.0856107881644445,0.0509090535925041,0.0551351071479833,1
1775547364.2961607,258.3,195.12,0.1465860257446494,0.0913962743600675,0.0545932747054016,0.050755278026509,1
1775547364.325963,258.28,195.18,0.1459586317548126,0.0939453026313837,0.0608290920822574,0.0523593226521088,1
1775547364.359593,262.08,195.32,0.1445734478859699,0.0938897457909744,0.0563038074249371,0.0467592829117295,1
1775547364.394411,262.18,195.24,0.146543590600929,0.0964758158162913,0.0580437739022288,0.0534060981457967,1
1775547364.4400496,265.76,195.26,0.147159723902862,0.0947439729059132,0.0583378741325448,0.0489588618360299,1
1775547364.4707248,266.2,195.0,0.144511720849082,0.0919251988359591,0.0527161364100157,0.0495272228126392,1
1775547364.502834,271.88,194.92,0.145997651913182,0.0935169234102254,0.0544880128998842,0.0476206840571398,1
1775547364.5345871,272.32,195.44,0.1437205310636703,0.0893671777631808,0.0507311061051198,0.0472740272086299,1
1775547364.565699,277.9,195.52,0.1457265221856245,0.0900642967518394,0.0488771205304825,0.040078830566863,1
1775547364.5987296,278.92,195.52,0.1452733709920763,0.0895598154247644,0.0497210643432581,0.0441281144300107,1
1775547364.629881,282.86,196.3,0.1472088055035013,0.0889146017797776,0.0459842945981797,0.0397852404321553,1
1775547364.6628523,283.22,195.7,0.1449424631392959,0.08617743766237,0.0417805928884828,0.0359939916402956,1
1775547364.693623,289.86,196.3,0.14459736836064,0.086049252841806,0.0436416602792666,0.0390481129599884,1
1775547364.7268777,287.94,196.28,0.1413748757896079,0.0824619902989526,0.0400221561195468,0.0410057402172234,1
1775547364.7579758,292.96,196.16,0.1440963385609592,0.0850833071754766,0.0388452174879898,0.0377533470866536,1
1775547364.7899704,293.4,196.3,0.1431026355423219,0.0858616044888742,0.0444135871759971,0.0441446465876723,1
1775547364.8243515,298.58,196.44,0.1420091893565105,0.0820565528495642,0.0375690161535384,0.0355421304990637,1
1775547364.869759,299.82,195.46,0.1411458279218387,0.0828305037439565,0.0416139854226635,0.0421082270492268,1
1775547364.90264,304.94,195.54,0.1405033962617015,0.082385809051471,0.0412982263723823,0.0412357699520486,1
1775547364.935964,306.04,195.2,0.1393531807980705,0.0814317193541404,0.0401722683749392,0.042246809124262,1
1775547364.9661176,311.18,195.54,0.1383248363604331,0.0802824240576999,0.0423242787605267,0.044680608282048,1
1775547365.0002403,311.64,195.74,0.1360450397533859,0.0762655132652933,0.0360038512083994,0.0427032841189314,1
1775547365.0300796,315.68,195.48,0.1377162105998311,0.0781959341015259,0.0394036555554104,0.043105442430614,1
1775547365.0643058,315.68,195.36,0.1358182755615535,0.0772035402570436,0.0396147545804072,0.0443785208902416,1
1775547365.0946898,324.66,195.26,0.1352994069406587,0.0757954534166075,0.034291077998705,0.0438191997984614,1
1775547365.125918,323.38,195.5,0.134340382794126,0.0751993784523977,0.0352543827419499,0.0460421706741716,1
1775547365.1589067,327.76,195.04,0.1341944233755909,0.0754143976718992,0.0332646944411467,0.0410709577326081,1
1775547365.189894,327.36,194.94,0.1314590886030909,0.0714268005811701,0.0299745064267358,0.0451447779399149,1
1775547365.2238994,332.78,194.86,0.1295431333649198,0.0690176391783181,0.0302592285795191,0.0493200367924875,1
1775547365.2708666,333.7,194.56,0.1308898596512454,0.0723557366765971,0.0322784467703303,0.0479806164516159,1
1775547365.302653,339.66,194.1,0.1268072713807529,0.0659095305388937,0.0271949559379655,0.0479568578156895,1
1775547365.3339162,340.24,194.48,0.1303277964556384,0.0706531355655556,0.0279224420559839,0.0499191868033766,1
1775547365.3668227,345.36,194.2,0.1301351276780667,0.071782045923372,0.0324123439812439,0.0493103202431354,1
1775547365.3979137,343.14,193.66,0.1275899314814275,0.0682585109200043,0.0307248777846639,0.0530797147544227,1
1775547365.430689,348.34,193.32,0.1302506018830998,0.0708756408376936,0.031903583843593,0.0514338324718722,1
1775547365.4626431,350.76,193.06,0.1286834679507755,0.0703704107406881,0.0329877456526057,0.0537537902212886,1
1775547365.496373,357.84,192.96,0.1263988907124374,0.0674234199876123,0.0303830959998676,0.0554713364932963,1
1775547365.5425084,360.72,192.88,0.1263460270422231,0.0671541495490847,0.0288273431994448,0.0521628998106105,1
1775547365.5763788,367.76,192.42,0.127536328463824,0.0675329978655093,0.0299294913102395,0.0533532313164922,1
1775547365.6057703,369.38,192.1,0.1272143986032814,0.067452333270861,0.0311553084744012,0.0536458851941044,1
1775547365.6395938,373.58,191.42,0.1275126257415071,0.0665620610837158,0.0273464890780438,0.0515169544205906,1
1775547365.6736064,373.64,191.48,0.1282961118215814,0.0678779042601649,0.025703711545962,0.0491491820449876,1
1775547365.720007,376.94,191.18,0.1301491348276435,0.0696418263896006,0.0244727844976612,0.04636010545768,1
1775547365.7539904,379.12,191.12,0.1280406164653627,0.0673317331206697,0.0238505863163477,0.0481160700740702,1
1775547365.783529,385.14,191.08,0.1307622959416474,0.0692903153709443,0.0233628346585368,0.0451554559298046,1
1775547365.8310833,386.34,191.1,0.1285483999098253,0.0677308241993004,0.0256044782748994,0.0482928393235596,1
1775547365.8627408,391.04,190.66,0.1284227207109636,0.0672627803723418,0.02472349214451,0.048292781397282,1
1775547365.8947933,392.46,190.22,0.1277641277012186,0.0681805243529847,0.0250050366046306,0.0502024378821474,1
1775547365.9276807,397.74,189.5,0.1302001796617684,0.0681164552754832,0.0230671623246272,0.0459732381305078,1
1775547365.973796,399.64,189.7,0.1293118289499985,0.0672723393708358,0.0249219910384736,0.0476988168903363,1
1775547366.0069125,402.72,189.54,0.1283515016018522,0.0658011498452666,0.0242506363770247,0.0497133696540281,1
1775547366.037876,403.8,189.42,0.1287206966438996,0.0665438118929582,0.0240202061712861,0.0491534420196614,1
1775547366.0718052,409.56,189.24,0.1278124913990529,0.0663340745832904,0.0205900608480234,0.0478545024813841,1
1775547366.1186917,410.66,189.06,0.1278508386859862,0.0663171816553466,0.0214814108019732,0.0476401135541761,1
1775547366.155265,413.74,188.68,0.1280116345688813,0.0660532904241202,0.0199651315258037,0.0461176752764318,1
1775547366.182792,412.68,188.66,0.1285197341696992,0.0660165471578839,0.0242510663198373,0.0479337916784455,1
1775547366.2164714,419.96,188.74,0.1310287825271678,0.0686048601239665,0.024515066451501,0.0461590027466796,1
1775547366.2639062,420.56,188.64,0.1283951992907108,0.0665248628091396,0.0240224202629901,0.0481722648992962,1
1775547366.2938175,425.9,188.4,0.1286973510535438,0.0669907022166195,0.0250166590613082,0.0478883672199781,1
1775547366.3292725,426.02,188.36,0.1291508354165069,0.0674139804027543,0.0219421518872768,0.0468106904108326,1
1775547366.3580384,433.18,187.8,0.1293561983325197,0.0662364648611752,0.0197685164159401,0.0460500384674615,1
1775547366.392388,434.68,188.18,0.1263666474400042,0.0644652047962031,0.0214582703362132,0.0506685331550598,1
1775547366.421932,439.96,187.76,0.1252493917517533,0.0640286799015547,0.0186895106470926,0.050259705480921,1
1775547366.4553964,440.6,187.44,0.1271660722197903,0.0651005779695806,0.0217912558703803,0.0463627233915229,1
1775547366.4855304,444.78,187.04,0.1258989297021653,0.0635587818520716,0.0200988549519039,0.0479501939105146,1
1775547366.5179188,446.4,186.7,0.1234709969191977,0.0615487433876662,0.0194689024690302,0.0484445743991033,1
1775547366.549766,452.5,186.46,0.1241641852898927,0.0618690352550515,0.020765972231458,0.0494171527815577,1
1775547366.582771,453.3,186.14,0.1274294701235654,0.0649421742942584,0.0225076706429921,0.0489106834604128,1
1775547366.6144729,458.6,185.76,0.125612043661113,0.0641677824778937,0.0210906877228418,0.0504842793439868,1
1775547366.6481552,459.24,185.82,0.1263925618267604,0.0640142705285461,0.018388605041371,0.0483438673645584,1
1775547366.6946783,464.28,185.12,0.1245923348213029,0.0621360712570323,0.0187477777375296,0.0500221011936686,1
1775547366.7257922,465.5,184.78,0.125750342354995,0.0636540483799451,0.019525652336716,0.0490283754358717,1
1775547366.7588158,472.34,184.78,0.1266995648517812,0.0649033704414962,0.0138117675636474,0.0463441165824114,1
1775547366.7907314,475.26,184.92,0.1262481993125646,0.0646338239933807,0.019658926061644,0.0490755252625273,1
1775547366.8218584,477.36,184.5,0.1249316710727864,0.0635769230656296,0.0174026326259953,0.0489367387903707,1
1775547366.8560286,477.38,184.26,0.1251455584106231,0.0623559199727221,0.0197979504155189,0.0482975207314888,1
1775547366.8882065,482.86,184.42,0.1244479911874548,0.0630244872694562,0.0201789711757758,0.0498591305734386,1
1775547366.917672,483.84,184.22,0.121275291996286,0.0601128687918359,0.0175951747164357,0.0530699712522387,1
1775547366.9524012,486.92,183.72,0.1228075177693603,0.0604165482536525,0.0181582572423822,0.0498561290761887,1
1775547366.9824965,488.08,183.64,0.1200893059671167,0.0601544982599607,0.0210839086937068,0.0528146726654405,1
1775547367.0163393,492.62,183.0,0.1229145967678108,0.0648033054562511,0.0252584508331989,0.0492246760649024,1
1775547367.0468094,495.36,182.24,0.1393451359796194,0.0852779762164842,0.0527828572304605,0.0500393681028776,1
1775547367.0795364,500.42,181.64,0.1321643103701031,0.0795495198631237,0.0534577878318478,0.0537522832115782,1
1775547367.126685,502.54,181.46,0.1311261319742343,0.0808139486448277,0.0478650740088868,0.0539185802473327,1
1775547367.1587386,507.46,180.9,0.1112509842838246,0.0572580084364911,0.0475238402704039,0.0589157242653601,1
1775547367.1898797,508.14,181.02,0.0841421795766611,0.0320922550517251,0.0383689534628223,0.0766728599552872,1
1775547367.2217298,512.18,180.34,0.0681972137447116,0.0115062608271065,0.0492575251923721,0.0994271438721124,1
1775547367.2559762,512.0,180.52,0.0644425136063696,0.0524411421369634,0.0835980981231974,0.1335500375396351,1
1775547367.2867174,515.48,180.08,0.0659431519386606,0.0631172106135077,0.1028680832738961,0.1690834343884894,1
1775547367.3178313,516.44,180.18,0.0838030639829159,0.0979379828836153,0.1500248050171315,0.2213063697735707,1
1775547367.351102,522.62,179.8,0.182274702546233,0.2226784396535788,0.2373732721418735,0.2661890759385308,0
1775547367.3827584,525.28,179.62,0.2373498573930139,0.290817608720889,0.2904029765153667,0.3221552039716859,0
1775547367.414673,532.3,179.18,0.2722999246099162,0.331741547457672,0.3290649379124315,0.3494318340579437,0
1775547367.4459002,532.26,178.98,0.3285600090761686,0.3880586141247676,0.3818934068867272,0.3905799041878977,2
1775547367.4796755,536.2,178.42,0.3302062421955996,0.3945593895324666,0.3903808924045073,0.4001222146462548,2
1775547367.5277348,537.46,178.44,0.3343184784810579,0.3993195168342847,0.3955979252347905,0.405797900309145,2
1775547367.55771,542.34,177.98,0.3342392540214738,0.4000816645642486,0.3962532929380929,0.4069843779425852,2
1775547367.592154,543.02,177.72,0.3385570693089248,0.4061039764222163,0.4040664266308867,0.4195924144283999,2
1775547367.6222856,547.08,177.48,0.3406516381483161,0.4083564343060507,0.4048403738711636,0.4228347386143848,2
1775547367.6565983,547.78,177.16,0.3421872417736337,0.4117470068930381,0.4094530877734728,0.4238480359462233,2
1775547367.6858015,552.68,176.66,0.3420391400045425,0.4120843497722223,0.4101023769887771,0.4239420797340839,2
1775547367.718591,554.16,176.38,0.3457219641807134,0.415261364312916,0.4124924844061921,0.4264966725600331,2
1775547367.7507412,559.02,175.5,0.3469107895465489,0.4172263556116312,0.4153803033571893,0.4288778807741062,2
1775547367.7827218,560.66,175.66,0.3483658972388098,0.4191310367453609,0.4145423759106942,0.4259341947064688,2
1775547367.8144524,566.42,175.28,0.3500516457278973,0.4202297551263918,0.4165735704276947,0.4291684651290466,2
1775547367.8469276,567.38,175.3,0.3547300002517321,0.4252405224535059,0.4189033605771677,0.4315229410510153,2
1775547367.878753,571.08,174.56,0.3535393383350311,0.4241675477344928,0.4205483975477548,0.4327699929470328,2
1775547367.9113312,572.38,174.72,0.3517300370004345,0.4227114823063306,0.417694126341904,0.4322547870377717,2
1775547367.9580524,576.76,174.14,0.3521581894154453,0.4222007131450377,0.417618652428696,0.432104725814649,2
1775547367.990734,578.06,173.98,0.3539375232830644,0.4243646617457882,0.4195908249894351,0.4340412329267639,2
1775547368.0227458,581.9,173.04,0.3536398495406674,0.4251021868630881,0.4212579697996674,0.4358241811828371,2
1775547368.0572138,583.12,172.94,0.3527490345887532,0.4244012364465364,0.4206580294367735,0.4345548755940156,2
1775547368.0867386,587.48,172.0,0.3539198790379019,0.4260317825056396,0.4192510466865526,0.4337148558887506,2
1775547368.1178548,588.48,172.06,0.3549660082699597,0.4274234071112995,0.4210270385181343,0.4342165185530954,2
1775547368.1519983,595.04,171.68,0.3559833815306945,0.4275602240022696,0.4220343050872724,0.4367021984645096,2
1775547368.1826944,596.7,171.72,0.3545748821731559,0.4259962422166627,0.4197757596392741,0.4352668808808513,2
1775547368.2162282,602.3,171.06,0.3556837098871654,0.4277908144345533,0.4210650862931779,0.4356366702123951,2
1775547368.2466793,603.62,171.16,0.3550603873535091,0.4265894160773685,0.4202539472396857,0.4345498547043072,2
1775547368.2791245,609.16,170.56,0.3555627830664002,0.427932804899118,0.4209254126258208,0.4354276199091035,2
1775547368.3099551,611.8,170.42,0.3555576474222425,0.4281933962300904,0.4215423198053679,0.4359671292613777,2
1775547368.3440447,617.76,170.08,0.3530641130288964,0.4265661569182155,0.4200181940426345,0.4347010502212559,2
1775547368.389671,619.22,169.58,0.3539838950206758,0.427304896526153,0.4205233350618307,0.4347819931462156,2
1775547368.421438,623.46,168.66,0.3540542509927849,0.4282390465392643,0.4217259914133768,0.4366627073642476,2
1775547368.4548368,622.84,168.3,0.3545534249336082,0.4291600946960197,0.4229496505780922,0.4384870828975531,2
1775547368.4886203,629.08,167.66,0.3566837875294864,0.4314658534013783,0.4242232772616419,0.4377837873282351,2
1775547368.534314,630.0,167.84,0.35651958675112,0.4321387375859342,0.4252443512045009,0.4379233311574737,2
1775547368.5667124,634.1,167.0,0.3565898934638571,0.4316186904582673,0.4242829915928482,0.4391167449285852,2
1775547368.5989194,636.32,167.1,0.3567131815220976,0.4311140778304754,0.4243446665156364,0.4388852287845749,2
1775547368.632594,642.48,167.24,0.3591572749592606,0.4337194156645186,0.4249845484676866,0.4387570544821795,2
1775547368.6780708,643.48,167.44,0.3576369667829157,0.431048914242029,0.4235984724613894,0.4379305135317637,2
1775547368.7105815,647.52,167.3,0.3591368015642083,0.4341266181037632,0.4241939161967741,0.4382366966914917,2
1775547368.741846,647.06,167.4,0.3589553456939328,0.4333615037766706,0.4231107487231461,0.4377280504073487,2
1775547368.7752736,651.96,167.38,0.3574994606554898,0.4320414757784299,0.4208599844617396,0.436064675488082,2
1775547368.8239567,653.5,167.5,0.3576186985118034,0.4344607742349334,0.4235675823446601,0.4392299865304593,2
1775547368.859813,658.9,167.18,0.3548451171895246,0.4303529277194091,0.4201278376118165,0.4373920339378976,2
1775547368.8896148,659.82,166.98,0.3535086498570788,0.4311845188118093,0.4200310781652064,0.4359571294661825,2
1775547368.9236302,664.8,166.84,0.3540298716174282,0.4306729803010929,0.4186885964545765,0.4347907403176427,2
1775547368.968064,666.48,166.84,0.3544211809959453,0.4306393426542969,0.4207183092793265,0.4364067321450308,2
1775547368.9982183,670.42,166.32,0.353977870603282,0.4306815665703497,0.4199731133215179,0.4353550988086648,2
1775547369.0293984,672.16,166.18,0.3548544660794231,0.4308064263051776,0.4189780742137557,0.434476943570638,2
1775547369.061471,676.7,165.66,0.354202741160067,0.4296363624457678,0.4181375650003255,0.4345119626297636,2
1775547369.0975046,677.54,165.4,0.3541237739099346,0.4305303563980681,0.4192243851338377,0.4348716653202233,2
1775547369.142781,680.9,164.92,0.3555795190538841,0.4325837220701095,0.4196924715632361,0.4351307642320165,2
1775547369.1746633,681.8,164.68,0.3580921548146668,0.4342858351353851,0.4207586927568497,0.4361980623868427,2
1775547369.208417,685.58,164.08,0.3569087632221214,0.4339147331657378,0.4205425953298194,0.4362290413353968,2
1775547369.260146,687.86,164.16,0.3559132241012577,0.4322306192060518,0.4207482102722137,0.4353037657730577,2
1775547369.2867312,692.9,163.8,0.3590656197646354,0.4329232434868215,0.4213041771743833,0.4360540077323211,2
1775547369.3203857,694.8,164.38,0.3570290404801324,0.4322621679128711,0.4206975615223685,0.4357395450022954,2
1775547369.3658462,697.88,163.98,0.3569747676291628,0.4333908634698336,0.4224415930961487,0.4374225957455931,2
1775547369.3990088,698.88,164.1,0.3552344008614672,0.4306632965428487,0.4197935109014615,0.4364655412204761,2
1775547369.4309154,704.66,163.5,0.3546383088510475,0.4307017956478673,0.4204183792517313,0.4375422984316474,2
1775547369.4645774,706.28,163.52,0.3572962074066591,0.4322638654647411,0.4214023329907343,0.4378818710551116,2
1775547369.512375,710.42,163.28,0.351648030623945,0.4278998995692439,0.418082551261512,0.4382576071279388,2
1775547369.542744,711.08,162.92,0.3532184984791423,0.42929771017192,0.4203915653498112,0.4388786310216054,2
1775547369.576146,717.48,162.42,0.3541788304528668,0.429219769986064,0.4206395306274029,0.4358426410300866,2
1775547369.6098468,719.7,162.26,0.349575169989143,0.4245656935830273,0.4159765574983887,0.4341227955758414,2
1775547369.6562304,723.26,161.7,0.3409753642974235,0.4107233377083392,0.4069325763061827,0.4240149509109372,2
1775547369.6858504,724.86,161.52,0.3235881525244145,0.3830960320184338,0.388158708013126,0.409789554311012,2
1775547369.718995,729.6,161.1,0.3251979185357016,0.382882247640832,0.3888805867180246,0.4090107786747787,2
1775547369.7518291,731.02,160.58,0.3054494278689085,0.3505107833158505,0.3652157230716238,0.3991429256071412,2
1775547369.798985,734.8,160.06,0.2817772675379399,0.315837941580482,0.3407111716373708,0.3858693574246002,2
1775547369.830209,736.66,160.04,0.2447503501237244,0.2718533749482582,0.3062172672937021,0.3672533643531528,0
1775547369.8621864,739.84,159.94,0.2159944353583857,0.2389019688495401,0.2756493107057347,0.3409469680868519,0
1775547369.8958783,741.86,159.88,0.1776459411020069,0.1897350139143766,0.2357868080999835,0.3068904266941213,0
1775547369.9429352,745.84,159.28,0.1435046318624963,0.1569781515099043,0.1963258171432772,0.2698137981908318,1
1775547369.9739351,746.04,159.1,0.1173368349149307,0.1245937208173224,0.163679804328112,0.2266321839656195,1
1775547370.0066917,749.2,158.8,0.0809109745315406,0.0863344328360884,0.1311224756516695,0.1793182714534851,1
1775547370.0387354,754.0,158.58,0.0718674844565834,0.0655184133314614,0.1121003173006566,0.1551843652864923,1
1775547370.070649,758.46,157.38,0.0642724963897301,0.0505268256126999,0.0966554388991641,0.1367947372206474,1
1775547370.1034322,756.28,157.4,0.0639492009374221,0.0439879182881628,0.0869347154804556,0.1274897444175456,1
1775547370.1361303,759.64,156.44,0.056216167779626,0.0328084047416887,0.0738881492691496,0.1159639316834981,1
1775547370.1680374,760.58,156.76,0.0617067096357985,0.0215197705706142,0.0573584989907565,0.0983719780970033,1
1775547370.201669,765.5,156.16,0.0670498992148076,0.0239820588584804,0.0470775294688459,0.0879618969677706,1
1775547370.2468004,767.4,156.32,0.0767608934021358,0.0250915198307449,0.0317617123513678,0.0709336947645552,1
1775547370.2778487,770.32,155.78,0.0901300591357886,0.0350211112001986,0.0176690041236837,0.0566406498057412,1
1775547370.3122914,773.08,155.5,0.099869037687864,0.0448419137649835,0.0216844383458582,0.0462833176324994,1
1775547370.3426208,778.74,155.08,0.1082216204675354,0.0539100597370266,0.0211281522726796,0.0426479136817267,1
1775547370.3745868,778.1,154.86,0.1131369267975183,0.0608543458466569,0.0247400573174295,0.0404764215614127,1
1775547370.4057162,783.44,153.58,0.1176979864702866,0.0675121447927242,0.0278319582330527,0.0369676769154994,1
1775547370.4389634,784.58,153.28,0.1222084159820996,0.0707135488109963,0.0311289494421943,0.0394127565868023,1
1775547370.4711115,789.96,152.86,0.1279573563261637,0.0755054922895093,0.0378421141577148,0.041889009161837,1
1775547370.5026734,791.78,152.78,0.1293013116765405,0.0761976875874128,0.0337724563377508,0.0365710500553602,1
1775547370.5346315,796.12,152.04,0.1307589629526018,0.0756865511514844,0.0344129431819945,0.0313076512530253,1
1775547370.5657842,797.08,152.04,0.1337126445071134,0.0779645867568409,0.0327548455966729,0.0263032751092795,1
1775547370.5980148,800.62,151.26,0.1350490948092362,0.0781087950851969,0.0292176791799747,0.0282061226274538,1
1775547370.6316087,800.68,151.1,0.1356221604495817,0.078563927920118,0.0284587867223363,0.0278537678474092,1
1775547370.6787589,805.34,150.2,0.1309003327982054,0.0726873768908249,0.0231751407371924,0.0326620767022998,1
1775547370.7105134,803.7,149.74,0.1337322438557471,0.0734095804128481,0.0184382326710786,0.030382467498285,1
1775547370.7426028,809.54,149.24,0.1361479921775785,0.0749074873957005,0.0178323945209983,0.0323299426350623,1
1775547370.7737026,811.22,149.56,0.1347324698266004,0.0721301977693162,0.0152414086294818,0.0362428300078715,1
1775547370.808229,815.52,148.9,0.133369815081325,0.0706254759777907,0.0139599567845387,0.0382173098678365,1
1775547370.838417,815.18,149.06,0.1344748244265662,0.0689565766609289,0.012310788425479,0.0410292399030379,1
1775547370.872281,820.26,148.28,0.1345602069003045,0.0699268310875241,0.0135877359943874,0.0434200369193772,1
1775547370.9027147,821.94,148.54,0.1316179322934859,0.0682690088564702,0.0109456685921826,0.0459040850708736,1
1775547370.9361138,828.18,147.94,0.13322988221994,0.0690042479431719,0.0077092856887368,0.0479811489656842,1
1775547370.965636,828.92,147.7,0.1354472536670452,0.0709086768018811,0.0083143369370674,0.0478234518810247,1
1775547370.998985,833.8,147.08,0.1319726154094452,0.0669685462886311,0.005622597922146,0.0502829531543306,1
1775547371.0297756,833.08,146.72,0.1331669008673626,0.0710160064401162,0.0087996896344108,0.0495931699084776,1
1775547371.0635264,840.54,146.08,0.132043290040894,0.069766002469881,0.0079841076782168,0.0524718797335913,1
1775547371.111308,842.46,145.84,0.1338727053546323,0.0715412245824421,0.0077730887151503,0.051131050708558,1
1775547371.142123,847.06,145.26,0.1296961135511763,0.0660210536761237,0.0035595633572653,0.0528359283569522,1
1775547371.174048,848.48,145.5,0.1326893350387767,0.0702663151579174,0.0062653681153194,0.051283561758852,1
1775547371.2057908,854.34,144.98,0.129129203480801,0.0643010774895134,0.0027025016027467,0.0538032035811706,1
1775547371.2377589,856.68,144.94,0.1291339322577412,0.0656003849995853,0.0029313284697911,0.053184599037272,1
1775547371.2697537,860.74,144.16,0.1304191531719091,0.0660262852689377,0.003822500036514,0.0555020257368535,1
1775547371.3027442,862.5,143.9,0.1311893694200397,0.0672795882634756,0.0066635138156433,0.0553773327749839,1
1775547371.3337834,866.84,143.02,0.1283447435070534,0.0630584372190593,0.0040782701111602,0.0567011109835766,1
1775547371.3670847,867.76,142.94,0.1313168544979286,0.0684692063035258,0.0073058041689941,0.0565907853892698,1
1775547371.4148457,873.74,142.64,0.1307122759963267,0.0680375520220608,0.0072616605656217,0.0568982509297721,1
1775547371.447973,875.12,142.84,0.1315133993404591,0.0680164633299046,0.0068136953902876,0.0536604042372512,1
1775547371.4786658,880.78,142.16,0.1288008491981196,0.0656125610865897,0.0055704287708594,0.0563316668847611,1
1775547371.5124412,882.02,141.82,0.1252934421067621,0.0627576347290937,0.0082722261399324,0.056978900243625,1
1775547371.5646312,888.76,141.32,0.1280463657023025,0.0663757080683204,0.0078344223046907,0.0593664290733071,1
1775547371.592514,889.56,141.32,0.1256202577913201,0.0622315631474165,0.008650495377867,0.060574445835902,1
1775547371.6228638,893.6,140.68,0.1279214684509162,0.0647532761071691,0.0076391710130812,0.0587374351348884,1
1775547371.6567173,895.06,140.68,0.129783530367594,0.0677587759844212,0.0115933955109492,0.0614286872974006,1
1775547371.702924,900.78,139.96,0.1229383142445251,0.060063900274888,0.0123783876265325,0.0655920460737813,1
1775547371.7337923,898.78,139.76,0.1213649333418442,0.0604131852563172,0.0102245771681295,0.0630480375393583,1
1775547371.7663078,902.48,140.04,0.1265000640258123,0.0637234210321137,0.006535391274365,0.0588101680387795,1
1775547371.799978,905.0,140.1,0.1246386045174413,0.0634478525527009,0.0010042455687746,0.0514441303154604,1
1775547371.8471773,911.3,139.92,0.1279863436438518,0.0641403699829321,0.0067506714199186,0.0484139053147072,1
1775547371.878791,913.66,139.6,0.1208602272838494,0.0581133708074658,0.0140310890048644,0.0502085288551149,1
1775547371.910799,918.2,139.84,0.1231446765484833,0.0610045750202358,0.0146618094750664,0.0429643122186073,1
1775547371.9445417,919.9,139.54,0.1124675396184683,0.0529753354425484,0.0238323379143202,0.0585937813388143,1
1775547371.9834118,924.92,139.24,0.1146134154983388,0.0544005823371556,0.0206733155382992,0.0548273635270773,1
1775547372.0226436,925.38,139.12,0.1033995191280805,0.0463784531804194,0.0389830722497578,0.0738219463554513,1
1775547372.0554092,930.08,138.9,0.0898407891391757,0.0396046478435407,0.0494084015006885,0.0831947610798046,1
1775547372.1020708,934.28,138.64,0.0789448848524043,0.0273756510260307,0.0538194392622432,0.0888640741131717,1
1775547372.1362076,938.22,138.7,0.0692338724142288,0.0252413762838726,0.0416921841928965,0.0950100497388026,1
1775547372.1658993,940.34,138.76,0.0612896713526441,0.0257388012446213,0.0509299989106398,0.1080705570708683,1
1775547372.2003517,945.0,138.36,0.0572974949721101,0.032625153174201,0.0690079897321964,0.1230891378940884,1
1775547372.229723,947.18,138.32,0.0642266981994188,0.0410823625019083,0.0761108514621114,0.1355971466515168,1
1775547372.265685,951.2,138.0,0.0673131766828416,0.0598982730642534,0.0947814991248004,0.151233305286266,1
1775547372.2946403,953.68,137.78,0.0831424002476399,0.0741155261035525,0.1114234393797202,0.1695825274565877,1
1775547372.326758,960.56,137.8,0.1229692762573409,0.1076899912041127,0.1379549581759025,0.1909883664217382,1
1775547372.3575883,961.2,137.54,0.1578902521670281,0.1542008349923535,0.179007231975151,0.225429850610762,1
1775547372.3909068,965.3,137.72,0.1891154719846204,0.2087445467088922,0.228751069514609,0.2588949767691333,0
1775547372.4228497,969.3,137.52,0.2295766696959647,0.2751047310062645,0.2793166548806594,0.289576125731142,0
1775547372.4539087,971.34,137.56,0.2671830677602343,0.326388389439756,0.319331186650171,0.3185779605142714,0
1775547372.4875183,971.74,137.3,0.2877385176223715,0.3513967857547591,0.3440964410709085,0.3433812680305722,2
1775547372.5339737,976.12,137.56,0.3062801111868435,0.3689269084992378,0.360304379235337,0.3540319109872153,2
1775547372.566463,979.92,137.14,0.3261593946998133,0.3896410319187946,0.383216144827487,0.3706058372121951,2
1775547372.5988977,984.54,137.44,0.3428164531929647,0.4071166309108908,0.3975573813490207,0.391042621285543,2
1775547372.6308658,984.98,137.3,0.3495269049996187,0.4162503410521546,0.4059705811400896,0.4014245704977957,2
1775547372.6666808,987.28,137.56,0.3569206215200393,0.4245431016445211,0.4159210403732216,0.4118720823922121,2
1775547372.6944,988.78,137.46,0.3621340531835206,0.4309548023082449,0.4229247724876371,0.4203420375406874,2
1775547372.726681,990.74,137.6,0.3652571620740873,0.4338895262746131,0.4253763462909033,0.4238490312347186,2
1775547372.759895,992.86,137.14,0.3692051052243924,0.4384717635426576,0.4294420977063459,0.4322604301210385,2
1775547372.7908294,996.72,137.74,0.3717236432797062,0.4428370798377912,0.4310780512909324,0.4339165005095146,2
1775547372.824356,995.4,137.54,0.3731701797749154,0.443436967707498,0.432901942786892,0.4359002996899143,2
1775547372.8542595,999.32,138.2,0.3751168969449939,0.4472864681982187,0.4368717478591136,0.4395537801689793,2
1775547372.8874056,1000.68,137.68,0.3749067649178423,0.4474676334929323,0.4370828737177236,0.440496645221079,2
1775547372.9210916,1004.66,138.04,0.3782259732480211,0.4499767802568963,0.4403194316932904,0.4445482075013426,2
1775547372.966992,1005.82,138.16,0.3797400137024727,0.4523529807917972,0.4408355779358687,0.4428364810726616,2
1775547372.9978294,1010.54,138.82,0.3797036714535768,0.4535582080982321,0.4424157437632556,0.4447955043909152,2
1775547373.0306735,1012.78,138.8,0.3808012976692659,0.4544674141491111,0.4420840943299202,0.4470878351363194,2
1775547373.0669887,1016.26,139.54,0.3815549929340766,0.4545168562917731,0.4427516665618994,0.448973181477011,2
1775547373.0951529,1018.54,139.28,0.3819452940877981,0.4578030425109302,0.4444483445729045,0.4499181632755571,2
1775547373.126274,1021.66,139.66,0.3813849560847333,0.4580394769051336,0.4446961289861614,0.4517634981342075,2
1775547373.159511,1021.08,139.5,0.3793831764651392,0.4552957557744309,0.442530051745577,0.4518085693987398,2
1775547373.1931517,1026.26,140.4,0.382208673991173,0.4584982894009353,0.4473127014909153,0.4532441781164512,2
1775547373.23781,1027.36,140.48,0.3843783139573952,0.4624213058600051,0.4484458229274801,0.4568579455751574,2
1775547373.2697122,1031.58,141.1,0.3853925685065816,0.4635066772105211,0.4494693238315752,0.4564444342185787,2
1775547373.3024654,1033.26,140.24,0.3861531682813482,0.462472533534455,0.4487503395041795,0.4567910546176327,2
1775547373.3353229,1038.66,140.96,0.3842642499136109,0.4617477947506604,0.4482969075883852,0.4554449587360821,2
1775547373.3690553,1040.76,140.78,0.3839303494545185,0.4630883597633111,0.4490452600051672,0.4543869547810771,2
1775547373.4162183,1046.58,141.78,0.3877530371148787,0.4652335678996868,0.4496029370048741,0.4566547137305639,2
1775547373.4456077,1048.56,141.76,0.3873572214681141,0.46548030025139,0.4517624226084801,0.4577108908606772,2
1775547373.4782443,1053.54,142.32,0.3897055519841273,0.4674013568059943,0.4545383202263186,0.4587079057155918,2
1775547373.512254,1056.74,141.98,0.3918217467830292,0.4692016284700706,0.4550507557843453,0.4614880946363414,2
1775547373.5613594,1060.0,143.24,0.3928040310280165,0.4702126933829574,0.4563901559202608,0.4614819054613867,2
1775547373.5897496,1060.38,143.06,0.3922981937551459,0.4700848273132433,0.4552584487259232,0.4603705181256278,2
1775547373.6235538,1065.54,143.64,0.3940983780958534,0.4701740880259063,0.4557323464836475,0.462192402133086,2
1775547373.671032,1064.94,143.4,0.3923775857675483,0.4697612656760997,0.4535226849931664,0.4606651507690262,2
1775547373.7018003,1069.24,144.28,0.3914620526711777,0.4690056565869289,0.4528229041854295,0.4606251820362648,2
1775547373.7349296,1070.26,144.08,0.393590165050966,0.4706672132883211,0.4553363035344443,0.4620481948551559,2
1775547373.768266,1075.94,145.04,0.3929298449283002,0.4708217205803369,0.4559407931345224,0.4599924309871304,2
1775547373.815024,1076.22,145.2,0.3923951739016892,0.4718248400696559,0.4563746886820403,0.4620919156160319,2
1775547373.8458724,1080.26,145.84,0.3938627954222437,0.472959509578663,0.4564248474199242,0.4621713323371377,2
1775547373.8780951,1081.5,145.38,0.393961168133848,0.4710649805382971,0.4554201710797309,0.4622581552054123,2
1775547373.911871,1085.94,146.2,0.3921777497708362,0.4726512684793159,0.4558604946751541,0.4629483033564261,2
1775547373.958928,1085.16,146.06,0.3921955966988525,0.4721614164015116,0.4541223591767138,0.4613465170112904,2
1775547373.9908094,1091.16,145.9,0.3911551062140085,0.4719058866256491,0.453577750088907,0.4613107017320442,2
1775547374.0225658,1091.46,145.38,0.3934082078968834,0.4728642333669529,0.4550161510147886,0.463347213741183,2
1775547374.0538156,1094.78,146.4,0.3919438645883371,0.4725587438448077,0.4546919947374735,0.4629663114914472,2
1775547374.0879836,1097.46,146.12,0.3936670290990319,0.4738304635309066,0.4543996096208584,0.4626010986597748,2
1775547374.1178916,1101.9,146.86,0.3908729645287161,0.4722326649403675,0.4535127225196195,0.4605690863753707,2
1775547374.1522365,1103.24,146.64,0.3913917358572747,0.4719157331198014,0.4538070052742215,0.4599433038331718,2
1775547374.2016537,1109.16,147.4,0.392348847200479,0.4733463155813112,0.4543740124410205,0.4606022811871388,2
1775547374.2457826,1111.1,147.18,0.3925818559660616,0.4733630775307008,0.4552075886640723,0.4605763411262885,2
1775547374.2776458,1115.18,148.2,0.3914305213068979,0.4717667799488325,0.4534771028518876,0.4591019022784583,2
1775547374.3109534,1116.42,148.2,0.3921942405433468,0.474464137260062,0.4538151482356768,0.4613876868329478,2
1775547374.343852,1119.88,148.84,0.3910198091336544,0.4724239375358654,0.4527393932554412,0.459626705336941,2
1775547374.3898792,1122.62,148.3,0.3902015052764206,0.4713907349787217,0.4523886396328003,0.4577063516869314,2
1775547374.422766,1128.18,148.88,0.3889640052373134,0.4700005561781353,0.4503382414645046,0.459151282036257,2
1775547374.4538188,1129.64,148.3,0.3904242978618706,0.4711492680863007,0.452670845526838,0.4608242571621562,2
1775547374.486859,1135.74,149.16,0.3896790714267703,0.4697462972998377,0.4495126669391268,0.4588827949370977,2
1775547374.5184555,1139.04,149.24,0.3874294859804606,0.4689708702511684,0.4482119285378403,0.4566985908669536,2
1775547374.5509386,1144.8,149.2,0.3861563237159846,0.467109793592744,0.4474920518953809,0.4554703896124099,2
1775547374.5819004,1147.94,149.14,0.3891080145455605,0.4698505375999844,0.4488197969061672,0.4573546017306645,2
1775547374.6150534,1149.7,149.74,0.3854396451547084,0.466277584232917,0.4476023989754624,0.4565303113387824,2
1775547374.6468904,1151.52,149.86,0.3849632487912672,0.4656594502523778,0.4476618462180626,0.4579890843166602,2
1775547374.6786442,1155.98,150.74,0.38626836336391,0.4668505614687559,0.4476022478356078,0.4574670347977866,2
1775547374.7131882,1158.36,150.58,0.384127589251782,0.4650014044100782,0.447674800342971,0.458445358295489,2
1775547374.7462115,1162.0,151.54,0.3831991502315939,0.4641565538942941,0.446484291061596,0.4561931470300961,2
1775547374.7899537,1163.6,151.54,0.3826446597775039,0.4650566148403026,0.4467469691030776,0.4574203932471927,2
1775547374.821869,1168.86,152.28,0.3838662663938796,0.4641745704397643,0.446340823908418,0.4566501840566431,2
1775547374.856385,1168.8,152.34,0.3828564755942809,0.4634516107409499,0.4455834478362226,0.4596737358321499,2
1775547374.886767,1175.0,154.4,0.3840670117679943,0.4643056027791385,0.4455459709693737,0.4581596935461152,2
1775547374.9178925,1178.04,154.22,0.3809153144415588,0.4624567507709264,0.4436619585074304,0.4581721993395843,2
1775547374.9496546,1175.38,154.16,0.3825410664781705,0.4637717506184022,0.4447376566465147,0.454829586111359,2
1775547374.9829311,1176.8,155.78,0.3799846647306224,0.4613106506728632,0.4424478635921358,0.4557137495185521,2
1775547375.013898,1181.02,156.02,0.3830474277064182,0.4644317639306347,0.4453356596777799,0.4570833457100202,2
1775547375.046449,1182.04,155.92,0.3848273000559525,0.4655116653978993,0.4454087305025458,0.4554852279735594,2
1775547375.0786054,1183.8,158.24,0.3832371248844277,0.4638355922813011,0.4447335054805829,0.4566307036303794,2
1775547375.109872,1184.28,157.62,0.3834774846030948,0.463533446494998,0.4448616510558875,0.4565742612949836,2
1775547375.1419787,1184.16,157.82,0.3835261615589727,0.4648249633174632,0.4450307575469244,0.4551076468351298,2
1775547375.1748772,1184.32,157.6,0.3833412979289328,0.4656047584173912,0.4459259329777362,0.4556300190218404,2
1775547375.2085822,1188.46,157.72,0.3839684902994564,0.4666420977467332,0.4456975054771538,0.4575790384704808,2
1775547375.253894,1189.1,157.52,0.3826904033216103,0.466778540923091,0.4455245932507519,0.4554925818688279,2
1775547375.28717,1193.06,157.5,0.38505199232399,0.4665624678205497,0.4457800151628079,0.4553681127722705,2
1775547375.317903,1191.14,156.0,0.3849323578882018,0.4659511344943228,0.4464929571689697,0.4579371500196726,2
1775547375.3519022,1193.48,156.92,0.3849820525497062,0.4678395029290291,0.4470179347208242,0.4573326450623768,2
1775547375.3816867,1195.18,157.1,0.3833590320801749,0.4650357698655245,0.4462063652131762,0.4560941372929614,2
1775547375.4165933,1200.54,156.3,0.3861439904087361,0.4678758828222972,0.4468196245391268,0.4558666810614459,2
1775547375.445626,1202.12,155.72,0.3854358321849184,0.4665475598247394,0.4462190393773323,0.4559322896748844,2
1775547375.4802566,1206.4,155.08,0.3851856094743851,0.4672038800706313,0.4462198178589552,0.4564420601265694,2
1775547375.5098069,1208.32,155.38,0.3848845250011146,0.4657224718324383,0.445073380374161,0.4557274177445255,2
1775547375.5422893,1211.76,155.74,0.3828480701449198,0.4638247707364216,0.4438192604177787,0.4560747133842306,2
1775547375.5739903,1213.04,152.8,0.3836006448180037,0.4655240915100513,0.4447287124238506,0.4559812587760339,2
1775547375.607981,1215.26,152.64,0.3830245634224158,0.4641182672829777,0.4429751675923769,0.4548481380797741,2
1775547375.6538837,1217.36,153.02,0.3835973418793477,0.4658755330066588,0.4433877376014551,0.4544727756879396,2
1775547375.6869254,1220.4,153.38,0.3851634723300513,0.4677598836108423,0.4455812641279212,0.4565135781727248,2
1775547375.71871,1221.98,153.62,0.3855666854669546,0.4674810649592393,0.4453935715505279,0.4571940852728864,2
1775547375.7498035,1228.14,154.66,0.38659506540399,0.4692031405874903,0.4457020286844658,0.456081562579893,2
1775547375.7827654,1228.18,154.28,0.3854794527958831,0.4683269080488814,0.4468910813743674,0.4574994425761673,2
1775547375.8139896,1233.4,155.78,0.3854786648822222,0.4679269586283091,0.4447649692842965,0.456906712889722,2
1775547375.845765,1231.9,156.98,0.3857202171172303,0.4660497242718302,0.44558763502195,0.4562352642904621,2
1775547375.8776402,1233.76,158.42,0.3863115699924594,0.4682478800826797,0.4467137291523743,0.4574895854136714,2
1775547375.910849,1237.36,155.74,0.3851816351233657,0.4675483266425604,0.4451703907176793,0.4564246817409346,2
1775547375.9428098,1240.68,157.16,0.3857569554729685,0.4673349569570987,0.4462214497936024,0.4569474399525447,2
1775547375.9763932,1241.9,156.5,0.3859592733612124,0.4685346386904973,0.4460212231595406,0.4566071903371642,2
1775547376.0068693,1245.12,159.18,0.3857280311933388,0.4677783325538741,0.4453253682729923,0.457787203911309,2
1775547376.0405664,1245.36,158.9,0.3857083481825136,0.4676809369578181,0.4447174444260555,0.4565600216586227,2
1775547376.0857108,1250.18,161.16,0.385649679646901,0.4683318676293641,0.4458885776281032,0.4567510569693209,2
1775547376.1203363,1250.84,160.14,0.3835350711526852,0.4665846550105556,0.4435462046406649,0.4559393451675145,2
1775547376.150561,1254.78,160.44,0.384593722225943,0.4654438283233487,0.4448412847884918,0.4550264856780434,2
1775547376.1826112,1257.36,159.14,0.3862703587059985,0.467096958952193,0.4448651495859063,0.4550365882729102,2
1775547376.2146192,1255.44,159.58,0.3848193795974632,0.4679048984395337,0.4452150886646623,0.4551555622193169,2
1775547376.2467058,1256.08,159.02,0.3843102620983612,0.467361614215143,0.445586116613024,0.4554415026690849,2
1775547376.2777803,1261.28,159.62,0.3854171701397881,0.4681431930814978,0.4441968486206498,0.455966817929931,2
1775547376.310053,1260.94,159.06,0.3842031469363545,0.4672293960111063,0.4437728608276956,0.4545984685857309,2
1775547376.342617,1265.54,159.98,0.3850864893002336,0.4679175662243945,0.4441721435645866,0.4557929324052133,2
1775547376.3740923,1265.06,159.42,0.3867906625641661,0.4674138191037542,0.4459486052346216,0.4565614447810863,2
1775547376.405801,1264.8,159.54,0.3868152033965364,0.468182710771355,0.4448018734780307,0.456734349910293,2
1775547376.43944,1263.62,159.56,0.3882349716868366,0.4711186737535883,0.4468174308145192,0.4570331435474929,2
1775547376.48688,1258.68,161.76,0.387958154527787,0.470494726709888,0.4465033226503784,0.4571082468622223,2
1775547376.5177448,1259.94,162.2,0.3865439634248402,0.4697593263188755,0.4468199078319836,0.4574167641139965,2
1775547376.550799,1260.08,163.16,0.3839772563211283,0.4691003307587052,0.4456794180577292,0.4565387065885654,2
1775547376.582667,1260.18,162.2,0.3870075806967215,0.4704285972344986,0.4458893568018878,0.4572870075558466,2
1775547376.6158955,1266.18,163.96,0.3871532339083265,0.4705191252334976,0.4458007919952624,0.4575742099799713,2
1775547376.6456356,1266.98,162.62,0.3872779919311854,0.468693779658317,0.4450090008736841,0.4569935827725011,2
1775547376.6802022,1268.84,165.22,0.3861354363922681,0.4693095863340456,0.445360107226689,0.457419574495066,2
1775547376.7098331,1270.02,167.48,0.3860374940117759,0.467007878426716,0.4446913419406989,0.4555890126942207,2
1775547376.7443569,1270.56,164.86,0.3860133900803042,0.467282162003972,0.4467556955240655,0.4587746112197357,2
1775547376.7737648,1270.94,166.16,0.3862063730553756,0.4686524917083133,0.4458006858770601,0.4562827286456217,2
1775547376.8069537,1273.88,165.6,0.3866518218203016,0.467297058219955,0.445088110795205,0.4556757231467938,2
1775547376.8378277,1274.42,164.42,0.387344937201836,0.4687556889525554,0.4457571997956501,0.4578274017853312,2
1775547376.8725977,1277.4,166.54,0.3866094399782592,0.4698073581106831,0.4461229897219738,0.4580248690362691,2
1775547376.9178677,1276.76,167.76,0.3874096990848927,0.4691394845712613,0.4451997821987041,0.4568771715984173,2
1775547376.9503264,1280.62,167.64,0.3865364651078695,0.4708748891583552,0.445765797761753,0.4573056165123549,2
1775547376.982545,1286.32,169.9,0.3860452122429496,0.4682601779841872,0.4447612607594582,0.4563909431422706,2
1775547377.0137403,1289.96,172.96,0.3856928213653867,0.4700528372634567,0.4457224797398767,0.4575037241278717,2
1775547377.0459158,1291.96,171.06,0.3861754669746529,0.468694975962337,0.4465560011963999,0.4579623655188642,2
1775547377.0786614,1294.18,174.52,0.3873187226041036,0.4686468631666034,0.4473769551619099,0.4579833801112906,2
1775547377.1106443,1294.24,172.86,0.3868096642412121,0.4684787584065795,0.4457703179234211,0.4560505115387233,2
1775547377.141757,1293.08,176.16,0.3871151218429927,0.4695718954735302,0.4469288155426524,0.4567746477995532,2
1775547377.175038,1292.44,174.68,0.3873538871586527,0.4697003519378188,0.4462129376577931,0.4565809359732244,2
1775547377.2069948,1292.66,175.44,0.3867529398199565,0.4704088889104117,0.4474835108747769,0.4581033211600577,2
1775547377.2403526,1290.26,176.4,0.3872957134364566,0.4709108707015301,0.445992888304104,0.4580305566518861,2
1775547377.2729442,1297.14,178.62,0.3874814486283886,0.4723333250716875,0.4488700710497739,0.4580039596031067,2
1775547377.3039634,1296.46,176.22,0.3881637393599044,0.4732378909489397,0.4488325630883324,0.4585511774332374,2
1775547377.338424,1298.48,179.2,0.3881340545496053,0.4714437739072994,0.447440378640718,0.4578728311208313,2
1775547377.3831985,1297.68,176.0,0.3854996152495529,0.4712303180030316,0.4465937974840908,0.4567547843641577,2
1775547377.4141347,1300.2,174.84,0.386526930462163,0.4712518018563941,0.4467069747675144,0.4569919200858914,2
1775547377.446681,1302.14,173.58,0.3864121822008289,0.4705740130762096,0.4473033410107704,0.4587913610978166,2
1775547377.4777725,1298.86,173.34,0.3879471755710625,0.472709862059647,0.450216114266152,0.4588346393018221,2
1775547377.5107932,1300.42,171.82,0.387125266938685,0.4731816463474761,0.4486049384620225,0.4592520409784478,2
1775547377.5424516,1300.56,181.16,0.3866968383034016,0.471735661026371,0.4492670020457021,0.4580849555451505,2
1775547377.574869,1299.72,202.92,0.3865222665994191,0.4710509498572658,0.4478342658971433,0.457759240994536,2
1775547377.6066487,1301.14,230.3,0.3856200220311925,0.4706526296436093,0.446446831141824,0.4568883115389137,2
1775547377.6378784,1301.7,253.36,0.3851553980765794,0.4694100209479449,0.4464094804626387,0.4566596924302427,2
1775547377.6742263,1305.68,255.34,0.3853560644195205,0.4681262165030788,0.4451094671360719,0.4557377712199572,2
1775547377.7028346,1309.3,250.96,0.3838903457478362,0.4667892125351489,0.445063155213844,0.4558902435928392,2
1775547377.7355134,1309.78,249.5,0.3841593310253237,0.4653538106691965,0.445376375700469,0.4566216112324386,2
1775547377.7829118,1313.62,249.5,0.385872942208824,0.4675791062047152,0.4460849169818597,0.45586099479403,2
1775547377.8147025,1315.58,251.28,0.3874258880216925,0.4712367432362545,0.4481783968573694,0.4563984225571457,2
1775547377.8457298,1314.62,251.38,0.3843364794641981,0.4673966042393392,0.4460959273704553,0.4550302997616853,2
1775547377.8788724,1321.46,252.6,0.3868451997099544,0.4706344064954423,0.4461401550010727,0.4553332703094577,2
1775547377.910736,1321.96,252.16,0.3870465404295783,0.4710626521759709,0.4480163835218498,0.4571629750676934,2
1775547377.944125,1326.3,253.54,0.387613466299567,0.4717916193325011,0.4484317651268707,0.4568774688306056,2
1775547377.9748144,1326.5,253.88,0.3858313828140816,0.4705192871297587,0.4469545497855682,0.4563531231938326,2
1775547378.0080278,1325.98,253.46,0.3867964879175761,0.4713276422792805,0.4483671561048358,0.4567853823023273,2
1775547378.0386703,1322.86,253.74,0.3858063960412875,0.4711051217008345,0.4478252218869946,0.457018783091726,2
1775547378.0747206,1328.76,261.4,0.3864493283499103,0.4710994085242657,0.447416630978328,0.457238382736142,2
1775547378.101863,1333.82,280.0,0.388216934391531,0.4707653058285955,0.4483378155277853,0.4581982395635888,2
1775547378.135753,1341.04,304.44,0.3860192267655183,0.4706982054430796,0.4465808652439555,0.4574254758130636,2
1775547378.1689184,1344.04,332.32,0.385863747141222,0.4708080416102373,0.446844539875272,0.4572095259525642,2
1775547378.2136683,1346.12,360.82,0.3871079918491028,0.4714041661491021,0.4484295070506453,0.4573282231522032,2
1775547378.2458122,1345.76,382.54,0.3877308972975687,0.4719744164448412,0.4488975508906807,0.4601228935615385,2
1775547378.2787817,1350.96,391.14,0.3870095645479307,0.4725393957756841,0.4485854073264321,0.4579371706149616,2
1775547378.310685,1353.36,405.56,0.3856353145997448,0.4709007894537899,0.4486212613586281,0.4574343551031918,2
1775547378.3427682,1356.76,420.94,0.3869736734546755,0.4722469058770048,0.4479542850194047,0.4569219787301773,2
1775547378.3752563,1360.58,438.4,0.388310077834153,0.4721597048618529,0.4494123792918847,0.4576677102517625,2
1775547378.4058633,1361.9,463.22,0.3877743151420727,0.4723781226184678,0.4490691564251494,0.4579697219070021,2
1775547378.4392576,1364.34,483.74,0.3856275318247771,0.4708401169186202,0.4473030114206083,0.456459214185047,2
1775547378.4751425,1367.88,509.72,0.3877119706276903,0.4707138343630251,0.4456915689258107,0.4554923977874284,2
1775547378.5041783,1369.34,532.88,0.3864957618860809,0.4704642095963294,0.4467754688115151,0.4563693878753775,2
1775547378.534579,1372.2,557.0,0.3867959792684611,0.4708498745147741,0.4474587725714463,0.4569140980760084,2
1775547378.5684297,1371.14,578.1,0.3875212077937097,0.4703490991006038,0.446455922079679,0.4555350648384293,2
1775547378.613915,1372.36,603.94,0.3886095455295945,0.4718471005427805,0.4485975037768385,0.4573706638235385,2
1775547378.6482654,1371.52,625.76,0.3884889145741115,0.4726091774781131,0.4502323264609741,0.4580763261656888,2
1775547378.6788464,1372.92,647.96,0.3876170400703788,0.4722425529224922,0.4497128208464187,0.4587149060485999,2
1775547378.7099595,1372.92,672.26,0.3865811064526586,0.4700684368152712,0.4465598056476562,0.4564618637288526,2
1775547378.7429087,1373.36,695.94,0.388669296109205,0.4724001858802895,0.4478082736255858,0.4564571173739236,2
1775547378.7760596,1373.06,720.8,0.3887402881178152,0.4714268954872119,0.4480718684902621,0.4570697287942101,2
1775547378.8066423,1373.28,744.66,0.3885320014735691,0.4714509188470144,0.4494204992680848,0.4587247342140098,2
1775547378.8379197,1375.82,768.36,0.3879724013397296,0.4717424451935705,0.4482416092878364,0.4579499136418576,2
1775547378.8707705,1379.32,793.96,0.3843342181735381,0.4690513333150347,0.446251609238588,0.4574505751358796,2
1775547378.901998,1382.64,819.04,0.387369036467171,0.4716871056247459,0.4471490639700867,0.4583510725356787,2
1775547378.934934,1376.1,844.1,0.3899091620247925,0.4737157378635142,0.4484469461355953,0.4583312747281341,2
1775547378.966846,1377.8,869.16,0.3895723075770246,0.4735463772734521,0.4490610828049372,0.4589044770917834,2
1775547379.0008285,1378.62,894.04,0.3880849711500648,0.4734755791243796,0.4496912303134141,0.4599372747949268,2
1775547379.0458226,1381.24,920.84,0.3874061192919513,0.4717939027668024,0.4485210128041,0.4602626150522236,2
1775547379.0782778,1380.96,947.72,0.3885205102378041,0.4734427483283393,0.4487328571197304,0.4597794187047585,2
1775547379.1098323,1381.54,973.22,0.388072883752717,0.473959620974704,0.4486032865448824,0.4579978897418891,2
1775547379.1438577,1388.5,999.34,0.3885873351075311,0.4730568205758799,0.449428632789048,0.4585358297396418,2
1775547379.1763494,1391.74,1023.44,0.3892644234508308,0.4729651139984857,0.449210444343343,0.4596349745711608,2
1775547379.2082918,1398.32,1040.16,0.3889163108077034,0.4742399313674358,0.4487141796916089,0.459893458247838,2
1775547379.2386525,1400.24,1045.0,0.3898374089006675,0.4749995461022619,0.4495823814418694,0.4592573489841781,2
1775547379.2722993,1400.56,1043.64,0.3875106944764969,0.471571741210944,0.4480707636013214,0.4573801478366096,2
1775547379.3029368,1406.54,1045.36,0.3867400328094416,0.4712230792862905,0.4476582902212477,0.4572336542011538,2
1775547379.333841,1407.96,1068.74,0.3877577885033588,0.4724151424498362,0.4484631619434655,0.4568739944434751,2
1775547379.3670151,1406.88,1098.04,0.3880162092508605,0.4722458818279029,0.4490019729841293,0.4595954228440609,2
1775547379.3986793,1408.94,1125.58,0.3880989379204359,0.472092539397098,0.4493751113113901,0.4564528783920377,2
1775547379.432512,1407.94,1151.18,0.3855956780075437,0.47108659318142,0.4475686533121087,0.4579057174022924,2
1775547379.4777615,1405.1,1177.04,0.3876511778180454,0.4730852930830507,0.4485853179670287,0.4572030651243727,2
1775547379.509735,1404.42,1202.66,0.388119625435089,0.4716687879689319,0.4493564064532362,0.4579371507340601,2
1775547379.542637,1403.74,1229.72,0.3880787541553683,0.4730662304936223,0.4493494337624652,0.4587365535763246,2
1775547379.576897,1403.72,1255.42,0.3863787608777579,0.4714990824323525,0.4466672665338638,0.456311294457096,2
1775547379.6058004,1404.06,1281.6,0.3883797729733697,0.4725682552154269,0.4486506855195813,0.4579094197865957,2
1775547379.638893,1405.5,1306.2,0.3871754375929592,0.4739046748263995,0.4490069782500919,0.457629263911353,2
1775547379.670683,1406.98,1333.72,0.388437942763008,0.4739494266961416,0.4486723737938609,0.4576724709550172,2
1775547379.702703,1414.68,1358.58,0.3895022555665584,0.472798544553014,0.4486241325628334,0.4562191392534362,2
1775547379.7337923,1415.54,1378.88,0.3874357673774987,0.4739678526753794,0.4485689829063505,0.4593097525974902,2
1775547379.7681935,0.0,0.0,0.3888627191809795,0.47424433052271,0.4505740370476136,0.4598807058267277,2
1775547379.7984688,1514.78,398.2,0.3898769628141646,0.4741562586255971,0.4501429149453067,0.4592720980394265,2
1775547379.8313682,1514.78,398.5,0.3902985540663162,0.4750189375708132,0.450760539157623,0.4615022657194303,2
1775547379.8665738,1512.84,398.68,0.3896710336056598,0.4763031141512565,0.4520103615596277,0.4618424581445543,2
1775547379.9120178,1512.84,400.46,0.3903219721458524,0.4761577869653391,0.4528413413248611,0.4623767705548786,2
1775547379.942935,1509.24,400.18,0.3899459623165643,0.4750370151951436,0.4510768032101582,0.4595084229750864,2
1775547379.9773183,1509.24,401.3,0.3908340336326392,0.4766831959741789,0.4522037233486738,0.4606258992844028,2
1775547380.0056946,1506.08,400.98,0.3911200686810222,0.4766257843912288,0.4526446789628168,0.4604640882610684,2
1775547380.0388796,1506.08,401.58,0.3875036341609937,0.4739760154719946,0.4499982901927917,0.4586753371469803,2
1775547380.070603,1501.56,401.6,0.3894588690679597,0.4740105215042643,0.4507250836085806,0.4605967097010728,2
1775547380.1028688,1501.56,402.6,0.3886542884856127,0.475124296192937,0.4506033043532251,0.4582741477368506,2
1775547380.15039,1495.06,402.56,0.3916604800320159,0.4757710935992453,0.4508466640729274,0.4606624840410651,2
1775547380.1833224,1495.06,403.66,0.3905093443870353,0.4751861572210882,0.4511890030348983,0.4606661633463458,2
1775547380.2168136,1494.44,403.94,0.3910848413371409,0.4756815113956651,0.4528800155698198,0.4612986893970093,2
1775547380.2636774,1494.44,404.74,0.3896634078182023,0.4765492879375576,0.4522404644567328,0.4608834940529241,2
1775547380.2969372,1491.76,404.66,0.3872216127339947,0.472441164576922,0.4486906297993909,0.4591772219049518,2
1775547380.3417463,1491.76,405.02,0.3893219529371318,0.474316794268919,0.4497359573796342,0.4584077480598678,2
1775547380.3778367,1488.26,404.58,0.3877591371484995,0.4725853855247076,0.4496138873618814,0.4586248096462174,2
1775547380.4080744,1488.26,405.54,0.3893417760343194,0.4757577412690132,0.4511129462161587,0.4607675653630177,2
1775547380.4387012,1484.38,404.66,0.3910913549359747,0.4754204383681054,0.4512079155875705,0.459350000516029,2
1775547380.4724925,1484.38,405.3,0.3893689299951302,0.4754892088510383,0.4518804365606237,0.460424821671257,2
1775547380.5027173,1478.58,404.56,0.3898565837295935,0.4763300986755718,0.4531701014973177,0.4629176542809691,2
1775547380.5363925,1478.58,405.22,0.3917518048453163,0.4759208986859733,0.4524850904628095,0.460095428316242,2
1775547380.5659142,1475.34,405.02,0.3892277738387738,0.4738269138537598,0.4505600342662499,0.458936219787829,2
1775547380.5978076,1475.34,405.98,0.3895425946109929,0.4761645705707761,0.4522542748402289,0.4604159305361416,2
1775547380.6309912,1473.7,406.14,0.3902797135023143,0.4737895435114202,0.4499453895972092,0.4598896090068578,2
1775547380.6628246,1473.7,407.06,0.3904693005721166,0.4752394281254955,0.4492837813829316,0.4586113070066254,2
1775547380.6965342,1471.3,406.7,0.3900346606045262,0.47491792367699,0.4511437350117851,0.4590708827589173,2
1775547380.7427175,1471.3,407.44,0.3899512700434642,0.4736525581827698,0.4504365184887343,0.4589371529757565,2
1775547380.7788284,1468.8,407.9,0.3896060489103308,0.4757754934961707,0.449788364281612,0.458321527828979,2
1775547380.8067377,1468.8,408.06,0.3905156809027998,0.4759799440057391,0.4499998334990442,0.4575257651755773,2
1775547380.8380742,1467.74,407.84,0.387859257459672,0.4745573318890087,0.4500768699077167,0.4574832015186991,2
1775547380.8706417,1467.74,408.28,0.3887257630669756,0.4746339505293341,0.4496946017075527,0.4572599467384218,2
1775547380.902827,1466.38,408.02,0.3886901949036382,0.4741765926747857,0.4487665986775181,0.4583158951420232,2
1775547380.9337914,1466.38,408.5,0.3873350436437103,0.4744401231143557,0.4509522596781321,0.4586621127236823,2
1775547380.9667935,1463.84,408.48,0.3904739060797969,0.4749572463691852,0.4513731804693531,0.4587316188204178,2
1775547380.998031,1463.84,408.72,0.3883829103154871,0.4729209771815138,0.4493065038324057,0.4590227198687345,2
1775547381.0323565,1462.46,408.76,0.3886116982895701,0.4744452324425516,0.4486567849012875,0.4563373353958952,2
1775547381.0617242,1462.46,409.52,0.3912559113718281,0.4749969236578347,0.4501908922726378,0.457433563853149,2
1775547381.0963233,1461.5,409.28,0.3885100702704444,0.4723531117368179,0.4492667306089447,0.4577911825177958,2
1775547381.1299813,1461.5,409.5,0.3894843208548741,0.4760712503369845,0.4501352331257643,0.4575868092142517,2
1775547381.1793883,1460.72,410.14,0.3900723727455256,0.4750120533190085,0.4508662140293233,0.4585948760840025,2
1775547381.2072778,1460.72,410.5,0.3898893130554839,0.475418785711545,0.4496688408381936,0.4579945738491165,2
1775547381.237863,1459.54,410.66,0.3890320168655885,0.4734328729400193,0.448966165232769,0.4576564063357362,2
1775547381.2707107,1459.54,411.52,0.3886397038114495,0.4743067112580307,0.4491666162472117,0.4577746021302574,2
1775547381.3016624,1457.9,411.4,0.3858590032102234,0.4716156038512289,0.4485282538124859,0.4565824103042134,2
1775547381.334546,1457.9,412.04,0.3881247642804025,0.474218840860212,0.4495538102904216,0.4564772239644214,2
1775547381.366737,1454.56,411.64,0.3899475611535196,0.4762682601839527,0.4519408896544242,0.4588881205318659,2
1775547381.3978596,1454.56,412.34,0.3885154583012843,0.4727101610582647,0.4489701008648843,0.4570449876345797,2
1775547381.430706,1450.24,412.42,0.3877682024093392,0.4720061898880995,0.4489716495672848,0.4570185256150121,2
1775547381.462664,1450.24,413.22,0.3844604791022538,0.4672899140795539,0.4451349569657132,0.4550862455192062,2
1775547381.493708,1448.58,413.28,0.3822846718020066,0.462388948063807,0.4448357439023388,0.4517557120919723,2
1775547381.5275044,1448.58,413.94,0.382636148889461,0.4550035455409658,0.4421183614713427,0.4479169576804504,2
1775547381.579135,1446.7,413.96,0.3764020393592721,0.4425405324838556,0.4362016957604522,0.4415261884272307,2
1775547381.606436,1446.7,413.86,0.3598809427692886,0.4114840426217005,0.4144410019276527,0.423600225409886,2
1775547381.637893,1446.56,414.08,0.3259091090415837,0.3734155287008278,0.3813412342087793,0.4039018633130823,2
1775547381.6723187,1446.56,414.14,0.2734126857598508,0.3118232565565874,0.33078172045482,0.370357629764269,0
1775547381.7016203,1444.96,414.2,0.2054970896013246,0.2281440065489564,0.2714970207115918,0.3386580516831876,0
1775547381.7364862,1444.96,414.5,0.1634930731329225,0.1835339316924533,0.2326239262984103,0.3187670943311512,0
1775547381.7659595,1443.42,414.12,0.1203353263415737,0.1296662838643639,0.1730023981890634,0.2787721111179359,1
1775547381.8004217,1443.42,414.36,0.0941364872623858,0.0950705057574908,0.1381109588817507,0.2153711051673763,1
1775547381.830927,1443.38,414.26,0.0703437325764948,0.069615117211086,0.1078704008961818,0.1831605546429605,1
1775547381.8628612,1443.38,414.4,0.0590393854076979,0.0563518558596431,0.1010138577951326,0.1545625151582417,1
1775547381.8938465,1440.14,414.08,0.0569673590911546,0.0422441852594656,0.0809286455972216,0.1227011999785682,1
1775547381.9257898,1440.14,415.06,0.053547633131402,0.029492928074274,0.0718895950579163,0.1128361715757715,1
1775547381.9585211,1440.12,415.08,0.0661517756283339,0.0249423363785879,0.0510492444612404,0.0927878539340312,1
1775547381.9919064,1440.12,415.82,0.085308366544391,0.0392943430539057,0.0366565399006023,0.0719750823741485,1
1775547382.038979,1435.26,415.66,0.0860004771458092,0.0346399168378662,0.0263533459846088,0.0607647784255102,1
1775547382.0705,1435.26,416.46,0.0872073664812566,0.0352241046231066,0.0221583737745083,0.058762054344504,1
1775547382.1025586,1432.1,416.56,0.0942369070558974,0.0389415855112279,0.0153163706529225,0.055609808521728,1
1775547382.1346364,1432.1,417.28,0.1061921402505078,0.050541769541077,0.0137246820429733,0.045627600257228,1
1775547382.165903,1429.18,418.24,0.1100250090644413,0.0515768009573109,0.0187428591395075,0.0450052316540391,1
1775547382.1986563,1429.18,418.88,0.1167251284273108,0.0580871211583012,0.0201004817524644,0.040738485858332,1
1775547382.2306733,1427.66,418.66,0.1249906884385675,0.0638183997499243,0.0233616263277078,0.0359682567715414,1
1775547382.262805,1427.66,418.82,0.1298086885806592,0.0682565020302817,0.0275906033482648,0.0359517097326813,1
1775547382.2959192,1424.6,418.74,0.135241403405712,0.0741400306909177,0.0276620486185771,0.0335212756062276,1
1775547382.3268423,1424.6,419.18,0.1349286568997004,0.0745980297352504,0.0279675817796536,0.0367633799035549,1
1775547382.3599784,1422.14,419.26,0.1397005296251528,0.0799245362997676,0.0293256935923552,0.0325106662305321,1
1775547382.393852,1422.14,419.06,0.1374157550354214,0.0785026196468207,0.0271063468823665,0.0345706683888936,1
1775547382.4403205,1420.04,418.46,0.1343119950372744,0.0768261234517372,0.0223842497412028,0.034378998018233,1
1775547382.4698002,1420.04,419.12,0.1341333423345103,0.0759735913986322,0.0188021968578195,0.0360802243641644,1
1775547382.5017362,1417.58,419.44,0.1317398195433195,0.0739080310626393,0.0147357417152198,0.0408903112763578,1
1775547382.5343337,1417.58,420.3,0.1333279934451575,0.0736745037705699,0.0139964982214678,0.0415280601272407,1
1775547382.566018,1414.8,419.44,0.137150093490207,0.0777926043390508,0.0171036490942247,0.0424435556863987,1
1775547382.5990434,1414.8,420.14,0.1388581698937791,0.077697122482205,0.0132057482070916,0.0379723902289967,1
1775547382.6299973,1412.14,419.56,0.1352325590643406,0.0742438262617787,0.0123230529281067,0.0420854884584049,1
1775547382.66189,1412.14,420.36,0.1352534482473306,0.0743310054436052,0.0108427691107767,0.0430310962022053,1
1775547382.69471,1412.8,419.98,0.131345082460116,0.070912367366495,0.0101029297131118,0.0463571311654662,1
1775547382.7265897,1412.8,420.58,0.1300070380168793,0.0703713112496174,0.0116868140485569,0.0465793657800332,1
1775547382.7586637,1409.08,420.46,0.1308150952167863,0.0696944205853576,0.0139393212502279,0.0510806632511281,1
1775547382.7908244,1409.08,421.22,0.1297245725828482,0.0723731488919904,0.0159883094447145,0.0523014349036449,1
1775547382.824704,1406.5,421.0,0.1276081401789456,0.068986673129187,0.0178012501898699,0.0556820570862059,1
1775547382.870611,1406.5,421.26,0.128843081869011,0.0715759825919587,0.018830298596819,0.0524035773405886,1
1775547382.902676,1403.9,421.36,0.1284033716283402,0.0706108461370606,0.0164826634036354,0.05420054507405,1
1775547382.9358006,1403.9,421.8,0.121008324082856,0.0628297554055057,0.0190493385057024,0.0610098914486779,1
1775547382.96699,1401.28,421.48,0.1291181947761694,0.0710837197654105,0.0168743532400423,0.0524957484130763,1
1775547383.000178,1401.28,422.02,0.1245576353184352,0.0664654014652495,0.0204792981981563,0.0586162940024646,1
1775547383.0300138,1399.24,421.88,0.1260296016125,0.0687857133228962,0.0204019874247178,0.0566556674943117,1
1775547383.063475,1399.24,421.84,0.1239239327783091,0.0645737764582813,0.0187916572819433,0.0563190107660215,1
1775547383.0939846,1398.62,421.16,0.1264586858637843,0.0684225255870579,0.0203784662127867,0.0577734890292794,1
1775547383.12573,1398.62,421.42,0.1273525016175928,0.0687128639397691,0.0188700796535079,0.0561568246629657,1
1775547383.158889,1396.94,421.7,0.1238982458280435,0.0657938317083803,0.0219973018681954,0.0588546220533905,1
1775547383.191249,1396.94,422.26,0.1276467187559221,0.0703357048019783,0.0259108373897597,0.0578904062236128,1
1775547383.22536,1393.88,422.26,0.1246728864880143,0.0652907727517334,0.0203391951833776,0.0580982625442224,1
1775547383.2710466,1393.88,423.22,0.1260616733277616,0.0681395122347035,0.0238912132652831,0.0572197932611996,1
1775547383.3017244,1389.62,422.22,0.1229963977868429,0.0646394038117955,0.0258702715666146,0.0594917111251283,1
1775547383.3347623,1389.62,423.0,0.1229106070831494,0.064971489838592,0.0303639125911589,0.0638598187652398,1
1775547383.3667054,1387.6,422.66,0.1284279542257665,0.0668087566930016,0.027118474642285,0.0585905220418184,1
1775547383.3978071,1387.6,422.94,0.1261384374680876,0.0644419456976957,0.0262685811023544,0.0586213922702684,1
1775547383.4306638,1384.6,422.86,0.1209004863435868,0.0598855858236521,0.0280208738591575,0.0635596213221583,1
1775547383.464481,1384.6,423.5,0.1269698651228182,0.0663792203471913,0.0268315092837652,0.0601478283649788,1
1775547383.5005789,1383.54,423.18,0.1249763202014119,0.0645805701085934,0.0275687491405709,0.0593795853546816,1
1775547383.542626,1383.54,423.68,0.1251402221581921,0.0638669173118612,0.025969949719462,0.0595482178124209,1
1775547383.576577,1383.22,423.18,0.121521245288505,0.0601779055840991,0.0269055973540011,0.0626611961677566,1
1775547383.6091807,1383.22,423.2,0.1238591876329692,0.0633695502675189,0.0286680548600092,0.0639038372327258,1
1775547383.6547775,1380.36,423.56,0.1284673733399635,0.0708670468933567,0.0331988701213386,0.0627678061040098,1
1775547383.6857474,1380.36,424.1,0.1261983817952718,0.0669896895961612,0.0302286859962649,0.0631313141242166,1
1775547383.7201128,1378.34,425.0,0.1261642449401487,0.0677859890758495,0.0336404757841846,0.0620799992905923,1
1775547383.7538505,1378.34,425.18,0.1255690408753015,0.0646317687397061,0.0312479920825363,0.0648743920943477,1
1775547383.798718,1377.46,425.14,0.1240790498226649,0.0637886459507614,0.0296501845728425,0.0638244057525748,1
1775547383.8301132,1377.46,425.38,0.1249779263292428,0.0660692982894866,0.0341628071853252,0.0661514067947204,1
1775547383.8628182,1377.64,424.48,0.1235008586221775,0.0633519328121331,0.0310207625070454,0.0635500658686513,1
1775547383.896991,1377.64,424.78,0.125570946302196,0.06391229816662,0.0342322548785862,0.0679073611691428,1
1775547383.942116,1376.42,424.72,0.1230370526007106,0.0605346840643284,0.0290880923951408,0.0635373844694675,1
1775547383.9739983,1376.42,425.44,0.1256683566181456,0.0631941402793141,0.0282363807046468,0.0611194917681848,1
1775547384.0059023,1375.24,425.2,0.1246026289944838,0.0629062937411477,0.0308126434598108,0.0637166288092868,1
1775547384.039663,1375.24,425.58,0.1226210595963438,0.0609431473031117,0.0309982528686351,0.0654987632235798,1
1775547384.085994,1374.92,425.66,0.1241499192238499,0.0633892888278408,0.0285378179489613,0.0614245278097366,1
1775547384.1192892,1374.92,426.44,0.1234663473506851,0.0625179216762615,0.0290665168630217,0.0621913743334569,1
1775547384.1501606,1373.12,426.04,0.1217663271544976,0.0613885150905512,0.0312348164330023,0.0646336779423109,1
1775547384.2018433,1373.12,426.78,0.1206544209961627,0.0590678559679543,0.0295523867672326,0.0642230628449591,1
1775547384.2476406,1371.02,426.12,0.1234312206713993,0.0629572068832001,0.030519600298561,0.063121029871318,1
1775547384.2937715,1371.02,426.2,0.121880069074348,0.0603820828636777,0.0298429190912989,0.064741840320573,1
1775547384.3283825,1369.1,426.8,0.1224737567914462,0.0607596033992404,0.0311363936290544,0.063919543488976,1
1775547384.3577397,1369.1,427.1,0.1221512992533376,0.0611358409475209,0.0328629750448296,0.0672881518625365,1
1775547384.392544,1367.2,427.02,0.1284838518829405,0.0680772780165821,0.0310564795867122,0.0622924425757819,1
1775547384.4226549,1367.2,427.56,0.117815556390787,0.0547508515745963,0.030243832263346,0.0667966830670599,1
1775547384.453727,1361.26,427.1,0.1232036028543431,0.0615297697268443,0.0295798057855265,0.063969674623311,1
1775547384.4867322,1361.26,427.52,0.1255797814646631,0.0650156335518072,0.0298973738865505,0.0621324553100914,1
1775547384.517722,1358.78,427.2,0.1163271518185691,0.055001507110749,0.030508515623748,0.0662358017518285,1
1775547384.5508728,1358.78,427.52,0.1261710856887692,0.0691765379209122,0.0336439104722166,0.0641343923934864,1
1775547384.5843036,1355.92,427.32,0.1220132686763287,0.0627672960263141,0.0304477897657358,0.0648583895581021,1
1775547384.6148171,1355.92,427.64,0.1242842193379633,0.0625617840501984,0.0308854623841186,0.0655742693096773,1
1775547384.6466076,1354.32,427.26,0.1221987393035709,0.0604324212568635,0.0323756067180128,0.0669304717467218,1
1775547384.680334,1354.32,427.86,0.1220028108935889,0.0598909127624833,0.0316809435165965,0.0657810444764371,1
1775547384.7269948,1353.1,427.86,0.1175820630884907,0.0559556996581616,0.0300241671957856,0.0664450252416498,1
1775547384.758461,1353.1,427.98,0.1237222807484303,0.0619107149684246,0.0332907027374541,0.0664579033512442,1
1775547384.789778,1350.82,427.72,0.1223251653430235,0.0626049385908856,0.0310784209660655,0.0656536372946493,1
1775547384.8226318,1350.82,428.58,0.1193606787980686,0.0584068508149321,0.030118045580152,0.0655138913856896,1
1775547384.8548856,1347.22,428.4,0.1198478359446168,0.0587463039078941,0.032723670223045,0.0669868133056894,1
1775547384.8882048,1347.22,428.82,0.124936300268241,0.0655078350503128,0.0340329853432648,0.0653618240450339,1
1775547384.918719,1342.32,427.52,0.1238548583160069,0.0638853206737097,0.0327061287852969,0.0663658438395535,1
1775547384.9524405,1342.32,427.84,0.1214936147274738,0.0600059043121922,0.0325634486807397,0.0678310039908341,1
1775547384.9849205,1336.04,427.3,0.1222278942496512,0.0609799245883281,0.03280630728035,0.0664563764983939,1
1775547385.0163283,1336.04,426.82,0.1207274994874234,0.0592320578671493,0.0328580845268431,0.0683477075915108,1
1775547385.0458062,1335.92,427.22,0.1215058181547873,0.0598844494497028,0.0315966871468644,0.0677283547780832,1
1775547385.0785,1335.92,426.36,0.1236218364789666,0.0638129325086341,0.0328599893261997,0.0668727029846999,1
1775547385.111918,1333.2,426.74,0.1226535799132801,0.0608721737055455,0.0331316790589318,0.0657585701123351,1
1775547385.1590164,1333.2,427.38,0.1180616313135814,0.0585509048661178,0.0320011101112064,0.0665034682260286,1
1775547385.1896858,1332.0,427.28,0.1223434313239448,0.0627689852383796,0.0329459898274391,0.0666499034729645,1
1775547385.222783,1332.0,427.6,0.1241978270123121,0.063418701497194,0.0342876247999209,0.066651202092448,1
1775547385.2538278,1329.12,427.7,0.1198849065803254,0.0581194342182747,0.0323032123706877,0.0680648389824906,1
1775547385.285747,1329.12,428.4,0.1180261115790133,0.0555151394180357,0.0314894347011874,0.0683784896542546,1
1775547385.318738,1324.84,427.98,0.1233067544742782,0.0641139347375184,0.0345131553485493,0.06851702326231,1
1775547385.3511076,1324.84,428.54,0.1237020498599722,0.0618937075541096,0.0314170032984591,0.0654862257266327,1
1775547385.3860445,1322.16,426.72,0.1227346061388497,0.0606878648641727,0.0307509224246606,0.0642385389820423,1
1775547385.413911,1322.16,425.78,0.1162334364156735,0.0564419308229078,0.0312916846675557,0.0687547216868248,1
1775547385.44586,1321.02,425.52,0.1177067507055118,0.0578487293285317,0.0316368334400003,0.0686676301324737,1
1775547385.4773953,1321.02,426.5,0.1167025901396826,0.057382890210532,0.0326699776330193,0.067551696523417,1
1775547385.5103283,1319.06,426.44,0.1156781880703816,0.0540446865080527,0.0333121444979747,0.0693107696291196,1
1775547385.5441043,1319.06,426.82,0.1167940057947656,0.056903515680222,0.0335939761775017,0.0691780181508806,1
1775547385.5923045,1314.94,426.12,0.1219247030796354,0.0618190196533116,0.0297620944993543,0.0619262354959686,1
1775547385.621731,1314.94,426.26,0.1214740766889317,0.0612073942012256,0.030309806096131,0.062181304039644,1
1775547385.656503,1314.42,425.5,0.1152804705298979,0.0551746273315818,0.0328488547961239,0.0689315036658808,1
1775547385.686666,1314.42,425.74,0.1180642194175001,0.0585082777263738,0.0317619039934758,0.0659731738164512,1
1775547385.7191944,1313.42,425.14,0.1101419825100951,0.0485879031267042,0.0328664513184276,0.0703130045572074,1
1775547385.7500749,1313.42,424.44,0.1146277929649648,0.0540071796035411,0.0319525726586006,0.0687743269591011,1
1775547385.782038,1311.5,422.92,0.1149114301022177,0.0546369509199675,0.0312867112833723,0.0680651575868497,1
1775547385.8145647,1311.5,421.98,0.1207715444230638,0.0620903508455583,0.0332643981987248,0.0667170598754562,1
1775547385.845756,1307.66,422.24,0.1220372503116576,0.0626118828001983,0.0297599293202761,0.0628389899701819,1
1775547385.8775609,1307.66,422.6,0.117895085937826,0.0578886704822307,0.0339867323424644,0.0692874264914314,1
1775547385.9107766,1306.18,422.24,0.1185241896418562,0.0589429958803399,0.0333904525476774,0.0667366572687839,1
1775547385.9443777,1306.18,421.12,0.115690738759967,0.0540469748672324,0.0326836506490242,0.0675914053565809,1
1775547385.989592,1304.4,420.78,0.1176191396564856,0.0557116261733477,0.031443859761185,0.0673772277369532,1
1775547386.022729,1304.4,421.14,0.1157608716042886,0.0540411429964432,0.0308242974841089,0.0669662702013172,1
1775547386.0545588,1301.96,421.04,0.1130872454120335,0.05302585348078,0.0345795525300352,0.0712082534861553,1
1775547386.08751,1301.96,424.38,0.1172484534321201,0.0571481455449827,0.0332162073775474,0.0679767914693314,1
1775547386.1188495,1299.68,422.9,0.1126902357115393,0.0527766156488055,0.031363038834369,0.068628296867677,1
1775547386.1523302,1299.68,423.66,0.1089597414668,0.0509340875931096,0.0335424879810568,0.0720465580898861,1
1775547386.1877627,1296.62,425.22,0.1152338811218606,0.0566109630454316,0.0285437053422156,0.0648299596679727,1
1775547386.2159643,1296.62,425.14,0.1218481723275717,0.0635219180203851,0.0156183265765867,0.0625209473516977,1
1775547386.2466228,1292.04,424.86,0.117457085567399,0.0577338213064384,0.0172267359255016,0.0631783412174551,1
1775547386.2800925,1292.04,424.82,0.1034582436980892,0.0398867301670425,0.0219423610415804,0.0691748022449874,1
1775547386.3107736,1287.82,423.9,0.0915250704442617,0.0278321678947653,0.030830880994361,0.075962735820275,1
1775547386.342224,1287.82,421.9,0.0755855880174498,0.0183668821043025,0.0394299456508326,0.0870951360907804,1
1775547386.3751614,1282.7,421.8,0.0655112797408618,0.0073405429654292,0.0497585450936793,0.0959029294515675,1
1775547386.4217489,1282.7,423.06,0.0684362591385212,0.0375757277911515,0.0559718166819468,0.1049603664183604,1
1775547386.4546669,1281.0,419.74,0.061061697744908,0.0448701762605844,0.0778550314334539,0.1354029722202436,1
1775547386.4881463,1281.0,420.48,0.0652123984399701,0.0587674345543,0.0961885340052368,0.1566279449559933,1
1775547386.5177226,1279.26,420.22,0.0768712961401904,0.0728042284879869,0.1132890489001501,0.1726037578590545,1
1775547386.5509174,1279.26,421.28,0.0960363301480334,0.1025634761015364,0.1397899677234502,0.1911920532717479,1
1775547386.581388,1277.9,419.74,0.1256385782558049,0.1294337183889311,0.148464807401165,0.1992668343094177,1
1775547386.6210575,1277.9,420.88,0.1974059769434468,0.2233265466673007,0.2338736468396055,0.260156957933315,0
1775547386.6468174,1278.54,419.36,0.2222688279266607,0.2779664522897433,0.2713862073981988,0.2805436563410225,0
1775547386.6788824,1278.54,420.24,0.261179718330094,0.314526246746202,0.2996583033892565,0.3085351457804424,0
1775547386.70977,1273.16,419.2,0.2842250585342908,0.3401729548900374,0.3273198952303238,0.3286983233490264,2
1775547386.7427905,1273.16,422.46,0.2993361354606205,0.3584366379847981,0.3411244931806253,0.3456431027032701,2
1775547386.7765424,1271.2,421.0,0.298593238496892,0.3556236217107196,0.3405029756450816,0.3438624007899666,2
1775547386.8217623,1270.6,421.04,0.3129781161422295,0.3756838868765347,0.3611018909580672,0.3620483748188073,2
1775547386.8561947,1265.48,419.84,0.3231909004852578,0.3875129613620854,0.3756254810729661,0.3750850342085435,2
1775547386.8887928,1265.48,422.56,0.3281297347002763,0.3940568298459636,0.3821362404899848,0.3869982790156612,2
1775547386.920113,1261.42,423.44,0.3266651140543599,0.3932522940086694,0.3841345997128665,0.3956079824079631,2
1775547386.9501028,1261.42,420.22,0.3302104640984102,0.3981254281511158,0.3895418614546909,0.4028505605123778,2
1775547386.9827397,1260.86,417.18,0.335082010088402,0.4039697976602975,0.3956265716227269,0.4081870258338227,2
1775547387.01488,1260.86,414.38,0.3419649404290096,0.4109080639360326,0.3996289089224865,0.4132478439818219,2
1775547387.046682,1257.26,413.7,0.3385213268947231,0.4099155141643056,0.3988159967756171,0.4131076957668597,2
1775547387.078778,1257.26,411.26,0.3399193875830815,0.4083049139349034,0.3977407366905132,0.4125095555073041,2
1775547387.11054,1256.1,409.88,0.3350649200618192,0.4039097587284895,0.3942214559991743,0.4094878930063311,2
1775547387.1428237,1256.1,406.92,0.3380062938656407,0.4072780518553194,0.3968439269054029,0.4109912163482725,2
1775547387.1747108,1251.24,404.66,0.3359793046118629,0.4052909464398588,0.3946706627139263,0.4092745862020172,2
1775547387.2072003,1251.24,401.58,0.3348730905275322,0.4055176680345206,0.3942354361465963,0.4082745099316094,2
1775547387.2406666,1249.96,395.28,0.3358534441470784,0.407038327005087,0.3954578057489836,0.4095304762449504,2
1775547387.2894423,1248.82,391.04,0.3388983750475468,0.4080816345832658,0.396001576257794,0.4109351140043015,2
1775547387.3180258,1242.8,387.6,0.3383424512016036,0.4072763412462782,0.3960230201120723,0.4114930537723198,2
1775547387.3505726,1242.8,383.3,0.3371829470449904,0.4080220117508061,0.3968364801808716,0.4121196576172787,2
1775547387.382522,1234.46,379.76,0.3375119155306096,0.4079087991719769,0.3947241026145672,0.4085045512103859,2
1775547387.416061,1234.46,376.6,0.3398313227075499,0.4104246704680993,0.399068559580209,0.4103292414536207,2
1775547387.4465482,1226.78,374.38,0.3411599857950203,0.4124266712191258,0.4000673604181375,0.4125186262876235,2
1775547387.4797325,1226.78,371.96,0.3410146330670821,0.4121080278747462,0.399162845278492,0.4137954427468946,2
1775547387.51071,1223.9,366.26,0.3393030438365533,0.4121970614148419,0.3999498718733849,0.4111643431528101,2
1775547387.5436702,1223.9,361.38,0.3419411794289698,0.4132388707484153,0.4013439934047355,0.4107989226774769,2
1775547387.5748494,1221.34,359.9,0.337923610878786,0.4117624782791992,0.399396564720734,0.41232240912829,2
1775547387.6065242,1221.34,357.48,0.3373036024782657,0.4093868746046394,0.3976468844208894,0.4112373199915891,2
1775547387.6402278,1217.0,348.72,0.3402920703355169,0.4120262843793081,0.4001207743330969,0.4115287310641355,2
1775547387.690186,1217.0,345.68,0.342010012244609,0.4139178029102671,0.4014184927968015,0.4140414633143968,2
1775547387.7178936,1211.84,340.18,0.3398916098342717,0.4112357317124681,0.3993226191201235,0.4122135142309824,2
1775547387.750682,1211.84,334.88,0.340096487329887,0.4121339005802804,0.3995845817734578,0.4117238485814633,2
1775547387.782612,1207.78,332.02,0.3406955876285762,0.412991640842072,0.4001807381965356,0.4120594584370274,2
1775547387.8149052,1207.78,327.46,0.3437756038630995,0.414288746399861,0.4014268094606866,0.411977479345334,2
1775547387.8459263,1204.84,320.82,0.3433089670579894,0.4134854687657037,0.3999098071369741,0.4105653106438038,2
1775547387.879652,1204.84,317.32,0.342358622517078,0.4126941818049723,0.3978467668641925,0.409400283067479,2
1775547387.926971,1202.4,311.36,0.3429693507375488,0.4122366250301342,0.3980527861177967,0.4107395859473313,2
1775547387.957849,1202.4,308.78,0.3415996108127446,0.4118438213439934,0.3992999020517772,0.4096111341195919,2
1775547387.9903483,1199.58,306.8,0.3423719504553491,0.4134611380340637,0.3993979153094404,0.4108315532505082,2
1775547388.023778,1197.62,306.04,0.3395141193481146,0.409635825226538,0.3987229982845862,0.4103576375636303,2
1775547388.0720031,1196.98,301.56,0.3385665929501443,0.4095107078055566,0.397293289784015,0.4074662978821837,2
1775547388.1020029,1196.98,295.98,0.3388567437202615,0.4097996956400513,0.3990897956621091,0.4078675008703459,2
1775547388.1362133,1191.34,294.34,0.3387422978453047,0.4102123093399965,0.3989487759862977,0.4090037540864538,2
1775547388.1656337,1191.34,289.82,0.3415427635049194,0.4119128365599833,0.4003351554885085,0.4093468398876879,2
1775547388.2001722,1190.44,285.42,0.3408270013516328,0.41207450496485,0.4008711719863405,0.4105152408311435,2
1775547388.230857,1189.22,280.96,0.3413758627341086,0.4124984485789002,0.400927895222337,0.4111620483043802,2
1775547388.2617233,1186.5,276.4,0.3409802533984322,0.4131684571739451,0.4024068138168826,0.4119430975561641,2
1775547388.2938282,1186.5,271.66,0.3421128691426939,0.4133200039113699,0.4022428356651247,0.4120495228480091,2
1775547388.327615,1184.3,268.34,0.3427997553236817,0.4147387396866787,0.4017918848394035,0.4117670151453026,2
1775547388.3737743,1184.3,265.12,0.34119386231225,0.4131969021464343,0.4014518210457339,0.4121608071117676,2
1775547388.4067914,1185.74,262.4,0.3426377922618184,0.4153216168543137,0.4019958563515983,0.414681032354568,2
1775547388.437737,1185.74,258.32,0.3427156370295467,0.4157643327107105,0.4034708666701789,0.4144379723069328,2
1775547388.4709132,1181.46,256.12,0.3452638170785743,0.4182346024149325,0.4052545073069249,0.4153399462826366,2
1775547388.5025697,1182.06,252.3,0.3443764870075618,0.4175154381509432,0.4048010367701982,0.4160937325341862,2
1775547388.5344515,1178.72,248.98,0.344964106605854,0.4172234971677334,0.4048544581868896,0.4158564436218276,2
1775547388.5666957,1178.72,241.88,0.3445972287387971,0.4177377306680704,0.4046819657956776,0.4153388911041026,2
1775547388.5976636,1177.52,236.0,0.3461522737482989,0.4200867547619042,0.4073374617976295,0.4161135098070379,2
1775547388.6304889,1177.52,234.1,0.3471546498991762,0.4190147639052958,0.4058759880811709,0.4172106037375854,2
1775547388.6626122,1172.8,231.14,0.3457654337756157,0.4175189108268315,0.4052122280819281,0.4187393144033727,2
1775547388.6965132,1172.8,229.78,0.3438574393807673,0.4180382324597614,0.4044174911422117,0.4184282526132161,2
1775547388.73017,1171.64,228.04,0.3440399589682987,0.4172968376229481,0.4024737260238104,0.4166476760150656,2
1775547388.776155,1169.4,226.64,0.3441850574569161,0.4175051653177866,0.4042901753689727,0.4170013019327737,2
1775547388.8067906,1165.96,223.78,0.3449957757283745,0.418131843661811,0.4045161225039035,0.4155033772110854,2
1775547388.8401592,1165.96,222.46,0.3464102517388782,0.4196638887291879,0.4080372098916999,0.4173895743584505,2
1775547388.8696666,1163.66,218.54,0.3446589206083358,0.4189837903139244,0.406283055358124,0.4185183689881451,2
1775547388.9026566,1163.66,218.22,0.3456053882823736,0.4187944837757169,0.4065641660292941,0.4182317805469348,2
1775547388.936509,1160.1,220.36,0.3462447243032465,0.4200896758856001,0.4078723277214813,0.4204557531147411,2
1775547388.982688,1161.24,220.02,0.3461647593498397,0.4186100266342355,0.4069695803936171,0.4195768315001912,2
1775547389.0147042,1159.64,219.52,0.3461423207851583,0.4196156628468949,0.4064177912709732,0.4194680218588969,2
1775547389.0468626,1159.64,220.14,0.3459599522266968,0.4206482833694005,0.4078970411381997,0.4195047564804864,2
1775547389.0805423,1162.04,218.02,0.3484386200785846,0.4222162604018992,0.4104934847853785,0.4209879568629051,2
1775547389.1261947,1162.04,217.04,0.3461852361670373,0.4198184422011601,0.4088379006831605,0.4213805680620974,2
1775547389.1587558,1162.3,214.36,0.3481743416063533,0.4215557710045847,0.4095493817706791,0.4212622341605067,2
1775547389.192396,1162.3,215.2,0.3450157161308612,0.4194648738743337,0.4077634383402206,0.4205730159779584,2
1775547389.2231884,1159.36,214.42,0.3461694822910074,0.4211373302103638,0.4085055352184958,0.4217427139309703,2
1775547389.2569785,1159.36,214.46,0.3470736664607676,0.4220480236094148,0.4090424503503428,0.4211047167737958,2
1775547389.3026974,1155.82,212.52,0.348792352541491,0.4226479054289795,0.4109569216499005,0.4218222002110282,2
1775547389.3337245,1155.82,211.26,0.349639044979448,0.4237675329593859,0.4108183765978471,0.423527353482318,2
1775547389.3665051,1155.54,215.68,0.3460307163110375,0.4215971598637473,0.4093932035881396,0.422525060589308,2
1775547389.3993688,1155.54,214.58,0.346103514446081,0.4227091630807878,0.4097076374188037,0.4213102778994216,2
1775547389.4329965,1159.26,216.34,0.3473582298328585,0.4238473558886791,0.4103101502034522,0.4229565192870332,2
1775547389.46657,1159.26,214.38,0.3481929061085395,0.4228988330972225,0.4108686742134765,0.4234535395428531,2
1775547389.5111873,1160.1,213.04,0.346106249477092,0.4212633982958343,0.4077595309651212,0.4216257647521339,2
1775547389.5479035,1158.22,213.76,0.3475932547350382,0.4229043142013682,0.410994860599722,0.423966156117484,2
1775547389.5933356,1154.38,212.16,0.3448058143233398,0.4204928729381373,0.4089957081532394,0.4231615410659036,2
1775547389.6225908,1154.38,214.28,0.3445531591574057,0.4202387793735768,0.4084323393684958,0.4229292421665265,2
1775547389.6548328,1154.54,215.48,0.3465996801684806,0.4226206407699962,0.4104454021992211,0.4238281462099398,2
1775547389.6867807,1154.54,214.12,0.3460287708634034,0.4219173560036594,0.4094502625246097,0.4234233502449734,2
1775547389.718827,1153.52,210.3,0.3492039428569594,0.4237205252808738,0.4105365848146229,0.4244986300099644,2
1775547389.753009,1155.48,208.14,0.3468951052465544,0.4244389493323794,0.4099989218000739,0.4245518468971669,2
1775547389.7979538,1148.94,207.5,0.3488800829833403,0.4242752014739662,0.4103908497452951,0.4237555931379547,2
1775547389.829803,1148.54,210.8,0.3446203480252949,0.4218989909123764,0.4082353845272608,0.421447883235755,2
1775547389.8628857,1150.14,209.2,0.3468006920097108,0.4222449178357656,0.4093498519553863,0.4232879049045065,2
1775547389.8938513,1149.78,208.38,0.3477933434461879,0.423456831611094,0.4113864514188454,0.423945749512578,2
1775547389.9267416,1147.18,206.66,0.3477598715924742,0.4231085206669324,0.4103986482885177,0.4250471220200673,2
1775547389.957823,1148.4,205.4,0.3457867916648707,0.4238417342425438,0.4105729012847902,0.4250177267816422,2
1775547389.993883,1147.94,204.76,0.3454486885315877,0.4210665842102621,0.4091478041820517,0.4234914332162295,2
1775547390.02426,1147.94,204.38,0.3456013542802905,0.4224634085422911,0.4089501052753207,0.4240179509419159,2
1775547390.0538938,1148.16,204.4,0.3430242811843241,0.4199729966846104,0.4094651987259855,0.4248193637439005,2
1775547390.0882423,1148.16,203.08,0.3439142648519988,0.4187436772648593,0.4073802312986126,0.4223708211323453,2
1775547390.1180892,1146.96,204.78,0.3408520497430787,0.4174428767321587,0.4046308684542022,0.4205776425215807,2
1775547390.1522095,1145.68,201.92,0.3421186149946756,0.4192449370869176,0.4078475881599897,0.4219935072699131,2
1775547390.1850352,1143.58,198.84,0.3420315581557731,0.4181854198451092,0.4073321708182841,0.4211602867338509,2
1775547390.2307851,1142.28,198.72,0.3425496851336169,0.4188141541917627,0.4070233642361558,0.421474623556868,2
1775547390.2626762,1146.58,196.94,0.3436285221921056,0.4188724465383237,0.4073022640099496,0.4226784512227746,2
1775547390.2942252,1144.9,197.98,0.3446017699890213,0.4193521057122298,0.4077002903607292,0.4245107859298453,2
1775547390.3259804,1142.52,196.48,0.345265159318989,0.4201038829467915,0.4094354762938963,0.4242975303777089,2
1775547390.3576798,1140.88,197.98,0.3449748698425049,0.4209077103789754,0.4092737447761679,0.4231128934506711,2
1775547390.394109,1139.08,197.96,0.3469919919167099,0.422214813330777,0.4101186554205606,0.4246738467334462,2
1775547390.42266,1138.42,197.2,0.3472110648075208,0.4214783563049621,0.4097361013113645,0.4246828550783895,2
1775547390.4537764,1134.5,195.72,0.3465415969569732,0.4209751870403121,0.4093639291312808,0.4247315643659224,2
1775547390.4869523,1136.42,195.96,0.3450277365863962,0.4201264606891611,0.4076207603120885,0.4238761336310858,2
1775547390.518787,1137.68,192.8,0.345479727643191,0.4203297891417558,0.4093239765120564,0.4235202986107937,2
1775547390.550675,1135.72,191.52,0.3475307532139458,0.4211833433720244,0.4100368755588552,0.4256244807657793,2
1775547390.5844676,1130.6,192.56,0.3481392258353035,0.4242015443726284,0.4125439193103121,0.4266019307497294,2
1775547390.630796,1127.06,193.68,0.3472366013206815,0.4233098196079844,0.4113362657764231,0.4279064205001137,2
1775547390.6637807,1123.72,194.28,0.3464042735867646,0.4208681200136575,0.41001326323763,0.4241655253851588,2
1775547390.6945057,1121.72,195.9,0.3466659148581372,0.4213395805270102,0.4106259956427749,0.4255985608286979,2
1775547390.728103,1120.8,193.96,0.3475663844519961,0.4226576978812569,0.4114692864246626,0.425919288791011,2
1775547390.7577171,1120.7,193.04,0.3483755336312024,0.4240004336874189,0.4122409466205994,0.4267979653566597,2
1775547390.7948987,1116.28,190.84,0.3492626755592456,0.4250399417209181,0.4132941312094796,0.428436161329023,2
1775547390.821995,1116.28,192.02,0.3474414803124416,0.4230482297783033,0.4107239243136898,0.42627706773504,2
1775547390.8550596,1113.28,191.12,0.3471437147027775,0.4239984675241057,0.4136073816779955,0.4263613370537662,2
1775547390.886001,1110.46,190.1,0.3478930093915436,0.4246246995330434,0.4116506961943927,0.427270748787117,2
1775547390.917714,1112.12,190.88,0.347592642397972,0.4249763310815732,0.412289054743825,0.4273305460663102,2
1775547390.9493406,1109.98,191.78,0.3479854171534,0.4241322986770523,0.4125965855258005,0.4269270564091017,2
1775547390.982763,1108.76,189.76,0.3469377531081792,0.4234348944637036,0.4112380318828885,0.4264314285991077,2
1775547391.0160935,1108.5,190.04,0.3488876968862943,0.4255151439539254,0.4125657735441445,0.4269792125620714,2
1775547391.0626037,1108.46,187.96,0.3477530918774645,0.4220986792472423,0.4113800664105168,0.4259599999298839,2
1775547391.0952065,1106.22,188.06,0.3465075524868755,0.4234344826503001,0.4123857074961058,0.4270988816026193,2
1775547391.125846,1099.2,187.26,0.3477235598254572,0.4228928895330824,0.4117812152850129,0.4280520644514478,2
1775547391.1579704,1097.54,187.88,0.3480937009312187,0.4219410660817753,0.4114076340702741,0.426656111552923,2
1775547391.1952274,1093.54,188.82,0.3464110153843553,0.4218062950823887,0.410335036821316,0.4240283280084554,2
1775547391.222645,1094.54,187.12,0.3484668196694239,0.4238603760903073,0.4133701037806164,0.4266579151048688,2
1775547391.253759,1095.36,187.22,0.3472638473140583,0.4230250127300599,0.411886015258125,0.4267152388935892,2
1775547391.2884002,1095.36,184.0,0.3498329654809923,0.4251389142142071,0.4137791930881193,0.4265385714370145,2
1775547391.31874,1091.42,182.6,0.3502254911533632,0.4253367468441416,0.414074786014828,0.4274638716864851,2
1775547391.3522975,1087.44,181.7,0.3490552843776036,0.4240774379946693,0.4130803204691403,0.426457513372761,2
1775547391.4016027,1084.24,183.92,0.3492453994032595,0.4252367329894073,0.4134677129056112,0.425764846493367,2
1775547391.449803,1083.14,184.1,0.3499594776212723,0.4245328384594973,0.4124306294053978,0.4268803667942327,2
1775547391.4955692,1083.94,183.28,0.3506956094317112,0.4254434706487078,0.4140788060047933,0.4262147459950899,2
1775547391.5267406,1083.58,181.08,0.3510094240768909,0.42622583615964,0.4145175441666208,0.4267399832113523,2
1775547391.5571675,1077.32,180.5,0.3475376866361228,0.4239862734913257,0.4120207305055945,0.4253307143283552,2
1775547391.5898204,1074.84,183.16,0.3491865711606909,0.4240162790679258,0.4124788113928128,0.4258263412553309,2
1775547391.622971,1069.86,185.36,0.3486227701668762,0.4230600718546548,0.4115313294931755,0.4243178361199617,2
1775547391.6538732,1066.7,185.66,0.3472202065759901,0.4222734595748953,0.4099821917742799,0.4226341641617362,2
1775547391.6866431,1062.78,184.84,0.3474418813675026,0.4206878912759779,0.4085412874711226,0.4230990736980405,2
1775547391.7188694,1060.36,186.46,0.3423785598549896,0.4180814862990809,0.4056697226059091,0.4200892240401525,2
1775547391.7497935,1056.12,183.14,0.3439275705417299,0.4204989848406678,0.4074630607710348,0.4222384452911111,2
1775547391.781746,1056.12,182.26,0.3461754070169731,0.4211595277011765,0.4079826092470176,0.4228693894681156,2
1775547391.8149312,1052.72,177.36,0.3456543060357186,0.420803349440475,0.4080617530151942,0.4215695697911755,2
1775547391.8468988,1049.54,178.52,0.3475491800451661,0.4210533193346911,0.4084737629274799,0.4231034211009085,2
1775547391.8805964,1049.1,176.3,0.346701839173654,0.4228279502314032,0.4093756803633805,0.4236276637566404,2
1775547391.9148016,1046.24,175.7,0.3458844427684226,0.4222267786506442,0.4090734890910729,0.4218733665904767,2
1775547391.9582057,1041.46,175.56,0.3468894781783379,0.4212623209656215,0.4088747633571822,0.4214262301365778,2
1775547391.9925945,1040.08,175.28,0.3451663938041866,0.4189094945525307,0.4065178693693734,0.4210120870533862,2
1775547392.0230582,1037.78,175.3,0.3465724150424466,0.41972897070457,0.4094741365995636,0.4231579348626462,2
1775547392.0563612,1035.52,174.78,0.3437023596716058,0.4190664564421574,0.4066609196008977,0.4211575256011517,2
1775547392.086634,1038.36,172.8,0.3441473197948493,0.4198289869692553,0.406443517442486,0.4203762915882963,2
1775547392.1176212,1034.84,174.06,0.3443493905713694,0.4188329871611735,0.4068552591847493,0.4208017563188351,2
1775547392.1508234,1032.06,190.36,0.3444677040869351,0.4189676459211603,0.4062528671498963,0.4207704680512765,2
1775547392.1816962,1029.94,216.2,0.3450259871150267,0.4197416351582492,0.4067532119397946,0.4213907626151184,2
1775547392.214668,1024.48,224.68,0.3433002948614384,0.415916404131922,0.4049330687392899,0.4177824950767301,2
1775547392.2459197,1024.2,228.76,0.3371134400478182,0.4116420068248881,0.3982722524767907,0.4127232954149664,2
1775547392.2787771,1026.56,226.52,0.3385912864193322,0.4113752385408762,0.3995412559489603,0.4141637861406259,2
1775547392.3127978,1029.46,224.3,0.3364439250255082,0.4076410466915629,0.3968183397631347,0.409625055234713,2
1775547392.3587468,1030.44,224.84,0.3327790837951957,0.4040174693643913,0.3922770568826231,0.4050063697905003,2
1775547392.3895977,1028.92,224.82,0.3305619000940577,0.4025252754901602,0.390303946078341,0.4023020455149995,2
1775547392.4226546,1027.0,225.32,0.3282450277309323,0.3981644611165985,0.3872703458282394,0.3992212581282969,2
1775547392.4548724,1020.58,226.24,0.325225889832881,0.3932231340373063,0.3832270872581474,0.3961326038046541,2
1775547392.4868767,1020.86,226.96,0.3201268923462129,0.3892456580859598,0.3774186571184439,0.3900344427658248,2
1775547392.5177965,1016.8,225.92,0.3198856857164479,0.388782244671118,0.3773157379160257,0.3879506813906458,2
1775547392.5535457,1016.4,227.36,0.3132981579443151,0.3803937238653136,0.3707286377857001,0.3811966498858236,2
1775547392.5818906,1013.16,226.26,0.3099905656415066,0.3770042668980769,0.3657458698640983,0.3764047098302393,2
1775547392.6163256,1009.04,226.84,0.3029361871781971,0.3689232961836741,0.3576366880984474,0.3676953325475058,2
1775547392.6459503,1009.94,226.16,0.2989146316415412,0.3611069175937983,0.3528020489459004,0.363306217709918,2
1775547392.68026,1008.4,226.06,0.2959746294437048,0.3582255901408002,0.348808304568964,0.3595508235756712,2
1775547392.7135704,1001.48,228.62,0.2976524026032926,0.361511131220149,0.348853983139465,0.3609715891290935,2
1775547392.7588928,998.98,229.26,0.2938568375639798,0.3546012610305494,0.3430882370703261,0.3558934494697373,2
1775547392.7897532,993.86,229.14,0.2919221944311201,0.3520163535584457,0.3402307157644427,0.3521435287002951,2
1775547392.8227265,992.54,225.88,0.2864205906660825,0.3458168771208524,0.3352671336068627,0.3490320441876545,2
1775547392.8535662,992.56,224.2,0.2852809527493489,0.3449358766993893,0.3348399936449929,0.3450495554419054,2
1775547392.886844,993.86,221.76,0.2823726421202983,0.3408730571211925,0.3311285417420403,0.3445565970626947,2
1775547392.9186084,989.94,224.06,0.279659251070083,0.3391441281596265,0.3295022393558146,0.3411686622579252,0
1775547392.9506454,986.86,225.56,0.2794405334607933,0.3382253762318591,0.3289278165495082,0.3402532792276581,0
1775547392.9824784,981.78,227.48,0.2803476096134326,0.3394082191566829,0.3307251302815829,0.3425458124845958,2
1775547393.0138705,984.9,230.08,0.2797456187355888,0.3398934269883465,0.3298245459391805,0.3425670364729858,0
1775547393.0468483,984.94,230.36,0.2811354989035649,0.3418425263864191,0.3318106931712807,0.3445767577865756,2
1775547393.078007,983.32,228.44,0.2803358170656834,0.3411227917007255,0.3328030232671101,0.3455237152563689,2
1775547393.1107764,979.96,228.42,0.2807562887350314,0.3409195559517585,0.3322208322292971,0.346207838239714,2
1775547393.1443973,978.68,227.32,0.2790146396140727,0.3383553314489919,0.330089052813072,0.3445790451339217,0
1775547393.1923711,976.0,226.82,0.2797104673996168,0.3414853989500346,0.3325337416018359,0.3453776438694845,0
1775547393.2226589,978.04,226.24,0.2787384271440426,0.3394211282296967,0.3308577824574382,0.3450143292657083,0
1775547393.2563732,977.74,224.44,0.2812287743179521,0.3409337868030109,0.3313752979205814,0.3444168014863512,2
1775547393.2867532,977.02,222.5,0.2813239591618324,0.3419704410904107,0.3313788627142034,0.3425588558519286,2
1775547393.3191638,976.52,223.7,0.2804814480171019,0.3419607799692329,0.3301802730125135,0.3432785373404386,2
1775547393.3501503,975.58,225.94,0.2819302092479356,0.3404623348270809,0.331121091398037,0.3420749867567348,2
1775547393.3826227,973.06,225.14,0.2801266714665028,0.3398891227335536,0.3295363649086809,0.3416782875779308,2
1775547393.4148507,973.0,225.92,0.2817030495562478,0.3409786031365607,0.3316012201470965,0.3427152173247119,2
1775547393.4468107,967.92,226.66,0.2808885382633637,0.3401093242752082,0.3293849395038744,0.3394901935288501,2
1775547393.4785748,965.64,225.36,0.2803754610531826,0.3399190684757266,0.3295036053688975,0.3390441659016683,2
1775547393.5097425,967.02,226.96,0.2814496896097274,0.338733466837761,0.3277304933963655,0.3389121339185644,2
1775547393.5423975,968.32,228.76,0.2793509930368324,0.3399126311736311,0.3292941064790534,0.3403877875629149,0
1775547393.5760236,968.2,229.02,0.280819719161594,0.3385894179545081,0.3278427765311293,0.3392649665193337,2
1775547393.616968,967.76,228.7,0.2800345895335236,0.340751953143906,0.3301511286393009,0.3399944686290629,2
1775547393.65384,965.84,227.44,0.2807161441758767,0.3400394422380799,0.3295689304457635,0.340179910960192,2
1775547393.6865654,962.6,227.24,0.2793093111542686,0.3386301885508979,0.3288691236361137,0.3393070991368314,0
1775547393.7186446,962.28,226.9,0.277447193863351,0.3369002540931674,0.3262661906922328,0.3373723679141813,0
1775547393.750698,957.02,231.4,0.2750574916270389,0.3340967465219653,0.3245019817283637,0.3337616938087404,0
1775547393.7827709,957.04,232.64,0.2743848702084319,0.3338816189292644,0.3262984961402275,0.3343057452725974,0
1775547393.816082,958.04,216.6,0.2714706841914964,0.3317115253963307,0.3254994084605583,0.3343325584361627,0
1775547393.84603,956.62,190.82,0.2673850723165771,0.3272750930874667,0.3227125473881825,0.3349671613317094,0
1775547393.8797843,956.7,183.28,0.2626148695091664,0.3217163747443659,0.3199623724906986,0.3319122857787753,0
1775547393.913362,955.5,178.72,0.2642466026715982,0.3215789730340702,0.3199813954946293,0.3316151882523472,0
1775547393.960508,956.3,180.74,0.2583990739917494,0.3138003826220708,0.318561829824352,0.3306265806963469,0
1775547393.9905417,953.42,180.38,0.2523285360777695,0.3023133398848877,0.3109618865246699,0.3262570593814614,0
1775547394.0245037,952.58,174.76,0.2366788316530702,0.2824397100914356,0.296293525561868,0.3202914040763938,0
1775547394.0701556,951.44,173.72,0.2127858008216767,0.2510643655424774,0.2732247082105346,0.3115389749215341,0
1775547394.1017218,950.28,173.16,0.1832569473625326,0.2135284645737835,0.243039211271362,0.2927400647831885,0
1775547394.1338358,954.2,173.22,0.1560401648542223,0.1850348405630373,0.2139333189386596,0.2642041134039791,0
1775547394.167601,951.34,177.88,0.1457226661400361,0.1692120232634123,0.2009720439204141,0.253477273174355,1
1775547394.2001572,951.18,179.48,0.1346456413249166,0.1429221858384179,0.175665119731822,0.2379811110356078,1
1775547394.2465534,949.2,178.26,0.1310943616771352,0.1326007819493748,0.1623385839540725,0.2200735845705562,1
1775547394.277679,950.34,179.02,0.0901230396459112,0.105382898789159,0.1349216208752315,0.1918618339256552,1
1775547394.3109083,947.56,183.0,0.0786036841642297,0.0890289503136051,0.1194919072086285,0.1717666397193876,1
1775547394.3425865,942.74,182.92,0.0596901340583668,0.0703162497017334,0.1039528813464603,0.1455820555324445,1
1775547394.3747003,940.12,181.5,0.0434086771525873,0.0496168920775951,0.0881347979548601,0.1247884744564334,1
1775547394.4056814,941.1,178.76,0.0341228184630425,0.04114617163841,0.0816961249541194,0.1177410742724495,1
1775547394.4386363,936.62,178.12,0.0336376854325801,0.0303447507847843,0.0716717289036717,0.1045715109466908,1
1775547394.471893,936.12,177.08,0.0385464988922222,0.0223129162957074,0.0600590327707529,0.093495039976786,1
1775547394.502496,938.68,177.86,0.0455677132527215,0.0159644505355456,0.0501611723885002,0.082487410710999,1
1775547394.5363624,936.24,178.96,0.0515038609065658,0.0069164413254111,0.0409340801580497,0.0719161404822272,1
1775547394.5693178,934.08,179.3,0.0508601226913264,0.0052713705033309,0.0429006761860687,0.073625315726214,1
1775547394.615065,932.06,179.84,0.0548237840927877,0.0081632894634761,0.0385689262251043,0.0681909359795264,1
1775547394.6456256,933.16,177.64,0.0694752775894135,0.0222100046882709,0.0297677012979838,0.0610972480680895,1
1775547394.6791017,932.8,177.72,0.0817662779876842,0.0334274144218699,0.0199710632130907,0.0525330215120513,1
1775547394.709741,928.98,175.24,0.092795180745465,0.0420201957747307,0.0187438018074932,0.0467714205376525,1
1775547394.7417684,924.26,175.08,0.0955386605505007,0.0444178680331839,0.0190578531531241,0.0437946709112132,1
1775547394.773671,926.46,176.42,0.0991582844951858,0.0464872081140733,0.0175207250781093,0.0412681613881456,1
1775547394.8057065,924.84,177.28,0.1028249322155465,0.0499103188053026,0.0151714284928532,0.0372934078714487,1
1775547394.838866,927.26,180.34,0.1050848883540754,0.0523298480057778,0.014252001038882,0.0359625055313128,1
1775547394.870198,927.44,179.52,0.1093089812503854,0.0568059130906928,0.0208363839651842,0.0376254628718599,1
1775547394.9020348,927.32,179.4,0.1140297378731919,0.0616012456568838,0.0306562906321509,0.0432649517518599,1
1775547394.9359672,928.04,178.2,0.115198104325369,0.0627955041037818,0.0319156984722374,0.0424485880356206,1
1775547394.983004,927.48,177.22,0.115589286419788,0.0642189217767873,0.0335509461943555,0.0423494306697149,1
1775547395.014747,926.2,175.44,0.1143798919480584,0.0641965847363631,0.0369810451480406,0.04427235345211,1
1775547395.045794,926.0,175.44,0.121671496100736,0.0719498325996606,0.0393276753453746,0.0471516007745821,1
1775547395.078685,919.02,174.54,0.1226824099125306,0.0736765026832211,0.0435247859440077,0.048898063523779,1
1775547395.1123152,915.2,176.46,0.1223404196103775,0.0727925861188999,0.0429769131412693,0.0543844910691035,1
1775547395.14266,915.48,176.46,0.1236855250333098,0.0722044590160337,0.0386261436389588,0.0497090311248516,1
1775547395.1760156,916.82,177.14,0.1248776073305684,0.0711493169662184,0.0357559675022149,0.0475340115932077,1
1775547395.2059228,913.38,175.44,0.1239995908120021,0.0695374742030166,0.0332993321332915,0.0447569405039996,1
1775547395.23799,908.64,175.82,0.1197712154720097,0.0627862015112815,0.0236956705342949,0.0453118066374592,1
1775547395.2719853,906.14,175.02,0.1207153794289013,0.0638812425422881,0.0244508008426481,0.0454851518997592,1
1775547395.3190143,903.04,174.96,0.1180532337090298,0.0613130708709918,0.0195481067435312,0.0422956089617639,1
1775547395.35081,899.84,175.26,0.1150766580765232,0.0585400223351489,0.0196699311336182,0.0456211280143662,1
1775547395.3827832,901.52,174.78,0.1125354987114101,0.0556982675890864,0.0166853071878386,0.0438010125363615,1
1775547395.4147072,901.28,176.06,0.1110988937891246,0.054897508200976,0.0127037391959165,0.0405954046223113,1
1775547395.4460213,899.7,173.68,0.109184808875569,0.053316246041508,0.0113379107525546,0.0376885063302559,1
1775547395.478537,899.58,171.54,0.104743812379385,0.049064930807351,0.0117049024189365,0.0449447202677693,1
1775547395.5097032,897.62,170.94,0.1039947430593755,0.0483984425491531,0.0117186199932261,0.0424692517603087,1
1775547395.5422814,899.66,171.56,0.0994259260501662,0.0452123269387313,0.0092583416819179,0.0446046190412555,1
1775547395.5748196,896.68,172.76,0.0977784054002954,0.0424042208759841,0.0078597421641425,0.0474376685910056,1
1775547395.605894,895.18,176.62,0.0975354161403687,0.042373453637223,0.0080960027415823,0.0490460712427339,1
1775547395.6395433,890.6,175.4,0.0973823300364635,0.0414246156937646,0.0085979305592136,0.0461662533953694,1
1775547395.6870196,887.74,175.82,0.0986030744674099,0.0431365467149292,0.0060444810245236,0.0460439259930667,1
1775547395.7188706,883.9,177.76,0.0985149378569044,0.0427946810988539,0.007435363605391,0.0467417497456163,1
1775547395.7522066,883.12,177.36,0.0950692497497986,0.0390591171548249,0.0113031741905967,0.0523900402774109,1
1775547395.7818077,881.06,177.6,0.096609982585701,0.0404239006940762,0.0091963955646604,0.0496781013048431,1
1775547395.816177,878.84,177.54,0.0951078331400166,0.0387428348745954,0.0113535616757951,0.0506034762797072,1
1775547395.84582,878.86,173.4,0.0917972208417332,0.0357679490150667,0.0155649861660561,0.0537106386242689,1
1775547395.880268,879.86,172.34,0.0917008485463898,0.0347194961052416,0.0161267103473446,0.056859361055408,1
1775547395.9097233,877.4,172.14,0.0891163336890617,0.0318957047659062,0.0189792027453927,0.0589616285067697,1
1775547395.942697,876.54,173.16,0.0909259635859361,0.0336148818418405,0.0192451084064789,0.0566663318609186,1
1775547395.9746284,877.08,167.94,0.0885514007537705,0.0294169255639081,0.0225711763773971,0.061169638732095,1
1775547396.0058794,879.26,170.24,0.0878665061525622,0.0293667504154615,0.0225706373345702,0.0617818749504671,1
1775547396.0377247,878.54,170.86,0.08863430278759,0.0298769423959456,0.0216760035691956,0.0607102800420868,1
1775547396.0705347,877.46,171.38,0.0831154310828381,0.0257109856586366,0.0265328120005145,0.0652389348976951,1
1775547396.1043994,874.4,168.86,0.0833508166409395,0.0250414409519383,0.0270072650949441,0.0665988496228301,1
1775547396.1500852,875.58,169.16,0.084965571675271,0.0257698268584643,0.0274976935651812,0.066022707560297,1
1775547396.1817477,873.6,169.96,0.0863630204362335,0.0260827200705939,0.0257053709630846,0.0638205208725808,1
1775547396.2150257,868.62,168.88,0.0847053046914826,0.0241037282149003,0.0274779873054099,0.0662558582701954,1
1775547396.2488089,865.72,168.86,0.0830409494459272,0.0240009838624136,0.0275271119294929,0.0656029883349201,1
1775547396.2937436,864.88,167.4,0.0803882032089443,0.0196096245687296,0.0308278046383456,0.0671266753822166,1
1775547396.3270907,864.96,166.88,0.0795109407788878,0.0190680786195201,0.0308360445975088,0.0686193432553839,1
1775547396.3580196,861.12,165.4,0.0811268830828189,0.019764073749125,0.031597528469997,0.0693942196948252,1
1775547396.39192,861.68,164.5,0.0811900573761212,0.0209376236371327,0.030302057413689,0.0678120748647835,1
1775547396.4253418,864.66,165.06,0.0796050714974754,0.0212952521831456,0.0318828398790047,0.0706615275068025,1
1775547396.4724507,860.38,164.02,0.0778186775684193,0.0180245171268316,0.0326859838956084,0.0702139593880319,1
1775547396.5035782,854.88,163.7,0.0804228221096288,0.020905133855899,0.0309711851314201,0.0678499476946905,1
1775547396.536517,850.22,160.76,0.0706230101947991,0.0112996021725485,0.036779503181082,0.07413235845122,1
1775547396.603733,846.14,160.66,0.0741833773424068,0.0137316318950723,0.0370459444777229,0.0751072832809104,1
1775547396.6461558,842.42,163.72,0.0705839488692852,0.0099370639519309,0.0392048955029383,0.0756188614895984,1
1775547396.679891,839.48,164.68,0.0728765874830574,0.0124990940138406,0.0375445961692251,0.0755812178746518,1
1775547396.724643,838.72,164.64,0.072378072892253,0.012113215923334,0.0374368951405018,0.0748164277458641,1
1775547396.7579162,833.44,164.76,0.0721143724932261,0.0129838039478568,0.0373102353643181,0.0743282706837191,1
1775547396.7915645,833.62,163.78,0.0706954283234071,0.0117103931981053,0.0388755694831175,0.0765729994610134,1
1775547396.837793,835.32,163.14,0.0690811576164689,0.0103726254834947,0.0395899610466817,0.0777944316260013,1
1775547396.8708882,836.38,163.14,0.0690351087723459,0.0098899043136655,0.0399063194167985,0.0785013782237935,1
1775547396.9041471,833.08,163.52,0.0717527355674582,0.0125777058864765,0.0381121728430713,0.0756343212905834,1
1775547396.93486,828.8,167.44,0.065010373710072,0.0079593263664159,0.0435548568043136,0.0805751796009621,1
1775547396.9658313,828.04,169.22,0.0658359394011944,0.0079292947834365,0.0422007289516027,0.0784559423244716,1
1775547396.9975588,828.8,170.2,0.0596354504068248,0.0030390988931353,0.0465876867341406,0.0848326051207893,1
1775547397.029827,826.4,170.48,0.0585503848710268,0.0020130695230035,0.0478858395843228,0.0845245082890479,1
1775547397.063537,825.78,170.68,0.0593928939091007,0.0046158058541364,0.0485782453311177,0.0849439619705453,1
1775547397.0965257,829.6,170.7,0.0549867628124062,0.0047091268337949,0.0504150325120324,0.087900825464439,1
1775547397.1444511,828.32,173.36,0.0568986546218995,0.0031095292835091,0.0494841729671942,0.0866013096446597,1
1775547397.1746857,824.14,171.86,0.0531842737144764,0.0057453851614808,0.051448947893414,0.090075022781492,1
1775547397.20807,825.02,172.64,0.0569524220285187,0.0043066748652425,0.0501609509843923,0.0878855416120223,1
1775547397.237708,820.66,172.76,0.0551504212922419,0.0045471927013287,0.0509038274698334,0.0899770957242206,1
1775547397.2705815,818.88,174.44,0.0588225893166376,0.0022907845209325,0.0491536232247434,0.0863829355397578,1
1775547397.3041475,812.24,174.52,0.052833590366857,0.007682788372123,0.0537563213338097,0.0906238352164338,1
1775547397.333624,812.52,171.4,0.0538165347099349,0.0070752889813415,0.0529865423214924,0.0904286066938561,1
1775547397.3666637,809.66,168.98,0.0551920596356271,0.0051589140959136,0.0512495458843864,0.0887486572115983,1
1775547397.398714,812.8,168.92,0.0580698443611171,0.003115475229793,0.0487332963998258,0.0858267021338217,1
1775547397.4306474,810.98,170.38,0.0548099347805664,0.006641741181086,0.0520398114264533,0.0884185271560464,1
1775547397.46262,810.8,169.72,0.0507628398472884,0.0101180865257156,0.0554784844303074,0.0915885949821662,1
1775547397.4963603,811.34,170.94,0.0497912792208194,0.0095152675304919,0.0528092135570522,0.0906829020084054,1
1775547397.5423,809.84,171.24,0.053297320382684,0.0056992406932732,0.0517224938180762,0.0897600403352429,1
1775547397.5746546,806.96,169.66,0.0506886957195166,0.0088862073821134,0.0538436293804821,0.0918227829645444,1
1775547397.605638,802.72,171.28,0.0467633086620685,0.0122738887335432,0.0574476103522884,0.0961912292280043,1
1775547397.6387105,798.88,171.84,0.0516172715780077,0.0085243570108273,0.0544828694013439,0.0945726277255995,1
1775547397.670668,800.02,173.14,0.0470095809771985,0.0121989601821942,0.0585702037443346,0.0987794994607707,1
1775547397.704691,800.0,172.6,0.0500935876183916,0.0105825105543473,0.0563174961962662,0.0954080685347603,1
1775547397.7337997,800.68,173.26,0.0463329376229804,0.0129138588667764,0.0583105718548645,0.0973797981625435,1
1775547397.7682216,797.06,170.72,0.0460340526565992,0.0130014159566935,0.0576810514492052,0.0966344502064409,1
1775547397.8050532,796.52,172.0,0.0492780786370574,0.0095155401587984,0.0552734093142905,0.0943483416539417,1
1775547397.8319883,795.58,171.86,0.0478609372103542,0.0113127709389377,0.0577780298932298,0.0979115907334591,1
1775547397.8629236,798.34,175.72,0.0483385088638432,0.010948393793167,0.0572265399564307,0.096742219687553,1
1775547397.8946185,798.7,175.42,0.0460907087393091,0.0125389999388322,0.057969025354935,0.0972897724812587,1
1775547397.9288385,795.98,175.52,0.0440712292819773,0.0139281193407134,0.060548706753562,0.0992036979461237,1
1775547397.9738448,795.8,176.42,0.0487853951563414,0.009660757266409,0.0548721299699629,0.0945915150395636,1
1775547398.0063767,794.68,176.86,0.0461193087496552,0.0124606964820613,0.0565118710932655,0.0951045383088894,1
1775547398.0386448,792.12,177.1,0.0481781279203346,0.0104381080446721,0.0559910529583031,0.095771931373547,1
1775547398.0707028,789.04,176.96,0.0458596433165787,0.0131338566042662,0.0583301587205461,0.0960239911757952,1
1775547398.1052012,789.04,176.88,0.0468437468103569,0.0119251592174502,0.0575041759754476,0.0976220223695723,1
1775547398.133868,787.56,177.26,0.0468823951800062,0.0127463734755047,0.0579553438578016,0.096740799397902,1
1775547398.16575,785.54,176.66,0.0447774880101892,0.0132868703390318,0.0585589600096033,0.0982445020727801,1
1775547398.1988068,783.78,177.7,0.0470660391081651,0.0106846912750371,0.0564620257001541,0.0954301297774724,1
1775547398.2303605,788.62,176.96,0.0461376863187842,0.0122547275722614,0.0568563859979329,0.0955933001208732,1
1775547398.262632,790.5,178.46,0.045592850591288,0.0136737981907531,0.0588877155731317,0.0977178562161996,1
1775547398.296921,788.38,178.82,0.0474488286244891,0.0108456933488814,0.0565394932208095,0.0959110728816015,1
1775547398.3439436,788.74,178.18,0.0471599317106701,0.0104197265448451,0.0551068433647132,0.0930049852368666,1
1775547398.374911,786.48,178.2,0.0499713092770416,0.0082335344040406,0.0533893334831837,0.0912714490219903,1
1775547398.4074292,784.66,180.76,0.0483676528638344,0.0090260829576582,0.0538916505857968,0.0922219174739626,1
1775547398.441187,786.12,181.04,0.0456596818139601,0.0130853133101174,0.058010686343021,0.0957897102032408,1
1775547398.4879527,783.84,181.04,0.0450626910821885,0.0120219633008318,0.0571703505856947,0.0948954954575905,1
1775547398.517969,784.14,182.82,0.0452299115688403,0.0124417064966685,0.0579609182004445,0.0964334792289648,1
1775547398.550578,781.76,181.72,0.0458585194080832,0.0117092343263783,0.0567754014100241,0.0949499554335562,1
1775547398.5844612,781.58,181.94,0.042947506114474,0.0147908078231311,0.0601042225995611,0.0967218468309711,1
1775547398.6237671,781.8,179.16,0.0453233703221539,0.0118249142180934,0.0561578779730423,0.0958988633415627,1
1775547398.6626215,777.24,176.56,0.0443589242078739,0.0139315417037549,0.059663486832522,0.0978215852436312,1
1775547398.69464,775.58,174.04,0.0476823824929298,0.0097396491497829,0.055478463016702,0.094180872213679,1
1775547398.728743,770.34,176.24,0.046848019197623,0.0119684994834284,0.056981711858513,0.0944447821244338,1
1775547398.773813,769.22,176.2,0.0479964074895588,0.0100042073357431,0.054300744019786,0.0930126002966142,1
1775547398.8062365,763.36,176.08,0.0439337330691333,0.0139546227129418,0.0590960635465915,0.0977086371832465,1
1775547398.8377492,762.2,174.02,0.0461980783633285,0.0118458216232928,0.0566533111905168,0.0952405959226011,1
1775547398.8713634,761.58,173.56,0.047007637980518,0.0108411360792725,0.0555415700703674,0.0932734633549751,1
1775547398.9187436,758.76,173.16,0.0471397679135599,0.0113532072243807,0.0556898913074534,0.0926732501602181,1
1775547398.950654,758.76,173.0,0.0425404529656531,0.014849967455501,0.0585659128847172,0.0972788623181885,1
1775547399.0019338,760.4,174.18,0.0432682702781649,0.0152930588397226,0.0596727728894964,0.0974621978427567,1
1775547399.0321803,756.38,173.44,0.0440585361334493,0.0144247717476617,0.0587073190733299,0.0975884265890475,1
1775547399.0615685,752.36,176.02,0.0425020744144028,0.0147721848726658,0.0604879197518594,0.0982755427897254,1
1775547399.0963695,751.32,176.24,0.0437765350931814,0.0135507367930526,0.0584015367873166,0.0958364517148716,1
1775547399.125755,745.5,176.0,0.0469782741076871,0.0121049327845156,0.0561469651635028,0.0936509959430252,1
1775547399.1602662,744.62,174.44,0.0467934441887152,0.011369819859667,0.0551278585571284,0.0938693313246814,1
1775547399.1900609,745.48,174.54,0.044987799230811,0.0126287774496333,0.0586428305254457,0.0964295052338977,1
1775547399.2218058,742.88,176.44,0.0466912724772515,0.0103136869015281,0.0554067456960713,0.0939005596162537,1
1775547399.254866,743.68,177.06,0.0449100508426271,0.0120473840275286,0.0565116025414813,0.0947215201091652,1
1775547399.2861416,743.08,181.86,0.0440799155956177,0.0132536248151456,0.0581554480376757,0.0968084352202214,1
1775547399.3177783,742.92,181.46,0.0448667310811412,0.0123138157605812,0.0570430315674374,0.094427231764656,1
1775547399.3507676,744.02,180.36,0.0449607881764145,0.0117343560667239,0.0569042935459585,0.0946842559135331,1
1775547399.3853364,742.74,179.06,0.0407895272661202,0.0162969388029851,0.0610138371681083,0.0987805202250963,1
1775547399.425065,740.4,178.38,0.0413872388779478,0.0166537334103011,0.0619771368930202,0.0987981662924971,1
1775547399.4625676,739.36,179.26,0.0407415953612632,0.0151873233867578,0.0613317357215197,0.0992749696921197,1
1775547399.493717,736.3,179.86,0.045334159281395,0.0114346584424773,0.0567089713875502,0.0952527748147793,1
1775547399.5267875,734.7,177.9,0.0417569030717354,0.01517904620843,0.0593203131054837,0.0976094439348106,1
1775547399.5586746,732.0,180.62,0.0441761142539048,0.0138491510262304,0.0586884921169943,0.095878512854398,1
1775547399.590666,728.44,179.12,0.043235245939904,0.0145860824958365,0.0594478029337164,0.0981816155701225,1
1775547399.6226068,726.14,179.42,0.0434786247246538,0.0134412331059574,0.0579273234363741,0.0974956568272237,1
1775547399.656068,724.96,179.04,0.0401323796933668,0.0166554546059422,0.0617754757341641,0.1001554932810162,1
1775547399.686577,724.02,178.2,0.0433266427397569,0.01417689201281,0.0591470243536983,0.0972148682782552,1
1775547399.7201626,724.4,178.52,0.0415470745564562,0.0151810976459666,0.059479768064317,0.0982705753388174,1
1775547399.7507794,725.22,178.9,0.0432004059527248,0.0137107479961152,0.0589840631009861,0.0982048720386571,1
1775547399.784361,723.58,180.2,0.0454924482626976,0.012935451569906,0.0573044300069987,0.0947362493613772,1
1775547399.8195026,723.3,180.62,0.04289097790603,0.0146155506291248,0.0606583604002603,0.0978051545610987,1
1775547399.863132,721.24,180.36,0.0427466951435388,0.0143888013741425,0.0592781320435693,0.0969607010452983,1
1775547399.8940475,720.28,180.32,0.044485503014973,0.012542151009471,0.0576073058937193,0.0970431424940978,1
1775547399.9256003,720.04,180.4,0.0454143603529603,0.0129803428803491,0.057788175109802,0.0958781487366619,1
1775547399.9586835,717.14,180.48,0.0437313861569027,0.0140214475411792,0.0586483142140091,0.0966638871798224,1
1775547399.9907036,713.78,179.72,0.0436291079924826,0.0135270678349675,0.0576272433222699,0.0945690019952484,1
1775547400.0225172,713.02,179.18,0.0444088286343371,0.012858925721817,0.0572851871470509,0.0952907297921946,1
1775547400.0546596,711.6,178.1,0.0456947070330561,0.0105516122634345,0.0546243816673823,0.0923620259973546,1
1775547400.0866294,710.46,177.04,0.0447687300669666,0.013229168517211,0.0580994583783485,0.0952644110127681,1
1775547400.1187007,709.82,175.0,0.0421043065600345,0.0144422505926549,0.0586367010941997,0.0969621355992699,1
1775547400.150639,709.58,175.64,0.0406044054803935,0.0158680943778787,0.0606120212308654,0.0973691826280137,1
1775547400.1817582,711.9,177.6,0.042078500954184,0.0133965112029615,0.0585621049550494,0.0967201207074709,1
1775547400.215936,710.3,176.46,0.0406134315560098,0.0149794221773456,0.0594254664206537,0.0969495660441058,1
1775547400.262525,712.32,175.58,0.0403707189079718,0.0162591999556996,0.0609250634052803,0.0985916357836225,1
1775547400.2961366,712.62,175.28,0.0437460193276323,0.0136061613755064,0.0584251477075968,0.0957287691831483,1
1775547400.3267,711.76,175.72,0.043621868561537,0.012583574535396,0.0569423731065958,0.0966062940534633,1
1775547400.3601696,713.1,176.12,0.0483233962367899,0.0091595341884344,0.0533728646838433,0.0912337248636577,1
1775547400.389642,711.32,177.1,0.0448035325751091,0.0123439083094983,0.0574750880531398,0.0955926029198649,1
1775547400.42416,714.06,178.24,0.0456113685261653,0.011563708483909,0.056126450367652,0.0940422877272582,1
1775547400.453815,715.44,177.96,0.0457768299320296,0.0114173607633488,0.0563736785087163,0.0946581557331173,1
1775547400.486908,716.58,178.26,0.0444963464712253,0.0127556601683817,0.0585754046830034,0.097190359446343,1
1775547400.5180695,717.28,178.72,0.0442293015322018,0.0130882424627556,0.0574750609104734,0.0952903713060311,1
1775547400.5498867,717.44,179.58,0.0444254552169586,0.0122419389690898,0.0570733238672808,0.0940891492068571,1
1775547400.6010182,719.5,178.4,0.0426191026490274,0.0139753052217768,0.0596056086891732,0.0967463990462715,1
1775547400.6300457,718.2,180.12,0.0421413161573461,0.0140313346061013,0.0591541495333541,0.0969793627719471,1
1775547400.6617036,716.24,174.86,0.0417924588366903,0.0159482495488923,0.0609609271633932,0.0993884162741507,1
1775547400.6948,715.02,175.76,0.0442175528534413,0.011903525389874,0.0568654956089644,0.0952962794958983,1
1775547400.7263784,715.2,170.98,0.0428804472798137,0.0132861861090617,0.05792006187786,0.0952459916587948,1
1775547400.7576454,711.3,169.74,0.0425084175555999,0.0142242953878912,0.0587642314985951,0.0963336714855341,1
1775547400.7899811,711.68,168.04,0.04278437142063,0.0142189331576755,0.058661063642513,0.0971037264425131,1
1775547400.8225856,710.54,168.18,0.0405068360458075,0.0161806654876419,0.0606514830661625,0.0982771539955057,1
1775547400.8537457,708.32,168.78,0.0433916779986171,0.0126380227394135,0.0577224061723152,0.0961794567112413,1
1775547400.887019,707.22,165.8,0.0405196934687111,0.0156855940642845,0.0592312208229586,0.0966328384393739,1
1775547400.9188824,705.68,161.54,0.046477279747691,0.0102986090612345,0.0543144744563168,0.0924478588704534,1
1775547400.9505916,701.84,157.1,0.0452384171219558,0.0119955913822614,0.0552895409898617,0.0937962046611188,1
1775547401.0013604,702.82,158.16,0.0432366053110744,0.0124563972380293,0.0574890097026392,0.095952541909822,1
1775547401.0477614,699.6,158.68,0.0441956191371153,0.0114748549597817,0.0566542589929545,0.0953983754994609,1
1775547401.0810096,699.96,157.9,0.0422946274845039,0.0138834913356901,0.0585591162355036,0.098059566848301,1
1775547401.1259513,696.88,157.42,0.0423286092539247,0.0143971293943725,0.0593167620747268,0.0971260984090691,1
1775547401.158893,693.78,152.34,0.0432052117674861,0.013701339213101,0.058419233493084,0.09593103223147,1
1775547401.190849,693.7,153.9,0.0403605751614507,0.0151134278799146,0.0593029013344505,0.0978217251341366,1
1775547401.2227194,693.06,154.88,0.0409446692826607,0.0159155751783338,0.0603958588493311,0.098533727203792,1
1775547401.253896,692.68,153.22,0.0472623431848076,0.0100524756019426,0.0548671681140501,0.0924375011453485,1
1775547401.2866943,693.34,153.42,0.0413947321520176,0.0154311716269441,0.0593844956811053,0.0977809788744309,1
1775547401.3187478,691.18,154.46,0.0455088722457842,0.0104441893373996,0.0559721811616747,0.0951532033806438,1
1775547401.3508058,713.74,630.02,0.0409978936449663,0.0148728946268652,0.0583522430327262,0.0966384250731436,1
1775547401.3818672,715.26,628.44,0.045908642525502,0.0111244900366675,0.0563408952756912,0.0956220717894032,1
1775547401.4138217,716.8,632.94,0.0389424697046595,0.0184739979415778,0.0630071263039821,0.1016104887782375,1
1775547401.4468992,715.64,633.84,0.0432527989912507,0.0120955855215592,0.0559610242250318,0.0933390394698392,1
1775547401.4806569,716.76,631.04,0.0445097925514067,0.0112458188284044,0.0553581545992884,0.094000540044086,1
1775547401.5258453,717.28,628.26,0.0423768210829663,0.0146632904458547,0.0599263628377673,0.0976973373815883,1
1775547401.5610185,719.64,627.66,0.0383297614412514,0.0184043191112766,0.0633919199189389,0.1005734518949947,1
1775547401.5898836,717.4,626.9,0.0408871426622116,0.0156762427362972,0.060628355684785,0.0985830072516815,1
1775547401.6241574,713.74,625.9,0.0397944984246017,0.0167095923864791,0.0600963100864947,0.0978988992210346,1
1775547401.65369,712.78,622.74,0.0410556060381977,0.0149139836188148,0.059256706645222,0.0985195231350781,1
1775547401.687858,711.88,621.52,0.0431096385533022,0.013990689813452,0.058624204228286,0.096562941842939,1
1775547401.7176611,712.64,620.44,0.0435423626590953,0.0135343352785462,0.0585369553613674,0.0967289627082984,1
1775547401.750607,712.02,625.74,0.0427833862756806,0.0154550278779384,0.0606044366941358,0.0984914328751451,1
1775547401.7740138,714.86,627.56,0.0392787896314419,0.0191296528752413,0.0640141153391902,0.1028220675885314,1
1775547401.814582,714.2,628.88,0.0393846349620089,0.0180820947968098,0.0639957340749448,0.1027455213521379,1
1775547401.846691,711.96,621.92,0.0454674949666868,0.0111789706646089,0.0566461756892863,0.0948616767038568,1
1775547401.8787262,714.34,623.52,0.0448814082561524,0.0138266038316217,0.0588137168041638,0.0959820060219139,1
1775547401.9127803,718.54,624.64,0.047175941093965,0.0118388699027234,0.0573292632078182,0.0957667129832665,1
1775547401.9577956,721.02,626.06,0.0488185207789301,0.0093393319513791,0.0565320200931477,0.094624035863172,1
1775547401.9910598,721.34,624.64,0.0491178422155033,0.0141530373688359,0.0586931711024571,0.0949771196998638,1
1775547402.0215511,718.24,618.76,0.0481650914798953,0.0145952335802412,0.0586496492863454,0.0951277135368138,1
1775547402.0537508,719.06,617.9,0.0415405579094269,0.0159310559138621,0.0621642398399401,0.0997719578089969,1
1775547402.0869164,717.78,615.7,0.0447619741399455,0.0131875955329376,0.0572393710523496,0.0978272049109383,1
1775547402.1176786,719.2,622.42,0.0368991205615716,0.0138389529828906,0.0685701752692716,0.1078689710998184,1
1775547402.150698,721.74,621.0,0.0313548515520607,0.0206334864449097,0.0772451712910865,0.1185518826287987,1
1775547402.1837776,720.8,620.08,0.0325490754741556,0.0328700559087393,0.0895084432150698,0.1245374943901631,1
1775547402.214433,718.8,618.28,0.0334420999364367,0.0197244324489038,0.0675750023103123,0.1030961391334628,1
1775547402.2493622,720.72,616.5,0.0362743923865699,0.0297881252460767,0.0637679112720912,0.1138027297529216,1
1775547402.2789292,722.28,616.48,0.0376502292021615,0.0429516102840821,0.0739631068677019,0.1270287379772712,1
1775547402.3121026,724.0,617.4,0.0399490782888197,0.0516697521312109,0.0882491323580663,0.139391395835259,1
1775547402.358041,729.6,616.06,0.0432794974703656,0.0505159126985296,0.0880780109033204,0.1399839606239085,1
1775547402.38984,729.6,614.66,0.0439091409987758,0.0568324111824028,0.0973941088208114,0.1477449491649922,1
1775547402.4218514,731.48,612.32,0.0726320030163086,0.0758435329898014,0.1149946618227586,0.163843538135672,1
1775547402.45395,732.34,610.34,0.0963252890649379,0.0956917283407823,0.1245362043699156,0.1785638034119665,1
1775547402.48719,733.3,610.88,0.1051473314087922,0.1090574425868554,0.132805613155654,0.1846939186423412,1
1775547402.5187895,735.12,610.82,0.1298038542053714,0.1379228492097013,0.1528467317473955,0.1896097262107113,1
1775547402.5507507,735.26,613.7,0.1551686530191235,0.1602571925104026,0.1747918328995057,0.2010920745850919,1
1775547402.5816493,733.7,611.94,0.1700187820344774,0.1921524754548128,0.2010303934070079,0.2145331497600058,0
1775547402.614683,733.06,607.84,0.2155294919770364,0.2556337338650382,0.2433361232953132,0.2462823749712459,0
1775547402.646699,732.34,604.94,0.2262956354580049,0.269699350091942,0.2579149904517845,0.2603246159653608,0
1775547402.6787765,735.08,609.04,0.2329242945292322,0.2795295852892863,0.2721218237270877,0.2768172039939668,0
1775547402.7125137,734.92,610.22,0.2469891265102981,0.2981006515421365,0.2978453800089445,0.3017044123540068,0
1775547402.743621,734.98,611.46,0.2472357541326784,0.2993127509432232,0.2978474865917475,0.2999970440134184,0
1775547402.7906563,736.64,611.8,0.2589890587362372,0.3147740081768517,0.3098937953854516,0.3159028408977348,0
1775547402.8243234,736.7,614.12,0.2691041624000531,0.3263340130025173,0.3206568893212812,0.3275249359928303,0
1775547402.8537643,734.14,618.12,0.2756072374352227,0.3357678765145979,0.3326420897591725,0.3374184784350315,0
1775547402.8882265,732.76,616.0,0.2785436547000157,0.3390381501983798,0.3339481157017793,0.3394612942038161,0
1775547402.9185164,734.32,615.86,0.279634253854691,0.3405986792890001,0.3361826655876104,0.3427664274383768,0
1775547402.952414,736.3,619.42,0.2835700070199855,0.3477864415857815,0.342422121863414,0.3499096990437763,2
1775547402.9826047,735.7,617.24,0.2848493584719135,0.3509265989008056,0.3424947828574112,0.3518856753138705,2
1775547403.014177,737.84,617.02,0.289435579775967,0.357180927633885,0.3488765851481133,0.3577537932002128,2
1775547403.046754,737.14,614.58,0.2879975736082655,0.3571175972279691,0.3472586588439937,0.3579566395740707,2
1775547403.078837,737.56,611.32,0.2919135808216251,0.3605639235010924,0.3511781654454112,0.3628534594700375,2
1775547403.1132643,738.44,609.26,0.2895157603658217,0.3618815359563048,0.3514605110152644,0.3661122401651585,2
1775547403.1428776,740.12,610.52,0.2939216178617561,0.3639027369980356,0.3565902962428086,0.3705876578479449,2
1775547403.1770194,740.32,609.5,0.2932134147640124,0.3633546842145637,0.3557410394748319,0.3691408333741002,2
1775547403.2216144,742.3,608.68,0.2951139053090056,0.3654866909521652,0.3613942735699223,0.3766056520045577,2
1775547403.2549236,746.5,606.64,0.2909395484609509,0.3642201435676806,0.3585369880017345,0.3768462824278213,2
1775547403.2860916,750.86,606.96,0.2933648800507721,0.3660776206372811,0.3620246216600738,0.3831414517714382,2
1775547403.3187442,753.62,605.08,0.2956427499730639,0.3681730900401582,0.3638736042118866,0.3852991870936949,2
1775547403.3496222,755.52,604.0,0.2967485324272086,0.3696649439369588,0.3629797127588338,0.3858921536107562,2
1775547403.3826568,754.82,600.12,0.2971178517810143,0.3707467379565484,0.3657943577404345,0.38862780848008,2
1775547403.4139917,757.28,595.78,0.2975983272300792,0.3722330447069641,0.3675926932456793,0.3881724331532983,2
1775547403.447844,757.54,597.98,0.2971180955782429,0.3711619911389329,0.3677809472296395,0.3892855570026179,2
1775547403.49377,758.88,594.82,0.2971328363139733,0.370300131688849,0.3675947664462287,0.3904065688151265,2
1775547403.5283046,757.84,594.7,0.2965463407459607,0.3717703502646237,0.3665946040742098,0.3910138254022658,2
1775547403.5587838,758.26,592.28,0.2987737122349984,0.3730770322131676,0.367422672152267,0.3916141615383436,2
1775547403.592558,757.16,587.84,0.2988753309656053,0.3741076334762195,0.3686972935791029,0.3906719999639289,2
1775547403.6314888,757.86,585.78,0.2980084981832654,0.3714217268730135,0.3662103641940071,0.3908332345737439,2
1775547403.67088,759.6,581.54,0.297303864569735,0.3717752037674283,0.365343855764894,0.3900820728658931,2
1775547403.7049797,762.4,583.2,0.2994463251569381,0.3734203054282908,0.3675093241847617,0.3907787076907241,2
1775547403.7509704,763.72,584.5,0.2997921430502861,0.3744996429373858,0.3671886731031294,0.3908789616773264,2
1775547403.7819655,766.66,583.06,0.3001180450362622,0.3753787325202523,0.3691761704761279,0.3918075857353268,2
1775547403.8148322,764.4,574.78,0.3000559169188975,0.3763943261679894,0.3700906010631181,0.3931450472334362,2
1775547403.8477235,767.24,574.76,0.3012233241248022,0.376095210780129,0.3684093559678321,0.3912030320804585,2
1775547403.894734,768.64,571.76,0.3009194183703195,0.3782229516714241,0.3695136925933578,0.3918267789079093,2
1775547403.926649,771.32,570.84,0.3014134722275594,0.3779138300324485,0.3715814141705362,0.3939697483200067,2
1775547403.9580553,771.52,569.84,0.3013556812550421,0.3772023736173168,0.3707744163214614,0.3942096436695707,2
1775547403.9917848,775.48,568.0,0.3033471292259637,0.3804865889990052,0.3736017026681044,0.3943207226391241,2
1775547404.033243,779.4,562.66,0.3016889663159729,0.3801471198646964,0.3728222705868428,0.3953453876958426,2
1775547404.069805,782.46,561.44,0.3008844852859372,0.3778932136259094,0.3714793572987203,0.3950725217285193,2
1775547404.1030176,784.32,558.54,0.2994963976319905,0.3782624652395205,0.3703962038680219,0.3942731899557222,2
1775547404.1362891,786.98,558.64,0.3006960037367289,0.3806227593492237,0.3724708108335193,0.3936669720885745,2
1775547404.2011223,786.24,556.06,0.3032424308378608,0.3799746714760409,0.3738519966497602,0.3954946539701053,2
1775547404.2465324,786.68,553.8,0.3018737007692467,0.3814089236468707,0.3741143421580192,0.3977382503736217,2
1775547404.2802634,783.18,551.4,0.3017838137981794,0.3819572206308863,0.3730938667648176,0.3965474254707317,2
1775547404.315913,785.86,547.82,0.301941502997153,0.3812324424913387,0.3742118321307393,0.3973663543227288,2
1775547404.3426433,786.0,548.72,0.300853165002975,0.3810939154584676,0.3737755438432126,0.3966622074528813,2
1775547404.374714,787.96,552.56,0.3013723220165007,0.3811149003254417,0.3732440663099999,0.3972770986140857,2
1775547404.4068043,789.76,551.08,0.3032537314715455,0.381190217609036,0.3746618034801783,0.3973187909753012,2
1775547404.4379146,790.64,549.68,0.3036853272214509,0.3820207637517254,0.3750089920477916,0.3974776350418308,2
1775547404.4708226,791.28,546.8,0.3027329621914197,0.3803126591156528,0.37305975571319,0.3971705975121922,2
1775547404.5026023,794.3,545.3,0.3033006765624871,0.3810771989050439,0.3742515690380434,0.3964385881249663,2
1775547404.5353253,794.24,541.68,0.301714859766348,0.3793634371676155,0.3732817525456017,0.396118994362634,2
1775547404.5667305,795.1,541.82,0.3007864461558664,0.3790678806141839,0.3720441581429872,0.3954000904540569,2
1775547404.6005518,798.6,535.78,0.3012432143132216,0.3793589417885731,0.3726891443418899,0.3942607172014118,2
1775547404.6342175,803.04,534.54,0.2999903975372308,0.377421788644191,0.3714897063005207,0.3966285559358985,2
1775547404.6789908,804.46,531.6,0.2998833736262543,0.3791159906257211,0.3741321986026584,0.397975214579081,2
1775547404.716334,805.98,528.34,0.2997683324872295,0.3789549436052584,0.3718052663085517,0.3969002787094456,2
1775547404.742452,806.1,526.08,0.2987060679060578,0.3773645532073572,0.3703873550112909,0.3950769064842063,2
1775547404.775984,807.92,526.36,0.3000812342635737,0.378610984964551,0.3732201279908517,0.3962835389456055,2
1775547404.805792,807.78,525.12,0.2999607767403749,0.3793208356959109,0.3711375751418032,0.3954548369163676,2
1775547404.8337114,808.52,524.74,0.3012666801467647,0.3794396259544342,0.3735980202633773,0.3946914700126273,2
1775547404.8701646,807.16,523.74,0.3003798058837361,0.3795134736108375,0.3727619022901706,0.3954173406231556,2
1775547404.9043164,809.5,524.2,0.3015403846083786,0.3806194635662445,0.3740053848151027,0.3964523836820466,2
1775547404.934553,809.48,522.56,0.3015556897398815,0.3798811480997127,0.3723217149588014,0.3969011693442951,2
1775547404.966704,808.02,522.36,0.3031213723251281,0.3816038015982992,0.3753156072079244,0.4001491746301534,2
1775547404.9985597,807.46,520.66,0.300349523091761,0.3790577815778379,0.3729888165820068,0.3971180177018296,2
1775547405.0322158,809.38,520.9,0.3010079940247075,0.3800670828987711,0.3720240378791999,0.3974135391334043,2
1775547405.0788877,807.34,519.64,0.3024458315220039,0.3835827902046249,0.3758259655645721,0.4001543683965473,2
1775547405.1098642,811.02,519.42,0.3024830038017243,0.3820234319836632,0.3742858822406854,0.3994814815502079,2
1775547405.1426723,811.08,518.18,0.3010010506622144,0.3816114501804997,0.3737434865552335,0.3989975472640475,2
1775547405.1747916,813.66,516.14,0.2996980558366871,0.3808390557030837,0.3732221204926643,0.3972867472396333,2
1775547405.2059317,812.06,514.3,0.3003628585247736,0.3787424270760416,0.373069047567662,0.3984430784018518,2
1775547405.2378302,814.82,514.86,0.303449288437844,0.3813011700741289,0.3746732812078904,0.3977182455396804,2
1775547405.2696092,816.42,512.94,0.3019152046412937,0.3805116222098453,0.3739828354362106,0.3981418333865147,2
1775547405.302853,817.3,512.7,0.3026029406370091,0.3828300138789749,0.3745538500279075,0.4002033172536787,2
1775547405.3348966,814.74,511.66,0.3005227287081904,0.3805671369106241,0.3734679030164349,0.3991974877751454,2
1775547405.3657358,817.42,512.34,0.301099180723503,0.3810485483625856,0.3734673519444054,0.3993216529717907,2
1775547405.400005,816.4,511.22,0.300478127056805,0.3801104400392405,0.3725932430110353,0.3985241389138779,2
1775547405.4337792,815.8,510.5,0.3006218131507794,0.3805349029269108,0.3738060387691703,0.3976645699881969,2
1775547405.4800923,814.06,508.72,0.2990684444758822,0.3792861270559877,0.3721304500345098,0.397276234050094,2
1775547405.5174415,815.46,509.6,0.2989618498574756,0.3787423561481589,0.371153599042166,0.3976937115128992,2
1775547405.5438368,814.1,508.68,0.2995726790679409,0.3793119696503258,0.3716607613928684,0.3970255397999724,2
1775547405.5747845,815.48,510.3,0.3001998010613402,0.3808511220468477,0.3748625253121334,0.3981541738794613,2
1775547405.6059637,812.16,509.24,0.2999704978432441,0.3803998693515387,0.3722754679530726,0.3995798845395725,2
1775547405.6379094,814.36,509.58,0.2969945670268094,0.3762370605685396,0.3714405925952959,0.3959252027102437,2
1775547405.669821,813.08,508.12,0.2967880480069669,0.3782312022548738,0.3702289198950516,0.3957700311531339,2
1775547405.702689,813.3,509.02,0.297308968980133,0.3782319527629098,0.3705460889413032,0.3953763185807136,2
1775547405.735254,809.46,508.56,0.2984391898619189,0.3779815975864186,0.3703358495541941,0.3935015725499642,2
1775547405.7666752,809.86,510.2,0.2950693413562427,0.3750556107792045,0.369481344011894,0.3908978969447914,2
1775547405.7986965,807.82,508.72,0.2979028911090127,0.3769572990424827,0.3716005681394311,0.3952645668106906,2
1775547405.8308284,808.9,509.4,0.2962609497251597,0.3746919756805538,0.3703124793784562,0.3947773876189854,2
1775547405.863653,811.54,508.78,0.2970888741320286,0.3778247725139566,0.3709936894406048,0.393854677329425,2
1775547405.8977077,815.3,509.82,0.2946583256642599,0.3748538656410171,0.3671462293706282,0.3905355820549149,2
1775547405.9357896,815.82,508.98,0.2962204679807961,0.3767402299752395,0.3694473004980509,0.3934596031232722,2
1775547405.975005,819.32,509.72,0.2956947139567614,0.375763579625807,0.3691576448727606,0.3944521454739713,2
1775547406.0060055,819.02,509.5,0.2983847626863693,0.3766523173329382,0.369850253587131,0.3937146325716148,2
1775547406.0411625,821.04,508.64,0.2952053120556303,0.374463763193831,0.36758071680582,0.3937648411380062,2
1775547406.0711584,818.16,507.84,0.2942865808695019,0.3741375287465663,0.3681982813047253,0.391481066847325,2
1775547406.104414,822.1,507.56,0.2949363255106387,0.3748008991725624,0.3690579758594933,0.3931760129055321,2
1775547406.1340308,822.48,506.26,0.2938025890739248,0.3728028874193312,0.3664506384327386,0.391332799829827,2
1775547406.168018,824.96,507.0,0.2920875434159317,0.3720290266911352,0.3670218533635515,0.3915292810569221,2
1775547406.198707,823.68,505.88,0.2937830743442784,0.3731506308676044,0.3678968909406626,0.3924497136617814,2
1775547406.2307937,827.44,506.06,0.2913540571982499,0.3713498371082308,0.3640617666418325,0.3903098695628447,2
1775547406.262657,824.3,505.48,0.2915271764710732,0.372418702935148,0.3644886645341973,0.3892577431852543,2
1775547406.2963982,826.02,505.76,0.2928869169580837,0.3725960026960142,0.3655439124855792,0.3892456211381257,2
1775547406.3358183,823.92,505.08,0.2930379817986848,0.3730211311463909,0.3649203929468766,0.3899655105014975,2
1775547406.3747532,827.2,505.3,0.2931810054317304,0.3724025646430049,0.3654479616216576,0.3899691710869673,2
1775547406.4059198,826.52,504.76,0.2928582269106723,0.372165674786605,0.3660032620096655,0.389572259857913,2
1775547406.4387748,829.14,505.42,0.2946774647570154,0.3729178864079651,0.366891994326909,0.3913785421096155,2
1775547406.47059,828.5,504.88,0.2943891960733487,0.3733651984606863,0.3674748150423616,0.3919037262100566,2
1775547406.5026636,831.96,505.68,0.2930514585090719,0.3721445784094638,0.3649714657417042,0.3893527839884724,2
1775547406.534319,832.48,504.8,0.2936662216008247,0.3733359275044744,0.3661179519841349,0.3894814252604555,2
1775547406.566725,834.7,506.0,0.2925744505916438,0.3728992229766357,0.3658833174066316,0.3907440777193308,2
1775547406.5987704,832.4,504.52,0.2937610428118481,0.3745492510056688,0.3667297751389455,0.3907106978485837,2
1775547406.6308212,835.6,505.24,0.2944085794095457,0.3744324418582218,0.3676163808638714,0.3905905671101335,2
1775547406.664255,835.24,503.94,0.2935967835949051,0.374554381122568,0.3678708932479568,0.3908700328572057,2
1775547406.6937618,837.5,504.02,0.2947009117787175,0.3745690480527465,0.3678983172196903,0.3935115767150582,2
1775547406.7286766,837.94,502.96,0.293609082548703,0.3738556121768763,0.3675250474037282,0.3911996219645572,2
1775547406.7740693,838.0,503.04,0.2952845628022797,0.3750712723114962,0.3670381194948973,0.3919213674817253,2
1775547406.8079607,838.58,502.62,0.2948124711073313,0.376101990581846,0.3677087159422443,0.3924046265928327,2
1775547406.8388643,839.28,503.0,0.2936268937132533,0.3742399669532444,0.3675925290304084,0.3916309165088709,2
1775547406.869791,839.2,502.22,0.2941468377026515,0.3744724749131058,0.3678424094106169,0.3929059252013631,2
1775547406.9026768,841.76,503.02,0.2945882867444893,0.3749933368877388,0.3673029836373231,0.3921217595764811,2
1775547406.934633,839.26,503.18,0.2948324479601252,0.3745984720656216,0.3699853446263082,0.3929913271731686,2
1775547406.9668264,844.14,504.44,0.2956591124238986,0.3759795639918851,0.3680435341104902,0.3919252223694183,2
1775547406.9987986,845.06,503.86,0.2953481407647619,0.3753289827624472,0.3672801753488158,0.3928291864054697,2
1775547407.0307243,847.5,504.72,0.2957259922226112,0.3759120753751415,0.3685748414478474,0.3924747599532597,2
1775547407.0626466,847.5,504.02,0.2948338111521695,0.3755559596305651,0.3677964102966556,0.3929201532706478,2
1775547407.0939093,850.48,504.38,0.2942318944495056,0.3725232197636639,0.3676951769502813,0.392253388793015,2
1775547407.1276147,850.9,503.68,0.294551019464969,0.3756548673654646,0.3684526545950095,0.3928257426997123,2
1775547407.1737423,852.38,505.18,0.2951360793667492,0.3756014152317187,0.3679859902191279,0.3931020237871101,2
1775547407.205911,855.46,504.6,0.293807771834569,0.3739403389388182,0.3669433139479031,0.3925571902664574,2
1775547407.2381375,861.64,504.8,0.2924469312937338,0.3744428481689828,0.3674619150323266,0.3932489081456293,2
1775547407.2699745,863.64,503.56,0.2940972676445191,0.3747022831742721,0.3679095163554333,0.3913476328320939,2
1775547407.3038757,867.46,505.16,0.2968501317811732,0.3752039288467991,0.3697372308187324,0.392916512898909,2
1775547407.3345575,865.56,504.26,0.2930408564987685,0.3724147771088777,0.3666992355862712,0.3925146099593735,2
1775547407.369307,867.76,503.94,0.2955380701665963,0.3759076491680047,0.3705829543766921,0.3942544940387252,2
1775547407.3988433,868.62,503.1,0.293252802859283,0.3756631910393518,0.3684072619666792,0.3940708118810077,2
1775547407.4308157,872.68,502.56,0.2938172229118224,0.3745595570862657,0.369518586400984,0.3929098182490093,2
1775547407.4627645,873.54,501.3,0.2948328257228786,0.3755518083415607,0.3694262459303085,0.3954576015422608,2
1775547407.493919,876.0,501.08,0.2942006088820777,0.3763510668321472,0.3703304303344174,0.3946613332140147,2
1775547407.525659,872.76,499.28,0.293519834205227,0.3744092526504925,0.3689813758567742,0.3935735793960282,2
1775547407.5592456,874.96,498.86,0.2944526954547408,0.3754519429860659,0.367975746921703,0.3929618162191698,2
1775547407.5931802,876.54,497.68,0.295443088015155,0.3756366205056084,0.3703193411791687,0.3943404282376524,2
1775547407.638908,879.5,497.3,0.2936322524387108,0.3746429573335662,0.3695124623059048,0.3940688333184829,2
1775547407.6706033,878.0,496.02,0.2951235772561469,0.3755337967419379,0.3690009727021683,0.3938523543632443,2
1775547407.7024496,882.74,496.38,0.2955845306144348,0.3761509048818416,0.3691233317443621,0.3937031147399252,2
1775547407.7347727,883.48,494.84,0.2956976971483117,0.3748655709976316,0.3685975564584214,0.3946618907169645,2
1775547407.7667236,885.82,494.2,0.2955497394219764,0.375153747000771,0.3696628371100458,0.3946046547494442,2
1775547407.7978609,884.7,493.32,0.2965612802160017,0.3769770770830151,0.3706220705647692,0.3951608282588432,2
1775547407.8296435,888.3,493.14,0.2967910932286917,0.3766829875359146,0.3707717887188181,0.3955682099056422,2
1775547407.8628983,888.94,492.14,0.2951901472545984,0.3750608555355897,0.3699328453698334,0.3948380040144771,2
1775547407.8939204,891.36,491.84,0.2961086853116446,0.3763840817518107,0.3709581279326626,0.3944144357375981,2
1775547407.9283648,893.86,490.64,0.2977368187511555,0.3780124915798135,0.3721631366751673,0.3955655456684572,2
1775547407.9578133,894.44,490.46,0.2944738405692063,0.3749359588443964,0.3692729287870541,0.3928207927304544,2
1775547407.9908595,894.88,489.32,0.2963013278286104,0.3767240041808788,0.3713208520338047,0.3930426004903035,2
1775547408.0277169,894.24,489.78,0.296503378187745,0.3768727845885368,0.3706819392655717,0.3943909282803526,2
1775547408.0712874,892.5,488.22,0.2953609121259644,0.3755439238818529,0.37065462167664,0.3950873448576537,2
1775547408.1015894,894.48,487.52,0.2954106266408685,0.3755790272922859,0.3688854519758277,0.3940963100565569,2
1775547408.134587,894.0,486.66,0.29597113812764,0.3765536857903074,0.3694236947851798,0.3940425712884386,2
1775547408.1667967,896.46,485.7,0.2962875214004982,0.376585855553984,0.3709896799898539,0.3962976121261899,2
1775547408.1988475,896.02,484.58,0.2958100258403847,0.3757859632835448,0.370528956120802,0.395504727211089,2
1775547408.2300377,899.08,483.62,0.294875690033944,0.3747794766951553,0.3704419192964395,0.3948659013732207,2
1775547408.2631488,900.52,482.94,0.2951793032730881,0.3748236248234411,0.3696906924182953,0.3937894216787782,2
1775547408.2948062,906.0,481.76,0.2954575047051004,0.3766234996926885,0.3683285837552159,0.3931310168738785,2
1775547408.325534,906.3,480.38,0.2942700801781694,0.3735887856685246,0.3691615051302498,0.3935919953625062,2
1775547408.3589115,908.52,479.96,0.296303708962126,0.3764393668057529,0.370741351412028,0.3943144660214969,2
1775547408.3907146,907.12,479.82,0.2953720031653574,0.3754581065030511,0.3706661805220669,0.3941261742829929,2
1775547408.4247491,909.3,479.24,0.2960253319443655,0.3750226098894996,0.3704055790191367,0.3936502618420217,2
1775547408.4698882,907.02,478.16,0.2963541867415559,0.3754282097534286,0.3702871556316376,0.3942765609382706,2
1775547408.5028112,906.94,477.74,0.2942065579635272,0.3749021016435729,0.3688590225883412,0.3928727645229609,2
1775547408.5351765,906.48,476.88,0.296578224382665,0.3756916490354116,0.3707127947594809,0.3952824651448294,2
1775547408.5679846,908.5,475.54,0.2946835106447992,0.3748681816598823,0.3691763378556568,0.3942266968704791,2
1775547408.597643,910.64,474.42,0.2958034259803775,0.3748741795515653,0.3695566251314167,0.394490446892696,2
1775547408.6322787,910.86,473.7,0.2953488947967604,0.3740925428769351,0.3686030707766027,0.393040708546043,2
1775547408.662663,908.64,472.56,0.2976592469119953,0.3768163453306301,0.3715884350971981,0.3950770333911316,2
1775547408.6964486,911.84,471.58,0.2946873447608097,0.3747515052027082,0.3697324845159522,0.393228118225727,2
1775547408.7258294,910.4,470.24,0.296266352417126,0.3763878007185102,0.3712259433840447,0.39406820410435,2
1775547408.7579126,913.86,469.44,0.294175061709234,0.3749827546703791,0.3693152496769791,0.3934843873764684,2
1775547408.790006,913.42,468.48,0.2964946343513224,0.3755182768598097,0.3695537674963804,0.3943207225956073,2
1775547408.823201,916.68,467.94,0.2958851355107798,0.3767103985084042,0.3705536809241032,0.3943471621059553,2
1775547408.8575604,913.94,465.9,0.29610249060509,0.3765609078985926,0.3693728786376788,0.3941580747385171,2
1775547408.90229,912.7,465.22,0.2955110758011845,0.3754455018847767,0.3706563535900169,0.3946186588235404,2
1775547408.9346693,910.72,464.42,0.2959595958760985,0.3749004417729042,0.3701239395882981,0.3933523157084289,2
1775547408.9665985,911.02,463.02,0.2970647373326961,0.3769170481064192,0.3721894418751751,0.3952436132483238,2
1775547408.9988024,912.36,462.68,0.2965592954528812,0.3754338821779309,0.3712550035085987,0.3948785526107718,2
1775547409.0305212,913.96,462.48,0.2971524585305422,0.3757693002465169,0.3703917353948024,0.3946448176343323,2
1775547409.0626404,912.5,461.76,0.2978228651804213,0.3769847353250523,0.3720384288370121,0.3951464113526475,2
1775547409.0945852,911.96,461.32,0.2962273621917992,0.3753817216359962,0.3704317486146861,0.3943687347910684,2
1775547409.1258092,910.48,460.66,0.2948719519058951,0.3745924171476577,0.3704266077548535,0.3941222687068038,2
1775547409.1588244,912.7,460.26,0.2968041893932033,0.376467945700695,0.3700396536179378,0.394267975789657,2
1775547409.192351,912.28,460.02,0.2975930946441302,0.3772768493911247,0.3710201831700061,0.3943199298936765,2
1775547409.2241716,910.98,458.32,0.2955423258410291,0.3755926472801629,0.3698276298675249,0.3950811673257542,2
1775547409.2565997,909.4,457.5,0.2961778118924315,0.3760005068161894,0.3710511517884379,0.3937979342543508,2
1775547409.3028927,909.74,456.8,0.2949302617057685,0.3742298501910062,0.3688791282737109,0.3933042210737917,2
1775547409.336406,910.42,456.18,0.2975656107591725,0.3779378193400202,0.3705466236524661,0.3934832713179872,2
1775547409.3657837,910.78,456.14,0.2959913964517318,0.3754317663914582,0.3712976098646955,0.3937466609773408,2
1775547409.3988342,908.22,455.22,0.2966245723806795,0.376787831333323,0.3717356917643699,0.394995293989837,2
1775547409.4296858,910.28,454.58,0.296994354809359,0.3763580225434472,0.3711739068376938,0.394518314981076,2
1775547409.4627542,907.84,453.24,0.2957930252711341,0.374998293133797,0.370070819025437,0.3930077945683599,2
1775547409.4937267,908.7,452.32,0.2962558760689538,0.3759038476647888,0.3708227109351084,0.3938933600984652,2
1775547409.525845,907.38,451.24,0.2961861832573955,0.3755118702761248,0.3704925977211981,0.3940321722755889,2
1775547409.5577724,909.96,450.22,0.2968214837383288,0.3765590443003367,0.3708514718468811,0.394815000204836,2
1775547409.5899875,907.88,449.3,0.2968005135558475,0.3767521928543491,0.3703437611109909,0.3937502026573268,2
1775547409.6245866,912.98,448.54,0.2957074326229058,0.3772143470032216,0.3705824568447123,0.3946123273249047,2
1775547409.654843,911.44,447.6,0.2944390626320781,0.3744265808967142,0.3701176321346126,0.3939690696020456,2
1775547409.6876748,915.86,446.64,0.2964234451720775,0.3760334190601898,0.3708175388907023,0.3938438329212821,2
1775547409.734608,914.58,444.7,0.2975708930527402,0.3763586778792989,0.3712391963811268,0.3942892380181875,2
1775547409.7667935,915.56,444.06,0.2956469322877361,0.3758892496295878,0.3699939310117414,0.3939440291371109,2
1775547409.7978802,916.06,443.12,0.297933421742276,0.3777225970598216,0.3714880722239646,0.3941343325842089,2
1775547409.8320594,918.86,442.64,0.2975522822735238,0.3775403895236754,0.3720253410973947,0.3943365546435452,2
1775547409.862595,916.36,441.44,0.2968175597303559,0.3765574463465032,0.3700595726767079,0.393586670902651,2
1775547409.8962193,914.86,439.5,0.2962509050275144,0.3761273676129352,0.369900991960217,0.3925069940268891,2
1775547409.926239,916.34,438.6,0.2985425117068435,0.3788296423909444,0.3707243171447248,0.3940681889021242,2
1775547409.9601996,915.28,436.7,0.296362701252792,0.3762857902231691,0.3705216194428865,0.394180896069296,2
1775547409.9908772,914.98,436.56,0.2980437432531412,0.3771189123249513,0.371848914329566,0.3937782375197154,2
1775547410.0252368,918.14,434.68,0.2975296258151846,0.3773098607856436,0.3725677282465057,0.3966282029375791,2
1775547410.0547917,917.2,432.54,0.2975760696488511,0.3775636468401674,0.3734977848065769,0.395636361985486,2
1775547410.085785,919.54,431.2,0.2972338033258683,0.3769786519521106,0.3707639013582794,0.3942217036340623,2
1775547410.1184523,920.92,430.04,0.2975031459376431,0.3784783986886842,0.3718256621794314,0.3960255580786747,2
1775547410.15354,927.44,429.12,0.2952698296783749,0.3760008177214087,0.370875244638472,0.3962098508891947,2
1775547410.198764,927.6,428.08,0.296389329485196,0.3766368182557534,0.3719205097327899,0.3939524123863161,2
1775547410.2299252,929.82,427.3,0.2962931910570247,0.3757947722973527,0.3698903071835787,0.3931527335857236,2
1775547410.2631776,930.48,426.34,0.2977935453400102,0.3782248008913921,0.3722386049921889,0.3945680041514595,2
1775547410.294044,933.98,425.5,0.2973940033617114,0.3778019970069909,0.3719084950332557,0.394478177378881,2
1775547410.3264463,934.68,424.42,0.2981971035289243,0.378140718132845,0.3723822945749081,0.3945785895376431,2
1775547410.358848,936.44,423.04,0.2964033010597813,0.3770239085525312,0.3704073980193437,0.3940945215687564,2
1775547410.390628,933.52,422.32,0.2965761092428889,0.3763239144991441,0.3715975674291887,0.3938465968523025,2
1775547410.4266186,934.78,420.56,0.2970212342719975,0.3762496777216509,0.3709951894047966,0.3949415084439421,2
1775547410.4563994,930.82,419.38,0.297647346562867,0.3768142737393677,0.3713643551518181,0.3939922071440569,2
1775547410.48567,933.64,416.44,0.2974144784820756,0.3773103627838282,0.3735564672111134,0.3960193311439067,2
1775547410.5199208,935.46,416.3,0.2974588465092304,0.3778691998031234,0.3721929480884257,0.3946217680328638,2
1775547410.553476,939.02,414.48,0.2986072500363003,0.3773287712050471,0.3733414912596326,0.3951164848104309,2
1775547410.6003482,940.44,413.52,0.2971144850139214,0.377227961701903,0.3713763050435594,0.3951928138787117,2
1775547410.6299176,943.56,412.6,0.2972137960482969,0.3760497394925986,0.3719845409940701,0.3936248358306529,2
1775547410.6625926,943.1,411.9,0.2982051853192743,0.377075078059664,0.3713072111227238,0.3941042849239474,2
1775547410.693735,947.86,411.24,0.2986016252127431,0.3762777201395961,0.3704349485553772,0.3940043483967417,2
1775547410.7272837,946.32,409.8,0.2992621895907144,0.3740063797062669,0.3714641187289679,0.3927548310242407,2
1775547410.7586956,948.9,408.8,0.3013514363252151,0.3695649461161119,0.370044212145681,0.3887203417158506,2
1775547410.7896802,947.74,408.5,0.2976114350396833,0.3607451291161793,0.3625830637715624,0.380251100887555,2
1775547410.822763,949.6,406.88,0.2893032394440763,0.3383797387376012,0.3411648282275493,0.3595597279854169,2
1775547410.8549206,944.4,405.74,0.2642530344128903,0.296160296977317,0.2975499274730184,0.3246502878661365,0
1775547410.8857012,945.52,403.12,0.2315571652920462,0.2405396589708863,0.2555633684980545,0.2926429129374307,0
1775547410.9188848,943.92,401.96,0.1936678913879141,0.1978473109918413,0.2196318967595727,0.2635687272833055,0
1775547410.9518237,944.24,399.08,0.1542995762302956,0.151731361274464,0.1745442490722024,0.228464910496126,1
1775547410.9979136,942.96,397.44,0.1154412276293789,0.1139696035942669,0.1325275122464947,0.1889839976305737,1
1775547411.0296063,944.42,393.86,0.0827424966386749,0.0790810473745076,0.1003270431839763,0.1438285562497078,1
1775547411.0629172,944.64,393.08,0.0653503650440212,0.0489781580228531,0.0780561768118067,0.1191491576780516,1
1775547411.0962064,945.44,391.56,0.0657168715796635,0.0408514811293208,0.0581698471012748,0.1002636746126963,1
1775547411.128043,945.3,390.92,0.0591230125776481,0.0328183142881591,0.0596229194584408,0.0964594127640037,1
1775547411.160113,944.96,389.7,0.0527654812820146,0.024335169734457,0.0517082493255844,0.0863512850145539,1
1775547411.1899338,942.34,389.02,0.0540346655509607,0.0151182935497199,0.0411755284542773,0.0740557504291238,1
1775547411.2242067,943.72,388.78,0.0661534720476249,0.0154737894697935,0.0371152280130539,0.0667261322144078,1
1775547411.2549183,942.84,387.74,0.0817983705454442,0.0318809594232931,0.0354515105494297,0.0584196303002754,1
1775547411.2858095,943.12,386.82,0.0936537680624539,0.0412658219796633,0.0435759764494375,0.0571019920004279,1
1775547411.3187606,943.78,385.82,0.1060710306113831,0.0530919662405079,0.0427895177870533,0.0515737610036322,1
1775547411.3500268,942.86,384.74,0.106854710832918,0.0495867657348954,0.0197561506404802,0.0434561692451506,1
1775547411.383927,941.88,384.94,0.1096430274967079,0.0539285239317636,0.0175608354851736,0.0426563890219318,1
1775547411.430093,945.26,382.76,0.1143496955807663,0.0571400590902351,0.0173333804271267,0.0461043399090816,1
1775547411.463455,943.02,382.0,0.1153478112890558,0.060922088935641,0.026070263662095,0.0552588230503218,1
1775547411.4949234,943.24,379.9,0.1181472335639686,0.0606828542014585,0.0182607733238393,0.0475827187239417,1
1775547411.5289462,942.86,379.26,0.1136826075421387,0.0554894848644863,0.0171558572290337,0.0562037816605563,1
1775547411.5578816,946.8,378.3,0.1090067445532776,0.0511808237925703,0.0146672283743151,0.05943260789044,1
1775547411.5896688,944.36,377.36,0.1054731855648207,0.0456142593780705,0.0140928608539067,0.0614998487530264,1
1775547411.6227446,944.84,376.66,0.102258268693166,0.0434391123795955,0.0138317849139884,0.0640854948311724,1
1775547411.6537323,941.68,375.78,0.096545669084079,0.0364924058620083,0.0190856748886214,0.0681689260961422,1
1775547411.686879,941.78,374.9,0.0951013723768363,0.0383221523436194,0.0188454714322296,0.0661862828025354,1
1775547411.7190034,940.62,374.46,0.0918084836139838,0.036221716713745,0.0193542077777086,0.0627509555892217,1
1775547411.7510676,941.78,373.34,0.0885578138329666,0.031249956509411,0.020339864891122,0.0614556390352445,1
1775547411.7844825,940.2,372.58,0.0884785610026143,0.030721960296982,0.0205635244332825,0.0630561786936276,1
1775547411.818316,942.6,371.3,0.0822156048833974,0.0242692750510439,0.0272980657000138,0.0701932208102221,1
1775547411.8642263,941.88,370.08,0.0814564772575958,0.0230020878570812,0.0295738947143913,0.0709241310590684,1
1775547411.8941622,943.24,368.24,0.0791311864909841,0.0190195977313494,0.0354903236312007,0.076704955520778,1
1775547411.9302948,938.98,367.36,0.0725860978673458,0.0125640016458542,0.0426586104683571,0.0843181391929959,1
1775547411.958835,941.02,365.38,0.0639569700108163,0.00384815684648,0.051348794269322,0.0915835524712789,1
1775547411.9908335,938.7,364.46,0.0618620605987291,0.0055902149638021,0.054454847545412,0.0954851574995962,1
1775547412.0227802,937.96,363.52,0.0628103302763923,0.0077765731497587,0.0528117845299961,0.0922177825214426,1
1775547412.053699,938.88,362.44,0.0624042912283158,0.0058529018642821,0.052650119130396,0.0934258044339326,1
1775547412.08595,939.54,360.84,0.062777639727586,0.0054184983811529,0.0521992452578188,0.092245690414193,1
1775547412.1182034,940.16,360.02,0.0648460631877886,0.0034383717740856,0.0500127320213496,0.0879138327584175,1
1775547412.1510491,939.28,358.76,0.0606271466183964,0.0032785018022326,0.0536315712788796,0.0906028269073506,1
1775547412.2009077,934.58,357.62,0.0571617919698106,0.0123361822987856,0.0569669422461394,0.0948462119271086,1
1775547412.2306764,934.2,356.26,0.0609156155690664,0.0087970132498759,0.0514713034084583,0.0893605757720219,1
1775547412.2622802,931.76,355.62,0.059255411097329,0.0104885894018389,0.054650151525823,0.0917788639094433,1
1775547412.2938988,933.02,353.18,0.0532585300632148,0.0109844108749758,0.0587188471986967,0.0950641378355838,1
1775547412.325317,930.24,352.28,0.0517370138529501,0.0127482163120592,0.0591794987024614,0.0962505188073126,1
1775547412.359999,926.46,349.74,0.0489596398936546,0.0143992122434247,0.0625352840041243,0.0989603546887751,1
1775547412.3899198,925.38,349.34,0.0474601748908462,0.0149760995262703,0.0627021523368794,0.0985125501685494,1
1775547412.4243183,926.16,347.2,0.0490172976134027,0.0148311296058369,0.0628416595903868,0.0995269659757018,1
1775547412.4545827,926.24,346.1,0.0490519569923171,0.0144999893037349,0.0615727135915471,0.0984118778320903,1
1775547412.488103,925.68,344.34,0.0470758686900191,0.0151081932453456,0.0616096099358083,0.0975900800146357,1
1775547412.518291,925.08,343.78,0.0506234095919297,0.0151207116979502,0.0610338968794626,0.097328957967484,1
1775547412.5500088,928.22,344.02,0.0459431477705865,0.0143795994373336,0.0618244766871028,0.0984286752832231,1
1775547412.6009672,927.96,343.9,0.0492696888561247,0.0133639218967012,0.0608153287687461,0.0969640166741911,1
1775547412.647737,929.6,344.1,0.0477887531102743,0.0131144913936729,0.0600493430868961,0.0959584634438082,1
1775547412.6939492,928.36,343.88,0.0454836917417008,0.0158852175730977,0.0637620267034148,0.099946692625449,1
1775547412.7310524,928.58,345.72,0.0445585624190745,0.0142179232129422,0.062366174936303,0.0987079013477057,1
1775547412.758814,928.56,345.14,0.0468571912414928,0.0131621481547703,0.0619100700795766,0.0968305950906601,1
1775547412.7897823,929.58,344.58,0.0471982113309998,0.0141390764045369,0.0624387665311576,0.0965604449429224,1
1775547412.8224597,929.44,344.0,0.0468996497316309,0.0140514185522621,0.0639371902014348,0.0987789315478396,1
1775547412.8546422,930.96,343.08,0.042449737133941,0.0190700855270601,0.0671866733729634,0.1026789628051753,1
1775547412.8868124,929.72,342.46,0.0407955963444861,0.0211200152946887,0.0681577749104549,0.102235989012623,1
1775547412.9187937,929.86,340.38,0.0390382986146105,0.0217045872941751,0.0694840350180836,0.1052516044958431,1
1775547412.9505565,929.08,339.92,0.0363582294203389,0.0243290119744881,0.0737270253620914,0.1089836585626818,1
1775547412.9844103,928.9,337.96,0.042666139254091,0.0203172081924105,0.0694859061017433,0.1055986001600345,1
1775547413.014791,924.54,337.38,0.0376058067338042,0.0236558527279891,0.0723764062542872,0.1096987048963171,1
1775547413.048431,927.1,335.08,0.0395718126607226,0.0213582136656087,0.0695350904593532,0.1054514173815502,1
1775547413.0822103,926.58,334.96,0.0403980359585801,0.02110164950678,0.0693187210942446,0.1046502370584575,1
1775547413.1282427,926.02,333.8,0.0399818155004127,0.0228697475240601,0.070044920469456,0.1043235818068037,1
1775547413.15864,924.12,333.16,0.0396930800451677,0.0221949801556262,0.0702749528727838,0.1056705627158712,1
1775547413.1921976,924.36,331.88,0.0347580829282722,0.0251420049226575,0.071687046562318,0.1078249197476139,1
1775547413.2216938,923.68,331.44,0.0379232700038093,0.0239399865390046,0.0714001292690869,0.1062590298740975,1
1775547413.2526505,923.58,330.16,0.0386226659862225,0.0232303293178936,0.0706897474661654,0.1055139837740491,1
1775547413.2866454,919.6,329.92,0.0404073299825468,0.0213851071587811,0.0681066013941818,0.102293639872773,1
1775547413.317825,921.42,328.66,0.0384142826805501,0.0214562398686879,0.0686608047382675,0.102698342009059,1
1775547413.3509228,918.44,328.86,0.036537448671713,0.023826908218375,0.0705955054396734,0.1042777395456268,1
1775547413.3820806,919.86,327.78,0.0384849574873337,0.0216360200391592,0.0682947128686996,0.1021284149650704,1
1775547413.4149473,918.2,327.24,0.0382464169011812,0.0219902727289859,0.0689649808136816,0.1032750930202342,1
1775547413.4458852,919.94,325.68,0.0368292264252513,0.0217372913546361,0.0694573421491661,0.1034912370696441,1
1775547413.477759,919.3,325.22,0.0352413183369942,0.0228896771389502,0.0690813203353456,0.1024670582504373,1
1775547413.5115588,916.6,323.24,0.0374572085534698,0.0219641812541161,0.0680342478245339,0.1008954578832426,1
1775547413.545885,913.02,323.32,0.0385307423902743,0.0192465088381451,0.0657373343659238,0.1019674260418412,1
1775547413.5897777,913.62,321.98,0.0382073838797672,0.0207685973176153,0.0663861641507486,0.1006874870136378,1
1775547413.624127,913.14,321.82,0.0418484670152428,0.017388597207514,0.062994895440661,0.0970524976952109,1
1775547413.6536963,913.04,320.56,0.039356273695807,0.0198360048398675,0.0649991459771833,0.0990743046048744,1
1775547413.688522,912.7,320.58,0.0384187766098809,0.0203523312517539,0.0665791706251783,0.1015034313207525,1
1775547413.7178802,917.44,319.08,0.0440084834465507,0.0145834480201779,0.0602093246466151,0.0938663952475065,1
1775547413.7523074,916.36,319.24,0.0403608952384308,0.0181456090027267,0.0636769460849146,0.0983307327725302,1
1775547413.781939,915.78,318.54,0.0419027186832708,0.0161957251189978,0.061279297286164,0.095153713994661,1
1775547413.8138754,916.7,318.88,0.0413869184761698,0.018516355097865,0.0645826095042174,0.0979648547322803,1
1775547413.846952,916.54,318.14,0.0410183322937859,0.0171144786146018,0.0629500202392123,0.0977749661794744,1
1775547413.8779695,914.64,318.18,0.0421794462333989,0.0158223791775006,0.0614541596270586,0.095457865569507,1
1775547413.9118333,914.52,316.92,0.04026151667886,0.017998843713419,0.0624572702085505,0.0974336850383339,1
1775547413.9509215,912.56,316.54,0.0394808170915587,0.0199537971252088,0.0648589324250208,0.0986897222018082,1
1775547413.991139,909.88,315.84,0.0420598317275303,0.0173154330877944,0.0625174619536309,0.0954705517749918,1
1775547414.021846,907.88,315.54,0.0406092314978002,0.0176118828891404,0.0626412827182452,0.0977334937122607,1
1775547414.0540304,908.84,314.54,0.0404117357621164,0.0164821056625865,0.0612402270056817,0.0956029005726051,1
1775547414.0860684,906.94,314.54,0.0397182796747107,0.0186609856673565,0.0639752321312532,0.098512900609751,1
1775547414.1188211,906.06,313.84,0.0416044176682568,0.0167357216274749,0.0612476092955976,0.0949719832243766,1
1775547414.1509385,904.96,313.62,0.040305513672705,0.0160132297037654,0.0600643337345685,0.0953575663687818,1
1775547414.1845171,904.6,313.1,0.0381877429942034,0.0178173807124453,0.0628040490366827,0.0983322021398277,1
1775547414.233008,905.44,313.14,0.040850174278974,0.0173811331881537,0.0612475863075945,0.0962990913804864,1
1775547414.264293,903.24,312.36,0.0412061712351531,0.0177770444318144,0.0617085660125433,0.0974317252680512,1
1775547414.2979195,898.98,311.88,0.0420830914506371,0.0150985180392531,0.0588741003376288,0.0928433555932293,1
1775547414.344234,897.26,310.86,0.0423463225229481,0.0155792831010888,0.060387107948187,0.0950906802849283,1
1775547414.3746123,894.92,311.2,0.0381063907943491,0.0191620198960329,0.0632170158127408,0.0984749968319016,1
1775547414.408125,894.66,308.82,0.0399075198233201,0.0172104110625065,0.0624736503823587,0.0977913156467057,1
1775547414.4420557,892.66,308.54,0.0448512741335335,0.0125224300699807,0.0579637421997342,0.0937449590853795,1
1775547414.4867263,890.66,307.02,0.0415478294632159,0.0150644798838488,0.0589367377738635,0.0940782675456508,1
1775547414.5186949,888.02,307.02,0.0438826262151467,0.011707776763358,0.0562555704847213,0.0915785354822905,1
1775547414.5509765,886.8,305.52,0.0394684100703477,0.0181102804663294,0.062205043168679,0.0973005912075733,1
1775547414.584638,885.8,305.6,0.0398546983540972,0.017913228270262,0.0626682130932198,0.0986627297921785,1
1775547414.633108,884.36,304.74,0.0400615236990604,0.0173948718867128,0.0627550734665499,0.0985453036482645,1
1775547414.6616113,883.14,304.6,0.0407609676341766,0.0175499746924815,0.062271670895082,0.0959474614233606,1
1775547414.6949725,881.4,303.84,0.0402678174489479,0.0184264860628019,0.064242620258311,0.1003588204592635,1
1775547414.7296553,880.02,303.84,0.0398944868887451,0.0180883988563157,0.0633432216791652,0.0997618165084932,1
1775547414.7751136,877.74,303.64,0.0407862144709806,0.0185339368645631,0.0641147195472782,0.1000119510378904,1
1775547414.806053,876.8,303.34,0.0440921022528629,0.0124977363621775,0.0579440376907577,0.0937268478839029,1
1775547414.8377366,876.22,302.86,0.0410180173841485,0.0165788920250219,0.0615397762942937,0.0965916135832945,1
1775547414.8705835,873.2,302.78,0.0401850419238806,0.0169303512536671,0.0613668225698765,0.0967399892280734,1
1775547414.902809,870.88,302.6,0.0416856847997138,0.0160275178759823,0.0610718190106316,0.0966877658027283,1
1775547414.9363704,869.2,302.58,0.0397667716609422,0.0170890668007255,0.0621609127744358,0.0980268378976023,1
1775547415.0010514,872.18,302.28,0.042273805428645,0.0153102565701946,0.0590268286935563,0.0938584413483394,1
1775547415.046039,872.7,302.34,0.0436825673167089,0.0148678347210586,0.0605146632195497,0.0954623374402652,1
1775547415.080455,870.76,303.12,0.04519275568379,0.0144324365424904,0.0574372042478204,0.0928517020237839,1
1775547415.1110702,870.8,302.6,0.0424925935134187,0.0142052412694142,0.0597044246053415,0.0961790632618471,1
1775547415.142539,868.86,302.02,0.0398288647156645,0.0181522431499674,0.0627464145564446,0.0974984119619545,1
1775547415.1738842,867.16,302.18,0.0422982852246533,0.0159344071264315,0.0607248047136459,0.0963192671857979,1
1775547415.2058263,864.64,301.92,0.0423271367611081,0.0159459468399929,0.0602662331188568,0.0966366162041262,1
1775547415.238555,859.92,302.0,0.0428623876736172,0.0153769393639033,0.0593001514276668,0.0948365353767533,1
1775547415.2707188,856.2,302.06,0.0410049584946275,0.0186952911782805,0.0623357791646752,0.096907080568747,1
1775547415.302933,855.36,302.0,0.0445508102442575,0.0124340593247386,0.0580179651623962,0.0930069076075219,1
1775547415.3352146,851.96,302.32,0.0439692355683152,0.0138482657036422,0.0581433020004663,0.0926206477999775,1
1775547415.3676877,849.52,302.06,0.0433212014716803,0.0139355345753244,0.0591458504798509,0.0950260359475869,1
1775547415.414057,844.6,302.04,0.0482859142178889,0.0112901538643857,0.0568209156228579,0.0901379153429281,1
1775547415.4457014,842.2,301.96,0.0458800920883474,0.0114184059952315,0.0567728267707396,0.0921710876729228,1
1775547415.4789722,837.08,302.42,0.0486777835371131,0.0085962520418902,0.0534653251390566,0.0896088689239806,1
1775547415.5098422,834.92,302.46,0.0429721059804709,0.0156150184226779,0.059994826688783,0.0941591753876945,1
1775547415.5424635,835.32,302.12,0.0427686941380508,0.0155746698744307,0.0598895453057427,0.0961891660442453,1
1775547415.5762694,830.32,302.02,0.0440123991121925,0.0132675908439667,0.0582537175144904,0.0951190105119285,1
1775547415.606908,830.82,301.88,0.0420421559082424,0.0161846967175785,0.0606124824516264,0.094010023758433,1
1775547415.639389,830.5,302.0,0.0480533474991439,0.0106475211746741,0.0552407319539742,0.0870908268372427,1
1775547415.670054,831.42,301.8,0.0418322906066297,0.0162936524894929,0.0597504440712428,0.09543272816593,1
1775547415.7042947,829.9,301.94,0.0423949269540195,0.0171544770922503,0.0610119696649289,0.0928414152400927,1
1775547415.7358515,829.88,302.2,0.0439619222739319,0.0158354709174641,0.0609645199011605,0.0970951644504012,1
1775547415.768265,828.02,302.12,0.0392652434969946,0.0191196584795254,0.0628824546371975,0.0966768841428217,1
1775547415.814814,827.7,302.54,0.0428109368723806,0.0144640256465836,0.0595062721639829,0.0934842532361987,1
1775547415.8459826,824.46,302.42,0.0427320796492563,0.0138588461003971,0.058125608566973,0.092852620292977,1
1775547415.8793943,822.56,302.42,0.0400730418284678,0.016366300191253,0.060758698259253,0.0954931172980472,1
1775547415.9099066,817.88,302.42,0.0406757962158416,0.0148200227079053,0.0593098306155562,0.0965545038825544,1
1775547415.9427724,815.76,302.84,0.0414095492065697,0.0146082772979612,0.0585529026824909,0.0920769591399606,1
1775547415.9747734,814.1,303.06,0.0389787790627408,0.0191643130146982,0.0630941392262719,0.0987966185580288,1
1775547416.006613,812.9,303.48,0.0394995638672457,0.017267150297984,0.061366927934889,0.0966003561238024,1
1775547416.0379689,813.14,303.58,0.0406794546337761,0.0171934233508755,0.0624082776411831,0.0957145586601,1
1775547416.0707808,812.48,303.74,0.0442846417702333,0.0154267171618814,0.0597692139350211,0.0944295206314691,1
1775547416.1018014,810.4,303.3,0.0425095303906662,0.0155326645628254,0.0599263000361666,0.0955664584678759,1
1775547416.1363704,809.48,303.3,0.0447492462729362,0.0118487897644246,0.0563994467214283,0.0917008191475397,1
1775547416.16668,807.86,303.52,0.0456557519380577,0.010537954286335,0.055438319126561,0.0916144210654886,1
1775547416.2002528,805.98,303.42,0.0433078562949602,0.0135414853119156,0.058860331371741,0.0954162729397264,1
1775547416.2461302,803.14,303.28,0.0409312033447445,0.0169767438339966,0.0614528125953977,0.0971343446593483,1
1775547416.280138,803.2,303.5,0.0413862466535397,0.0159676117007662,0.0601650207701451,0.0944114100478402,1
1775547416.3105967,800.64,303.84,0.0417210029548438,0.016403403384005,0.061570067390894,0.0953708583307427,1
1775547416.343385,797.88,303.36,0.0414096105090904,0.0152464398537394,0.0609721017240786,0.0968256130325843,1
1775547416.3737795,792.72,303.56,0.0452280726494577,0.0119894029601319,0.0587484057383304,0.0945287983553518,1
1775547416.4065638,791.16,303.36,0.0427143158002296,0.0149988831818685,0.0616664722002361,0.0963210616892304,1
1775547416.4378269,788.7,303.54,0.0482756261255129,0.0106451835479648,0.0555832160242233,0.0921739519964655,1
1775547416.470698,787.94,303.3,0.0427547239203529,0.0150098014895491,0.0616190589722819,0.0991049562072544,1
1775547416.50181,787.3,303.46,0.0460675949087198,0.0122372797468634,0.0577105210014657,0.0963376235228924,1
1775547416.5368748,785.82,303.74,0.0497363425505555,0.0130060120629519,0.0559695000750595,0.0916209885542317,1
1775547416.567025,786.14,303.84,0.0431729520089988,0.0124595689197742,0.0625879835293944,0.0967949702883663,1
1775547416.5987637,787.4,304.06,0.0352284077698098,0.0183117928306491,0.0691179434913432,0.1047494194826408,1
1775547416.6323152,785.94,304.16,0.0418352146403222,0.0099283624280382,0.0630994660861985,0.101941889815618,1
1775547416.6787694,779.96,304.76,0.040912165618329,0.0134712446931465,0.0697979221539637,0.1087378902691993,1
1775547416.710717,777.44,304.6,0.0405483086636853,0.0178013244827424,0.0713990502690869,0.1112914168221321,1
1775547416.7426977,775.72,303.8,0.0371188923866785,0.0263357107576955,0.0807289905410554,0.1144905113477047,1
1775547416.774146,775.84,303.86,0.0392369039094059,0.0289955228450587,0.0850681572984044,0.1134105639517229,1
1775547416.8057237,772.12,304.26,0.0318818503865252,0.0317009824738588,0.0822132124775658,0.1146599824573716,1
1775547416.839516,770.76,304.06,0.0266050882736835,0.0244674164373705,0.0695585619539874,0.1105055195621976,1
1775547416.8709471,771.2,304.38,0.0316371804333103,0.0247046093575077,0.061433268389611,0.1120010298003605,1
1775547416.9094453,771.9,304.62,0.0361434741889769,0.032483136564527,0.0664374414633335,0.1214254230070369,1
1775547416.9369776,771.02,304.98,0.0405476173398597,0.0526006787561673,0.0906670229790829,0.1440936741554555,1
1775547416.9693415,769.9,305.02,0.0396887433305125,0.0588394524020769,0.1045889157097563,0.1571677374317992,1
1775547416.9978778,769.12,304.84,0.0777097501570597,0.083785631189895,0.1216458438481625,0.1809047528038732,1
1775547417.0300462,767.28,304.88,0.0988054184165906,0.1099591107646605,0.139649137531878,0.1905243274185087,1
1775547417.062977,767.58,305.52,0.142520092036708,0.1627591648756893,0.1764543694968178,0.200454403855731,1
1775547417.0976074,764.84,305.52,0.162718280261703,0.2014984798329214,0.2034881536557884,0.2192763784479392,0
1775547417.1417649,763.22,305.14,0.2001307630585032,0.2439163521773295,0.2352543402028976,0.2393382313863726,0
1775547417.1735203,761.94,305.06,0.2332447539916267,0.2827517337444981,0.2663045311024776,0.265900058573921,0
1775547417.2066596,759.48,306.26,0.2540219924532924,0.3082468562557504,0.2934744960074411,0.2887547330130426,0
1775547417.238546,759.54,305.9,0.2680810447691165,0.3254274872423787,0.3181112373690029,0.3046919819844446,0
1775547417.2699466,757.82,305.94,0.2750771242799481,0.3363020231512921,0.3312541566579251,0.3181781832317557,0
1775547417.30277,758.18,305.88,0.2850989265200074,0.3472723527016345,0.3409633056975755,0.3325655625684566,2
1775547417.3376868,753.56,306.38,0.2876532842961973,0.3498297593754483,0.3453570813170301,0.3374116665009327,2
1775547417.365607,749.8,306.3,0.2930762164830432,0.3589646308533806,0.3531315857875979,0.3464976850442352,2
1775547417.3988092,748.2,306.46,0.2906910811633159,0.3586378257692775,0.3521728857293676,0.3477360822666938,2
1775547417.4305284,748.4,306.44,0.2947073606350892,0.3595070303094462,0.3525910319728531,0.3494717145523893,2
1775547417.4632208,747.76,306.92,0.2982502390735754,0.3623089127254055,0.3553215366685628,0.3488945000230565,2
1775547417.4981108,748.72,306.96,0.298219966194205,0.3633202060614591,0.3569559000287396,0.3530527897801501,2
1775547417.543703,751.16,306.94,0.2956504266397498,0.3647982279910762,0.3582576936041796,0.357272278833481,2
1775547417.5739574,753.56,307.02,0.2965813866557172,0.3651408008049852,0.3574223050048455,0.3577003004210672,2
1775547417.6087594,753.4,306.78,0.2956120865307068,0.3655467298681858,0.3573347331156708,0.3580956285125803,2
1775547417.6382148,752.64,306.52,0.2955938911288422,0.3645108871568649,0.3576329227466014,0.3615138026373083,2
1775547417.671203,750.24,306.66,0.2988208333681129,0.3682860022006173,0.3604401691953843,0.3674831273343444,2
1775547417.7029805,750.1,306.56,0.2960797167985436,0.3641702987784316,0.3598981444321441,0.3676922947066411,2
1775547417.7385018,749.0,306.74,0.2977950276338438,0.3689914921302303,0.3644681188824805,0.3709597277683943,2
1775547417.7659752,749.54,306.94,0.2986622604521506,0.3696253798698128,0.3653948947546187,0.3750082906026841,2
1775547417.7985942,746.0,306.94,0.2964639761244751,0.3674945774299518,0.365940485580673,0.3795795645258554,2
1775547417.8306868,744.18,306.76,0.2981081525777512,0.3741225310595829,0.3698718736395477,0.3833965471957905,2
1775547417.86278,744.78,307.4,0.2941583992812507,0.3688209949185655,0.3675408746517392,0.3861402386754304,2
1775547417.8956158,745.28,307.68,0.2963557561331031,0.3710044743685174,0.3701016938536052,0.3893162004033315,2
1775547417.9300444,744.4,307.7,0.2951292047999518,0.3698501811084789,0.3680502636100152,0.3906599647293842,2
1775547417.9737248,745.9,307.62,0.2984969628513162,0.3743011989718382,0.3699476168685205,0.3919679751273568,2
1775547418.0068877,746.3,308.14,0.2987912383100952,0.3747884619481151,0.3722664049537138,0.3939970903670555,2
1775547418.0394523,749.04,307.98,0.3009511455508475,0.3749652130960058,0.3723958176288342,0.3962522691803516,2
1775547418.0705988,747.86,308.3,0.2994760457750373,0.3732527660263617,0.3705417423985114,0.3983584901285303,2
1775547418.1041615,749.24,308.26,0.3005347755335522,0.3746859094354912,0.3724539229473549,0.3974319039146109,2
1775547418.1394155,747.16,308.5,0.3005767235980024,0.3768287436955529,0.3747009560402645,0.3952948182457871,2
1775547418.1685002,746.06,308.38,0.3029919414604317,0.3777025240402951,0.3723447593733099,0.3938799934300311,2
1775547418.2032816,745.54,308.28,0.2973990314046802,0.3740479411315197,0.371101659249049,0.3937988812301499,2
1775547418.2472637,745.0,308.72,0.3008479131810189,0.3758857789537915,0.3707102047983001,0.3937140229403425,2
1775547418.278098,741.86,308.54,0.2991173391821527,0.37380011334502,0.3705431978123925,0.3942648093738068,2
1775547418.311902,742.58,308.58,0.2976498961339351,0.3725720709805745,0.3691584094335388,0.3962696955441773,2
1775547418.3586986,744.0,308.08,0.29904158496341,0.3748174129827787,0.3699359225685709,0.3940143715363266,2
1775547418.3902302,744.28,308.4,0.2989785280009811,0.3748107432290792,0.3705329617099249,0.3941934008127994,2
1775547418.4227595,743.76,308.12,0.2978907342157011,0.3739263387858425,0.3699958664511591,0.3952698738966191,2
1775547418.4560022,741.82,308.32,0.3004664954996592,0.3734411001158459,0.3696756563473316,0.3936281801019021,2
1775547418.503235,744.76,308.16,0.3023323129887151,0.3768772690535354,0.3731427538945786,0.3958617054908095,2
1775547418.5347178,744.68,308.7,0.3025991250547408,0.3774550216636232,0.3725336557705497,0.3968488999416908,2
1775547418.5666902,742.56,308.76,0.299201394152979,0.376556126782147,0.3709012153031253,0.3975409931221413,2
1775547418.6006036,743.14,308.76,0.2989256426575863,0.3770122766320421,0.3707065617208109,0.3975857422536805,2
1775547418.646667,746.46,308.14,0.2973399240351227,0.374926435219327,0.3691865192397525,0.3961579356805687,2
1775547418.678785,747.14,308.34,0.2965988226704319,0.3746273712598595,0.3687672911806282,0.3968695576964865,2
1775547418.7105973,748.44,307.92,0.2995083245498969,0.3759091234019739,0.370537700346543,0.3950158030980647,2
1775547418.7444222,749.88,308.36,0.3002557165580449,0.3768256674484244,0.3704623712726152,0.3960330106788118,2
1775547418.792031,750.54,307.4,0.2993743390920018,0.3767940633463844,0.3705692930732069,0.395752810125929,2
1775547418.8216426,752.74,307.78,0.2996033635315042,0.3772054069195467,0.3708298848829113,0.3965874127585062,2
1775547418.8561668,751.78,307.94,0.2981877154953252,0.3772970550049689,0.371023908867287,0.3965399389675385,2
1775547418.8899608,752.52,308.18,0.2968319858999348,0.3753703358911239,0.3706723041470118,0.3970723356494851,2
1775547418.9361756,752.7,307.0,0.2972018288965976,0.3761678944291238,0.3698681832606986,0.3956676787069211,2
1775547418.9814668,753.82,307.14,0.300265850843888,0.3776707321576882,0.3710080387238366,0.3970929534777713,2
1775547419.014518,750.46,306.96,0.2982765706204025,0.3756203794087407,0.3702928348417453,0.3953361050509664,2
1775547419.0476022,748.14,306.78,0.2975246226178896,0.375181973194695,0.3703593936256811,0.3988970094575083,2
1775547419.0940075,751.32,306.4,0.2990174674117589,0.375058702200125,0.3695212934341603,0.3968318270584783,2
1775547419.125887,753.92,306.86,0.2997951315586626,0.3773162115629639,0.3704446330244992,0.3982094277533397,2
1775547419.1587756,755.78,305.9,0.3000477493994159,0.3766585528554736,0.3715179582930434,0.3963486791818695,2
1775547419.1907606,755.84,306.44,0.2987703158123413,0.3770456815718188,0.3709582426703012,0.397032548192799,2
1775547419.2215364,755.84,305.6,0.3008707569633388,0.3790486535102327,0.3730824323113411,0.3975970253656833,2
1775547419.2548473,757.9,306.08,0.2988954931312577,0.3784021557261366,0.3718185468796051,0.3983176104907037,2
1775547419.285832,754.88,305.48,0.2983165608511985,0.3771919629530524,0.3717502201060086,0.4003281935004982,2
1775547419.3196733,752.38,305.9,0.3015880653044128,0.3802057487991936,0.374913194572893,0.4000580411335568,2
1775547419.3598423,752.54,305.2,0.3001918586545372,0.3784224490058291,0.372284816923653,0.3993257801995502,2
1775547419.3986793,752.16,306.1,0.3011796261039524,0.3797967475489326,0.3738832807209521,0.4007919612923499,2
1775547419.4323046,755.2,305.9,0.3001714239477404,0.378920978486627,0.3736007548311141,0.4012489701509089,2
1775547419.4627264,754.28,306.36,0.2983082921072902,0.3787240023856446,0.372744530978425,0.4019107864591581,2
1775547419.4975402,755.88,306.02,0.2984564581735856,0.3785426530538911,0.3731116000331126,0.4027310225885617,2
1775547419.5269444,755.48,306.32,0.2985892499249444,0.3795080693283806,0.3732974987365783,0.4014895011361512,2
1775547419.5601325,758.36,305.7,0.2978500516935863,0.3781088976388021,0.3714475922003412,0.4016131733748734,2
1775547419.5904307,759.46,306.46,0.2972632183114202,0.3781636980945813,0.371963032090338,0.3995823791348265,2
1775547419.6228464,760.14,305.44,0.2964116453388625,0.377932069704897,0.3716455390508577,0.3997225788777634,2
1775547419.6548324,760.4,305.74,0.2978066094078485,0.3780735256779274,0.3742689587785399,0.4029605041676241,2
1775547419.686656,760.26,305.36,0.2966507816590056,0.3798258120921038,0.3748309882953691,0.4018767780598688,2
1775547419.718085,757.7,305.48,0.2963532367848442,0.3780858798491575,0.3730148922178775,0.4027155735248726,2
1775547419.7519467,758.38,304.84,0.2960525593652489,0.3778527211733867,0.3731994640331139,0.3997680586553875,2
1775547419.798839,757.48,305.28,0.2961881882023538,0.3788260172970409,0.3722144182210231,0.4012044620562335,2
1775547419.830847,758.86,304.98,0.2995778756606794,0.3807386269718804,0.3763659546174822,0.4046115501832439,2
1775547419.8627465,758.4,305.62,0.2950996001837472,0.3771321068809136,0.3717568514159454,0.4007991710960321,2
1775547419.894802,758.98,304.66,0.2957395173874205,0.3784840687948061,0.372571342655243,0.4010903647973912,2
1775547419.9266262,756.18,305.1,0.295935481616282,0.3778174825645458,0.3734064007176128,0.4011798008326795,2
1775547419.9590478,756.88,304.54,0.2974087980100703,0.3790280373330037,0.3748072509459845,0.4024809303450122,2
1775547419.9900508,756.58,304.94,0.2949155772905967,0.377539050752691,0.3724454435616356,0.400846422895711,2
1775547420.022767,758.48,304.94,0.2970964229329657,0.3792714568997031,0.374487394366132,0.4002455695180917,2
1775547420.0562625,757.94,305.54,0.2975639366013092,0.3797252583832076,0.3745907000069007,0.4033150889166953,2
1775547420.085822,757.82,304.86,0.295521612436714,0.3780920810412508,0.373374427023932,0.4022740415286827,2
1775547420.1201563,756.96,305.66,0.2960552125316187,0.3761124228852816,0.3729196950613081,0.4010584666139135,2
1775547420.1510236,758.06,305.36,0.2947772057333849,0.3758217326571798,0.3702639437365028,0.4010176924418972,2
1775547420.1850858,757.94,306.0,0.2956332417159587,0.3762335545156267,0.3709978650234338,0.3990909026605368,2
1775547420.2299352,758.58,305.26,0.2948809263652175,0.37611094055852,0.3702773363078483,0.3995587620151044,2
1775547420.261879,757.7,305.72,0.294484082838838,0.3738514071990849,0.3694834585070617,0.3964808627758755,2
1775547420.294912,758.68,304.98,0.2928021397864053,0.3738353030314094,0.368049739181102,0.3963664498616043,2
1775547420.3266833,759.16,305.48,0.2937615528100972,0.3722642815731405,0.3661427284629491,0.3920668646404146,2
1775547420.3585851,759.5,304.52,0.2957111773364282,0.3739560958423293,0.3684566992497172,0.3936555848212628,2
1775547420.390735,757.46,305.08,0.2918517169446509,0.3698913776682253,0.3644402737668937,0.3917735400279671,2
1775547420.421717,756.16,304.36,0.2903014203181835,0.3700744758470666,0.362930443870148,0.3902612849390815,2
1775547420.4549503,755.58,304.6,0.2911180671349291,0.3681623090124521,0.3619721200585888,0.3876854182514532,2
1775547420.4858043,756.42,303.84,0.2916870219410942,0.3668681433463929,0.3623789215300249,0.3869503578418645,2
1775547420.5188138,755.46,304.36,0.2902742395905774,0.366466817190965,0.3611251937586457,0.385862787958236,2
1775547420.5498977,759.52,303.08,0.2868921587688814,0.3642190767621157,0.3583086040216042,0.3816438447500209,2
1775547420.5826166,758.84,304.06,0.2864549642859292,0.3633602146920687,0.359510231547867,0.3798299924820241,2
1775547420.617331,758.96,303.14,0.2841304337372248,0.3613727286350374,0.3566131233738375,0.3790596294537454,2
1775547420.662639,757.4,304.0,0.2818838726180506,0.3555369940419937,0.3537481081749798,0.3763337040624026,2
1775547420.6962042,762.48,303.26,0.2810957641378065,0.354786057816974,0.3535277120185906,0.3760677879449214,2
1775547420.7257106,762.64,303.98,0.2789921908783245,0.3537653594235413,0.3510011525308638,0.3743446080536264,0
1775547420.7600515,761.54,303.34,0.280519385559923,0.3559523571183662,0.3521863440712102,0.3742002317205881,2
1775547420.7903595,760.8,303.64,0.2799579161019403,0.3537525670218848,0.3511818022004343,0.3739311118982276,0
1775547420.824402,759.38,303.34,0.2790629497138533,0.3534390512189412,0.3513211862163737,0.3714139042194908,0
1775547420.8538802,759.22,303.66,0.278461124259483,0.3512626866081511,0.3493640518967787,0.3720105461474277,0
1775547420.8865995,759.76,302.56,0.2800600033177912,0.3546869563166873,0.3485600227838538,0.3703770837536924,2
1775547420.917999,757.76,302.92,0.2791981516849142,0.3515614703290747,0.3480952469197386,0.3717806620655206,0
1775547420.951197,758.44,302.24,0.2814926165946024,0.3543134236982585,0.3512914570890352,0.3726847290541892,2
1775547420.9829662,761.1,302.88,0.280283109299922,0.353254036086938,0.3494145025192698,0.3714151827104875,2
1775547421.016034,762.9,302.22,0.2773710207617525,0.3509462294392839,0.348398774396518,0.3715518847344901,0
1775547421.0627763,763.08,302.32,0.2808843687584491,0.3530826235035295,0.3490765568089497,0.371435470099362,2
1775547421.094751,762.98,301.1,0.2792810173236346,0.3535238086006777,0.3511394022349204,0.3723041585570187,0
1775547421.12649,761.64,301.56,0.2793864136118988,0.3539896722469937,0.3514519947821192,0.3737469236661875,0
1775547421.1577165,761.32,300.48,0.2813150263885368,0.3541470719438906,0.3511294300771055,0.373942461657108,2
1775547421.1911843,761.3,301.18,0.2801065470192749,0.3529977370138107,0.3503129940090397,0.3731925702515893,2
1775547421.2217712,761.34,300.52,0.2807319583764138,0.3523607172701493,0.3509403891772031,0.3714453861829144,2
1775547421.2548077,761.22,300.78,0.2810472173413381,0.353759901556012,0.3511999275760905,0.3730329038320669,2
1775547421.2858758,763.5,300.52,0.2800409588706092,0.3525962057751666,0.351125262495666,0.3725843356988012,2
1775547421.3199463,762.34,301.12,0.2796821188427685,0.3523219999161076,0.3500708060356345,0.3712197055911341,0
1775547421.3506217,760.72,300.02,0.2805091784439071,0.3537558484140881,0.3498497192026266,0.3731306370313486,2
1775547421.4029253,762.58,300.6,0.2828261668364,0.3580078142308539,0.3552093120851996,0.3751030440685829,2
1775547421.4491112,762.86,299.9,0.2831232069955228,0.3586461586982368,0.3550538313088709,0.3748192953365266,2
1775547421.4939723,763.38,300.62,0.2828064711962062,0.3566739717817091,0.3543102336105969,0.3748811476170352,2
1775547421.525723,765.06,299.64,0.2813541908896987,0.3563696140966261,0.3539551569917928,0.3743708898167641,2
1775547421.5592551,764.84,300.18,0.2805131358748813,0.35585198375621,0.3533785191138573,0.3760129577268874,2
1775547421.5919418,765.44,299.88,0.2820437527287033,0.3569033225537942,0.3530780275170059,0.374750625902137,2
1775547421.6220114,766.4,300.66,0.2807335404983344,0.3558949695824955,0.3530908819052257,0.3738621409247026,2
1775547421.654388,765.62,299.96,0.2787868683686825,0.3542898813096896,0.3513288797508798,0.3750635902804721,0
1775547421.6868548,766.32,300.34,0.2813101177729159,0.3579449071429188,0.3533081005346237,0.3720368653393563,2
1775547421.7183037,766.72,298.88,0.2782109666617062,0.3547146980475131,0.3523147796382402,0.3732681710952291,0
1775547421.7498534,766.32,299.7,0.2835098505495715,0.361953810348483,0.3564598065500031,0.3754986039165959,2
1775547421.782684,766.44,298.98,0.2824275221267036,0.3570137466791162,0.3550190368703104,0.3773759214206057,2
1775547421.8142595,767.48,299.22,0.2847377725422073,0.3582780624301587,0.3542188517517922,0.3765024204367093,2
1775547421.847185,767.44,298.16,0.2842669748571258,0.3576673388446643,0.3561434157659941,0.3788867236981121,2
1775547421.8807874,769.56,298.72,0.283642338987804,0.3584951230272146,0.354287740062169,0.3768675317402769,2
1775547421.9267845,769.62,298.0,0.2836320582151324,0.359125165773008,0.3554051258468746,0.3788415931764233,2
1775547421.9601824,770.9,298.82,0.2840338150907891,0.3591096670852692,0.3562264506325165,0.3778017258926234,2
1775547421.989813,770.68,297.96,0.2840514249410885,0.3592993527982677,0.3549225797417981,0.3750256697608938,2
1775547422.0243227,768.02,298.62,0.2825467844903616,0.359144858205473,0.3555287450410127,0.3767075121523933,2
1775547422.0538049,768.3,298.62,0.2827225803042413,0.3598342161123821,0.3540896136248044,0.3779241003867661,2
1775547422.0870018,769.42,299.26,0.2833601861248731,0.3601364294946818,0.3552307850351046,0.3767394836267277,2
1775547422.118736,770.86,298.84,0.2827878773229243,0.3591142274023904,0.3546846296037375,0.3767744380867114,2
1775547422.1496248,771.02,300.42,0.2845516148178574,0.3598569047997966,0.3547415147278612,0.3770229927484681,2
1775547422.1827602,771.0,299.68,0.2825731449447911,0.3601081225296332,0.3554163381842931,0.3763480506272778,2
1775547422.2140155,771.32,300.56,0.2831104151485777,0.3603982854686054,0.3556032065915591,0.3747333197450425,2
1775547422.2461874,770.06,300.48,0.2818280227414111,0.3559776415675579,0.3534259005691156,0.3769170739291462,2
1775547422.279882,769.72,300.8,0.2823280373443848,0.3570137360156013,0.354196432080932,0.3755004728204437,2
1775547422.326659,772.44,300.38,0.2817260445663703,0.3589559889228588,0.3531810591083679,0.3731349218507031,2
1775547422.3586996,772.74,301.1,0.2834393291960059,0.3605780933378806,0.3555500242407807,0.3757380567942727,2
1775547422.3906214,771.84,300.54,0.2842501715778811,0.3589820486866059,0.3543256102499824,0.3750989110517309,2
1775547422.4220977,773.02,301.3,0.2851075558102257,0.3591738785527362,0.3548449160680931,0.3765031673266278,2
1775547422.454753,774.36,300.5,0.2850911962008259,0.3623224025919722,0.3562387183379064,0.3780638067306275,2
1775547422.486786,774.64,301.5,0.2837846425822501,0.3582199382821328,0.354766524841293,0.3785785338937331,2
1775547422.518721,775.92,300.52,0.2852135299074766,0.3615354825284783,0.3551082763541275,0.3781621640775159,2
1775547422.5496547,777.6,301.24,0.2862004544182891,0.3614541124778335,0.3555509111376692,0.3766231853341151,2
1775547422.5837994,776.86,300.86,0.2877496353019629,0.3633502558790453,0.3576576419303581,0.3804520457900989,2
1775547422.6174877,777.28,301.48,0.2864641206222152,0.3609043031787162,0.3571356581874018,0.3792092659711903,2
1775547422.6502674,777.58,300.58,0.2851882991831699,0.3598067381288733,0.3546009482902112,0.3776155479044453,2
1775547422.6788292,776.1,300.92,0.2857833792413605,0.3626852857797272,0.3575876904906792,0.3786305840301159,2
1775547422.7121177,775.3,300.3,0.2855718576794136,0.3615777474167277,0.3580391744928016,0.3795488696553004,2
1775547422.745932,774.34,300.82,0.2848512509679802,0.3603023818556389,0.3558317718186322,0.3801348332805167,2
1775547422.7909026,774.2,300.08,0.2859500672516144,0.3624209170510974,0.3570012186049138,0.3808923301059829,2
1775547422.82171,775.86,301.26,0.2857361381727942,0.3626374115052738,0.3582858737918072,0.3830604979581271,2
1775547422.8546617,776.18,300.68,0.2844303934767718,0.362336824631987,0.3574236500960068,0.3808415369624592,2
1775547422.8859277,775.62,301.26,0.2850166302453559,0.361926277999788,0.3558239929441416,0.3811859495061183,2
1775547422.917829,775.66,300.32,0.2842932770291787,0.3616491975294317,0.3551601797763037,0.3820774484859718,2
1775547422.9508157,774.68,301.2,0.2861344451534449,0.3629924580883166,0.3581543126615276,0.3835730990551698,2
1775547422.9830058,771.12,300.06,0.2855286602227787,0.3638485996987143,0.3584895796134111,0.3838652110599337,2
1775547423.013765,771.18,300.64,0.2850626698743101,0.3633314567061538,0.3595186735385492,0.3857670031546207,2
1775547423.047217,0.0,0.0,0.285221200725684,0.3639889613151216,0.3594711710193147,0.3862437745903402,2
1775547423.0778244,0.0,0.0,0.2862601984456042,0.3650815595639189,0.3620697908755966,0.3890475750671512,2
1775547423.1108031,958.02,376.08,0.2853597149649035,0.3686758489285024,0.3632692621868003,0.3890802045094808,2
1775547423.1469612,959.14,372.42,0.2862375490511534,0.3671601977652787,0.3639471628365774,0.389768137093766,2
1775547423.1907132,955.76,371.26,0.289217159274481,0.3709795623290802,0.3681608086142781,0.3921141730608667,2
1775547423.2234926,952.12,369.48,0.289388181187051,0.373111021244672,0.3691791289672277,0.3928942467396958,2
1775547423.2548923,945.48,368.54,0.2909766201141901,0.3732895831603741,0.3696090075548968,0.3953201691969499,2
1775547423.2883043,944.2,367.84,0.2895517597602812,0.3722332132092077,0.3709127145206168,0.3970600061416929,2
1775547423.317823,941.16,366.6,0.2915520917388633,0.3754296485523837,0.3738585741566645,0.3998352001025735,2
1775547423.352149,938.96,365.52,0.2924405715577446,0.3759658659703304,0.3751009333921521,0.4020650644864966,2
1775547423.3828976,935.06,365.64,0.2918080468480766,0.3748165788760266,0.3749009530043211,0.401496168448347,2
1775547423.4147792,932.32,365.0,0.2912198714842464,0.3740549886209532,0.3740200848129019,0.4039624516374016,2
1775547423.4473372,934.44,364.74,0.2922811821765434,0.3760528492599803,0.376455256916409,0.4068202345943409,2
1775547423.4778128,927.74,361.38,0.2927687187733202,0.3785553764894801,0.3762958366072404,0.4087425580645071,2
1775547423.5105655,923.8,360.82,0.2940637095333357,0.3773110281532287,0.3774993162963824,0.4106937713851066,2
1775547423.5472867,922.26,360.62,0.294206264500263,0.3814158317979588,0.3807211116887953,0.4123843009818816,2
1775547423.5763965,920.5,360.48,0.2939462463307184,0.3806580825989405,0.379623732559203,0.4119166752656449,2
1775547423.6230114,914.14,359.74,0.2992212716317219,0.3844164765303589,0.3844411901769876,0.4163623726989515,2
1775547423.6540048,911.34,360.7,0.3014464268877302,0.3864498259553703,0.3871688644973292,0.4181304656155907,2
1775547423.6872606,910.5,359.08,0.3042073534791572,0.392032502054515,0.3906663466653921,0.4222194715478196,2
1775547423.7181911,905.44,359.52,0.3076138504462737,0.3973078268982271,0.3953924932175315,0.4281365007823157,2
1775547423.7511344,904.64,358.92,0.3061784345427513,0.3969308429572727,0.3968497334845144,0.4293199286004711,2
1775547423.782755,900.78,358.2,0.3078430548633951,0.3985642537538623,0.3989821281262757,0.4301639226270442,2
1775547423.8139138,900.44,358.44,0.3115891042367114,0.4016755588696908,0.404846751019507,0.4367123344292082,2
1775547423.847412,899.38,360.0,0.3133619279638688,0.4043626133911527,0.4072675520853603,0.4383316809575416,2
1775547423.8787804,898.9,359.52,0.3142062258518429,0.4043219601073401,0.4069756942122094,0.4390102633500994,2
1775547423.9108624,895.06,360.42,0.3124545273128654,0.4031016428870811,0.4065863030615219,0.4389718812526092,2
1775547423.9472969,893.16,360.66,0.3128476051430545,0.4019355810806053,0.4064094402783171,0.4371597094678247,2
1775547423.9753518,887.4,360.24,0.3122328823238258,0.4029679177222719,0.4041931674513792,0.4362525136473935,2
1775547424.0082252,883.24,357.54,0.3110588907353369,0.4023206252360484,0.4032199394325707,0.4359574108598897,2
1775547424.0540788,878.68,357.48,0.3112022762584667,0.4021272017766302,0.4034080503923462,0.4353606694472723,2
1775547424.0856595,877.14,356.9,0.3114782174773575,0.4007521333357847,0.4046223143673803,0.4349158620087919,2
1775547424.1187325,874.36,357.42,0.3115231789035353,0.4010594609870221,0.4045684468883547,0.4347735580261474,2
1775547424.1498392,874.04,356.52,0.3121253867708747,0.4018235334241264,0.4049395466387286,0.4360925025508761,2
1775547424.1827612,873.24,355.4,0.3119671149287275,0.4009602569656078,0.4063180472397648,0.4376603679917771,2
1775547424.2146308,869.94,355.54,0.3122583803154621,0.4013559519918789,0.4039710144875824,0.4354932372115782,2
1775547424.24806,869.78,356.86,0.3116943802613963,0.4004323354305282,0.4046117434757198,0.4361419306091755,2
1775547424.278926,868.36,355.88,0.3121194885682954,0.4003622344700441,0.4033625673284324,0.4344450378482776,2
1775547424.3101184,866.98,356.12,0.3128342570242486,0.4020230775040235,0.4052067807778347,0.4359748884631848,2
1775547424.343192,868.18,357.52,0.3131807002324427,0.402469945231823,0.4045178225216161,0.4356647689833611,2
1775547424.3739924,865.98,359.18,0.3118178089698085,0.4020289244932796,0.4032256696734014,0.4350360654981333,2
1775547424.4067476,863.76,358.52,0.311861780634896,0.4020294248265714,0.402868929430272,0.4356535195220524,2
1775547424.4407666,862.54,358.32,0.3103676002893797,0.4004524865332522,0.4028314497440258,0.4356973037487181,2
1775547424.4883554,860.46,358.62,0.3109166811956316,0.400838289866487,0.4017846869990067,0.4321678981271444,2
1775547424.5172846,858.86,356.98,0.3094533741606959,0.3988303790832334,0.3980606835048293,0.4293816665279187,2
1775547424.5513408,861.1,356.56,0.3076336582459744,0.3984367689194865,0.3969299702789647,0.4281325536003275,2
1775547424.5821266,858.58,357.84,0.3067226821221123,0.3960252204352986,0.3955966452286716,0.4274978440469598,2
1775547424.6162071,856.72,359.06,0.3074283861645064,0.3974085161331347,0.3958245834121603,0.4268466636992887,2
1775547424.648533,850.4,359.52,0.3064781523406286,0.397009851724906,0.3936710406100978,0.4270647043266229,2
1775547424.6778486,851.06,359.24,0.3069548094036091,0.3966352739305709,0.3957984807071798,0.4265326219234158,2
1775547424.710637,852.32,360.02,0.3072753606526412,0.3974093751114897,0.396951091158543,0.4270855247945563,2
1775547424.7417247,843.92,359.32,0.3070209688993179,0.3970213464148151,0.3974869468449845,0.4274998637985611,2
1775547424.7738311,845.02,360.56,0.3079429942839199,0.3984671729577557,0.3972809264416297,0.4285999600142222,2
1775547424.8067808,839.78,362.36,0.3077486970079669,0.39778425483027,0.3981273747948187,0.4277126368473106,2
1775547424.839585,837.66,362.84,0.3079687090319383,0.3982653785845316,0.3979927889981374,0.4277516607442864,2
1775547424.886822,837.08,363.02,0.3062707579685004,0.3977910674593183,0.3967734080608581,0.428164245364849,2
1775547424.9190187,838.4,363.56,0.3077374950309721,0.3990715188903219,0.3982310856649673,0.4289759551519783,2
1775547424.9504564,834.76,363.4,0.3058519050463979,0.3976122513556979,0.396282152380228,0.4294829565767739,2
1775547424.9815755,835.0,364.2,0.306981381355087,0.399428774662901,0.3982577999446233,0.4281928770420487,2
1775547425.0147595,831.16,364.64,0.3092455555668744,0.3991100965596901,0.3987367375477529,0.428992063197511,2
1775547425.0494,833.14,365.28,0.3091405809507443,0.3994327091739673,0.3975859031746612,0.4292776969705276,2
1775547425.07866,833.18,363.88,0.3075143273733774,0.3984639359683433,0.3972206186939792,0.4283796272216981,2
1775547425.1117537,833.36,364.86,0.30717242512911,0.396967924477661,0.3977649063858759,0.4301101552379273,2
1775547425.1426623,834.6,370.06,0.3089866268594338,0.3984222953632723,0.3989957775387183,0.4302319660692944,2
1775547425.1763844,834.24,371.14,0.3081957866090967,0.3982020797519122,0.398730925869003,0.4288737534507777,2
1775547425.2056892,834.4,368.7,0.3070930606229469,0.3987246202563662,0.3981656709491327,0.4299623479345505,2
1775547425.2401495,831.8,370.4,0.3105189186504959,0.4007819584715976,0.4004225598632311,0.4313444777564149,2
1775547425.273851,833.32,370.56,0.3101182912051698,0.4017089447278862,0.4002225225572878,0.4304858344064621,2
1775547425.3186314,833.38,370.0,0.3094618527333055,0.4009632671674109,0.4007227584074255,0.432194658732531,2
1775547425.3511205,829.02,370.16,0.310446201319003,0.3999453644892421,0.4008032159746466,0.4326551668467553,2
1775547425.3820446,826.98,370.84,0.3093097449966308,0.4006122567294187,0.4019324541184497,0.4345616260542157,2
1775547425.4139946,825.46,370.64,0.3102820347076966,0.4015241987361119,0.4018763478975538,0.4342076571992219,2
1775547425.450231,825.84,370.98,0.3096553797079293,0.3996670397124087,0.4005701061926618,0.4323248045432567,2
1775547425.4787643,824.12,371.92,0.3100372025162228,0.4004168316629947,0.4007141647898157,0.4326390678284122,2
1775547425.5108392,820.22,370.9,0.3118946622059783,0.4008796768686044,0.4026100117313081,0.4353259256231062,2
1775547425.5431633,818.9,371.8,0.3119533698935905,0.4019385403212717,0.4011022354548487,0.432486528743139,2
1775547425.573876,818.64,370.26,0.3078248373316506,0.4007559076292817,0.4002313476847289,0.4328059951636624,2
1775547425.6068954,819.16,368.14,0.3110470889223976,0.401683137918467,0.400312794023997,0.4340438211101517,2
1775547425.637848,820.88,368.86,0.3115141539854312,0.4020958288600024,0.403016299008857,0.4345696929563344,2
1775547425.6713564,823.8,368.34,0.3108002110412383,0.4016773241146927,0.4015437409981254,0.4325325173160683,2
1775547425.7188745,826.46,368.76,0.3115484776276044,0.4006696842274995,0.4036891002337678,0.4340716146349743,2
1775547425.751407,825.54,369.72,0.3134176644604968,0.4015575225687581,0.4030030919922605,0.434699025190829,2
1775547425.7816255,826.18,368.76,0.3118058798277774,0.402778832604797,0.4025238328119461,0.432919160071017,2
1775547425.8163526,825.22,369.34,0.3117862245897461,0.4029291126001137,0.4025143722948066,0.4356176502299276,2
1775547425.850315,824.58,369.88,0.3120179774473965,0.4029208477652514,0.4034745354776162,0.4344585157802488,2
1775547425.8801882,824.78,371.92,0.3107935122794634,0.4017092278390907,0.4025191944785359,0.434376223571294,2
1775547425.9107618,824.08,370.78,0.3112584951224998,0.4046767769156552,0.4031940721335332,0.4335575828815167,2
1775547425.942794,822.16,372.54,0.3118214073601372,0.4017237081170312,0.4037788691068038,0.4337588270812545,2
1775547425.9748917,821.88,373.12,0.312758185650988,0.4044489731960564,0.4043894517843762,0.4352698251839132,2
1775547426.0063736,818.12,372.2,0.3129715523342778,0.4031503311207322,0.4040699565991799,0.4356023620681549,2
1775547426.0381424,818.64,371.4,0.3133050691735117,0.4043117538905769,0.405002697762296,0.4358556768219168,2
1775547426.069872,817.92,372.52,0.312235421849847,0.4015974726680623,0.4059103420268077,0.437179872498003,2
1775547426.102477,818.84,372.56,0.3120096770282056,0.401736471595302,0.4053631838269137,0.4364748442696066,2
1775547426.1354933,817.92,372.84,0.312582576741225,0.3986561058449974,0.403394257498834,0.4341240271075418,2
1775547426.1686049,816.64,374.14,0.3142849684359362,0.4020918162437003,0.4043326303966488,0.4332335643176568,2
1775547426.2138782,816.36,374.5,0.3114699864369261,0.4006500270844736,0.4026737682574231,0.4316537869075448,2
1775547426.2507188,818.56,374.02,0.3125915860358995,0.4004258933001729,0.4032402114898078,0.4322161219513351,2
1775547426.2788403,821.42,373.36,0.3130001678447718,0.4002413033599367,0.4038291420890157,0.4346909246146859,2
1775547426.3109078,825.54,372.94,0.3116957560496083,0.399446983333111,0.4027655692528096,0.4346590786620579,2
1775547426.3428614,822.18,373.9,0.3118058356172658,0.3994897616191956,0.4021400157284199,0.4340374590213723,2
1775547426.3750885,820.92,372.62,0.3111349401173303,0.39833907692146,0.4020829962274089,0.4332112504600254,2
1775547426.406819,822.8,373.32,0.3084615483313392,0.3975017783736544,0.401681070715737,0.4326476529297,2
1775547426.44045,821.26,372.96,0.3094174672106971,0.3975547694931527,0.4013288186132911,0.4341218351637853,2
1775547426.4702098,821.7,374.16,0.3116486232106203,0.3984305614609786,0.402856124473444,0.4349664244580789,2
1775547426.5044,822.48,374.5,0.3092970970709873,0.3974934732379035,0.4005834713181626,0.4336089410300022,2
1775547426.5388143,822.92,374.74,0.3104302545557763,0.3988042041006269,0.401661317758793,0.4342866048129054,2
1775547426.5828776,822.9,374.2,0.3113719537967043,0.3981492666288289,0.4021205640634635,0.435442984241821,2
1775547426.6137793,826.6,374.28,0.3111503214827827,0.4002755913042317,0.4029678939276019,0.4336607106020121,2
1775547426.6456,826.06,373.1,0.3091625395627121,0.3983844839602594,0.4017455264224774,0.432713278177001,2
1775547426.678804,827.94,372.38,0.3130808286373132,0.4022942783742261,0.4032623113753154,0.434528583423146,2
1775547426.7099097,826.02,371.32,0.3111489371145177,0.400458800873172,0.403142300854721,0.4344722382545164,2
1775547426.7429032,824.1,371.16,0.3135952064473198,0.4029438835767893,0.4036349578702388,0.4355451685111781,2
1775547426.774609,819.86,370.24,0.3119498224059274,0.4029862650676269,0.4025043033709814,0.4334056346588793,2
1775547426.806665,822.06,366.48,0.3115427502680312,0.4013246586865962,0.4030122654407774,0.4339128639176402,2
1775547426.838719,822.12,365.48,0.3127092397719959,0.4021816358609668,0.4026325873014559,0.4343792856336323,2
1775547426.8707304,821.38,366.26,0.3139032204510033,0.4039149437377082,0.403161152601073,0.4335656315689241,2
1775547426.90186,819.58,365.58,0.3113280661259841,0.4005153257323696,0.4020646378315776,0.434107232020905,2
1775547426.9349568,819.66,365.44,0.3131556568397458,0.4014665674257394,0.4024389013032401,0.4340448000431084,2
1775547426.968402,821.68,364.88,0.313701467603017,0.4025353872852324,0.4035179238133267,0.4348513344393221,2
1775547427.0159752,822.52,364.78,0.3137851621075546,0.4022360866637946,0.4036627308527913,0.434549127071463,2
1775547427.0513675,821.1,364.1,0.3145046403156281,0.4035231983949018,0.4041601497585124,0.4354958577093702,2
1775547427.0800772,822.78,364.02,0.3142003407250056,0.4033246435396777,0.4046179639055994,0.43638764851517,2
1775547427.1101844,823.26,363.7,0.3154128960456296,0.405803946683729,0.4061252313618285,0.437314217800607,2
1775547427.1441467,822.96,362.24,0.3159597464248136,0.4051823427458587,0.4047419586646337,0.435806301329151,2
1775547427.1747415,823.9,361.5,0.3150165617928224,0.4042247724985722,0.4050171774349554,0.4366171756032578,2
1775547427.205905,823.38,361.06,0.3145638384769514,0.4035792974989368,0.4051719894577853,0.436407095001703,2
1775547427.238726,823.72,361.94,0.3156069960577053,0.4038837989014391,0.4044312170801993,0.4355603687150185,2
1775547427.2709992,822.92,363.12,0.3160682929527047,0.4043043788294255,0.4054064683692325,0.4363629600994438,2
1775547427.3020718,822.44,362.34,0.3171437949221735,0.4080185939048182,0.4059105363712804,0.4371776306804311,2
1775547427.3337896,824.28,362.22,0.318724428255927,0.4079128723327228,0.4071899384744801,0.4368167660502014,2
1775547427.3664844,826.1,361.58,0.3183487857842264,0.4067914885852818,0.4052121167459804,0.4356158935494288,2
1775547427.3996396,825.66,362.2,0.3218773314483187,0.407412120174729,0.4056854618252507,0.4344980340325438,2
1775547427.4468997,824.34,362.48,0.3303831205860792,0.4105623080213904,0.4093470516435506,0.4320501161701341,2
1775547427.4776742,825.9,362.04,0.3298385718093686,0.4057943259975237,0.4055579804487325,0.4231250976906753,2
1775547427.5107553,826.18,362.06,0.3152376081882748,0.3848656888739288,0.3888326677318233,0.4009489963471477,2
1775547427.5430765,825.88,359.84,0.3003851305337394,0.3607866516307159,0.3713154403425788,0.3828366754145573,2
1775547427.574006,823.32,360.24,0.2810011164570275,0.336885673356686,0.3487459426054488,0.362679245248715,2
1775547427.6059213,826.38,360.66,0.2485764200419349,0.2954155165989612,0.3095752797520422,0.3315177568300693,0
1775547427.6399355,824.58,359.72,0.2165095801041793,0.2533566565243648,0.2665208277513184,0.3048289740085236,0
1775547427.6707473,824.1,359.0,0.177395591531483,0.2078672627431244,0.2286122007691698,0.2738425489930274,0
1775547427.704145,823.54,358.28,0.1434915280156379,0.160539296306866,0.1877102321771435,0.2337443680493355,1
1775547427.734802,823.9,356.66,0.1026464281643422,0.1100592889246234,0.1473840868275449,0.201643492642483,1
1775547427.7682772,823.12,355.4,0.080286981571441,0.0799745020042955,0.1014633723281384,0.1584576305504483,1
1775547427.8023884,826.02,354.76,0.0632518161101846,0.0580820574011249,0.0812200123566046,0.1301646754870753,1
1775547427.846656,826.76,355.36,0.0591987268390543,0.046418022014462,0.0656773037182305,0.1051628757287602,1
1775547427.8786268,823.86,355.34,0.0573577716643523,0.0391156570170567,0.0648694736796546,0.0989322901067403,1
1775547427.9098785,820.12,354.42,0.0520491055656684,0.0196708843997054,0.0531673075304385,0.0870577220209621,1
1775547427.9428685,818.18,354.22,0.0545023991793664,0.0007162353176695,0.0454447723539515,0.0745056471673286,1
1775547427.973855,817.54,353.32,0.0683425845118741,0.0169375637825485,0.0373423646850748,0.0593177502707853,1
1775547428.0067031,818.78,352.68,0.0809691335050163,0.0348853953509584,0.0463436799604621,0.0571972139610074,1
1775547428.037827,818.3,351.68,0.0902590025884108,0.0424877029783882,0.0513184349477965,0.06373663946768,1
1775547428.070962,818.74,351.3,0.1014559359061456,0.0555577755064916,0.0605730513397022,0.0663374164855125,1
1775547428.102693,816.02,351.6,0.1067438667200389,0.0628485398757919,0.0649642673935832,0.0646028027217795,1
1775547428.1338556,817.2,349.64,0.1145243083400993,0.0688869422153462,0.0755376041555817,0.075489383841559,1
1775547428.1662772,816.68,349.6,0.1203871426700546,0.074638959715471,0.074868588637938,0.0792151791583154,1
1775547428.1981993,815.58,349.38,0.1269063907098227,0.0804476525000766,0.0795013821070923,0.0810002612900605,1
1775547428.2321007,815.24,348.86,0.1285139719062822,0.0822836534996856,0.0828279412043568,0.0854628820626807,1
1775547428.2708566,814.46,348.16,0.1311713050098461,0.0815786308987334,0.0803048321578462,0.0918077810802425,1
1775547428.310882,814.4,348.5,0.1348336464774654,0.086566212052489,0.0861695944823082,0.1054674996427213,1
1775547428.344438,814.84,348.34,0.1283866775572301,0.0800810218607043,0.0845853964913589,0.1040568777235355,1
1775547428.374881,815.66,347.74,0.1205549246028193,0.0726434905123748,0.07770782988832,0.0977768150252951,1
1775547428.4080665,817.16,348.32,0.1210027653131517,0.0730288936783184,0.0756268583277534,0.0965620481785681,1
1775547428.438581,819.6,347.02,0.1144502701979948,0.0680596483520371,0.0764055243566503,0.0989257439687656,1
1775547428.4698172,820.48,346.26,0.1062705640566114,0.0588263994521738,0.0671817574755837,0.0900182414389985,1
1775547428.5028248,818.06,345.14,0.1106811330125784,0.0595431945785605,0.0639126222334054,0.0852814162804046,1
1775547428.5343697,821.46,345.16,0.1014439359964583,0.0553964592057335,0.0640469959390187,0.0866548023820212,1
1775547428.5659385,822.54,344.44,0.0911372691226421,0.0445756417299403,0.0601231158736592,0.084917037271062,1
1775547428.5987687,822.14,344.26,0.0853306190261391,0.040125187245972,0.0616198852872673,0.087444677588071,1
1775547428.6308782,821.44,343.46,0.0840866871811959,0.0392233739916907,0.0625212540443362,0.0871996827291647,1
1775547428.664839,823.58,342.88,0.080310386010232,0.0329186081684602,0.0570060810062176,0.082974137108835,1
1775547428.7098484,824.34,342.06,0.0783215810231293,0.0271504659491774,0.0471946932141527,0.0754206554368816,1
1775547428.7417712,822.4,341.4,0.0737033314457247,0.0190149906771705,0.0439017493980562,0.0749437221681973,1
1775547428.7734118,821.16,340.76,0.0710815209156311,0.0140112567912783,0.0423579278978793,0.0759391226822816,1
1775547428.8067107,822.6,339.76,0.0657922719855991,0.0131792569863917,0.0501556231766053,0.0801684043461738,1
1775547428.8378906,822.74,339.2,0.0642097669285488,0.0083028869035741,0.0465592426631656,0.0794815326524869,1
1775547428.8702044,823.76,338.3,0.0622836985822805,0.0082236209217693,0.0491509980303858,0.0835003656383086,1
1775547428.9042094,824.14,337.56,0.0604614337826181,0.0089478880911124,0.0518320436394398,0.0854232428092582,1
1775547428.934724,823.04,336.32,0.0595191901809182,0.0050772873544222,0.0499034917999026,0.0824979252224608,1
1775547428.9687476,820.46,335.68,0.0591318813467712,0.0055048354816999,0.049468345325387,0.0833320704989666,1
1775547428.99784,819.24,334.84,0.0564973961284892,0.0059844830264763,0.053409699404766,0.0854254922436558,1
1775547429.0322433,818.86,335.88,0.0570780085135347,0.0080464581235621,0.0533343249130347,0.0849363318962555,1
1775547429.0660846,819.32,334.02,0.0528489373237753,0.0120484007952201,0.0577455805714391,0.0887306782225573,1
1775547429.1108265,818.82,333.88,0.0523421314677719,0.0120347183129112,0.0578740760587861,0.0894833535130986,1
1775547429.1425643,817.24,333.76,0.0550999599014436,0.0104473513530824,0.0557152533722888,0.0864775066191504,1
1775547429.1739812,816.34,332.76,0.0529579879609521,0.0122292621341882,0.0578541618620256,0.0890972661088496,1
1775547429.2065682,816.56,331.98,0.052677450704547,0.0121136759217786,0.05812043738435,0.0893732753046775,1
1775547429.237801,817.32,331.12,0.0506441294034354,0.0107812234147105,0.0576954588960005,0.088095322503737,1
1775547429.270069,815.72,328.2,0.0513021696781616,0.0119329114232884,0.0578986506167246,0.0904582857501571,1
1775547429.301889,817.02,327.86,0.0474322149780169,0.0164681527664708,0.0610630029463054,0.0906004386699569,1
1775547429.3337183,816.98,326.98,0.0436991038996143,0.0179285583020402,0.0639540652092731,0.0949836350826184,1
1775547429.366742,818.88,326.62,0.0477608025594744,0.0202169446285839,0.0653475379560276,0.0954469447567495,1
1775547429.4009826,819.58,326.52,0.0484522298122968,0.0136376689320738,0.0600378928140338,0.0949285989110454,1
1775547429.4458575,818.44,326.84,0.0507270307381314,0.0155276339869115,0.0600684403645266,0.0959167283533165,1
1775547429.4778368,817.7,326.1,0.048041095672954,0.018826523225691,0.0624714778326778,0.0964076425341197,1
1775547429.5097773,816.92,324.38,0.0454952047487087,0.0195768985993669,0.0638196941494843,0.0976688452550967,1
1775547429.5439906,816.34,324.36,0.0477074373336196,0.0229758281019654,0.0679633848381915,0.101835175966704,1
1775547429.5770988,816.72,323.9,0.0440509058229962,0.0246444063896619,0.0698829119105249,0.1028901110127979,1
1775547429.6242542,816.66,323.14,0.0455663441950639,0.019978536529949,0.0657581124728038,0.0995154277041094,1
1775547429.6559951,818.64,322.86,0.0408149411615705,0.0236225404633971,0.0685006258400299,0.1036779693758297,1
1775547429.688424,818.44,323.52,0.0411027329742454,0.024678427088954,0.0704877198582588,0.1063607833009837,1
1775547429.7178378,818.64,323.6,0.0423777765934823,0.0254680871475464,0.0704198184433975,0.10564392896593,1
1775547429.7497504,819.04,323.6,0.0379850319846344,0.0262658620859658,0.0708476838098654,0.1069038782183616,1
1775547429.7826762,819.2,322.48,0.0400855639175006,0.0255817684318292,0.0703833196350229,0.1068658595504209,1
1775547429.8137815,819.16,322.0,0.0407073852862773,0.0257087530299842,0.0703664940709989,0.1066311665268779,1
1775547429.8457398,819.76,321.3,0.0402173172481684,0.0256102796777301,0.0693369372030667,0.10488372926163,1
1775547429.8789003,818.92,320.36,0.0411934219891144,0.026146518140193,0.0706339322624484,0.1053723952496713,1
1775547429.9110138,819.0,320.14,0.0365524633396907,0.0305613200501195,0.073962425354554,0.1072156708965022,1
1775547429.9420533,817.14,319.26,0.036685806389481,0.0297028159676785,0.0736606100132009,0.1076459985476597,1
1775547429.9763606,813.94,319.12,0.0388292745403298,0.0260054518207896,0.0710167829726089,0.1054839316394612,1
1775547430.0217018,816.44,318.08,0.0399611512375041,0.0261962618618377,0.0704342467651609,0.1042095000018291,1
1775547430.0568497,817.18,318.98,0.036760746194503,0.0302194853985004,0.074760370534513,0.1090824583769992,1
1775547430.0879862,817.24,318.72,0.0384225752854322,0.0265787341495913,0.0705625567883958,0.104239668883726,1
1775547430.1212225,818.16,318.9,0.0347445694848482,0.0316615035489459,0.0751414129267399,0.1078356181538347,1
1775547430.1509953,820.54,317.78,0.0355955168537477,0.0305642392193219,0.0735654563001148,0.1070235411181589,1
1775547430.184183,821.38,317.82,0.0373742319758782,0.0286974479942405,0.071814814249619,0.105945050485203,1
1775547430.2138689,819.94,315.88,0.0361573223790456,0.0332210197895058,0.0752266566361888,0.1073548388884429,1
1775547430.2493644,819.76,316.26,0.0382834080888643,0.0307987181079858,0.073340464534945,0.1062408266311712,1
1775547430.2788942,824.28,314.68,0.0378026079032826,0.0273248712337179,0.0707328484685598,0.1061961027768586,1
1775547430.3123982,822.14,315.0,0.0354543063220058,0.0276409955290258,0.0705677319072781,0.1043333350225824,1
1775547430.342805,821.18,314.42,0.0313309279670247,0.0305805115298526,0.0742813393327725,0.1088317696256386,1
1775547430.3747466,821.16,314.02,0.0337333414034553,0.0318663870403143,0.0742924925524974,0.1076306271020391,1
1775547430.4083424,822.38,313.4,0.0353975963930118,0.0339720156317487,0.0761164709469377,0.1089630708241358,1
1775547430.4574423,822.28,313.58,0.0339868149567917,0.0291767697277862,0.0707214902842794,0.1051424244337344,1
1775547430.4857352,822.74,313.4,0.0336984767286974,0.0261646581642129,0.0689089885680403,0.1042413109306769,1
1775547430.5188053,822.98,313.14,0.0369347422488966,0.0304527069016895,0.0734610987385161,0.1060455975777796,1
1775547430.5507152,822.86,312.42,0.0337241849781509,0.0295072391785165,0.0712874347949055,0.1043723413091781,1
1775547430.5829694,819.68,312.78,0.0333599592206963,0.0328019428186521,0.0744348758257721,0.1083220447335351,1
1775547430.6138265,820.94,312.3,0.0341945387700079,0.0305610027860705,0.0724349257632381,0.1055321823787972,1
1775547430.6470258,826.14,312.38,0.0333710746591276,0.0295147957810022,0.0720892878139668,0.1053813672413943,1
1775547430.6787105,826.14,312.26,0.0342899423739025,0.029783639992789,0.0713530893876803,0.1039641437489146,1
1775547430.710896,822.9,310.34,0.0336447482627813,0.0322382907719299,0.073664650093971,0.1063523537715441,1
1775547430.7417192,824.42,309.64,0.0359381708850532,0.0321934279091643,0.0728229042355752,0.1069104080185192,1
1775547430.7747486,824.9,309.62,0.0374511307289765,0.0297055302112238,0.0711988335993407,0.1037781465957119,1
1775547430.808519,825.52,307.68,0.0390946184460036,0.0279066650738857,0.0695390978899785,0.0999376150075357,1
1775547430.8424373,823.22,308.1,0.0331351625020843,0.028609934927947,0.071165535808785,0.1032105981354045,1
1775547430.8763638,826.16,307.4,0.0349516533628219,0.02893792165604,0.0700937858521347,0.1015761755390187,1
1775547430.9179797,825.46,308.08,0.0356966762375443,0.0267102104446963,0.0696177850512288,0.1008648397355074,1
1775547430.9535198,826.06,307.44,0.0337370928926178,0.0293712588370792,0.0718053036932939,0.1026929133432614,1
1775547430.9822333,825.72,307.56,0.0320440767992532,0.0313758726959237,0.0731888829311467,0.1050944955133491,1
1775547431.0140486,827.06,307.16,0.0323487983698199,0.031303378566316,0.074140116643598,0.105697864435881,1
1775547431.0462134,824.92,307.48,0.0361124366373492,0.0284119060824938,0.0696755029278786,0.1031965035920368,1
1775547431.0788574,828.96,306.88,0.0331380995811673,0.0301928674977704,0.0730020557591211,0.1044102231356039,1
1775547431.1098657,826.26,306.88,0.0346616979751874,0.0287930701087083,0.0710392117797608,0.1035116659238667,1
1775547431.1417077,825.14,306.3,0.0366493365943417,0.0279292364884612,0.0695300726550323,0.1017263911146074,1
1775547431.1747942,827.76,307.14,0.0354995372596124,0.0301399431236257,0.0718299406112758,0.1040759851051571,1
1775547431.2069385,829.72,306.78,0.0363792667461763,0.0277175092630928,0.0702187291137865,0.1018709077978186,1
1775547431.241254,831.5,306.92,0.0350010771584188,0.02882752538669,0.0723097403069809,0.1040646137606871,1
1775547431.2769685,832.78,306.18,0.0334217964824317,0.0293704263343299,0.0712550837975691,0.1040166344151377,1
1775547431.318715,830.7,306.54,0.0368357100311611,0.0283921772303027,0.070306819794863,0.1032404873381575,1
1775547431.349784,831.54,304.7,0.0363689887404795,0.0266454631199393,0.0692612220753786,0.1010140420365316,1
1775547431.3829718,831.6,305.2,0.0392674699732347,0.0260519551496945,0.0682558484410106,0.0991615716769685,1
1775547431.413841,833.42,305.2,0.0360103067378941,0.0292233802455237,0.0725275752886337,0.1045990716449883,1
1775547431.4476545,834.32,305.54,0.0341458122944665,0.0361219175840699,0.0774105553045658,0.1061388057950838,1
1775547431.4824069,835.92,305.36,0.0338246646373001,0.0338421408782201,0.0773975759808626,0.1074322221611425,1
1775547431.5282176,835.44,305.84,0.0369365569930954,0.0330278890309719,0.0771331592461608,0.1077437572065679,1
1775547431.5596266,835.98,306.38,0.034745296412204,0.0324493019789702,0.0755408985292088,0.1054003569831114,1
1775547431.5919938,835.02,306.72,0.0330551515940058,0.0382529855483587,0.0805571938934155,0.1081612582045988,1
1775547431.6253667,835.1,305.84,0.0367100888456926,0.0417671245438691,0.0849449751703975,0.109645791058304,1
1775547431.670756,832.36,307.46,0.0359513880189678,0.0370418121838907,0.0796038500563089,0.105013812321283,1
1775547431.7029288,830.66,306.92,0.0383717741721405,0.0341537596468407,0.0777461072897497,0.1037337686956376,1
1775547431.7369063,829.84,306.54,0.037184328420311,0.0340624655444137,0.0775277378107791,0.1039735054921929,1
1775547431.780566,831.1,304.94,0.0335951082764967,0.0364456519520231,0.0798226267982889,0.1072077371031562,1
1775547431.8147595,830.48,305.02,0.030590987449547,0.0363908177249067,0.0787521797887127,0.1062135653734844,1
1775547431.8461883,829.12,303.9,0.0369898394581789,0.03697005644159,0.0796041357816717,0.1060860367811552,1
1775547431.8790574,828.88,304.88,0.0329074533739342,0.0344435024967346,0.0784377592155286,0.1053302531857477,1
1775547431.926711,824.22,304.2,0.03186581871414,0.0370804869389151,0.0790561926573067,0.1060759840864673,1
1775547431.9598243,825.44,304.28,0.0314522159531869,0.0361923120723169,0.079388289665679,0.1059829407629733,1
1775547431.990002,821.8,303.84,0.0340929687065882,0.0352981432350957,0.0790365675347339,0.1064364595383061,1
1775547432.0238738,825.48,303.38,0.0329377595443371,0.036866897511786,0.0811995325524992,0.1080875751915221,1
1775547432.0697737,825.8,302.42,0.0342708598272657,0.037724384671892,0.0814555418215173,0.1075392280426307,1
1775547432.1015413,825.88,302.86,0.0329314461044023,0.0382391582236885,0.082095944363653,0.1072095041968507,1
1775547432.1362495,826.12,302.02,0.0351579601127863,0.036381499905401,0.0818198657063314,0.1074654130297574,1
1775547432.1659782,826.02,302.22,0.0336766312331217,0.042070717620855,0.0851919664487206,0.1100562571222793,1
1775547432.2003694,826.5,301.54,0.0351654844413485,0.0327498144486576,0.076433700428661,0.1037038965242694,1
1775547432.230065,829.3,302.56,0.0303783405587174,0.0378732308136521,0.080884039209255,0.1090104750586078,1
1775547432.263773,829.28,301.66,0.0298378509179212,0.0385704227148854,0.0827085903373184,0.1076472867566643,1
1775547432.297444,830.44,302.22,0.0310527199680846,0.0370018354164262,0.0810529473358425,0.1082000494853983,1
1775547432.3426907,831.3,301.14,0.0279768174100127,0.037236128854858,0.0818010870379409,0.1090027705773466,1
1775547432.374635,828.08,302.12,0.0328677440196596,0.0357336393421527,0.0788805577281483,0.1056005373819709,1
1775547432.405828,827.4,300.86,0.0293830067571939,0.0343926875474267,0.0790401846201875,0.1047255737319393,1
1775547432.437335,825.1,301.74,0.0311977781412622,0.0353695949367093,0.0784009413327245,0.1054652952450397,1
1775547432.4708655,825.48,300.68,0.0289926532931543,0.0370704094978908,0.0807159028501817,0.106640591723302,1
1775547432.5019429,827.64,301.2,0.0283712803278781,0.0345556896507176,0.0782009795632583,0.1044983110877269,1
1775547432.5342247,827.8,300.56,0.0303391544651058,0.0352127540217922,0.0789696988130719,0.1050119198050382,1
1775547432.5658195,829.4,300.74,0.0244364732604766,0.0386352320276231,0.0827336888419117,0.108792857320255,1
1775547432.5976737,828.78,300.08,0.031292041073614,0.0370294265171785,0.0808983451671248,0.1058312294832999,1
1775547432.6307032,828.16,300.5,0.0251674775074567,0.0340881879348164,0.0777384549653948,0.1050011701764144,1
1775547432.662591,829.18,299.92,0.0288009778581009,0.034114123914514,0.079002175132807,0.1047640276692202,1
1775547432.696364,827.32,300.78,0.0288960678809913,0.0341285185810486,0.0783078982253674,0.105214046098671,1
1775547432.7420173,826.86,299.78,0.0295860701497887,0.0355594385270699,0.0786903029327256,0.1040398642438435,1
1775547432.7759376,826.76,300.12,0.0272872858921412,0.0359832216193436,0.078264218417703,0.1032008668981092,1
1775547432.805867,825.48,299.28,0.0266282352512283,0.0390047386486247,0.0817765283136533,0.1081037107531169,1
1775547432.8401654,827.66,300.06,0.0271307937800779,0.0350703331925201,0.0794802235518566,0.1068737767911075,1
1775547432.870688,827.88,299.08,0.0260239767965212,0.0325060494179191,0.0772734980708968,0.1057639136723177,1
1775547432.9040296,824.8,299.7,0.0279416960995206,0.0358624048384204,0.0800813886595395,0.1067027892311482,1
1775547432.93472,822.48,299.38,0.0252428465751055,0.0351187643364866,0.0794000822260481,0.108694034845479,1
1775547432.9660172,822.4,299.64,0.0296538842043502,0.0381204611082158,0.0818452374041958,0.1073530185631722,1
1775547432.9988744,821.44,298.78,0.0290407174608331,0.0345347603059958,0.079283230360831,0.105502661131274,1
1775547433.031005,821.68,299.38,0.0308191097825214,0.0390168019710943,0.0824813179553488,0.1090246925277128,1
1775547433.06223,822.02,298.34,0.0301129766237049,0.0351155566938118,0.0791459173450139,0.1075166675559207,1
1775547433.0961308,819.98,298.98,0.02901690798669,0.0345827230027259,0.0787408529611608,0.1054138078548496,1
1775547433.1427867,821.1,298.04,0.0329047049810532,0.0333886890367945,0.0766766372738312,0.1051767232952421,1
1775547433.173989,820.98,298.52,0.0348712110857483,0.0351960733375935,0.0786360679932412,0.1051902772385056,1
1775547433.207105,819.5,297.12,0.0350126023759744,0.0327122325666612,0.079082646633251,0.1071731577890872,1
1775547433.2381144,818.82,297.38,0.0405385377346415,0.0278807101547135,0.0733525483482671,0.1033662439664877,1
1775547433.270726,818.84,295.38,0.0444517688927004,0.023750741918617,0.0693587121845743,0.1018017983620965,1
1775547433.3025982,819.78,296.1,0.0440234428854624,0.0264653335747496,0.0743638576634214,0.1079782365177371,1
1775547433.3337712,820.96,295.82,0.0435362107085846,0.029389038267176,0.0782020705879784,0.1125884762105386,1
1775547433.365841,825.24,295.5,0.0443107848811985,0.0289143869531318,0.0789682512429677,0.1141382009461345,1
1775547433.4005027,823.4,294.56,0.0408197426568957,0.0307271922741759,0.0827370339788878,0.1138832592487258,1
1775547433.4305902,821.32,295.28,0.035795321652554,0.028217798742586,0.08343892498605,0.1159806426677106,1
1775547433.4639013,819.8,294.96,0.0317219281229179,0.0194058536412743,0.0686009060066638,0.1060939853509283,1
1775547433.4939451,819.82,295.42,0.0535630618469828,0.0496263481630188,0.075038436845385,0.1284563601190302,1
1775547433.5269172,818.62,294.92,0.0758157292881872,0.0795789923282467,0.1162719265956556,0.1629323209545904,1
1775547433.5628507,818.1,295.22,0.1408630051627482,0.1751155004222716,0.1796754715503878,0.2115630488512597,1
1775547433.6069517,823.46,294.68,0.213121118422966,0.2626843161638961,0.2673475469302497,0.265906438391184,0
1775547433.6387908,822.46,294.9,0.2606417246002727,0.3181214749905993,0.3254654098975856,0.3117303059410555,0
1775547433.670593,822.96,293.96,0.2882023735343988,0.3505311255481603,0.3529198360535717,0.3434891549935969,2
1775547433.7026763,820.56,295.12,0.303527410798409,0.3669330122593228,0.3710413318769144,0.3705397595950997,2
1775547433.7337778,820.58,294.4,0.3119510125469621,0.3794419812062869,0.3827475234144052,0.3913549498657873,2
1775547433.765659,820.1,294.82,0.3181452634355336,0.3834529060965174,0.3920237605114097,0.4060054901868767,2
1775547433.798776,820.6,294.72,0.3215447379758479,0.3902384912209916,0.398992507165925,0.4188515388026762,2
1775547433.8298955,821.76,295.34,0.3211402900637488,0.3880888360498266,0.4012542182119337,0.4235835336402823,2
1775547433.863679,821.76,294.2,0.3238707195984766,0.3914494799908695,0.4029725884971139,0.4277914269025208,2
1775547433.893963,817.54,294.44,0.3253001819872143,0.3935789917315804,0.404758449547093,0.430965256109079,2
1775547433.9266574,818.52,293.76,0.3254866850434944,0.3958716576127487,0.4053628015090092,0.4329336405641731,2
1775547433.9603724,818.8,295.06,0.3245022313209285,0.394244377259558,0.4058869700225016,0.4351888398210164,2
1775547434.005881,818.1,294.62,0.3250578334491907,0.3962751210165771,0.4083585238068974,0.4370800008859453,2
1775547434.0411437,819.08,294.98,0.3240058654927341,0.3968691584956871,0.4046355216934482,0.4361268339301888,2
1775547434.0704849,819.48,294.02,0.3258110083367697,0.3973814920078397,0.4058695386398377,0.4374710965042596,2
1775547434.1040215,822.04,294.22,0.3255215262134946,0.3990505410334281,0.4054125585899423,0.435909716405861,2
1775547434.1352055,821.2,293.72,0.3257570822085949,0.399104195314828,0.4067786585849028,0.4371852035327823,2
1775547434.1682353,815.9,295.22,0.3232915970892114,0.4000883152230641,0.4058860115884998,0.4359491831649648,2
1775547434.1989164,817.36,294.48,0.3261676764827259,0.4013686812130062,0.4062155121138294,0.4350857111102255,2
1775547434.230704,815.48,294.84,0.324734015080927,0.400892332500072,0.4046962601937789,0.4335409098331544,2
1775547434.2644298,814.5,294.42,0.3234084892624944,0.3977469389863193,0.4035917432542559,0.4317852864556263,2
1775547434.2947958,814.46,294.16,0.3225332739692355,0.39881170595483,0.4030180246263086,0.4339645419238788,2
1775547434.3257356,814.14,293.02,0.3216984040548414,0.4009047515523906,0.4041439193625629,0.4332325079597515,2
1775547434.358741,815.7,293.5,0.3216404503619102,0.4009992110298911,0.4048931490374324,0.434267395730781,2
1775547434.392878,815.34,292.98,0.322157595011094,0.4009609985887554,0.4034092228367096,0.4323732200166048,2
1775547434.4389586,813.52,293.5,0.3212397231235303,0.4006531873746585,0.4042941597228137,0.433874750643626,2
1775547434.4701486,810.88,293.02,0.3213237006587289,0.4004098264976137,0.4037606685014873,0.4327672533012099,2
1775547434.50266,812.16,293.42,0.3209176837844426,0.4028064214762409,0.4036286082999172,0.4327823762869578,2
1775547434.5345595,812.94,293.78,0.3193459409722048,0.4007289880046809,0.4028299226845082,0.4329388905615183,2
1775547434.566388,812.52,293.8,0.3193936741734506,0.4008408027734519,0.4008478251904196,0.4324457493588615,2
1775547434.5977623,810.42,291.54,0.3178313235462845,0.4003618110559052,0.4013977729761099,0.4302548940724116,2
1775547434.6311247,809.16,293.18,0.3163298807466778,0.3982435718209775,0.3974476974712554,0.4270433481520597,2
1775547434.665326,810.64,292.08,0.3175261240764329,0.4003144573268208,0.3982214119944459,0.4274734679503844,2
1775547434.6937628,809.72,292.7,0.3159622049207511,0.3996248340608271,0.3972401440461733,0.4270782000065401,2
1775547434.728454,810.46,291.96,0.3162720139610312,0.3996173759702015,0.3970787761508142,0.4263561688596883,2
1775547434.7654452,811.48,292.6,0.3162417506913841,0.4012692447946284,0.3969386541867492,0.4267541014709787,2
1775547434.7910416,810.56,289.96,0.3146945816182099,0.3981748361278593,0.3962331397271865,0.4276328473084287,2
1775547434.8253634,809.18,290.52,0.3144807994789387,0.3985765543319693,0.3947445311552004,0.4262417952830855,2
1775547434.8695538,809.12,289.96,0.3142142042475535,0.3981851037797765,0.3955331248627359,0.4279495258529394,2
1775547434.9026134,807.68,291.0,0.3141026500626732,0.3977942795734031,0.396526505829307,0.4278210870190312,2
1775547434.9365256,807.78,289.98,0.3162355361710958,0.400379231730543,0.397788495163351,0.428796134407072,2
1775547434.9828577,807.14,290.66,0.3153524655304351,0.3998556001197759,0.3974377579401643,0.4284580573022566,2
1775547435.0138388,810.32,289.44,0.317497263534431,0.4018403947091443,0.3973705398668837,0.4288892859224157,2
1775547435.046024,811.08,289.86,0.3153765758401484,0.3991811898827125,0.397833001179497,0.4286393995270566,2
