Timestamp,Inner_Env,Outer_Env,Index_Dist,Mid_Dist,Ring_Dist,Pinky_Dist
1775545080.7505534,2234.0,506.34,0.22249168335063355,0.27933527916799133,0.28959766906394874,0.33362532708252884
1775545080.791051,2234.0,506.22,0.21571775253800746,0.27390208604715116,0.28270098346874545,0.3328959687561882
1775545080.8305933,2234.0,505.88,0.22142602453042254,0.27502156941944333,0.28240425269387853,0.32964288092949223
1775545080.8662443,2234.0,505.8,0.22092865081315666,0.2744120874222434,0.2809350690155432,0.329615853389641
1775545080.8948233,2234.0,505.42,0.22306081676635484,0.277272437125438,0.281003785812917,0.3289608718330262
1775545080.9264693,2234.0,505.46,0.2195518743690132,0.27590090472703044,0.28047472451326844,0.3297566544595368
1775545080.9580727,2234.0,505.02,0.2196967032374296,0.2778795068852635,0.28183848013024654,0.3290554470686268
1775545080.990266,2234.0,504.66,0.21918497630399972,0.2764972223996933,0.28383001303770466,0.3287487553053235
1775545081.0272012,2234.0,552.6,0.22005248677439887,0.27449221064245427,0.2786101900464032,0.3245713007572536
1775545081.0549595,2234.0,600.32,0.21874507398037485,0.27179770583515117,0.27772673387197017,0.32627908776969683
1775545081.0862172,2234.0,603.24,0.22189854899604103,0.2728372600184676,0.27836804300543827,0.3282049692080733
1775545081.1104617,2234.0,608.46,0.21872357648168328,0.2756326116669567,0.28134934845398474,0.32815293170954374
1775545081.14801,2234.0,615.12,0.2178867990545396,0.2751185203452943,0.28282697809942964,0.32887890360209004
1775545081.1730378,2234.0,608.54,0.21740285870899193,0.275392604312469,0.28095958186027553,0.32806855909300486
1775545081.20079,2234.0,610.64,0.2166158581769859,0.2733683987157081,0.28050252420343585,0.32792917451074854
1775545081.2285552,2234.0,618.78,0.21868987917798854,0.2750832059309743,0.2798760568742219,0.32570199082320955
1775545081.2563243,2234.0,611.08,0.21960104595432992,0.27496326429514795,0.2786035431549901,0.32321025432280603
1775545081.2842543,2234.0,624.36,0.21975447677115564,0.2752601151010817,0.2786542764080611,0.32558511831681136
1775545081.31195,2234.0,616.32,0.219801926884127,0.2741218549881856,0.2775747915841173,0.3246850540551707
1775545081.346647,2234.0,631.72,0.22005487648483069,0.27672818302590674,0.28082391803714885,0.3264470411027271
1775545081.3814082,2234.0,628.94,0.22125943234200318,0.27702960921288927,0.282370956097576,0.3300306224223151
1775545081.4186041,2234.0,644.22,0.22134867316296478,0.27841189112103787,0.28731710521797243,0.3324473313759206
1775545081.4533272,2234.0,644.96,0.22341484188741523,0.28146741423536037,0.2925549610593414,0.33655044025850467
1775545081.478581,2234.0,660.5,0.22387980195893964,0.2810868294078212,0.2946518002235398,0.33907975417704017
1775545081.5132651,2234.0,663.02,0.22493839985750327,0.28390089751578085,0.2997440939234999,0.3418977945608045
1775545081.541094,2234.0,678.1,0.2258375684926544,0.2849526779909885,0.30111822117750964,0.3429472229929587
1775545081.5688412,2234.0,682.16,0.22822742190363596,0.2860454842392452,0.30315397981124975,0.3442905018164581
1775545081.610643,2234.0,696.44,0.23219851632692454,0.291392497586029,0.30862240977290567,0.3469626237196439
1775545081.652864,2234.0,701.66,0.23666080978720702,0.2940670058520964,0.3076278457000307,0.3473549384103345
1775545081.6870496,2234.0,715.34,0.23725724609138465,0.29643950381932976,0.3083534235085904,0.3498272188676
1775545081.7248914,2234.0,721.04,0.24087351184356107,0.29840714376149063,0.3090702764699249,0.3497481253190935
1775545081.7495005,2234.0,733.96,0.2402280272688285,0.30024295957629427,0.3104069326106908,0.3552445074862712
1775545081.7976625,2234.0,740.44,0.24180509598754532,0.30174964122060766,0.3113522623308873,0.35859382112060595
1775545081.836185,2234.0,753.24,0.23815121290168353,0.29891363047825137,0.3105349939819699,0.35933321518854944
1775545081.877312,2234.0,760.2,0.23915437704282816,0.30239976381997863,0.31375822570211453,0.36099005517049754
1775545081.9020882,2234.0,772.64,0.24141223285684735,0.3044513104956549,0.3160371888465181,0.36333565236449705
1775545081.9195836,2234.0,780.58,0.24195498614660643,0.30458594340819256,0.31467856086504103,0.36261983687339894
1775545081.950319,2234.0,793.08,0.2444993737149741,0.3056168649198727,0.3181129905307891,0.3650257253616757
1775545081.9821575,2234.0,800.46,0.24290612952558863,0.30600491442098177,0.31738751002501053,0.36362929632227803
1775545082.0196004,2234.0,812.42,0.24399337442704366,0.3083882817312237,0.3205468847398244,0.36652072804700203
1775545082.0501838,2234.0,819.72,0.24609492651564327,0.3092344533913121,0.32195620364506455,0.3668823567989253
1775545082.0956533,2234.0,831.68,0.244310867491468,0.3077696017000009,0.31905237590670193,0.36486689350619295
1775545082.1252365,2234.0,838.22,0.2472357045436754,0.3079166134359466,0.3198775008572653,0.36360498725417767
1775545082.1597586,2234.0,850.28,0.24544067049625504,0.31002203033251824,0.3199049538579425,0.3656759000247884
1775545082.1937263,2234.0,856.7,0.2455258760657593,0.3106266636394394,0.31983585571054984,0.36784521163333955
1775545082.221894,2234.0,868.74,0.24922737811394904,0.3112812698039253,0.3233369090181138,0.3676748539521905
1775545082.2551212,2234.0,874.66,0.24720502463121186,0.3106093833587281,0.32220947465525135,0.36789189298174213
1775545082.288299,2234.0,886.88,0.24615810921602627,0.31090258044865854,0.31984932361356866,0.369129897975745
1775545082.3362155,2234.0,892.88,0.24855513527221798,0.3128104647080415,0.32595429237228807,0.3695019299585525
1775545082.3824904,2234.0,905.06,0.2489137792950278,0.31265329340241066,0.32451443223677723,0.368758971567904
1775545082.4193475,2234.0,911.58,0.2485002722421173,0.313040153919642,0.3227693000529489,0.3683130115532342
1775545082.4464197,2234.0,924.22,0.24683423851382474,0.3142462698761591,0.3223028325569659,0.36943637897133536
1775545082.4781072,2234.0,931.04,0.24635053604073595,0.31393494404155314,0.32488496008578815,0.3701368685715913
1775545082.5104723,2234.0,944.06,0.24879231570196128,0.31452557839675366,0.3241779081605186,0.3705132117226883
1775545082.5419307,2234.0,951.66,0.24680121153411547,0.31453508009954856,0.3254913397229772,0.372393130631325
1775545082.5743964,2234.0,964.58,0.2483202126405524,0.3143846049747676,0.32587256357062067,0.3717375576018812
1775545082.6065886,2234.0,972.38,0.24761614220967978,0.3136928517962444,0.3266318580084846,0.37141828183901016
1775545082.6381838,2234.0,984.88,0.24770003147569086,0.31708801910820644,0.3260127857233146,0.3740885713627033
1775545082.6715782,2234.0,943.8,0.24982477652543733,0.3169245075306066,0.32981785297129823,0.3749002487021081
1775545082.7052066,2234.0,908.16,0.2488781347932587,0.3169425392697985,0.3283480649229673,0.37480845030862336
1775545082.7517514,2234.0,911.72,0.2501032730161048,0.31662482477398224,0.32880041820625205,0.3747493005023381
1775545082.7821667,2234.0,918.06,0.250861102015918,0.3184940681124376,0.3298239489058922,0.37748233629015754
1775545082.8161006,2234.0,917.56,0.24957973340259146,0.31837578339312184,0.33068171539903674,0.3775909326951783
1775545082.8463008,2234.0,935.76,0.252893803541987,0.32026342544130004,0.33122929757255287,0.3785056054397835
1775545082.8784232,2234.0,939.78,0.2526937302875214,0.3191462402619651,0.33282444308783177,0.37956941106787745
1775545082.9104424,2234.0,943.26,0.25517080565955774,0.32044705843712634,0.3341702744117184,0.38108946676602795
1775545082.9422607,2234.0,956.96,0.25651272864047303,0.3231770563194208,0.3361687957805639,0.3816353532880135
1775545082.9736552,2234.0,955.26,0.25852388867933007,0.32524570908739536,0.3369652742665299,0.3832202601343672
1775545083.0061738,2234.0,969.06,0.2579615426735465,0.32620886171475844,0.3382578762292764,0.38329586705804375
1775545083.0383785,2234.0,965.14,0.2612040815042888,0.3283577631365785,0.3414490621414165,0.38457901179788984
1775545083.0705185,2234.0,973.56,0.2604722716814256,0.3308573329972766,0.34199149692291564,0.3849100728625085
1775545083.1024327,2234.0,969.78,0.2622511323839578,0.3328876150959325,0.3428115803406844,0.38738313789486806
1775545083.1365974,2234.0,974.58,0.26159229602213735,0.3322665149074012,0.34330866308213714,0.38925445381654383
1775545083.1826458,2234.0,970.12,0.2612272129362122,0.33123922561313546,0.34456430831022083,0.39225242724913706
1775545083.213472,2234.0,972.74,0.2624950942197232,0.33131627757705373,0.34620106017226276,0.39235862210355466
1775545083.2451978,2234.0,968.5,0.26170632861485227,0.33234017647513847,0.34511047841987647,0.3903259095682354
1775545083.2783654,2234.0,969.78,0.2623023386044353,0.33295825781508154,0.3473813956759012,0.3940055266313424
1775545083.311792,2234.0,966.22,0.2628454155273216,0.33265524239902133,0.3461867465803035,0.3923128784836405
1775545083.3427575,2234.0,966.24,0.2627881418184198,0.3325258996268883,0.34695001019628446,0.39360749668983414
1775545083.3756983,2234.0,963.38,0.26292590998763815,0.3338044615829775,0.34827778965121675,0.39301303013148714
1775545083.4065068,2234.0,962.78,0.2636858873295292,0.33331941277248583,0.3479885513047058,0.39361845621719777
1775545083.4401774,2234.0,960.7,0.261009659255624,0.33157470392367827,0.3462555429888645,0.3936859169074762
1775545083.4702463,2234.0,959.22,0.2631564580996565,0.3322976204511757,0.3471648902307712,0.39315521600457165
1775545083.501508,2234.0,957.18,0.2626659910731742,0.33079448458936656,0.3458594205836945,0.3914874366126428
1775545083.535047,2234.0,955.26,0.26339594251959736,0.3309509678785664,0.34532290731102105,0.39289584602268723
1775545083.5676415,2234.0,954.08,0.2623029830372405,0.3305743585893856,0.3447191224278713,0.3927621197256766
1775545083.6143305,2234.0,952.08,0.26363862566041685,0.3312795740902511,0.3458731147834513,0.3927824667387124
1775545083.6462529,2234.0,950.46,0.262514973446855,0.330893415386088,0.346012765517068,0.3922312312238545
1775545083.6799912,2234.0,948.18,0.26197825768412214,0.33052489443767363,0.34226067817683,0.3910895389550654
1775545083.7253025,2234.0,946.94,0.26171226622131993,0.32993945590733276,0.3434392268133616,0.3918160604508471
1775545083.758378,2234.0,944.72,0.261234011428869,0.3298448912629622,0.34267954637777154,0.3909029098175196
1775545083.790182,2234.0,943.8,0.2610641599497985,0.3291335229414987,0.34065166883152986,0.39065027899315624
1775545083.823821,2234.0,941.66,0.26183054016889434,0.32904407894603105,0.34273833377809454,0.39112093438270124
1775545083.8705323,2234.0,940.48,0.2607427834372899,0.3270526960989644,0.3392896499687713,0.38930536344967503
1775545083.9014044,2234.0,939.2,0.2602578077539582,0.32549127771160336,0.3375284264377752,0.3872253065683985
1775545083.9343104,2234.0,938.16,0.2593887820298981,0.3249207330233419,0.33789120244092063,0.38819779192488085
1775545083.9679515,2234.0,936.98,0.25820913767964243,0.32214230775467034,0.33568288204568403,0.3877225387779516
1775545084.0015306,2234.0,935.8,0.25292944853595184,0.3065494581165796,0.32673253286339965,0.383958658535971
1775545084.0405135,2234.0,934.58,0.24626479172659818,0.2953639061178221,0.32219039311248865,0.38005855882272366
1775545084.0784955,2234.0,933.62,0.24694301259805979,0.29561615380641976,0.3225907838747098,0.379590987501767
1775545084.1110535,2234.0,932.2,0.23739827624218984,0.2825881571522254,0.3102005515572476,0.3775082240838298
1775545084.144802,2234.0,931.02,0.21638890084012355,0.256461374722631,0.28895967569343795,0.3685510459320954
1775545084.189535,2234.0,929.16,0.1893111217928913,0.2268926612444099,0.26896524228408686,0.3594551418516171
1775545084.2226264,2234.0,927.44,0.1698030073081145,0.213737782798956,0.26219922024504455,0.3505191211393141
1775545084.2566266,2234.0,924.72,0.12064283195572673,0.16573946538852827,0.22475343124077876,0.31133108590250186
1775545084.3013568,2234.0,923.0,0.10714161053952916,0.16415211881122632,0.22293004408978362,0.2947121161590832
1775545084.3533173,2234.0,919.72,0.08304763091025733,0.14258338451918695,0.19943180394706342,0.2509890653049219
1775545084.3975298,2234.0,918.54,0.07791938748930226,0.1389649488298177,0.19493747840194178,0.24167965676149689
1775545084.4304736,2234.0,916.42,0.06150933148561076,0.1299332085080346,0.18743735180912266,0.22937343775539895
1775545084.4624443,2234.0,915.32,0.04090334658784688,0.10668296601859882,0.1599140784596626,0.19891253206014708
1775545084.494395,2234.0,913.54,0.019616288032829002,0.08741045486322122,0.13912257944503248,0.17701827565417866
1775545084.5252242,2234.0,913.14,0.035210867165983144,0.06758883681851632,0.11735663087762475,0.15488580231933516
1775545084.5588315,2234.0,911.7,0.027044881805949238,0.06449175354654559,0.1156602154560961,0.154482807131609
1775545084.6067371,2234.0,911.22,0.043515369383041284,0.05643486564436016,0.11237187409482924,0.14970334210002298
1775545084.6400607,2234.0,909.36,0.05066045581846388,0.043995664018738445,0.1027983056107962,0.1421243637102504
1775545084.670197,2234.0,908.88,0.07666805566738476,0.04408118865331294,0.09076060791814455,0.12498366325920637
1775545084.7038734,2234.0,907.26,0.09275623838854644,0.05131866950543422,0.0832227317947286,0.10967974032388597
1775545084.7343514,2234.0,906.5,0.10439418302407592,0.06139670310790021,0.07782796234477181,0.1046162820755092
1775545084.7696729,2234.0,905.26,0.12134572937823537,0.07409085132591667,0.06788326440590489,0.09086235138837388
1775545084.7971654,2234.0,904.64,0.11783402501059308,0.0723861173429379,0.061458544171491866,0.08783001516124447
1775545084.8301814,2234.0,903.34,0.12140204834678128,0.0745544102340621,0.054369080657712954,0.08263193572298141
1775545084.8614364,2234.0,902.92,0.12323256824648883,0.07459240367863637,0.055384956221747654,0.08021524130997194
1775545084.8941615,2234.0,901.56,0.1263712378164232,0.07452660019024193,0.050678947018767614,0.07561996670703032
1775545084.925525,2234.0,901.84,0.12639926358606415,0.0750262414368097,0.053104346575680736,0.0803498513330182
1775545084.9585645,2234.0,900.74,0.1269092170179973,0.0763092906224235,0.058135379510918024,0.0815832656138864
1775545084.9921885,2234.0,900.96,0.12120106188634752,0.07240828412242321,0.05801362820714701,0.08134282805553741
1775545085.0381029,2234.0,900.32,0.12623243297928632,0.0739432943414705,0.05523085315174858,0.079846231025665
1775545085.0701933,2234.0,900.58,0.12919145143024965,0.07571820269900878,0.05928526204863781,0.08506246032744702
1775545085.1021664,2234.0,899.58,0.1276299635850461,0.07459527568080099,0.0598264208193722,0.08735950692017544
1775545085.1344721,2234.0,899.94,0.12974460251722109,0.07678860355698562,0.05742267353188967,0.08398828924819579
1775545085.1661856,2234.0,898.92,0.12684345920343132,0.07503291017633759,0.05929509980591763,0.08794125583432988
1775545085.1985106,2234.0,899.32,0.13292449823964278,0.08092747088082491,0.05652993551408974,0.0826142485795879
1775545085.2294965,2234.0,898.44,0.1283818750010701,0.0754238489946411,0.05448486631194815,0.08789851518962576
1775545085.263461,2234.0,898.88,0.12013628718183905,0.07232711691884529,0.06670025178736684,0.10177248453370265
1775545085.2943614,2234.0,897.86,0.11452427080208065,0.0705103682020677,0.07965733848166368,0.11884860500079182
1775545085.3269498,2234.0,897.8,0.11396027875013763,0.0716523235567303,0.08179970359409797,0.12091654251192738
1775545085.3583317,2234.0,896.24,0.11234152200552959,0.07019210719326112,0.08532656489229556,0.1251836248876652
1775545085.391909,2234.0,896.36,0.110520884899766,0.06994713058748299,0.08382612427532553,0.12242513343171356
1775545085.426223,2234.0,895.12,0.11296642082785678,0.07172419798841027,0.08425978326602408,0.12187809746718736
1775545085.470291,2234.0,895.34,0.11033631654455475,0.06973193462157626,0.08584887499859492,0.1256948290820056
1775545085.5025268,2234.0,894.02,0.11206013435391642,0.07110067345502487,0.08790039221509813,0.1258262399015023
1775545085.5347178,2234.0,894.3,0.10883503393543249,0.0677200112196623,0.08616774739807573,0.12478436267108249
1775545085.5660462,2234.0,893.34,0.10946264813198808,0.06943909141035605,0.08945199638401836,0.1292239543038704
1775545085.5974638,2234.0,893.92,0.11325324476233856,0.07048860506849935,0.08726024227519845,0.12368410971511316
1775545085.6302052,2234.0,892.74,0.11344216424916874,0.06912833112992266,0.08629548488948155,0.12460823698893693
1775545085.6623461,2234.0,893.22,0.10770391225136562,0.06644985052984241,0.0875584315814767,0.12560392074747587
1775545085.6942022,2234.0,892.3,0.1095899039591527,0.06495903379329145,0.08513904466684942,0.12408360905932067
1775545085.7262836,2234.0,892.96,0.11013032652666281,0.06739751723421945,0.08776173803076688,0.12652842654872906
1775545085.758307,2234.0,891.98,0.1108699753701419,0.06496883463614431,0.08458653023248168,0.12305710595507542
1775545085.7904103,2234.0,892.54,0.10898139238981805,0.0650092542674665,0.08425600802424227,0.12380648219667097
1775545085.825148,2234.0,891.2,0.10798854736283767,0.06523748186389808,0.08725990639087543,0.12482362704487396
1775545085.8705318,2234.0,891.64,0.10645562258056539,0.06312308423860562,0.08527789010216665,0.12537626795301673
1775545085.9034936,2234.0,890.38,0.10670637656013925,0.0637225967648273,0.08403164236440748,0.12458084042961014
1775545085.9345946,2234.0,890.84,0.10603682004251298,0.06314754253570505,0.08547967643927867,0.12408375253088258
1775545085.9683363,2234.0,889.7,0.10430414228755601,0.06183877211046611,0.08095469534780576,0.12138319278482587
1775545086.0136292,2234.0,889.82,0.10077894561462909,0.0629762605138409,0.0870536855674952,0.12648174156416808
1775545086.0456407,2234.0,888.9,0.10109910233485897,0.06337486140203347,0.0886363143025823,0.12762793456669494
1775545086.0649447,2234.0,889.34,0.10623530368461415,0.06295081430860208,0.08490779751284205,0.12347071456214952
1775545086.1103156,2234.0,887.7,0.10241044780115954,0.06051955022789383,0.08136112744673961,0.12237170721134694
1775545086.1432972,2234.0,888.26,0.10215365077383623,0.06354771209352288,0.08830930534877382,0.1267318070178369
1775545086.1765344,2234.0,886.52,0.101786371934467,0.06193752841057853,0.08759180055903695,0.12622456882735808
1775545086.2254503,2234.0,886.6,0.10306935555697576,0.0615206238109549,0.08374875381465025,0.1228549758765985
1775545086.2566624,2234.0,884.84,0.10262225934075321,0.06092207568593573,0.08370976222642476,0.124209071721277
1775545086.3024583,2234.0,884.98,0.10316250119291037,0.06220842356490475,0.08725657574844958,0.12625047705388684
1775545086.333599,2234.0,883.46,0.10322205016175262,0.06051498644365624,0.08118545178398111,0.12231957538825047
1775545086.3663971,2234.0,883.68,0.10134641432214325,0.0610575192088093,0.0845691110294227,0.12466051170453006
1775545086.4001105,2234.0,881.94,0.10036222915068646,0.06032491020736991,0.0851140587360044,0.12613744405937308
1775545086.4454994,2234.0,882.76,0.09954720395927018,0.060266185444447395,0.08400993204012988,0.12696583913780182
1775545086.4781718,2234.0,880.46,0.09892509053749118,0.059393235073564414,0.08528742975335503,0.12701131810617955
1775545086.5102692,2234.0,880.7,0.1007058853162163,0.06026229395419665,0.08518729961506073,0.12735943465476235
1775545086.5445085,2234.0,879.12,0.10042930752511367,0.06134080805924112,0.08572818962185771,0.12598242055584896
1775545086.5913484,2234.0,879.3,0.10116397315536742,0.06326041787679267,0.08686112356023822,0.12586986519151377
1775545086.6262803,2234.0,877.72,0.09746589475809689,0.06252290882070989,0.087800163595329,0.12705460926314321
1775545086.6555347,2234.0,877.22,0.09861648854742804,0.05935146064982842,0.08773808282482988,0.1273164522001729
1775545086.6856759,2234.0,875.58,0.10011278184368137,0.060125671382542004,0.08617106001536881,0.12601157655636663
1775545086.7179844,2234.0,875.12,0.0992742069912886,0.06035247694071027,0.08613360364494828,0.12710572398376088
1775545086.750271,2234.0,873.06,0.10380134668951074,0.06141050145663279,0.0858574008825295,0.12462193501935812
1775545086.782224,2234.0,872.46,0.10059140587896086,0.05961827865826052,0.08348519561766961,0.12583828085422077
1775545086.8159196,2234.0,870.88,0.10091103475562838,0.059327731862949186,0.08113085197946049,0.12222762409001976
1775545086.862394,2234.0,869.82,0.09770040980838231,0.05949681952016095,0.08650783357814319,0.12704759496182766
1775545086.8944309,2234.0,868.28,0.09984647165476396,0.05943976496890416,0.08049279773360973,0.12269972099900915
1775545086.9267082,2234.0,867.3,0.09854626026877666,0.05858429330837588,0.08525778664638871,0.1267579097291471
1775545086.9581568,2234.0,865.72,0.10261728569486724,0.05892774297581758,0.07858815680886481,0.11946605223553983
1775545086.990346,2234.0,864.2,0.10071642805531661,0.05904948222921448,0.08317543727152057,0.12329085356638014
1775545087.026971,2234.0,862.8,0.10242844868864656,0.05992937115308944,0.08200911130526377,0.12369477671940006
1775545087.0532176,2234.0,861.02,0.10248395386878538,0.06038102353875589,0.08287410942228818,0.12266183072765058
1775545087.0853515,2234.0,860.14,0.10293556667351228,0.05892368908324924,0.07767762235107917,0.11850069395846202
1775545087.1186059,2234.0,858.42,0.10325780716044067,0.05804948611127805,0.07948623763220311,0.12178766726229605
1775545087.150324,2234.0,857.62,0.10456285490620232,0.05881495683920106,0.07952493196359839,0.12135551759688792
1775545087.1826982,2234.0,855.54,0.10602736044778684,0.059643643382404535,0.07995291070597446,0.12016220403849211
1775545087.2155366,2234.0,854.96,0.10298367918242954,0.059057891224279915,0.07996458842965737,0.1204786424271454
1775545087.2495983,2234.0,852.58,0.10246548505202628,0.058637971608896326,0.07829870446885866,0.11935758551986989
1775545087.2958484,2234.0,852.0,0.10105490003324866,0.059012481228667805,0.08109928167302471,0.12218155248010383
1775545087.3274474,2234.0,849.8,0.10219681058611296,0.056281390725808435,0.07642170082366638,0.12013262614177246
1775545087.3598156,2234.0,849.64,0.09997086843971273,0.05797610280196284,0.08028173519312186,0.12266773578672895
1775545087.3894396,2234.0,847.24,0.09967457011109811,0.060915405872358934,0.08345850078677342,0.12382827966410469
1775545087.4223785,2234.0,847.22,0.10193257148764033,0.05804286947670058,0.0800072102529181,0.12122414032113835
1775545087.4533901,2234.0,844.74,0.10128536463913491,0.05869983133403604,0.07824548732861543,0.12127070048394627
1775545087.4862003,2234.0,844.92,0.09913085654143296,0.05816387636799298,0.08147458368350732,0.12119771788229261
1775545087.5177255,2234.0,842.36,0.10166659184301638,0.05886159792798805,0.08057691233855668,0.12237308321358184
1775545087.5496614,2234.0,842.74,0.1013080225165036,0.05926048160684983,0.08177126861361483,0.12201901238019722
1775545087.5822413,2234.0,840.22,0.10009575911042183,0.05947158820801689,0.0841039007239353,0.12385321650150116
1775545087.614195,2234.0,840.64,0.10208685508120932,0.056232405616296374,0.07728477694099044,0.1195192880160298
1775545087.6463866,2234.0,837.9,0.10271849252210011,0.058586568003927225,0.07935438219568773,0.12039784580929985
1775545087.6799989,2234.0,837.82,0.09805946382817074,0.06005539205416398,0.08291887099706557,0.12304414203277345
1775545087.7272182,2234.0,835.24,0.1002102242634638,0.06071444948677206,0.08376929455813255,0.12309332481734633
1775545087.7588103,2234.0,833.12,0.09729255477738528,0.05844827809932351,0.08316497507973672,0.1265936531849548
1775545087.7906349,2234.0,830.04,0.10098719470880257,0.059707840193603146,0.08057043107172546,0.12206108768401114
1775545087.8270907,2234.0,828.06,0.10244278829173639,0.05879543612079858,0.07936388433171399,0.1203905629910509
1775545087.8561535,2234.0,825.5,0.10017988973849512,0.05704834665834597,0.07893308456062291,0.11959262981298084
1775545087.8863015,2234.0,824.42,0.10010029285322875,0.05810638590855441,0.08107607141263473,0.12272957782383197
1775545087.9197962,2234.0,822.44,0.10050367791697665,0.058099110576237206,0.08310646375737654,0.12678688431175164
1775545087.950252,2234.0,821.88,0.10378727451079765,0.05884719970413482,0.0853259101822117,0.1274301026246683
1775545087.9835749,2234.0,820.4,0.08803790814551957,0.0578951047098456,0.09485162436775757,0.1413855046617765
1775545088.0146143,2234.0,820.34,0.0779716668757509,0.06390007925021486,0.11071682975491583,0.15803931799542684
1775545088.04641,2234.0,819.46,0.07451003919613146,0.06826622888009569,0.1239984182914403,0.17050605975393285
1775545088.0786157,2234.0,819.52,0.06806679636824299,0.07844718814926081,0.12994231385091776,0.1802933572973613
1775545088.1122954,2234.0,819.06,0.05491186631878236,0.08942962557021351,0.14668364689449062,0.18600068646200796
1775545088.1456227,2234.0,819.04,0.03345617727455131,0.07829324315550909,0.1446860804874459,0.1947278080177745
1775545088.1901972,2234.0,819.24,0.02525074361542345,0.08400744495720498,0.1487655286564468,0.2076255420317787
1775545088.2223263,2234.0,818.84,0.04552789942000257,0.0952791001601227,0.16168329919279018,0.2535752048453843
1775545088.2542863,2234.0,818.86,0.07368465791523868,0.12131592237724007,0.18786162302763457,0.28750030284976164
1775545088.286453,2234.0,818.86,0.13860053879561904,0.1830578019064859,0.24205513829879116,0.32277256455218245
1775545088.3182855,2234.0,819.36,0.21152074884345828,0.26648677089978945,0.2949353623905772,0.3439323029783055
1775545088.3503413,2234.0,819.72,0.2454707050341346,0.302039078176514,0.3232517334807197,0.3719222618273095
1775545088.3822982,2234.0,820.72,0.273408654003392,0.3316142344878698,0.3489528021353063,0.3934784670431324
1775545088.414272,2234.0,821.62,0.29167012788300256,0.35291228491822113,0.36714502935470145,0.40639045083928566
1775545088.4465046,2234.0,821.68,0.3057832287562911,0.37191836544064233,0.381848804815971,0.4213197031802049
1775545088.4797947,2234.0,821.54,0.30822013722757896,0.3786419653618287,0.3868888149315059,0.42916131742436114
1775545088.5135343,2234.0,821.96,0.3134846614831417,0.383012137537841,0.39082747648513855,0.43593873953352363
1775545088.5589128,2234.0,821.92,0.312019515143309,0.3826875798968715,0.3952651087162494,0.4429868588379965
1775545088.5904992,2234.0,822.3,0.31430507154659776,0.3855084624762563,0.3972770974068279,0.44350589199404794
1775545088.6235473,2234.0,822.08,0.309361761183629,0.38127934183455764,0.3945312562738047,0.44579574302683184
1775545088.6546054,2234.0,823.22,0.3066020455164634,0.38164376926555504,0.39482806641492607,0.44654150741953413
1775545088.6862893,2234.0,822.9,0.3099106793090362,0.3832233926016933,0.3948163907139727,0.44577604885946304
1775545088.7184048,2234.0,824.66,0.3134230002758754,0.3858616573605439,0.39676460301261535,0.4458518365162424
1775545088.750437,2234.0,824.48,0.31231347027198153,0.38330116471532066,0.39347112259018113,0.44388610513115706
1775545088.7822936,2234.0,827.08,0.3117377630842816,0.38230337808064296,0.39209408160740505,0.445566031430409
1775545088.8145628,2234.0,827.0,0.3136593168425975,0.38485620666323217,0.3922375187627516,0.4424224377284823
1775545088.8467064,2234.0,830.02,0.31199042701889124,0.38291810816081817,0.3916161487692093,0.44377526649771404
1775545088.8773167,2234.0,830.14,0.311642580610116,0.38293128096213896,0.3935251653768755,0.4421347182319033
1775545088.910239,2234.0,833.5,0.3114890332827251,0.38223734261675546,0.3938060608582954,0.44201765326341996
1775545088.9442918,2234.0,833.6,0.30823051124862744,0.38202747128624437,0.3920932598550636,0.4417313759423381
1775545088.99029,2234.0,836.6,0.30843878426526317,0.3821768605947307,0.3904877763807412,0.440171581928487
1775545089.0221112,2234.0,835.96,0.3074874928712134,0.38014071644467357,0.3904939312344044,0.4416724368826862
1775545089.0542755,2234.0,839.26,0.3062999028499404,0.37839402596885463,0.39013572537009306,0.43850102071229596
1775545089.0863197,2234.0,838.34,0.3059792977235435,0.3781978940167,0.38844319221502344,0.4392324803302571
1775545089.1194887,2234.0,841.06,0.30588693834147607,0.377409185668499,0.3894488704380608,0.4384887174529381
1775545089.1500702,2234.0,838.4,0.3091441583763584,0.38018463175649997,0.389733736292655,0.4399616883947296
1775545089.1838276,2234.0,840.46,0.3061325824419003,0.3780890295275794,0.3887965086713115,0.44004971770887075
1775545089.2141626,2234.0,837.28,0.3070940485069076,0.3780765159798834,0.38721599853469396,0.4405647885387171
1775545089.2476196,2234.0,838.82,0.3071763134004002,0.3790636843954222,0.3869002967260767,0.44227373367902545
1775545089.278304,2234.0,835.92,0.3072242917137197,0.37917813532073175,0.3877206112281531,0.4415541181941896
1775545089.3104076,2234.0,837.44,0.30670388374929697,0.3782245418280335,0.3866309932437514,0.44203757033212165
1775545089.3425388,2234.0,835.6,0.3048134727082596,0.3764617865812865,0.384036780128469,0.4370797471497686
1775545089.376419,2234.0,837.28,0.3059261455972347,0.3770336630466527,0.38336215092339176,0.4401606176862309
1775545089.4212627,2234.0,837.84,0.30678995839979306,0.37844128852117304,0.38665527466878735,0.4398465859050963
1775545089.4543695,2234.0,839.36,0.30634547301658904,0.3775027072372511,0.38378672035390604,0.4399891294563245
1775545089.4865098,2234.0,840.56,0.3064325440272408,0.37882110537526087,0.3879539765295736,0.44107149364211296
1775545089.5183656,2234.0,840.9,0.3062342248802909,0.37785263599842056,0.3853955144588707,0.4412644091346867
1775545089.5505862,2234.0,841.72,0.3060295419407537,0.3768164531816469,0.38505620975396454,0.4413536992437098
1775545089.5823672,2234.0,841.1,0.3064622328264905,0.37776770167192975,0.38322723949066706,0.4406887895969171
1775545089.6161697,2234.0,841.32,0.3050138744784257,0.37617121099294737,0.38636122868276623,0.4425754301035274
1775545089.6621702,2234.0,840.52,0.30413086553100066,0.37637087890147236,0.38397210679411503,0.4410399807371492
1775545089.6942904,2234.0,840.52,0.3064714054505513,0.37819083487338895,0.3877187861428047,0.4433926738304644
1775545089.7310803,2234.0,839.08,0.30539052118820137,0.3769574316092114,0.3845363302006067,0.443114003990034
1775545089.75952,2234.0,839.2,0.30552495611806957,0.37684529328806443,0.38556060118955243,0.4429256024419823
1775545089.7954378,2234.0,836.82,0.30501485042006976,0.37660093844659287,0.38290795805876654,0.4406540087883225
1775545089.841733,2234.0,837.4,0.3067754315677099,0.3775612568406077,0.38327048846604717,0.44106289776518165
1775545089.8704355,2234.0,834.58,0.3061637244439677,0.3770734109714931,0.3859974010195061,0.4406771230793945
1775545089.9042768,2234.0,835.36,0.3067760445377822,0.37815918185517744,0.3819202503784048,0.43837705447678427
1775545089.9502225,2234.0,832.8,0.30513059231364226,0.37626075015371935,0.3842458069254651,0.44085158637303823
1775545089.982317,2234.0,833.16,0.3045363815175503,0.3749080745536907,0.38189553417542643,0.43857374583817044
1775545090.014511,2234.0,830.62,0.3052113010039569,0.3763561884991139,0.38444881286673016,0.44012111361294176
1775545090.0483708,2234.0,830.54,0.3066120481190836,0.3759177938097653,0.38349821588938166,0.4404749937703413
1775545090.094846,2234.0,828.24,0.30745254625661417,0.37738876389669035,0.3835427812380674,0.4397204387151372
1775545090.1314573,2234.0,827.46,0.30359829324489435,0.37430392763051706,0.3807697726951648,0.43994424028859574
1775545090.1606324,2234.0,826.18,0.30323621980630505,0.3741474003803932,0.38311725610282515,0.440627543070996
1775545090.2054775,2234.0,826.26,0.3044435148150179,0.3751964838722292,0.38387676127813253,0.4413595297696634
1775545090.2384193,2234.0,824.86,0.30372769349882006,0.3755618423405625,0.386646174672071,0.44029120864538973
1775545090.27048,2234.0,824.76,0.3047081622566581,0.3767603437057038,0.38664085579411017,0.44040006838323836
1775545090.3022075,2234.0,823.24,0.30546185107898033,0.3776511081159039,0.38652554253725757,0.442184254167447
1775545090.3334582,2234.0,823.56,0.3064001508709349,0.37830853973049056,0.3862700385729565,0.44377741106841745
1775545090.3671525,2234.0,821.98,0.30770014759738973,0.3798239092605595,0.386593754835488,0.44316443825333435
1775545090.41425,2234.0,822.5,0.30789762043653957,0.3799601376799844,0.38542059127177636,0.44384775551486305
1775545090.4476311,2234.0,820.56,0.3067909812780752,0.3784696208530446,0.3861673176620952,0.4430661285088072
1775545090.4783244,2234.0,820.6,0.3092489737134278,0.380213884778232,0.38887375511325545,0.44336878925092976
1775545090.511745,2234.0,817.84,0.3116218594332569,0.38327153934402036,0.3881352272876221,0.44492750964657446
1775545090.5423555,2234.0,817.28,0.3096597069062977,0.3806413527225423,0.38636753020196474,0.44382907404389066
1775545090.5758455,2234.0,814.14,0.30698444356236304,0.3787279293050304,0.3873443814996583,0.44204130550503384
1775545090.6056652,2234.0,814.08,0.3108229284416947,0.38281085979404417,0.3876842240261971,0.4427301019871637
1775545090.637344,2234.0,810.22,0.310395333269319,0.3826203756562031,0.3893694589637214,0.44429635754467783
1775545090.6703558,2234.0,810.24,0.30916403597110065,0.3804194238243514,0.38702411409065335,0.4446332696051337
1775545090.701557,2234.0,806.58,0.30897565954077405,0.38191994667889223,0.3891597111981342,0.4429400446566307
1775545090.7339978,2234.0,807.2,0.30871804213492426,0.3793496896720596,0.387042724483189,0.4425362782553781
1775545090.7663517,2234.0,803.18,0.31147416507040165,0.38074743144892204,0.38990627105083125,0.4410148405352525
1775545090.8001132,2234.0,804.08,0.31026779389779113,0.38003166759919926,0.3886818992684662,0.4441208181990585
1775545090.8463085,2234.0,800.5,0.3115816899656073,0.3824318228645026,0.39135194281090135,0.44148779113550884
1775545090.8770564,2234.0,802.96,0.3091358944499488,0.38322742384805686,0.3898684572039901,0.4414354775153895
1775545090.9104972,2234.0,800.58,0.3135450480552313,0.38790942824958385,0.39291013672049907,0.44411015807465476
1775545090.941449,2234.0,803.38,0.31339651651692996,0.38565608801341644,0.3900942219221628,0.44283591435082154
1775545090.9744878,2234.0,801.72,0.31626520960030946,0.387188883036132,0.39280479560613296,0.44482778630534664
1775545091.0059483,2234.0,804.04,0.31418520993235105,0.38737414335939835,0.39249452768634335,0.4463601154678352
1775545091.0374706,2234.0,802.94,0.3152867745040088,0.3869164488247838,0.393833485904822,0.44308695799623615
1775545091.071703,2234.0,804.26,0.31211722588613244,0.3838805477404993,0.3927163955949969,0.44337665454326963
1775545091.102182,2234.0,803.26,0.31127646288296706,0.38530228167160435,0.39124197745408557,0.44376858113098794
1775545091.1358213,2234.0,804.7,0.31213382241486903,0.38709584715795375,0.3916725960365758,0.4458640615633264
1775545091.1664212,2234.0,804.18,0.31477470095090326,0.3906562559743326,0.3919548834794196,0.442314359301425
1775545091.1998477,2234.0,804.92,0.3177566462846497,0.391936404263743,0.3949067586005484,0.44752615787199657
1775545091.233066,2234.0,805.44,0.31632201711889985,0.38938189983548493,0.39409963170073303,0.44751956311064345
1775545091.2784293,2234.0,805.36,0.3175041393354598,0.39178391411212965,0.3951472976337725,0.44819750432233174
1775545091.3092399,2234.0,806.98,0.3179765487075757,0.39004372413173155,0.3958610368196545,0.44784685134879487
1775545091.3423975,2234.0,806.5,0.31935400197943775,0.3945445713053369,0.3982021142380392,0.4499840696059103
1775545091.3743243,2234.0,808.1,0.31850980592276024,0.39554180332520394,0.3967981216721124,0.44814242859903236
1775545091.406189,2234.0,807.32,0.3145588250014267,0.38908985227231463,0.3912751443405614,0.44470442960549483
1775545091.4373577,2234.0,809.22,0.314808873172067,0.39034218756121836,0.3911128187484076,0.4474728562786928
1775545091.4702377,2234.0,808.14,0.3134596253308438,0.3907931515384778,0.39397051240183606,0.4489790671894371
1775545091.5024178,2234.0,810.96,0.31165040299130714,0.3867741343492,0.3898838393828567,0.4455841621621081
1775545091.5339386,2234.0,809.84,0.3113724777349734,0.38848501550675235,0.3903160300062945,0.4469155547623658
1775545091.5653625,2234.0,812.54,0.30863682125272,0.38574918945304953,0.39000000003659396,0.44625960505752815
1775545091.5985136,2234.0,811.42,0.31074309471203526,0.388541065493649,0.39055068469312526,0.4457794234992571
1775545091.6339579,2234.0,814.0,0.31044578593086264,0.3870668041436285,0.38808491269422785,0.4436108306994214
1775545091.6630359,2234.0,812.86,0.31022588716953714,0.387489071498565,0.3902009174534331,0.44588491887822385
1775545091.711352,2234.0,815.42,0.30969955265197063,0.3877015767191173,0.38926345592932676,0.4451638933388725
1775545091.7414517,2234.0,814.28,0.3095360160895779,0.3874491663358342,0.39034860970489493,0.4464198574054184
1775545091.7758174,2234.0,816.56,0.310432867539389,0.38768775064133243,0.3923428403946793,0.44302745041223474
1775545091.8053238,2234.0,815.6,0.31082047114875866,0.385876863982927,0.392797767872164,0.44436284616259764
1775545091.8394885,2234.0,817.78,0.3107305472103722,0.3861054150740633,0.3929490282583388,0.4476583774608155
1775545091.8705058,2234.0,816.76,0.3081808254864814,0.3867148307002216,0.3910257501430221,0.44710755346629877
1775545091.9022713,2234.0,819.08,0.3065208343652676,0.3868652191610104,0.38897894232241637,0.4474345634681384
1775545091.9349487,2234.0,818.18,0.30557502015177895,0.38431203934201064,0.38593734300029664,0.4431214062369634
1775545091.9663785,2234.0,820.32,0.3047336221339408,0.3870025107564141,0.386807858568502,0.441999577949091
1775545091.9982953,2234.0,819.16,0.3021983127986785,0.3802769035208022,0.3839821104932181,0.44115672487716934
1775545092.0348582,2226.2,835.28,0.29924377917119044,0.3806976087685891,0.38390706808983704,0.43855815779054225
1775545092.0646234,2218.92,830.76,0.3008581704806405,0.38276426950460796,0.38338447543559795,0.4389890820637602
1775545092.1095169,2174.58,832.72,0.29882962616068837,0.3798139901166317,0.3845012004831114,0.4392502680314743
1775545092.1414468,2147.64,832.04,0.29496989186825906,0.37879864655302714,0.37950233097365865,0.43672157541588247
1775545092.174409,2105.9,835.74,0.29096675472480404,0.3748651093840722,0.3749478866513364,0.4338486731553129
1775545092.2062924,2073.72,836.06,0.29394306104821166,0.3743745823568171,0.3745930068935587,0.42974432530634743
1775545092.2375832,2031.6,840.22,0.2929351675211582,0.3738204135740928,0.3763903950849664,0.43137500887894076
1775545092.270367,1997.34,839.84,0.2940983168634501,0.3743776148326028,0.3761556870460287,0.4314830360822837
1775545092.3023865,1953.94,844.34,0.29376808752551886,0.37116431133450434,0.3755002401919673,0.42946315931611867
1775545092.3353899,1917.04,843.52,0.2933421583108447,0.37005981977903873,0.3754447835314301,0.4278231466308771
1775545092.3664043,1875.4,847.38,0.2932673516872108,0.3697415095611627,0.37373638734434544,0.4284245801975357
1775545092.3996375,1839.6,846.76,0.29164900771668173,0.37094274022205115,0.3741107551069951,0.43045258391575314
1775545092.4354224,1799.18,851.28,0.2903360791166976,0.36952516386927686,0.37225335706854434,0.4286730413730851
1775545092.4637525,1762.58,850.62,0.28849545993998676,0.36938549654022174,0.3707432726986091,0.4284666734078852
1775545092.496371,1721.0,855.16,0.2857075217564491,0.36715875362518363,0.3708860483243391,0.4277044620317313
1775545092.5421355,1685.16,854.5,0.2879843210836083,0.3693148145196344,0.37294849682390513,0.42788511435950893
1775545092.5731912,1643.36,858.7,0.2902542514986858,0.37072050168398296,0.37164116480263715,0.4276885863710806
1775545092.6066365,1607.3,857.96,0.2912468974570653,0.3710833512542985,0.37260230263417166,0.42744031031911567
1775545092.6373951,1566.02,862.14,0.28976607691802714,0.36962820794022266,0.37442765807804396,0.4292898986264512
1775545092.6704018,1527.84,861.76,0.28958881747804166,0.3705775054034687,0.37630747351167465,0.4321087173932157
1775545092.7015214,1486.04,865.18,0.28821677090241943,0.36946133713026125,0.37606332343529447,0.4315012807882963
1775545092.735458,1449.7,865.18,0.2892217299218373,0.37089770285757084,0.3766273270388891,0.4325040709065187
1775545092.766277,1407.1,868.28,0.28839872174249415,0.36896819684614746,0.3772683551810031,0.4317178092473826
1775545092.798401,1370.24,868.38,0.28826731481250834,0.3711477489220717,0.37723188006413366,0.4321075147672274
1775545092.8353877,1326.8,871.16,0.28893961870783264,0.3694960271862065,0.37719331462710415,0.43278858105488466
1775545092.8621533,1290.38,871.36,0.28814415040900593,0.36953043212297954,0.37713888684709945,0.43275043202528646
1775545092.8943615,1248.2,873.68,0.28875707847070553,0.37176321157439374,0.377230054510724,0.4341668033077917
1775545092.9279852,1211.14,874.56,0.289246220577677,0.3713665915620678,0.3777321947967206,0.43343852947163364
1775545092.974973,1168.36,876.34,0.2874710805552838,0.3694858452368198,0.3769749581103736,0.4336305118915743
1775545093.0064826,1130.98,877.74,0.2849045735314185,0.36747517620336034,0.37668923302039964,0.4340980271593276
1775545093.0398376,1087.48,879.32,0.2853002098202277,0.36735899961125096,0.37668406914038016,0.4318569890277644
1775545093.0736098,1050.72,880.56,0.28584886741031656,0.3691423745269644,0.375617598706521,0.43029714250423345
1775545093.120994,1007.68,882.38,0.28752424802659665,0.3705424200091405,0.3768809390059668,0.42927730295615507
1775545093.1505232,971.02,884.06,0.2859993691626917,0.3678510405847647,0.3761996417654596,0.43166102892756375
1775545093.1826751,929.58,885.38,0.2853596020278462,0.3678013433461807,0.3738121688478844,0.4292162772314597
1775545093.216254,894.38,886.6,0.28467373817891245,0.3684570410032627,0.37448258900715903,0.43066880425899673
1775545093.2537663,851.2,888.22,0.2856716870648229,0.3686570716625483,0.3749594542598882,0.43030734413107286
1775545093.2944105,814.7,889.54,0.28530587687737036,0.36778837824341953,0.3748355331469262,0.4303946761491603
1775545093.3263648,771.72,891.22,0.28605983165863674,0.3688153038404544,0.3755094000569276,0.42892719977456467
1775545093.360648,733.96,892.58,0.28704424678937823,0.36999566414078866,0.37641952752964847,0.4307672058314568
1775545093.4053814,692.06,893.9,0.2860716522656615,0.36858025456947174,0.37672449194188806,0.43185154492892175
1775545093.4370823,655.52,895.34,0.2856568356356666,0.36881758919909857,0.37832727898233975,0.433675448209296
1775545093.4703474,613.56,896.28,0.285536797805869,0.3684417660448611,0.37745160292730323,0.4335569580271506
1775545093.5040872,575.68,898.1,0.2850804272139631,0.3691620043463231,0.376813553764536,0.4342395634763711
1775545093.550381,533.76,899.08,0.28595272757946993,0.37040209881145303,0.37871406325805673,0.4356081781821137
1775545093.5822735,496.7,900.5,0.2864628591186084,0.3730769766692886,0.37809912896218106,0.43776999835725056
1775545093.6142297,454.8,902.06,0.2861835586075567,0.3725625920636762,0.3813736374308759,0.4381098113809678
1775545093.6482651,416.72,903.56,0.28551618042193494,0.3705250099180908,0.3795896680393822,0.4380473887891832
1775545093.6944156,374.08,905.14,0.288900535951907,0.37437736191534565,0.3833163989258244,0.4401033597993052
1775545093.7277758,338.02,906.42,0.2873767068596874,0.3735102038182303,0.38197824536937847,0.44007184910335584
1775545093.7582378,303.42,893.44,0.28911126418866134,0.37506614011982065,0.38367742022885803,0.4400098885150123
1775545093.7918086,273.86,898.56,0.28881925771835937,0.3758823860675049,0.3831778438081212,0.4406286129988177
1775545093.822386,276.42,899.38,0.28693587097836876,0.3753865667609555,0.37978492891947796,0.44005228749543107
1775545093.8543603,266.94,900.4,0.2877202647072196,0.37247926682256244,0.38097273912747825,0.4391486373848551
1775545093.8861132,265.24,900.06,0.28821882096662144,0.3743740215656467,0.38264026295474785,0.4360005423973985
1775545093.9535909,261.84,900.54,0.28636240364120236,0.37335625495204067,0.38152831937225246,0.4390801972429718
1775545093.9982827,260.2,899.86,0.28607033346833566,0.37211095645061,0.38239052826766623,0.44127045322724645
1775545094.0293279,257.88,900.16,0.28734259055705724,0.3749791393745454,0.3819080066087942,0.44271018109134314
1775545094.062357,259.48,899.74,0.286340000470977,0.37324992609849306,0.38351630834177863,0.4436262265497567
1775545094.0943775,258.5,900.46,0.2851800247704143,0.3726201422362177,0.3825003006639464,0.44204022306936636
1775545094.1264672,256.96,900.62,0.2862183292142691,0.37332994706040284,0.3833998206589561,0.4428133248152638
1775545094.1581755,254.84,900.86,0.28641304830928155,0.37481089596021505,0.3831018596335417,0.4430267621456667
1775545094.1895676,253.18,900.32,0.2864991187881817,0.37415541975713784,0.38489381896227004,0.4436637215627419
1775545094.2222848,254.14,900.46,0.28623079573532084,0.3732895096358062,0.38283045105874935,0.4419021575183645
1775545094.2542012,253.52,899.82,0.28443162390071897,0.37204407695183406,0.38056126287470243,0.4397189457734717
1775545094.2875667,252.38,900.12,0.2855552366642188,0.371632819209116,0.38239017342940856,0.4394024143812821
1775545094.31824,251.18,899.66,0.28619274378015724,0.37434697285530605,0.3796101537537134,0.43742199809021903
1775545094.3518102,244.88,900.24,0.2866319148939714,0.37381050568458885,0.3819770303501933,0.44020349500582795
1775545094.3861117,244.44,899.66,0.2863721665518334,0.37492863383425246,0.3788156737525795,0.4398429888580716
1775545094.4316623,244.68,899.88,0.28620770361446407,0.3723633018643617,0.3795673450204312,0.4382997000080843
1775545094.462188,244.26,899.76,0.28552490295945615,0.37013341415934514,0.3807589201549887,0.43947330054660844
1775545094.494557,244.26,899.92,0.2859441077600156,0.37146159652583666,0.3801689959124469,0.43875718419542054
1775545094.5261412,245.72,899.76,0.2864871461030109,0.37227148012075995,0.37970726753944745,0.43943050817958773
1775545094.5584767,246.5,899.62,0.2855965185876615,0.37220260386955545,0.3786402932628353,0.43959852386374115
1775545094.5903792,248.58,899.74,0.28482190664875445,0.37129830550518983,0.3769922641073218,0.43752309364821473
1775545094.6223807,248.34,899.62,0.28409973113577497,0.3707601963620272,0.376861018863918,0.43885586398979587
1775545094.6544292,246.8,899.76,0.2825676042508446,0.3669176529687907,0.37430457246897963,0.4386182878374602
1775545094.6862695,248.64,899.54,0.27954349429569775,0.3670169984867171,0.3763382421805321,0.4372262633495544
1775545094.718318,250.04,899.88,0.28229311007241703,0.3699127926678951,0.3767205925919417,0.4370845637426006
1775545094.7504714,251.58,899.5,0.2804544675593363,0.36709839473442873,0.3765083512493301,0.4362889766145085
1775545094.7840636,253.14,899.76,0.28213543052158396,0.36814432810728553,0.37713016146121753,0.4364396510669465
1775545094.830206,254.36,899.92,0.2825340195214434,0.36802155552998095,0.3750550272661855,0.43244115803240646
1775545094.8621614,255.7,899.48,0.2829549942398685,0.36760811300392504,0.3749459791216358,0.4310656238691417
1775545094.8944252,257.18,899.36,0.2842791098582309,0.3696729262335911,0.3758385376193129,0.43146646980617737
1775545094.9276454,258.1,898.94,0.2808423180385659,0.36698356879852206,0.3711265029570169,0.4321067798138097
1775545094.9582825,256.68,898.96,0.28199215337194977,0.36775894381583557,0.3730001679736431,0.4328795770457867
1775545094.9917,258.74,898.68,0.2823717058928938,0.3684034857896921,0.3758240659225374,0.432935553891893
1775545095.0223696,260.46,898.96,0.28228648011535823,0.3687247533947503,0.373963130250984,0.4332447973651008
1775545095.055711,262.0,898.52,0.28218815006305215,0.3673921764615724,0.37140952600273053,0.4326455596124688
1775545095.086387,262.52,898.46,0.2812799699323093,0.3659474341074713,0.37242713219197,0.43437216640941045
1775545095.1173806,263.82,898.32,0.2815266469094212,0.36663792866063405,0.3734813107170194,0.43548209773155333
1775545095.150503,264.38,898.42,0.28130352440226547,0.3685394188296848,0.37513460414874417,0.4361865429197308
1775545095.1841192,265.08,898.04,0.28266260038333046,0.3678335459621723,0.37753389202371196,0.43864990973029117
1775545095.230127,267.18,897.54,0.28310691289495304,0.3699195345597254,0.37806392982274023,0.4403592165542069
1775545095.2628832,266.86,897.46,0.28302373523676067,0.36947447285229684,0.3781526995714779,0.4411582058288868
1775545095.2941406,267.26,897.76,0.2833370698090554,0.3689316937831704,0.38044533419095883,0.4411732675064364
1775545095.3264356,266.62,896.98,0.2824427044438732,0.36843582923008017,0.37991310420855295,0.4403417634377647
1775545095.3585641,269.06,897.16,0.2855524713343836,0.36999917948164257,0.380889420294331,0.4406317730230732
1775545095.390681,267.76,896.82,0.2851165791646223,0.3694704867171583,0.38161523883399406,0.44005017108494293
1775545095.4224257,265.84,897.22,0.28246410497046964,0.3701984329300025,0.3795318502837514,0.4426515376703794
1775545095.4534585,266.22,896.72,0.2831669401977711,0.3697458173493254,0.37860972053196096,0.44332514538175793
1775545095.485433,266.6,896.1,0.28367302306943026,0.3692449204752595,0.3770360832380832,0.44018373354329093
1775545095.518358,265.14,896.18,0.2824876087978197,0.37185523553081573,0.3788623034464055,0.4432709313150209
1775545095.551419,264.58,896.1,0.28286707330267097,0.3697413339506911,0.3767045583167216,0.4408447788496718
1775545095.582383,265.6,896.0,0.2830744148776161,0.36887950149092,0.3778204195671125,0.4411638868303141
1775545095.6160731,264.32,896.1,0.28243723497272255,0.3699215159356026,0.37798516293796797,0.4419673831949425
1775545095.650902,265.58,895.74,0.2820058862506627,0.3675438106184752,0.37941424580807714,0.44103805357925896
1775545095.695678,265.44,895.76,0.2814993441112361,0.36748594445508753,0.3764721760515431,0.4415677690452566
1775545095.7263415,264.96,895.34,0.2817552289496003,0.36653477550461555,0.3782344627820224,0.4401556888787293
1775545095.7583442,265.9,895.16,0.2807050127730809,0.3669272481918981,0.3774225115358121,0.4401120448392942
1775545095.7900913,267.4,894.6,0.28165203571473807,0.36969684126625413,0.3799314853617893,0.4426039467830325
1775545095.8214266,271.58,894.66,0.2804966637947898,0.3678125024086133,0.3785683318362874,0.4429996554300395
1775545095.854542,270.6,894.4,0.27934203210180847,0.3672213584767579,0.3777070287153442,0.44290787728445796
1775545095.8915412,269.64,894.68,0.28326544735331216,0.36828034715607527,0.38028398265829316,0.44461474287219355
1775545095.9187753,269.3,895.14,0.28125410559364944,0.3669447518034408,0.37805657306538537,0.44194790675229934
1775545095.9504747,268.58,895.04,0.28048401440454857,0.36771856735564434,0.376568850519397,0.4422616753173233
1775545095.9824069,269.3,895.14,0.2792592349690606,0.3667655365443583,0.3777276259519525,0.4434301238467631
1775545096.0134823,274.6,895.08,0.27906337052403846,0.36598485763754635,0.3777863707771071,0.44512799188394236
1775545096.0475447,275.82,894.94,0.281086951932696,0.368121920982357,0.38011078418789945,0.4445888444287121
1775545096.0943387,277.16,894.86,0.28443739486800385,0.3668278125617327,0.37854238557049846,0.44079295137404223
1775545096.1255202,278.7,894.76,0.28187354188514485,0.3674040230102797,0.3791998576786065,0.4449083908232998
1775545096.1583536,278.0,895.14,0.28056437613911145,0.3685079998988997,0.3769634620974087,0.44235177739472514
1775545096.1916502,276.24,894.64,0.27836745602718443,0.3651275362111094,0.37626127441861523,0.44409183785825534
1775545096.2221751,276.68,895.0,0.2805434898258851,0.36682992699852945,0.37756922859012587,0.4421077105427003
1775545096.2556217,277.42,894.94,0.28160710394874555,0.36356347013275153,0.3763115070694739,0.4404838758870445
1775545096.2865014,277.26,894.96,0.28037835337288636,0.3661306654544871,0.37712747029865096,0.442594101089884
1775545096.3201532,278.14,894.64,0.2806068428967967,0.36297984834965064,0.37648850881630186,0.4400226984554808
1775545096.3548863,275.48,894.66,0.2801076900085578,0.3636740661492249,0.3753862259845223,0.43802210200914715
1775545096.3983285,273.68,894.76,0.2801930470084509,0.36449772926481083,0.37470636979486077,0.43891660038433344
1775545096.4305804,271.92,894.96,0.2748350997039026,0.36191722985274033,0.373758302082411,0.4410728165080732
1775545096.4642313,269.52,894.64,0.27555962193044536,0.3600025500401846,0.3711309175028893,0.43580436614859847
1775545096.5092793,267.94,894.68,0.2760270258879519,0.36068772309361885,0.36930109167844377,0.43530386220500233
1775545096.5418875,264.98,894.9,0.2762578064831119,0.359372525392476,0.3701996357332506,0.43457462486342036
1775545096.5736527,264.78,894.98,0.27161036382196657,0.35889521441838246,0.3685269275778252,0.43511677699946905
1775545096.607314,261.76,894.88,0.275309132982123,0.3584012298351712,0.3685061708616663,0.43089219729939005
1775545096.6404655,260.26,895.46,0.272916175654622,0.3573066166240811,0.3653661659492255,0.4310229771635515
1775545096.6866176,258.54,895.18,0.2721571423349919,0.3571348819078813,0.3655812463199971,0.428689793435218
1775545096.7184584,257.28,894.96,0.27324241838397234,0.3561416260678732,0.3657059471986942,0.4276716584534408
1775545096.7525554,256.08,894.36,0.27085281469330696,0.344462225235152,0.35753980723772083,0.4215030915767954
1775545096.7984428,256.26,894.68,0.2658190453737984,0.3322517199740915,0.3500172663905992,0.42027608057650007
1775545096.8302157,254.04,894.24,0.26285778639541874,0.3218679347382402,0.343109304902216,0.4168365836801791
1775545096.8626738,251.84,894.92,0.2552539911790259,0.31027423688390904,0.33457214197345825,0.4099893889008784
1775545096.8964112,249.92,894.88,0.2309033021274487,0.27461324097715856,0.309966072201476,0.39645650562323326
1775545096.9427135,248.32,895.44,0.1942445366503406,0.2353269832557268,0.2861219896613354,0.37578914673293656
1775545096.9746711,247.26,895.14,0.19586236283881078,0.23706192851404478,0.28643446710489023,0.37428118619188916
1775545097.0079894,247.2,895.36,0.14251153781123024,0.1578201311161647,0.2136506656018365,0.33186701952727676
1775545097.0417273,246.24,895.28,0.09853790396932813,0.12574179244090997,0.18472027599786328,0.2861767876170024
1775545097.0860841,244.6,895.34,0.04731401522306725,0.10078778121993508,0.1677044512468177,0.22327733331428432
1775545097.1180413,246.0,894.92,0.030062757552903947,0.08541029655687161,0.14449347174730143,0.18678164241919049
1775545097.1504028,0.0,0.0,0.027691834458081266,0.03892762628180463,0.10082005979212445,0.1402243529375858
1775545097.182389,200.48,874.4,0.046945774776812665,0.037053278864549684,0.09530930101831284,0.12592900184713482
1775545097.2135963,199.96,874.94,0.09040888573710218,0.0561733106942408,0.0958870044243641,0.12109650562264435
1775545097.2452583,200.86,873.4,0.11238126738571641,0.07507009653440729,0.09262220022210954,0.1167710318980924
1775545097.2785842,200.32,874.74,0.10944827212832539,0.07191584569274818,0.09210714189229267,0.11969902052949408
1775545097.3095038,198.9,871.1,0.10352086332193175,0.06673268449106978,0.08447049115426024,0.11955545012369645
1775545097.341475,198.66,869.8,0.10112813292405395,0.07337338020257067,0.10195510040094778,0.14326441778648552
1775545097.3743699,197.4,867.56,0.1052847970392277,0.09310488900638848,0.13076253600449955,0.17809783033760787
1775545097.4065588,194.12,866.68,0.11252988729253283,0.10133346014064902,0.13776891491784876,0.18540173632164386
1775545097.4415123,195.26,865.16,0.10895493237280653,0.09522947902353392,0.12835135309485432,0.17765497833361543
1775545097.4725864,196.82,866.84,0.10422453943351175,0.08784069645327594,0.11303577817722274,0.15947006866818367
1775545097.5195808,195.1,864.02,0.10522274601032326,0.08593236699185419,0.10906550588528544,0.14897843954138404
1775545097.550477,195.38,861.64,0.10667215789138762,0.08071861253073813,0.09773107157012104,0.14249019558724274
1775545097.5836573,193.88,860.36,0.09968787743611483,0.07891442707009498,0.09804921349027308,0.14031208418891739
1775545097.6133094,193.14,860.44,0.10546921697240595,0.07468528128207531,0.09018142984874426,0.1377376902817538
1775545097.6469142,191.96,859.82,0.09518068639059495,0.07123464544570264,0.09319357105247947,0.13877497199130073
1775545097.6774125,190.58,858.14,0.09309900851670878,0.0667519658892922,0.08880644033386649,0.13422206639971218
1775545097.7091033,190.76,853.84,0.08716317252193614,0.06599451162932579,0.09001137404788744,0.13839146155622906
1775545097.741909,189.22,854.4,0.08834074091907088,0.06217347137766346,0.08470827753772861,0.13451441283615945
1775545097.774442,187.98,852.72,0.08470007567866288,0.0651138168170921,0.08940355096839027,0.13795322785321468
1775545097.8065665,182.28,850.36,0.08487280624933938,0.06304471703221162,0.08890800306543435,0.13679303356986508
1775545097.8417983,182.4,849.0,0.08633162171979449,0.06339642161087389,0.09048233792369963,0.1385659373182235
1775545097.8693027,179.62,846.3,0.08621119962562933,0.06525752677811389,0.09232128045733405,0.1414265605899366
1775545097.90211,183.2,844.88,0.08615779249117457,0.06165542625657875,0.0896253625271501,0.1391987243050884
1775545097.9417815,183.9,844.74,0.08753029430416391,0.06011203491239759,0.08570978437669785,0.1355397684048831
1775545097.9813116,183.54,842.72,0.08487684869901317,0.05657794993568689,0.08117625754466971,0.13157395184588133
1775545098.014328,181.52,843.4,0.08410893689801185,0.05645213934748865,0.08430367970195789,0.1343701849686374
1775545098.0451376,186.18,842.98,0.07094429485589002,0.06666965269351817,0.09514155338692099,0.14233847820330714
1775545098.0785627,183.7,843.34,0.07748354492176536,0.06210542621866716,0.08883483657377358,0.13928239100271805
1775545098.1103523,186.86,841.8,0.08600392060593073,0.05865397913542889,0.0766753069843697,0.12765299268235117
1775545098.143214,191.7,842.34,0.08415615298600686,0.059273730989248076,0.07854417041305814,0.13055805224685255
1775545098.174603,194.22,841.7,0.08044188700562126,0.057976575498795084,0.08121762235685352,0.1348548522325334
1775545098.2078738,197.22,844.0,0.08167582478059393,0.05823309541913985,0.0789872365404418,0.13153213509095243
1775545098.2423196,197.32,843.52,0.08246845654363402,0.057277548026282,0.0747358545923809,0.12808011678812387
1775545098.2717686,192.9,845.06,0.08145171268234708,0.056910331316143106,0.07708878476436111,0.13061123228874674
1775545098.302193,192.62,842.48,0.08293575204431476,0.05898688792494175,0.0801040339707104,0.13077924590065085
1775545098.3343284,188.86,840.1,0.08325111782995089,0.05715469639985779,0.07685497621405898,0.12978492490390595
1775545098.3674858,195.4,840.1,0.0816632330613862,0.05906093589524541,0.07981844553865305,0.13085946034622195
1775545098.4142826,197.0,839.32,0.08347013652405162,0.05889838281139049,0.07924114599918773,0.12825685284029648
1775545098.4453466,201.58,840.88,0.0812964420857355,0.057484750763619696,0.07926434033962255,0.13017814546193446
1775545098.4781146,201.86,838.16,0.07858986745888462,0.05655852583175693,0.0771236496163648,0.1287183622149935
1775545098.5103195,203.96,837.62,0.07908321234570974,0.05704325075397818,0.07822115792870642,0.1314636572135033
1775545098.5425584,202.8,840.08,0.0784919807667936,0.05558306072043804,0.07884750835631042,0.1305644857502968
1775545098.573424,203.92,836.7,0.08064026123626984,0.06110426296370255,0.08142165562366738,0.13081407149897742
1775545098.6070826,201.1,837.22,0.08231570342193996,0.058135043939289345,0.08111594401683554,0.13165409944431708
1775545098.6546555,206.46,834.36,0.08347242335539366,0.05796433700792895,0.08130610523049235,0.13099248638215222
1775545098.6861897,214.98,836.28,0.0767000988460572,0.05428558854025392,0.08047462012861296,0.12993204336766812
1775545098.7183547,214.2,837.14,0.08045581650050171,0.05389641987331003,0.07741344986905277,0.1287757860550465
1775545098.7524142,216.6,837.26,0.08206785360408715,0.05271101023678284,0.07678311076789186,0.12734323890392163
1775545098.7996464,217.46,841.56,0.08099425989709132,0.051236244562485364,0.07708147912004468,0.12955245798954496
1775545098.8293297,212.06,842.56,0.08552874427490917,0.053243163758835095,0.07483215279879028,0.12651085794723216
1775545098.8627274,211.38,845.26,0.0811768829537321,0.05812406319688748,0.08244569387814979,0.1311044563011356
1775545098.8965068,209.56,845.24,0.08311621744092547,0.0582908711150303,0.07938972058168596,0.1278824137688275
1775545098.9431221,213.38,850.0,0.0814636006065127,0.05645032028502106,0.07877555708027068,0.12735591617041173
1775545098.9745536,223.5,849.3,0.08056615450363397,0.058616390665732335,0.08180917781765382,0.1289427848427196
1775545099.0063574,229.08,850.96,0.08199144878143551,0.05569988158320589,0.07773471121649918,0.12830913799209476
1775545099.0430605,222.3,854.88,0.08170770681028852,0.0578053051837699,0.08213044741481515,0.1298468491785712
1775545099.0862906,223.36,857.36,0.08078282500860746,0.05416235527417633,0.07745592816553805,0.12643375996122658
1775545099.1182523,225.84,860.28,0.08233088366210228,0.0559814386408117,0.07740641101146212,0.12557761899012046
1775545099.1492653,221.96,860.92,0.07855850708169974,0.05276848019784981,0.07382663027752984,0.12757278421028362
1775545099.1830184,217.58,858.96,0.08011509057236878,0.05606284407805292,0.07905000750931145,0.12751326075352293
1775545099.2303116,217.78,859.64,0.08403766044069565,0.055315301486222546,0.07504720883139614,0.12432573442698525
1775545099.2622867,215.8,861.84,0.08158016029127861,0.055867589539408416,0.07997484457729429,0.13147839099224085
1775545099.2942379,215.02,861.1,0.08184453576355807,0.05721946374337648,0.0795466533943978,0.12850115853760372
1775545099.3278644,215.0,861.5,0.08148607835830941,0.05570673717426371,0.08018082080113954,0.12953966259802763
1775545099.3614216,215.92,861.84,0.0833626288256256,0.0551841433731293,0.07807161719636227,0.127009002259472
1775545099.4062812,210.74,864.1,0.08291432302110459,0.05576437406532647,0.07873659871831297,0.12771317617570627
1775545099.443691,208.2,867.0,0.08219799203977836,0.05559593814053491,0.07800330272197165,0.12461402805462828
1775545099.4715037,209.64,865.36,0.08210192913455033,0.054778731784239997,0.07630600148237462,0.12418793026195737
1775545099.5013902,217.18,865.32,0.08250480804547218,0.054359690263575164,0.07619152490539573,0.12571226660014126
1775545099.5350835,221.7,868.14,0.08058778559343027,0.058950046673617584,0.08146302844111031,0.12915382666709677
1775545099.5652137,227.04,867.26,0.0842601484905193,0.05524535296014644,0.07596932346493998,0.12445907805764798
1775545099.6000307,237.74,871.58,0.08047021987064719,0.0530303089277064,0.07613953015121687,0.1270981785832321
1775545099.6292741,243.3,871.64,0.0798849308841338,0.05368681658323992,0.07724475716628595,0.12817697034779868
1775545099.662392,239.34,867.36,0.08367559312852235,0.050155331510593024,0.07039614099564691,0.12300828530603143
1775545099.6944268,256.32,867.1,0.081247927039514,0.05271957578054632,0.07494428026381608,0.1274575902851285
1775545099.7263052,255.32,868.76,0.08291844432900264,0.05368280840379771,0.07616863956936673,0.12648323297832462
1775545099.7599459,251.96,867.54,0.08176103395687981,0.05455826682439951,0.07786614361548343,0.12740577941565565
1775545099.8064263,252.24,867.82,0.08170797737966293,0.05224854162974053,0.07536955658686315,0.12583031871505784
1775545099.8384068,265.26,867.96,0.08183936348797724,0.053188023365310984,0.07847753426359151,0.1264613377139284
1775545099.8703551,260.32,864.16,0.08262512352691692,0.05266760533081594,0.07675179529946007,0.12633729620881584
1775545099.90225,263.68,862.12,0.08231371828223796,0.0546575204213351,0.07781304614137655,0.12586465592817703
1775545099.9344215,256.98,859.16,0.08155247920467588,0.05610819795250988,0.07986031252371834,0.12760221266168667
1775545099.9664123,259.1,860.22,0.08060945294467739,0.054819229907970286,0.07946724832456163,0.12734299033256236
1775545099.998257,258.9,858.62,0.08278565968802876,0.05379472780931868,0.076843713966071,0.12359232961233574
1775545100.030467,260.54,858.38,0.0820882782780372,0.0530673365932975,0.07784432182252145,0.12516459416863418
1775545100.0621579,264.7,862.12,0.08338654357942375,0.05416585476503277,0.0784393406525996,0.12397117955889568
1775545100.0955615,258.46,865.74,0.08383815517328011,0.055538178882484524,0.07694972948925091,0.12389359317379835
1775545100.1259046,256.94,866.78,0.07932469431752805,0.054361044256114655,0.07994728251036423,0.12824451481684762
1775545100.1601024,251.46,863.72,0.08101139585836335,0.055278828766075844,0.0789178620319403,0.12508165585819822
1775545100.1940598,256.62,865.76,0.08412129071083702,0.05385100436659795,0.07811448612042768,0.12333308360652467
1775545100.2386925,253.08,865.78,0.08349020628515619,0.050804931660778145,0.07407022274736243,0.12327062074365518
1775545100.2706158,249.12,863.08,0.08382988679437176,0.05401345722745457,0.07655430559484744,0.12368378032499047
1775545100.301485,249.7,866.8,0.08153412316983946,0.05264617430601445,0.07635375181146498,0.1251313216814216
1775545100.3342779,250.66,866.36,0.08237891577758825,0.05449241825123959,0.08023340527087208,0.12664629447933515
1775545100.3662808,248.2,867.42,0.08187118459164944,0.05193397652265449,0.078089841226704,0.12629064980239055
1775545100.3982613,239.56,868.58,0.08654271371306485,0.049847193250988846,0.07326489770041321,0.12327445269183604
1775545100.4302795,239.2,867.74,0.08269278725655634,0.052973483322587354,0.0811830572395157,0.12942491286387892
1775545100.4629545,232.54,861.58,0.08393647320345785,0.055522172583034664,0.08521712770900021,0.13436477448029213
1775545100.4960985,233.14,861.38,0.08476816942133286,0.05605830730746015,0.08492475276705506,0.13286510577066601
1775545100.5452034,230.42,861.46,0.08452254246602682,0.05386250346441439,0.08627014724300788,0.13600923194921696
1775545100.575799,229.66,860.92,0.0820390274506093,0.05436301777492219,0.0892025228843101,0.13909648399880806
1775545100.6222923,227.64,857.52,0.08191129002082977,0.05545881800602166,0.09094458128138823,0.14143459627275498
1775545100.653249,227.54,853.46,0.08203015686536096,0.05618004538506577,0.09201666360451059,0.14395704882986035
1775545100.6864128,216.52,851.9,0.08157932708533344,0.06175562709186287,0.10080002612055983,0.15428368767697925
1775545100.7183712,211.24,851.64,0.07511133068296726,0.07003481327016654,0.1167289549181276,0.1666225730579294
1775545100.750158,211.64,850.0,0.06847286042977906,0.06229215465024903,0.1136663774367147,0.16328116020240802
1775545100.781354,209.08,848.44,0.06402148624212048,0.05397461136864979,0.1198097621576059,0.1692078229279265
1775545100.816081,215.4,845.9,0.05930343088994357,0.07702445291881013,0.14500089568858252,0.18352880526789755
1775545100.850248,216.6,849.48,0.030863304518620398,0.06616721919348934,0.14680796669250998,0.18210304124633497
1775545100.8957517,222.94,853.84,0.00505206476989305,0.06722570407037745,0.13991323032060532,0.19200389840642998
1775545100.9261153,228.24,854.54,0.028646936763399505,0.07210108563762535,0.14183914027500735,0.2026846548483404
1775545100.9583015,224.4,854.0,0.04330606933005593,0.08624877192156613,0.15440013272603048,0.23014109309386868
1775545100.9903657,230.56,851.52,0.054130839318706415,0.10562192793028526,0.17032063210902085,0.24851460438330095
1775545101.0225642,231.44,850.18,0.08084584540798659,0.12757951709277077,0.18369613929290413,0.25772604163906476
1775545101.0541992,230.58,850.12,0.14729569548842142,0.18656782970432073,0.22870504546042772,0.28845766408077794
1775545101.0862257,233.4,847.8,0.1942733422674277,0.25306399672125035,0.27230681499619863,0.3202332959836136
1775545101.1184595,234.0,848.96,0.2235383026723731,0.28440609386476595,0.3038987081924691,0.3402564736994697
1775545101.1493862,233.8,848.0,0.24532553069061186,0.31490003954000373,0.3365042266392409,0.35887077771568804
1775545101.1824799,228.68,849.54,0.26238669717339297,0.33557979450868114,0.3596131939298914,0.379304078858333
1775545101.21428,230.68,847.64,0.27211992303504345,0.3464325740263078,0.3696173203556032,0.3953037553743389
1775545101.2463984,224.72,847.3,0.28205923206066097,0.3566679604535831,0.3805519531312144,0.4078030628637827
1775545101.2802198,213.22,842.78,0.2871873977411568,0.3634434840446126,0.38494799157459997,0.4203662555919958
1775545101.3265278,204.38,842.94,0.2865575184217414,0.36234836434370105,0.3848467978010862,0.42353723742483784
1775545101.3569722,207.22,847.14,0.28912722441968775,0.36520419366223034,0.38568581850863204,0.42634669737050457
1775545101.3918412,191.72,847.18,0.2911108990340597,0.36547879320747595,0.38926691303424865,0.4264919830597142
1775545101.4210136,196.66,845.46,0.29066478832285775,0.3653064136459899,0.39036884418738793,0.4259423115510123
1775545101.4557402,201.76,846.14,0.2916791331842229,0.36686074063091784,0.39136457284789655,0.4269444154968309
1775545101.4862468,203.02,843.66,0.29277735612642763,0.3676683822689034,0.3949606323633869,0.4284618316814295
1775545101.519865,186.22,844.96,0.2920643735566712,0.36846216253953923,0.3955982621224234,0.4307032860364448
1775545101.549556,187.58,844.28,0.29263710629301465,0.3691899453515371,0.3968603670450524,0.43065944670001904
1775545101.5814602,181.32,847.84,0.2927077184628271,0.3706923311730271,0.3976922647430603,0.4304190692597136
1775545101.6134043,193.06,846.04,0.2939144096906503,0.3709558118764812,0.3977687708419254,0.43028902734084234
1775545101.647667,197.18,846.5,0.2939814588305835,0.36983635628437916,0.39651813444299416,0.4299025635190791
1775545101.6781185,203.4,841.64,0.2940442409197791,0.3702583891163437,0.39675058777617933,0.4330575208677059
1775545101.7117517,201.72,842.1,0.29394832251678693,0.3690331578024179,0.3947610785853836,0.43005451044662935
1775545101.7584841,200.94,840.1,0.29551609001039625,0.37114546684233374,0.39642499378451224,0.43028067737311926
1775545101.7893047,201.02,839.88,0.2931220163310118,0.36821517790656355,0.3933200189413833,0.4239996070003489
1775545101.8223658,196.6,838.08,0.29236638104312845,0.3687036579884386,0.3938353847231808,0.4242116976897654
1775545101.854598,200.4,840.64,0.29365891436858205,0.3692680834614597,0.39319108718121026,0.42305910637110905
1775545101.8866332,189.32,840.22,0.2947836802519974,0.36862946524245005,0.3937035934869998,0.42399132847258664
1775545101.917581,199.78,844.04,0.2953849635124785,0.36975093981181284,0.3951462229070683,0.42534562373352974
1775545101.949562,204.1,841.02,0.2937750922936752,0.36949952222092414,0.3943729524868101,0.4243376189227194
1775545101.98148,204.82,843.06,0.294829331130764,0.36881996880492246,0.3935839962036946,0.4226204509435941
1775545102.0142007,209.74,842.58,0.29403215494426505,0.36907405414730277,0.39284278631585046,0.4215751791409373
1775545102.0477438,207.02,847.66,0.29388181930473517,0.36990123119249485,0.39514429218966307,0.42552478326004034
1775545102.0958045,214.26,846.2,0.29399064615624304,0.37119201524648604,0.39742299580304946,0.4244803246976859
1775545102.1263378,215.92,847.3,0.29536999577711504,0.37091097362880066,0.3964535110000238,0.4241649124525071
1775545102.1604776,218.62,850.9,0.2932857569166299,0.3697454921043208,0.395033935676098,0.4249177875041483
1775545102.205318,218.84,850.4,0.29358459459245134,0.3701217899661497,0.393753178243786,0.42512444634108676
1775545102.2385361,225.5,852.34,0.2938061014878275,0.37002354547882743,0.39482760296432684,0.42486216164899654
1775545102.270291,226.0,849.54,0.2932885586991947,0.3686735302188054,0.39219391317849694,0.42420338961440784
1775545102.3039734,232.5,855.9,0.29440820181320576,0.369704896821126,0.39398732431468386,0.4247659612979118
1775545102.349394,226.38,863.54,0.29480634812947487,0.3710213782922659,0.3959913814063588,0.42951204357570466
1775545102.3821888,224.94,862.9,0.2934642365801356,0.37033993152858313,0.3941708449673731,0.4280959213903774
1775545102.4144185,227.82,866.74,0.29420765450172004,0.3699794031989056,0.3937955124899203,0.42571147069060267
1775545102.4483998,236.28,865.76,0.29426277242829474,0.3689512416600261,0.3929997191175871,0.42589736160867975
1775545102.4937954,247.38,867.8,0.2941693834467877,0.3702815682737935,0.3944242661035973,0.4280234677749327
1775545102.526169,235.34,869.06,0.29285302946285974,0.368832598779934,0.39289516205673586,0.4257551860216059
1775545102.5583057,235.28,867.6,0.293556345548967,0.37092906423593913,0.39371072079941655,0.4273253363829134
1775545102.5926573,228.94,862.68,0.2932081767779102,0.3719483939156291,0.3947925668923766,0.4277183647650654
1775545102.6383746,225.94,863.84,0.2945686502881519,0.3701038477262271,0.39414055743954923,0.4274133969410321
1775545102.6705012,232.6,865.58,0.2941196207315208,0.3707991016024083,0.39395385304351804,0.42530741606976286
1775545102.7042003,237.28,868.9,0.2929846939514246,0.37092392399106233,0.3930327995319646,0.42569096957846
1775545102.7383957,233.16,869.42,0.2930548337941176,0.37387360328828406,0.39388919737296046,0.4242019578568876
1775545102.783936,241.34,872.64,0.29649689318600264,0.3753681489403838,0.3959865972791279,0.4265533557601463
1775545102.8134968,240.2,875.94,0.2940107040746523,0.3736614445538376,0.39329998354520207,0.4249702724012742
1775545102.8488142,240.98,876.92,0.292058112023375,0.37268512550560984,0.3932728406102849,0.4259433794529362
1775545102.877496,243.84,876.54,0.29352388295395065,0.37335519432487674,0.39476728359589625,0.4274755925937331
1775545102.9104493,242.28,878.12,0.292915409119902,0.3724483949834491,0.3940248457272635,0.42601494378010996
1775545102.9423556,237.12,882.76,0.2928124065245367,0.3723568333439344,0.3938273912383531,0.4267529351118512
1775545102.9732738,245.22,883.88,0.29095611404533345,0.37196209461362156,0.39210430476576874,0.42620887368045657
1775545103.0063872,246.56,885.24,0.2916221305344154,0.3712331185283485,0.39176154825924275,0.42614512027836277
1775545103.0372946,252.32,887.1,0.2917646191867559,0.37060574763616294,0.39024641645755137,0.4248367203475083
1775545103.070264,250.06,885.7,0.2888975339299081,0.37106961214806866,0.39126946562367465,0.42617353262129354
1775545103.1023512,251.06,886.26,0.28766394713444043,0.3678748742378122,0.3889968566474211,0.42681810122449687
1775545103.135998,251.48,885.42,0.29124059896948673,0.374125619805253,0.3927091603079136,0.42772521256946855
1775545103.1826103,246.58,888.3,0.291534514579204,0.3713984189918594,0.3939504717746394,0.42918339573699954
1775545103.2142398,244.88,886.88,0.2939177808643431,0.374417208871322,0.39552279974145765,0.4300013417070948
1775545103.2491124,249.22,889.5,0.29169900192706827,0.37318650452608654,0.39474019122984844,0.4307426899955367
1775545103.2787817,249.78,890.8,0.29278015576237754,0.37451515046868783,0.3956567177705028,0.43180560950264174
1775545103.3102274,251.84,891.58,0.29277112135697836,0.3747564500040923,0.39607671084885143,0.43137307634581873
1775545103.3435721,241.66,888.92,0.29268802579319914,0.37406143750811605,0.39570566349239134,0.4317022133819841
1775545103.3741555,236.12,888.88,0.2932176473277258,0.3711969085253796,0.3960547342943323,0.4316942115299732
1775545103.4078648,229.56,889.4,0.2911159345051737,0.37078048394204743,0.39360038620040116,0.43086601188433626
1775545103.4375107,231.38,892.96,0.2912270149960003,0.37017953406089193,0.3951383696418781,0.43021967671541217
1775545103.470717,232.16,893.3,0.29053989027311283,0.37066534684074254,0.39491789876655453,0.4303197124903258
1775545103.5013442,234.96,891.72,0.28983181700626554,0.36988022569512724,0.3933081237572639,0.4289502838613102
1775545103.5345144,235.3,891.04,0.28907186291440207,0.3699488956057773,0.39276171196881554,0.4284255844861605
1775545103.5676134,232.06,894.1,0.2865634758849317,0.3656948749975109,0.3886503553966107,0.42395342725561824
1775545103.6141658,232.26,889.62,0.28169965400468705,0.358275346817715,0.38337422643459973,0.42244855769181583
1775545103.6500058,224.0,884.18,0.2785659165545788,0.35090240986752613,0.37678302169618666,0.4219170737088177
1775545103.6775594,222.14,887.86,0.2644317892784273,0.3282631672301006,0.35883226100420446,0.4093257237705853
1775545103.7105336,223.46,891.12,0.2527626590303928,0.30596111107940704,0.3398195815608979,0.39973095158271194
1775545103.741292,220.04,887.44,0.2402792840723507,0.28680682845964006,0.32073662003445014,0.39454709018402434
1775545103.7722135,230.0,882.12,0.21906586533968372,0.2577704331511883,0.29881909340315455,0.38333642290210534
1775545103.8055768,221.3,879.56,0.19130448722469706,0.22819575060631458,0.27835879596701596,0.3663953531722294
1775545103.8382013,221.8,880.84,0.15725223006714387,0.1957572052104643,0.24610349013855043,0.3403009263058066
1775545103.8701856,223.34,887.78,0.13727453138163948,0.1687552868722346,0.22408553489084643,0.307156038169811
1775545103.9023044,220.1,889.8,0.1198509854732678,0.15857977173250973,0.21356160815232866,0.2852470904986059
1775545103.9525185,218.08,878.14,0.06417722937046645,0.11226319975787433,0.1736628796514962,0.22929629424288117
1775545103.9829135,218.48,883.4,0.06622966361914859,0.11151769406064732,0.17158513366340886,0.2256783503407838
1775545104.0143342,219.02,878.82,0.04203257895534921,0.09848327908659704,0.15846022201188062,0.199798068226148
1775545104.0507712,223.8,873.8,0.02338480088609837,0.08392326165935278,0.14200147846475053,0.1796448006622304
1775545104.0782912,220.92,874.92,0.007425636918760792,0.05759550804609087,0.11674154549818068,0.15295703550764045
1775545104.1117783,218.92,877.8,0.03342391793801745,0.04448133021827818,0.10723464890426976,0.1440939068843542
1775545104.142337,212.12,879.82,0.06494734889958766,0.041971875022844746,0.0956523103301231,0.12729990274527114
1775545104.1733906,202.06,880.96,0.0936619060592678,0.05640868886353374,0.09337485459707266,0.11411648452617017
1775545104.206625,212.34,886.18,0.10949441952496629,0.07410113140858628,0.1018325235871836,0.11452661802768715
1775545104.2383947,212.18,883.58,0.12002750734512209,0.0778937117536637,0.0957958690974308,0.10891125755171079
1775545104.270349,212.36,881.74,0.12880521741478215,0.08197656623450274,0.09534482335516081,0.10867629752650874
1775545104.3023958,213.94,884.02,0.12838647816977214,0.0820746218953429,0.09532891229617124,0.10927997684630618
1775545104.3532662,207.92,883.3,0.1198976419550793,0.0797657540872397,0.09610453116625527,0.12122827634585027
1775545104.3998408,198.64,884.5,0.12622090749228385,0.08234682151772686,0.09951872795121665,0.11975592242363911
1775545104.4513912,199.14,892.16,0.11471785516788002,0.07640205161045131,0.09702638490785528,0.12816954173569578
1775545104.4782016,191.6,890.4,0.11568731290139754,0.07713655602189294,0.09579976506300653,0.13116014420454888
1775545104.5103965,195.52,887.62,0.11113490396445971,0.07436912979424888,0.09378324089459954,0.12771465913595823
1775545104.5420973,195.46,887.6,0.10763124525440126,0.07105509619336817,0.09137935444886595,0.12554963725825283
1775545104.5743964,189.44,888.9,0.10764142375661406,0.07078846170969513,0.08813676418140402,0.11979167283854533
1775545104.6078553,189.52,889.5,0.10862889172007943,0.06847705100116015,0.0849487631237467,0.11622824489170494
1775545104.6383514,192.0,885.46,0.11101081531835168,0.069253487087755,0.07605771036737706,0.10797592818776315
1775545104.6717489,185.56,885.22,0.10872941812656475,0.06621429476016599,0.0773485139066323,0.11142284555757095
1775545104.7015185,185.66,886.38,0.1119947674116176,0.06677119248062567,0.07983807989503092,0.11229951875211756
1775545104.7359538,179.04,889.18,0.11591248969134238,0.06827652111577567,0.07850061746214528,0.10925086160125914
1775545104.765324,177.22,889.62,0.10708586282751885,0.0644573502459276,0.07996279064683633,0.11289928517735667
1775545104.7984588,174.56,891.98,0.1107850963590487,0.06647237481141731,0.07893344089590318,0.11099508400495112
1775545104.8320894,171.58,890.34,0.11112181519518366,0.06664878031539408,0.07897082500112793,0.1106378855630915
1775545104.8696742,171.1,889.48,0.1117917396323452,0.066501466423254,0.07849597498154186,0.11014390626013615
1775545104.9104333,170.02,889.66,0.1132175141351986,0.06648937926612508,0.0776527732750925,0.1085501296589694
1775545104.9423585,167.0,892.2,0.11245617301284487,0.06718153402035837,0.07779639901375007,0.10903030776075269
1775545104.9744248,166.28,891.54,0.10946382045897765,0.06557286167376003,0.07916705535796792,0.11085663063217914
1775545105.0051734,163.74,890.9,0.11375163871659344,0.06754397301224828,0.07800966620820061,0.10969714855993096
1775545105.037287,167.2,896.56,0.11427479208429138,0.06674410592309364,0.07889362793069497,0.11251733085253181
1775545105.0697536,167.06,899.44,0.1147749938512268,0.06964067667470036,0.0797975423817618,0.11187184197445166
1775545105.1023424,168.04,901.22,0.11336610044859446,0.06989738627502817,0.07794437759933406,0.11005442491687278
1775545105.1342747,166.06,899.42,0.11400852929689946,0.06974228806131338,0.07863323056268787,0.10935324723808475
1775545105.1663184,164.72,901.18,0.11098041706670397,0.06759092013705865,0.07865827484671813,0.11224415828983376
1775545105.1984582,160.86,900.62,0.11146685816095972,0.06480683503769391,0.07469674178277884,0.10716248370175767
1775545105.2319674,162.18,903.56,0.1144942021269013,0.06706542756252198,0.07575888434261885,0.10882519256956213
1775545105.2656677,164.28,905.3,0.11103480875310195,0.06733004016912689,0.07845858034601151,0.11153185054794214
1775545105.3117614,163.9,911.14,0.11238769768775274,0.06606338038123774,0.07552601342083343,0.10918739222417387
1775545105.3413446,161.9,918.56,0.11092745316557509,0.06732180762769044,0.07670877345682756,0.11196571186200512
1775545105.3737261,165.74,917.28,0.11206848778665622,0.06759153235052953,0.07726726933599573,0.11197641872130604
1775545105.4095397,162.64,913.06,0.11015999947482409,0.0675902018823702,0.07724845676240787,0.11128414701752866
1775545105.45389,161.6,914.76,0.11051311653715369,0.06552676622837779,0.0762572900109945,0.11111910890168997
1775545105.4853857,155.36,922.66,0.11212956993906334,0.06940965843078628,0.08036617027141511,0.11369935393182976
1775545105.5181875,152.7,920.84,0.11143789681612659,0.06933434378679972,0.08122882501177205,0.11348275665146862
1775545105.5528164,165.52,920.46,0.11038690614275548,0.06690658106907504,0.07717511252240486,0.11128178665669193
1775545105.5982342,161.5,914.92,0.11230529281282055,0.06972063097814357,0.07657805979464755,0.11231751356037838
1775545105.630268,163.92,914.44,0.11111706277638803,0.06678033746086005,0.07686773836043699,0.1117499314404461
1775545105.6621702,161.98,920.56,0.110522322514214,0.06481142236968104,0.07547022709131279,0.1092563153315212
1775545105.6960716,164.74,921.0,0.10619083585217479,0.0640665937567609,0.0784368417669143,0.11182805169679672
1775545105.742369,156.86,923.86,0.10718670251452211,0.0648546591471385,0.07741567947612416,0.11280288592044843
1775545105.773351,152.86,928.96,0.10911785235709034,0.06459881156878519,0.0769010768049876,0.11186737726724368
1775545105.8062217,156.48,929.28,0.10816544613599328,0.06598530539815808,0.07974986192543822,0.11447833026638411
1775545105.8400278,158.18,927.08,0.10635933789237224,0.06329441867784655,0.07801655381602988,0.11551365701336176
1775545105.8864102,164.58,924.14,0.10992066392032576,0.06472484073086135,0.07622852167498952,0.10990627112381016
1775545105.9196188,165.76,923.62,0.10844183677808746,0.063595782529123,0.07833421726991284,0.1136263308250786
1775545105.9532309,158.44,915.56,0.10923721657039723,0.06493211297775903,0.07657686881729783,0.11110105482090239
1775545105.984364,158.36,918.96,0.10887644039889695,0.06488119609872924,0.07813132810136658,0.11319462507172326
1775545106.0177104,159.18,918.86,0.10673101840767088,0.06299841016637958,0.07596605265892857,0.11444193713189466
1775545106.0638518,155.74,918.04,0.10614661878108084,0.0640745809733087,0.0791081418387841,0.11439170516868807
1775545106.094265,159.18,916.38,0.10647841906521968,0.06529022378422797,0.08099231453644634,0.11731057278714309
1775545106.126531,159.96,918.62,0.10671574802177691,0.06543210657289013,0.07932522987462497,0.11466278530866023
1775545106.158297,163.62,909.64,0.10886719876796942,0.06404060512309613,0.07605312413538212,0.11268238556869405
1775545106.1910365,165.02,910.88,0.1069349067055057,0.06508255086093093,0.07876986267728528,0.11273437711573359
1775545106.2251189,164.1,908.98,0.10654272032660353,0.06389597204786077,0.07700819858219266,0.11198090596694364
1775545106.2702203,171.22,915.54,0.10381921844817235,0.061912265153625204,0.07752004163836666,0.11412365401806465
1775545106.301311,172.84,920.06,0.10662284194678745,0.06198377496811519,0.07875358902049806,0.11429377706775083
1775545106.3537807,173.82,922.84,0.10541845466900548,0.06315397880139274,0.07855251727757294,0.1143612753385477
1775545106.3982832,171.14,922.88,0.1062667489884813,0.06397657551864684,0.07616168327137271,0.11361718648987225
1775545106.430219,171.12,925.22,0.10747135769102295,0.06515146729334284,0.07684293033514118,0.11191334157408461
1775545106.462396,170.48,918.88,0.10847076945077418,0.06484217078951303,0.0755523751126429,0.11270351593745218
1775545106.4944947,172.02,918.04,0.10429376424324764,0.062014254289098555,0.07615866366824492,0.11298051916906693
1775545106.5263097,170.46,922.32,0.10627737507653194,0.0630415978192883,0.0752565310171453,0.11123711597720216
1775545106.5596387,174.18,924.56,0.10052783413903071,0.06090799715175828,0.0783193560387256,0.11327105859252418
1775545106.5903854,172.88,927.08,0.09250021405611798,0.0567877778591756,0.08176393938771742,0.12010082578218906
1775545106.6240454,171.94,928.46,0.09263307096641174,0.056835172837922006,0.08156067362070965,0.12141021974910705
1775545106.657603,173.18,928.14,0.08793293770823817,0.061800963460029154,0.09589360482819452,0.13647607957702637
1775545106.7038224,192.78,925.06,0.0924884612698792,0.07351310067509553,0.11641793544475167,0.15536270727738855
1775545106.7342923,188.96,927.36,0.07475101673801451,0.05954068048267445,0.11751013673198733,0.15820747281199266
1775545106.7661352,194.8,930.5,0.04044323349889685,0.03773205826766669,0.1090727945888703,0.15669056645403626
1775545106.7982464,190.8,927.0,0.02730101385618571,0.04690444336843713,0.11500526562904831,0.1746950324414548
1775545106.8303413,200.22,923.48,0.0324067624812771,0.07289260681947585,0.1356317986972724,0.20367333715414151
1775545106.8617668,203.12,923.46,0.06672581191993271,0.11078948293482413,0.1666659994555048,0.2411379482052458
1775545106.8943453,204.14,923.16,0.15307600923967446,0.19307736670697834,0.21687963289104734,0.2648017300671483
1775545106.925773,204.92,919.32,0.21742813141308184,0.262606953905765,0.2756867665788565,0.30301969966555686
1775545106.9585571,211.24,921.52,0.24852597759395206,0.30515890837778464,0.3127844628546359,0.33008613082138294
1775545107.0062425,211.04,917.26,0.24899378236235614,0.304484256190253,0.3112727325112464,0.33013461373482217
1775545107.0372357,209.86,914.94,0.27045142657284355,0.32706662582707413,0.330565906259449,0.34910229867686643
1775545107.070135,212.72,912.14,0.2778822733687358,0.33438230563777693,0.33907593654380896,0.3652875501320966
1775545107.1023052,214.1,910.46,0.280007462376046,0.3407711479245024,0.3453864598713871,0.37548279609265406
1775545107.1343143,212.18,910.3,0.2874133381531228,0.3474551320539139,0.35335241826371677,0.38391381083390547
1775545107.1663864,214.4,913.56,0.289304313361664,0.35297255932245136,0.36255545995762034,0.39922416436185937
1775545107.1993608,213.76,912.62,0.2878066217234688,0.35217466723139396,0.3614952512019232,0.40260982337127077
1775545107.2307801,219.88,907.58,0.290124181986397,0.3547850803904703,0.36516335630961505,0.4064835647841172
1775545107.263788,224.18,910.02,0.29020578354545606,0.3564322734434263,0.3673218458389729,0.4107910111911634
1775545107.2975256,209.86,909.86,0.29150383414952286,0.35923895221025026,0.3687828840902378,0.4124185344594388
1775545107.3438127,208.12,908.46,0.2913049488058772,0.35869955428234385,0.36827771188963904,0.41266486809450564
1775545107.3744216,219.6,910.38,0.2919112090015668,0.3597201280437612,0.3697237556742838,0.41358224740974403
1775545107.405381,219.88,913.32,0.2929821604626304,0.3605804276153758,0.3702938030324674,0.41377455391414036
1775545107.4386747,223.5,913.4,0.2961311564081225,0.3634318850232032,0.36984579813315566,0.41690034799838843
1775545107.4708946,225.32,910.7,0.29622932492018367,0.36113999499711325,0.3702775016644762,0.41728807451656463
1775545107.5022836,224.36,902.92,0.29763011184393123,0.3627842727154904,0.371940965817232,0.4194844891885152
1775545107.5341911,226.32,900.9,0.29452395792728503,0.3625535650606791,0.37221155719119536,0.4185802034899823
1775545107.566157,225.62,901.12,0.2949171238279089,0.3627957662192673,0.37342356767589396,0.4197129189013289
1775545107.5985293,227.72,901.62,0.293730820288013,0.361914857514067,0.37132383286169485,0.4186264865565955
1775545107.62998,228.34,904.02,0.2936576868113879,0.36303503203252574,0.3735171798967585,0.4227811790189422
1775545107.6614273,229.48,907.98,0.2966793651603926,0.3653243442143228,0.3762433459923086,0.42148299118935073
1775545107.6944184,229.88,907.34,0.29601548745029227,0.3630579003094528,0.37455842962291963,0.4206041713694241
1775545107.7280087,228.06,909.88,0.2966074565381332,0.3635459348310269,0.3746644683141498,0.42016377039064184
1775545107.7745318,228.46,914.54,0.29917709656989366,0.36472831351272383,0.37620313624827373,0.42216734111857007
1775545107.8053384,235.28,915.34,0.2982916838521123,0.36567690399875813,0.37699606182404416,0.423255684554278
1775545107.8395994,235.0,915.64,0.2987746139595598,0.36677742646608,0.3769440577970181,0.4232441103313953
1775545107.870277,231.16,915.64,0.29796113099644905,0.3674837408774244,0.3777529113064947,0.4245835676511961
1775545107.9036324,231.74,916.32,0.2971687060330594,0.36607201126311295,0.37657416845685443,0.4233476829199757
1775545107.9335823,230.72,915.96,0.29694379278049127,0.366157984236952,0.37678592830759,0.42443346253779624
1775545107.967802,225.04,908.44,0.2945871758223783,0.3643501601229528,0.37526286460995434,0.42570243810333297
1775545107.9983008,228.8,903.3,0.29670002672625395,0.36535753348134775,0.3771863868042765,0.42512301466542735
1775545108.031882,229.16,901.12,0.2967047214650867,0.365373925642854,0.37668484849311207,0.4241775877161344
1775545108.0773675,231.56,899.94,0.2971091106915579,0.3669146462992978,0.3783069329167498,0.4251018993190645
1775545108.110344,232.2,901.88,0.2974558345333155,0.36711229647295307,0.378079442611515,0.4247578936541921
1775545108.1423874,232.04,905.74,0.29645866262322074,0.365854093395929,0.37741475723210005,0.42585115985153976
1775545108.1733727,233.32,906.34,0.2969142986663668,0.3673665206829124,0.380143737064785,0.42742439693791257
1775545108.2073035,237.66,900.86,0.2960598876062436,0.366639855648941,0.37857458587155707,0.4277847414222495
1775545108.2563653,237.18,899.92,0.29576978254832437,0.3662375411842253,0.3797192858000088,0.4271589686320498
1775545108.2865422,238.06,898.16,0.2979792961130425,0.3676051068946049,0.38045631454723816,0.42868228628531896
1775545108.3203242,241.18,899.3,0.29878673993543714,0.36796088357414186,0.3806615447074338,0.4284315760002492
1775545108.3666506,242.28,901.94,0.2981280374270788,0.36749483909131886,0.37976441226451535,0.42830318648009474
1775545108.3984628,224.66,901.42,0.29698159359924037,0.3671173250224995,0.37949026257435053,0.4280763269888909
1775545108.4303014,227.6,900.66,0.29729596358501276,0.36867091514502676,0.38043954978559336,0.4292398084920382
1775545108.4639578,225.08,897.16,0.29725762338927514,0.3687662053227327,0.3806454696580636,0.430021447981804
1775545108.5115213,226.88,899.28,0.2939034765780137,0.3646478649301113,0.37898405760341264,0.428695802032896
1775545108.5430548,220.02,903.12,0.29493999404978155,0.36609542091165,0.3801869620358224,0.4284348831361559
1775545108.5758898,218.04,904.74,0.29649198660085263,0.36708920403202505,0.38305136557044334,0.4293820917968892
1775545108.6095273,221.72,908.58,0.29746838878684717,0.368003448538918,0.3824648499185886,0.42836773570329106
1775545108.6568096,218.08,908.34,0.2965265975664226,0.36718533230378536,0.3813797219127852,0.4298696478343079
1775545108.6871326,215.52,909.66,0.29576766903972984,0.36669068289317247,0.3804908137825463,0.42898821346216137
1775545108.718273,214.76,908.66,0.2957890026204571,0.36715652329784804,0.381994801688653,0.4286513820064628
1775545108.7507803,216.9,909.92,0.2968012121420389,0.3676782575581988,0.3836366893357334,0.42963850108086343
1775545108.784014,217.5,908.46,0.2961158253839992,0.3673347098720811,0.38451869763795693,0.4295611494884903
1775545108.8301902,220.26,908.34,0.2962383328705364,0.36693538368806733,0.3829596826113374,0.4286962889683881
1775545108.8611107,217.74,907.68,0.29456224384842034,0.36607279438317564,0.3818708310981142,0.4290779304400733
1775545108.8945162,218.16,907.56,0.2945609724413928,0.3662268413793261,0.38240878129140227,0.42896620222593695
1775545108.9252858,220.82,909.02,0.29596416338197984,0.36795546815881247,0.38300737359139375,0.42940306133777484
1775545108.9579556,214.56,910.82,0.2940408986891082,0.36580401880104774,0.3837851426253606,0.42898662038778856
1775545108.990222,214.02,909.72,0.2967719813970034,0.36740173507826046,0.38541199467304443,0.430674608641327
1775545109.0225654,216.26,911.48,0.2953230455157101,0.366617140886333,0.3839265282430286,0.43018795914913216
1775545109.0568607,220.72,912.14,0.2975353995194563,0.3692554739345573,0.3861496507227034,0.431391693677955
1775545109.0863986,213.56,911.92,0.29709953150307816,0.3694222073800352,0.3842359215030384,0.4318859793233123
1775545109.118334,216.58,909.6,0.29683673830725543,0.3683066521662399,0.3851928326912841,0.4305001720570977
1775545109.1519113,212.74,909.44,0.2952338262774056,0.3669486080610658,0.3845798120481457,0.43063208310272055
1775545109.1853554,213.68,909.58,0.2946748649897738,0.3686340442932104,0.3849127280640114,0.43115226577051874
1775545109.231797,215.2,912.32,0.2955060108777063,0.3698950711582815,0.38596591535608854,0.43079260484200643
1775545109.261332,213.32,914.46,0.2952384156356811,0.368072197340853,0.38538590732864897,0.4312429333181901
1775545109.2943733,214.88,914.14,0.2953868779962793,0.36842018604445415,0.3850066329662429,0.4310951431771295
1775545109.325175,207.48,914.24,0.2956854997919977,0.36981580499538563,0.3850488233872683,0.43104276390609503
1775545109.3583016,206.34,913.0,0.2961167885658858,0.36814479541726286,0.38528802309286503,0.43056683797620277
1775545109.3905027,204.42,909.26,0.2976925528342879,0.37213454104572513,0.3869404683611736,0.43144631847705645
1775545109.4223378,206.44,909.7,0.2963993005278784,0.3696970067490365,0.38688772486938333,0.4313656901076409
1775545109.4575315,203.44,908.86,0.29514868688432255,0.36967436435877316,0.386180520066181,0.43026152706929527
1775545109.4854646,206.4,905.0,0.29606336760814966,0.36992062222662087,0.38562606878664457,0.42951786243091616
1775545109.5173955,198.7,905.16,0.29587934526484283,0.370338605162861,0.3864657293146995,0.4301699088627417
1775545109.5504348,197.52,903.22,0.2976374635504794,0.37052927458822166,0.3861429026014419,0.43064154471713684
1775545109.5840538,198.74,903.94,0.29534460760967746,0.36934022348375994,0.385037782871867,0.42914565738952365
1775545109.6303046,198.18,902.66,0.2964688986051138,0.3705241607532975,0.38585092091685236,0.4299839034501802
1775545109.6613932,198.22,903.58,0.2962766590617882,0.37090130683199707,0.38567936762720856,0.4293677191022211
1775545109.694629,199.9,905.74,0.29651188344408996,0.37084793959793405,0.386468427084179,0.42990238712489687
1775545109.7253213,193.44,905.74,0.2973646636076377,0.3715305614953902,0.38761105305108506,0.43045351016008415
1775545109.758214,196.46,905.32,0.29852983159516455,0.3714097688810737,0.3869511902253751,0.42950451237724857
1775545109.7915912,196.8,906.52,0.29566910997010315,0.3711190725335409,0.3870060542569927,0.42893999072677574
1775545109.8226612,194.78,904.2,0.29584169100068464,0.36899228649564564,0.3852636022766666,0.43089206020799264
1775545109.8581996,194.48,905.3,0.2959778963695428,0.36964486912306393,0.38713037984963294,0.42984840586700296
1775545109.8862698,196.68,904.96,0.2966331595812854,0.3696087163899479,0.38736031395079124,0.4303867369577553
1775545109.9197676,196.96,905.94,0.2976281015308262,0.3698415116323431,0.38716877569807784,0.4291419112026652
1775545109.9502306,199.1,905.26,0.2974236080447163,0.3694874729224211,0.38711093641644406,0.4281545926133683
1775545109.981409,196.12,905.56,0.2946512491708204,0.3690192787832414,0.38565594615795123,0.42728302264552154
1775545110.01529,197.62,904.66,0.29246915875215895,0.3680483670713432,0.38188672270408147,0.42527096620695454
1775545110.0622907,197.78,904.34,0.2910198754182001,0.36630241027389676,0.3789874355079016,0.42147379155697234
1775545110.093266,199.84,906.7,0.28955468583494715,0.3632935252388938,0.3723194039604949,0.4157126423820353
1775545110.126247,199.7,907.68,0.284476576364241,0.3514215680937604,0.3592593053410005,0.40616663325361085
1775545110.1585898,199.84,908.76,0.278817259986297,0.3397709220849524,0.35042092701742217,0.39582791685338886
1775545110.1902626,197.94,908.64,0.2566235154314903,0.3066629489201385,0.322584567113932,0.3726695164152043
1775545110.2223277,198.34,892.26,0.2286509524866175,0.26072937464339135,0.28614984968290463,0.3517695452398663
1775545110.258853,194.04,885.7,0.16974838044621662,0.19590128582216265,0.24130078540887928,0.3143950718540134
1775545110.286776,194.38,868.5,0.11932728015197805,0.1394009751514024,0.19223451226143726,0.2745325997347193
1775545110.3181171,197.94,869.2,0.06795395415767574,0.10938334325301774,0.17039942759074272,0.2387652297964745
1775545110.3504393,194.68,848.84,0.047964266724644614,0.0931773797531887,0.15432230065536362,0.21281999251483827
1775545110.380998,197.64,837.16,0.03811091192451262,0.06255574404108266,0.11780265968777073,0.1651578919929169
1775545110.4157505,197.62,823.98,0.012005229956710092,0.05528067224708515,0.10751463011585154,0.14486586942673588
1775545110.4485588,199.98,810.0,0.05004072027675682,0.06011337348848011,0.11033430869003528,0.13462333527448586
1775545110.4957516,201.18,790.16,0.06586412967950774,0.04967835604055552,0.09749594247768673,0.12231040120919069
1775545110.5260239,201.68,777.66,0.08514988270732562,0.062212163494915866,0.10137098279773162,0.12243609256960616
1775545110.5601566,202.88,756.32,0.0941642632521913,0.06533483227541523,0.10146364525159948,0.12448945186290493
1775545110.590364,200.56,744.76,0.11309915768619903,0.07736606001526963,0.1081117762679469,0.12743209735584107
1775545110.6223836,204.46,723.62,0.12427330935220851,0.08515945752287252,0.10840690983135563,0.12972733190921285
1775545110.6594038,203.64,713.4,0.1267650929122092,0.08743014298113405,0.09782182837028214,0.12069564381101519
1775545110.686296,203.9,692.54,0.12926767500333336,0.08447681749595347,0.08489468388494052,0.11045482663922904
1775545110.7183516,201.24,681.38,0.12890880150327894,0.0813460267889593,0.072990911496238,0.10918809124179867
1775545110.750179,198.66,660.88,0.12845940495867178,0.08232041839543136,0.08044852150109796,0.1189735147470107
1775545110.7814922,197.4,649.9,0.12223461808510497,0.07954712620717139,0.08448584786975297,0.12478685000130488
1775545110.8147402,197.94,630.32,0.1226648931159578,0.08578552262874214,0.09733029498211178,0.13851573143955223
1775545110.8484764,197.52,619.24,0.12329129915505477,0.08416257779855364,0.09638784089132531,0.13637246518384627
1775545110.8942392,200.14,601.34,0.11720989711266949,0.07917176206681655,0.0928618513987095,0.1338964141411108
1775545110.9254043,203.54,602.14,0.11556030555256439,0.079195903363431,0.09487894790969652,0.13439175169794276
1775545110.9603212,203.84,638.7,0.11194824383282695,0.0740101708034955,0.08941959671626809,0.1310090597829501
1775545110.9902651,204.36,681.38,0.1171314358416257,0.07403286217643346,0.08709477468428506,0.12556512746013707
1775545111.0226808,207.76,706.78,0.11687433750029692,0.07449650774275096,0.08545799357482124,0.12105488093734744
1775545111.0552592,209.74,714.78,0.11865843143051798,0.07588593954644397,0.08540828825505631,0.12212926710988709
1775545111.0853107,210.04,715.34,0.12164934934309575,0.07770007313418895,0.08707577544849862,0.11877756961977591
1775545111.1184125,212.0,714.34,0.12193984266855264,0.07709692920951647,0.08556976790045458,0.11984735001479344
1775545111.150258,212.96,713.64,0.12339779071423676,0.0767049019965355,0.08020738463079284,0.11684513504332596
1775545111.1838298,210.38,711.76,0.12155471291076775,0.07492079028810406,0.0803621999627714,0.11562414039244458
1775545111.2142398,214.66,712.06,0.12142312951234574,0.07689131449672423,0.08154906322302756,0.12023120595793924
1775545111.2463892,214.06,710.52,0.12002893183644656,0.07522128282256527,0.07962640858793636,0.11732645171809024
1775545111.2785566,213.56,709.5,0.11989920328726326,0.07430507475739241,0.07831918329212764,0.11683929456528445
1775545111.3121746,212.56,710.78,0.12160316797566804,0.07641747486227222,0.07702388241322415,0.11301449905052295
1775545111.360837,211.66,710.18,0.12092348375075876,0.07717852915890507,0.07818171014107946,0.11693279439446434
1775545111.3904343,211.22,709.96,0.12031336893174058,0.07499186205010758,0.07188875141654436,0.11145810765954249
1775545111.4221978,209.34,709.66,0.1247556884024659,0.07854551475306461,0.07344833757579437,0.10953839677384247
1775545111.4534645,208.5,709.0,0.12001921311556975,0.07609529829850312,0.07577680979794661,0.11142299688901854
1775545111.4862607,211.04,708.84,0.11900765756771418,0.0772394601309264,0.07797985410947852,0.11360600854296017
1775545111.5182781,211.3,706.28,0.12263468713701711,0.07944319067097588,0.07535326156448638,0.11079367551926399
1775545111.5501928,212.42,706.16,0.11993580286291962,0.07661749354106379,0.07478266399566628,0.11419358039683282
1775545111.5823119,211.2,705.58,0.12085570311205858,0.07642293299246945,0.07454957089714001,0.11085617082785697
1775545111.6161244,208.94,705.34,0.11713966848182147,0.07462100064629364,0.07575103203275428,0.11434748668451741
1775545111.6622252,212.84,704.28,0.1215712779619474,0.07798588427154866,0.07856441675409293,0.1150960008502797
1775545111.6959226,211.44,704.84,0.11987967338419785,0.0780734012560395,0.07634382327609662,0.11372070104035159
1775545111.724877,211.04,702.7,0.12185726683266039,0.07832428244068976,0.07706072404611906,0.11501631356590226
1775545111.7579067,210.0,702.12,0.1171475265532045,0.07787882230423067,0.07852848437163724,0.11835683161156706
1775545111.7934074,208.74,701.26,0.12203951840185837,0.08096324233078778,0.07872567587994247,0.11560134840796904
1775545111.8398943,211.96,700.5,0.12066357123093843,0.08068982130910299,0.08008167105503719,0.11686208888749187
1775545111.8703754,211.28,700.34,0.12093481384721363,0.0827521480205144,0.07776215271256134,0.11472093631647919
1775545111.9042299,211.94,716.02,0.12063714966141949,0.08405928100802998,0.08113417665444428,0.11809330634025257
1775545111.9503133,214.96,721.4,0.12358078036306208,0.08459044928039361,0.07849302320660156,0.11419188316719507
1775545111.9822824,216.52,736.66,0.11916055719182157,0.08039284441446408,0.08088478158693983,0.11722811891608316
1775545112.0162518,215.22,735.88,0.1211835582533523,0.08219289712475551,0.07962048705523468,0.11729517705235107
1775545112.0622377,217.44,756.26,0.12062616603970512,0.08117481069273559,0.08132777529317028,0.11790053833646401
1775545112.0942192,216.94,768.6,0.12273639370389039,0.08186994667117514,0.08077759187431222,0.117480274844571
1775545112.1256826,217.64,780.76,0.12447655797716789,0.08514976946971767,0.08476527796066273,0.1197938964274558
1775545112.1615958,213.48,793.78,0.12347309803734972,0.0838228663209944,0.08251781375079172,0.1164893723636785
1775545112.20646,213.58,813.28,0.12275466177494566,0.08351019205723278,0.07899534409236597,0.11280723088857122
1775545112.2373946,211.94,825.74,0.12215916479043434,0.08534827654930105,0.08052727889607225,0.11513060068333152
1775545112.2703316,213.66,847.34,0.12241975016730652,0.08158239453464966,0.07931206967652572,0.11596584750914278
1775545112.3039124,212.46,857.96,0.12150852380656009,0.08280869905330403,0.08056429615384786,0.11600656220271066
1775545112.3493662,210.04,878.78,0.12210204385685218,0.08292455755944411,0.08281662855340725,0.11965005804805534
1775545112.383586,209.04,888.92,0.12329577899899917,0.08507592585669534,0.08094593945638826,0.11609819827542675
1775545112.4142034,210.56,909.1,0.12572700711448537,0.08607496294056924,0.08320800282541738,0.1173439605246874
1775545112.4477887,212.22,920.44,0.12227197665020881,0.08378540812415276,0.08158681068965233,0.11714315270499762
1775545112.478273,214.16,940.02,0.11973799825393798,0.08091039414784708,0.08014318611868082,0.11763722435609159
1775545112.5116785,210.32,951.44,0.1258976016703095,0.08390523580550281,0.08463626647501497,0.11927222936630683
1775545112.5423732,211.48,971.12,0.12484265962224986,0.08154166799073746,0.07867061821137761,0.11645715927581857
1775545112.5743804,210.32,981.2,0.11815265403938603,0.0778547878328451,0.08042775385066185,0.11959760112276377
1775545112.6063209,209.66,1000.4,0.12017032333156068,0.07650790029019794,0.07927241114148835,0.11826214278153878
1775545112.6384597,205.04,998.6,0.12246490095446286,0.07899082479005172,0.07761366555730212,0.1161495211883648
1775545112.670408,205.24,962.8,0.1170150481121055,0.0768880178749402,0.07564995701399815,0.11643008918352349
1775545112.7041383,204.3,919.14,0.1126748591491668,0.06910228012644137,0.07461505216581198,0.11438344126125138
1775545112.750599,203.54,893.88,0.09827580048215309,0.0672134497003929,0.09215868326256374,0.13897104187452408
1775545112.7822068,203.66,885.88,0.09684143833801746,0.06715842561961748,0.10105131485516194,0.14868305152384634
1775545112.8143516,207.66,885.92,0.09390031924841374,0.07460789722476063,0.11833297673362154,0.16506270569073284
1775545112.8454244,208.96,886.18,0.0849671668221877,0.0543168400958654,0.10483987551358925,0.15690262174532782
1775545112.8782969,210.3,886.84,0.07412393644313123,0.051570668651916736,0.11916408759913895,0.15583943038821288
1775545112.9103174,208.76,886.98,0.05284399232249743,0.042238118131872095,0.12042815151282228,0.15525649697098706
1775545112.9422712,208.02,888.06,0.04174407757032619,0.05128497582718848,0.12128451993825991,0.1630789406177527
1775545112.9732509,210.92,889.42,0.01906894262105897,0.04518481194577413,0.11787299630166244,0.1748009053447148
1775545113.008081,213.74,889.3,0.027245485351365832,0.05068234194451072,0.12137753840033488,0.18798760352006808
1775545113.0373728,215.02,888.9,0.04270887139607376,0.0767185423229674,0.13873788256942962,0.21589083825440747
1775545113.0716143,217.2,889.58,0.04233188252278045,0.08270724504597145,0.14764039158360695,0.22749893019201345
1775545113.102187,219.26,889.8,0.06379521569798359,0.10723681267533522,0.16776270339522364,0.24613137174951144
1775545113.1358275,220.76,890.7,0.1506600624054765,0.18544446008323376,0.20804995680588878,0.2733909446248442
1775545113.168568,221.24,890.4,0.17578162317880622,0.23265482869562165,0.2496801151247036,0.3075003579048716
1775545113.2141929,222.86,891.6,0.20737216214062368,0.2680028618735837,0.28214313271622865,0.33026721977584017
1775545113.2463071,223.52,894.02,0.2305081518395135,0.2948135120377294,0.308559199536985,0.3534839490925515
1775545113.278436,222.3,892.84,0.25528513884024323,0.32032004708411616,0.3340269380746809,0.3771027857066034
1775545113.3101008,222.4,893.1,0.27160749337635814,0.33688922712256075,0.3511843868908158,0.395236383830676
1775545113.3414013,224.66,892.8,0.2844685354578824,0.35137924037242224,0.3686991979600245,0.41125957591418805
1775545113.3743737,221.84,893.52,0.29696940262250643,0.3678528182492505,0.3841311551493588,0.42653849214200407
1775545113.4064372,222.58,893.62,0.30158540009594054,0.3730081505734148,0.39284132834507157,0.43807325393529434
1775545113.438243,222.04,894.4,0.3072442980644697,0.3794722713762715,0.39922038884388633,0.4457546308315949
1775545113.4692326,223.06,894.8,0.30953019735771187,0.3818243034934258,0.4018083955464541,0.45268992600623686
1775545113.502213,223.58,894.08,0.30597528251844264,0.37865706202344146,0.40039104508419004,0.4536079984690249
1775545113.5340214,221.72,895.1,0.306817829430917,0.3814158023744227,0.40191112479973057,0.4566343059620988
1775545113.5660365,225.38,894.7,0.30680633240248256,0.3813129512712292,0.402835937210025,0.4597581569187108
1775545113.5990114,230.16,894.56,0.30450146187097904,0.3795985932060796,0.4037599173399779,0.4626184123651069
1775545113.6323702,232.02,894.76,0.3050786789259639,0.37995963345910755,0.40421900685557044,0.4646319403547026
1775545113.6783805,230.9,895.32,0.307083097632708,0.382065357601404,0.4076843651401407,0.4652833594716113
1775545113.7116575,231.6,894.72,0.30859490086501246,0.3836075235533314,0.40884513069975975,0.4668789373205374
1775545113.742757,232.18,894.94,0.30519437531500765,0.3799766105663773,0.40536108945853677,0.4646418871064482
1775545113.7760077,230.58,895.64,0.30854512170003756,0.3830057012797853,0.4071348131468977,0.4660146729598483
1775545113.8061852,230.66,896.52,0.30652345358406535,0.38142747215994566,0.40632308241276494,0.46567614180256695
1775545113.8382971,228.5,897.94,0.30670105977831125,0.380694288593714,0.4061564382990776,0.46615140422652424
1775545113.8691676,228.9,897.42,0.30557147960641623,0.3797027699896767,0.4058284622535308,0.46610998350994415
1775545113.90274,230.56,897.0,0.30628212494925505,0.38096484169263345,0.40671570029212684,0.46682131254256637
1775545113.9361396,224.68,896.8,0.30486208209263166,0.38038808153407316,0.4064206471008536,0.46708626568278466
1775545113.9812138,224.68,896.88,0.30587897073830045,0.3816387164838951,0.4062797638927716,0.4667194425374124
1775545114.0197108,224.7,896.9,0.303171174387345,0.37898720996899965,0.40493880133029214,0.46660737986932316
1775545114.0483077,224.18,897.02,0.30438625337461994,0.38224649643880676,0.40671007788120633,0.4660580610978466
1775545114.0817983,223.28,895.9,0.308477564865122,0.38417964431762325,0.4093518965269388,0.4667152261808189
1775545114.1253085,222.28,894.88,0.30416921817093523,0.38100075690310575,0.40632025620653667,0.46632816950800904
1775545114.1578953,222.64,895.34,0.30390761682292805,0.3810321401909174,0.40717340492309967,0.46728903586246007
1775545114.1909919,226.24,894.36,0.3057662032925077,0.38278090781289525,0.40865019925043417,0.4692373717490838
1775545114.2244313,224.54,893.72,0.30364358509886646,0.38158200457006997,0.408245667088355,0.46990250026445374
1775545114.2703016,225.82,893.76,0.30589438767468186,0.38343279342053155,0.4091350340455061,0.46944909082622066
1775545114.3035047,226.86,894.1,0.30429049054513047,0.3823034846686669,0.4080837633871113,0.4698619100161902
1775545114.3372636,226.74,893.54,0.30573757531438017,0.3819912211141073,0.40843221224490417,0.468290334210477
1775545114.3838656,224.48,891.98,0.3055145648273734,0.3854801750087364,0.40998408579388806,0.46973351936893654
1775545114.4132545,224.18,891.7,0.30770140050346195,0.3884951919064766,0.411590201652419,0.4715634118512058
1775545114.4479012,224.4,891.96,0.3066433162088394,0.38906313765899186,0.41125409581564637,0.4715858053352101
1775545114.4812028,222.94,891.9,0.30579796553153704,0.3897568344231017,0.41194547844169327,0.47231708093436586
1775545114.5253277,221.12,891.62,0.30649312328634526,0.38714425275627823,0.41011948894795736,0.4707626050165266
1775545114.5583377,220.78,891.8,0.30568526210591973,0.3855815746050186,0.40975849974132283,0.4745293380464199
1775545114.5903485,219.76,892.78,0.30503346871439035,0.3846715363261048,0.41032994408820733,0.4747206604819697
1775545114.6232715,223.02,893.08,0.3080356061021527,0.38609128223665534,0.4141018921988265,0.4714064490401307
1775545114.6691988,225.02,893.88,0.3066318616126637,0.3869085196134303,0.4141759519057872,0.47462538292716777
1775545114.7023485,221.78,893.3,0.3052381919935262,0.3847933499192024,0.4126544169288065,0.4722777396408275
1775545114.7529762,221.78,896.06,0.3054351344781528,0.38528218960305327,0.41202619870062485,0.4663066294778793
1775545114.798453,221.74,896.06,0.3043391886284961,0.3858038137929568,0.41121346651149693,0.4682321884598262
1775545114.8303351,221.98,896.84,0.3065168766899889,0.3867055175531736,0.4136571982662199,0.46817803397571095
1775545114.8649662,222.98,895.96,0.3057788291294401,0.3870050725248797,0.4095998467444881,0.4709038009567073
1775545114.8935204,222.26,896.42,0.30759763043514865,0.3881040842407572,0.4144959441307468,0.47022800479711513
1775545114.9264705,220.86,896.72,0.3053224628520229,0.3870363751560832,0.4110478566440171,0.47075315172869564
1775545114.965193,220.62,896.78,0.30642766128671955,0.38819737845807667,0.41236958419706143,0.4698951374069306
1775545114.994863,220.3,895.82,0.3069695438653053,0.3884894237222403,0.41319545940998476,0.4697658298257992
1775545115.0395463,219.72,895.44,0.3062930686320969,0.3878257261821772,0.41315643651539874,0.4702601729328907
1775545115.0696917,218.94,894.62,0.30509281549120043,0.3873977032079141,0.4128940414781345,0.4699876686157247
1775545115.103718,219.22,895.52,0.3036714609179632,0.38588592908364416,0.4159088527073624,0.4695202490810717
1775545115.1340559,220.62,894.8,0.3045805985598648,0.3874721407029702,0.4208948240592705,0.46874733121008
1775545115.165647,220.38,894.92,0.3007259473312108,0.38204018839714626,0.41593052891082644,0.46615431981863287
1775545115.1974106,219.46,895.0,0.29873592064688015,0.37623666445748616,0.4089291901917894,0.4615113905727229
1775545115.2306685,219.42,894.72,0.2929446536403227,0.36702965842778285,0.4045065848963586,0.46064507268053567
1775545115.26579,218.66,894.72,0.2855462664742349,0.3557035380753513,0.3945509798239299,0.4543461223734523
1775545115.2937636,219.2,894.9,0.2579980932525151,0.32000098805320193,0.3641309231979646,0.442581662005803
1775545115.325467,217.54,894.6,0.2211813743962258,0.2755648504582365,0.32622448471366033,0.41682906845635553
1775545115.3583605,213.24,895.12,0.19157201080850955,0.24426234847882455,0.3031195294226971,0.3992273937911605
1775545115.3910272,210.36,894.68,0.16351472672803144,0.21496531439583233,0.27753602598145644,0.37910630515835997
1775545115.424587,209.82,895.42,0.1646071751283424,0.21681983220593173,0.27764249187562345,0.3772258727137925
1775545115.4693296,208.72,894.58,0.15137614788588938,0.1895508715361936,0.25656696818581826,0.36548840451778347
1775545115.5023746,207.96,893.86,0.12220330649942704,0.16920342588233503,0.23515198013126148,0.3350263746992109
1775545115.5339546,207.92,893.28,0.10724645122560648,0.1512422707005705,0.21821613284076213,0.3147955319810013
1775545115.5668194,206.32,893.04,0.06255067127415359,0.11952050470652924,0.18278243071541084,0.24025372206791984
1775545115.6001682,208.54,891.98,0.04028968412860985,0.10054658523190206,0.16143873072001003,0.20996281807529832
1775545115.630229,204.3,893.14,0.02854937335171519,0.0908707607218947,0.15141309670684275,0.19230665973680688
1775545115.6662092,204.4,892.84,0.01316744012972574,0.07695026475258682,0.13607199205683052,0.1726810293544034
1775545115.6944382,208.0,892.9,0.025371406260681063,0.06281995423586095,0.120069521935759,0.15606894368988533
1775545115.7275252,208.52,893.16,0.034805312142931075,0.05404000373509498,0.11075352576520488,0.14487024067464896
1775545115.7574975,207.98,893.36,0.06323867540902288,0.05486388532250876,0.11361347429275234,0.14326702781500997
1775545115.7904048,209.7,893.88,0.08735126704842557,0.07525555479851374,0.12919642416447313,0.15093906405161944
1775545115.824115,211.54,895.26,0.09843156069000862,0.08106769129708014,0.12502986351714565,0.14818476591587829
1775545115.869328,208.44,895.64,0.09399336550168438,0.07724326620672695,0.11777539865042773,0.14184866857006023
1775545115.9027252,207.44,895.4,0.09865405438788219,0.0815084585076805,0.11685551037841312,0.14018714183236836
1775545115.9344053,204.66,895.8,0.1101699091788257,0.08957937618949487,0.1173615940529138,0.14035975625901118
1775545115.9669929,206.52,894.02,0.11029615441283953,0.08709411037344174,0.11035389321645199,0.13897780800319756
1775545115.9990654,206.64,894.14,0.11467220823732374,0.09405562989715455,0.12089359798064495,0.1457510441229113
1775545116.0301194,208.66,893.14,0.10866304531542505,0.08664172425037996,0.11451932565557289,0.14722149820094582
1775545116.0669298,209.3,892.84,0.1124180506482856,0.09283071602253716,0.12710785411601094,0.1623077738675685
1775545116.0944307,213.42,894.2,0.10939304385749687,0.09096509219434483,0.12862326893237655,0.1698508529298372
1775545116.1257653,213.22,894.18,0.1117902891695052,0.09293832652188629,0.1315019867931493,0.1709094695201821
1775545116.1572173,215.06,894.3,0.11536328129864676,0.09044686805382807,0.12674178994565466,0.16391839128957675
1775545116.1903074,216.26,894.28,0.11859420245733947,0.0872125048155131,0.1173280628494079,0.1586102743153068
1775545116.2228413,215.7,892.56,0.12138091844933956,0.08465961264988206,0.10907107653607913,0.14760287701707356
1775545116.2566457,216.84,892.4,0.12180250396861719,0.0837965944108181,0.10779617207567388,0.14616716821352896
1775545116.3035877,217.0,892.02,0.12271697015537134,0.08183429972058597,0.1000184688165049,0.13771553062756595
1775545116.3345456,216.58,892.5,0.12523024753222084,0.08246466462219368,0.09791500285492737,0.13525076391382054
1775545116.3677871,215.54,891.7,0.1255192283864264,0.08318103323846625,0.09392363867968115,0.12854189777999406
1775545116.3982944,215.76,891.74,0.12094794686759192,0.07940597615249645,0.0910335303852566,0.12648062818115313
1775545116.4302917,216.46,891.36,0.1145159049351002,0.07719271014967946,0.08947786286241652,0.12817114454506898
1775545116.462218,215.18,890.96,0.1277735371543445,0.08305099481838428,0.08791857152099977,0.12294335989173737
1775545116.4944353,215.26,890.96,0.12660301511972116,0.08449316948552145,0.08987315860359188,0.12298407500059018
1775545116.5261624,212.7,891.64,0.12830428152808576,0.0853960531591905,0.09175122821838523,0.12386425398869819
1775545116.5582514,214.96,891.46,0.12822266670615967,0.08614053697192897,0.08894165501505545,0.12236810585964045
1775545116.5903552,214.28,891.18,0.1253927159016305,0.08080926459542696,0.08490775379269092,0.12100153917773956
1775545116.6224992,215.24,891.38,0.13071776646568256,0.08537107275544481,0.08918178361136662,0.1219825426891962
1775545116.654647,213.94,890.9,0.12571781340104582,0.08369988763639681,0.08878035107624684,0.12521770891243764
1775545116.6888084,214.18,892.56,0.1252171905959382,0.08134125027679068,0.08562822579795047,0.122929615758041
1775545116.734289,213.34,892.6,0.12296154116724872,0.08146731184212294,0.08465632675102996,0.12294590879641275
1775545116.768054,214.04,892.4,0.11855300662177541,0.07764323715907422,0.08260845773175017,0.12449534391908564
1775545116.7973514,213.12,892.14,0.12188864250207852,0.07808620743573352,0.07953280938565659,0.11829339771818345
1775545116.8302388,214.74,892.0,0.12337190221611627,0.0804498051379198,0.08132441217131246,0.11858239835613268
1775545116.8637211,215.2,890.68,0.12144845398031609,0.08088835916777537,0.08585154024720007,0.12387418084431251
1775545116.8942409,214.94,891.2,0.12348159066327279,0.0818177587342296,0.08561451563338092,0.12280330106497822
1775545116.927543,214.7,891.66,0.11786872925803026,0.0775264127777857,0.0840999719862799,0.12259693989270083
1775545116.9582286,214.22,890.4,0.12095260823362469,0.08018881761355039,0.08449626391184449,0.12108997901349466
1775545116.989836,214.96,891.18,0.12094247709767109,0.0801536261951578,0.08381674342011587,0.12270440719308394
1775545117.0226357,214.44,891.08,0.12068701317366289,0.08154484113345645,0.08557235730177812,0.12394459096197291
1775545117.0544128,215.24,891.52,0.12192312631954498,0.08063366074265706,0.08138085095389119,0.12042631710463142
1775545117.08637,214.2,889.26,0.11734206525419805,0.07921128078674802,0.08787731496156191,0.12623144362130287
1775545117.1202123,213.68,890.52,0.1196968400011561,0.08069605521186599,0.08900113575683304,0.12889035201419352
1775545117.1683316,215.18,890.72,0.12081480913214904,0.08160174089462724,0.08681347309184824,0.12558496988981316
1775545117.1972744,216.22,890.06,0.11668939384291226,0.0797736038769135,0.08790495613590003,0.12769188837799134
1775545117.2305148,219.94,889.36,0.11765228113891261,0.07971155782212813,0.08760943508546173,0.12599675157179874
1775545117.2622461,218.14,890.8,0.11852503857563265,0.0810592056343735,0.08888332395712792,0.12861146070528792
1775545117.2935264,222.84,890.46,0.11988255440825547,0.07946836501515728,0.08673665748653872,0.12597779448880106
1775545117.3261778,222.06,890.34,0.11835358858412544,0.08061290523044856,0.08769346324271782,0.1297430162209901
1775545117.3574317,223.56,890.24,0.11890998670429444,0.0800787028882973,0.08785450837703235,0.12816912112886028
1775545117.3904743,221.64,889.56,0.11978752641908716,0.08051745410700913,0.08859461059216905,0.12815297879484266
1775545117.4223452,222.66,889.1,0.11590748382587356,0.08068215939584698,0.09183384365093195,0.13193082592479052
1775545117.4545405,221.26,888.98,0.11342311726851423,0.07766614510699779,0.08991403968626227,0.13224268789142177
1775545117.4879012,222.04,888.54,0.11538436774112854,0.0763926769375002,0.08725969218397779,0.12848351901958696
1775545117.521606,225.14,887.78,0.11184034405292347,0.07489566736159348,0.08713573210786875,0.1300450362551392
1775545117.5688627,225.22,887.4,0.11143235877921134,0.07394584903575385,0.0871588625920895,0.1299442222171689
1775545117.597758,225.86,886.56,0.11440035593794608,0.07629136491219533,0.0877276384452578,0.130192990020774
1775545117.6317787,225.58,887.16,0.11648234995438699,0.07746325528064824,0.08842448210194423,0.12967223254353363
1775545117.6689517,223.94,886.52,0.11429341958930173,0.07805890436912458,0.08781055937428628,0.12816572029812573
1775545117.693317,224.02,886.76,0.11363681019248721,0.07658464310478849,0.08656434454293585,0.12873991618071526
1775545117.7262435,223.36,886.12,0.11543172200831142,0.07702442327676197,0.08846447535288927,0.13140350175249338
1775545117.758501,224.02,886.48,0.11417018415884583,0.07444167478650321,0.08562323663899751,0.1268652914772834
1775545117.7902803,225.28,885.18,0.11141488242909503,0.07760778714948842,0.09021478191581131,0.13163714514257183
1775545117.8222525,225.6,885.16,0.11625343064320667,0.08016716057963168,0.0900754446538122,0.1325042076966664
1775545117.8544486,223.3,885.34,0.11567085314938372,0.07889218689462596,0.08912163598271851,0.12977175546960326
1775545117.886349,224.24,887.24,0.11490818268729995,0.08096287108332884,0.09134975552151753,0.13177246825569175
1775545117.9184833,222.72,886.6,0.11623204474439844,0.07933953253327326,0.08879242461165253,0.1304073983647017
1775545117.9521794,225.34,886.34,0.11199115409689656,0.07796690712000191,0.09070328043363458,0.1333055087537572
1775545117.98725,225.76,886.34,0.11475795943949547,0.07739383765740304,0.0891205735561456,0.1302241475023395
1775545118.0293012,226.18,886.48,0.11053182601892804,0.07528158195957503,0.08908379871973666,0.12911698446649034
1775545118.0623586,224.02,886.18,0.1172278432197384,0.08031348271138632,0.08929977591291306,0.12984061197180352
1775545118.0934238,224.06,886.54,0.11140449631625429,0.07507708284512356,0.08717839347533944,0.12816369305131914
1775545118.1278765,222.6,886.64,0.11308245101746778,0.07804250734684813,0.08892321839550792,0.12975129267581476
1775545118.1615624,223.24,886.02,0.11789272645154357,0.08007549396307297,0.08662833601328386,0.12848924480891857
1775545118.207475,224.9,885.28,0.11335566747112126,0.07733338409495588,0.08578074952328416,0.12772288997074452
1775545118.2385447,222.94,884.98,0.11315078052624507,0.0811418800807128,0.0921513940037856,0.13347625479616634
1775545118.2711527,222.8,884.1,0.117323255143836,0.08007000880352055,0.0899555477329079,0.1312211656476933
1775545118.30494,222.6,884.14,0.1162648594032574,0.07817028238058019,0.085728324736817,0.12608498847729635
1775545118.3504815,222.42,883.92,0.11677821515419774,0.0812682504326997,0.09076361329508424,0.1288329467582025
1775545118.382558,223.88,884.08,0.11746266662576893,0.08084027067309195,0.08924950763864613,0.1305505592084785
1775545118.4154396,226.54,884.66,0.1153832392764834,0.07674970757476617,0.08566221709417894,0.12385289663698253
1775545118.4622252,225.24,884.64,0.1233465804573804,0.08319316735979375,0.08890231183445763,0.1271469365243828
1775545118.493613,224.72,884.24,0.11844264141779595,0.08053437138296812,0.08706779980804501,0.12522252338631285
1775545118.5261476,225.7,883.3,0.12439029248463963,0.0841065476981292,0.08890012370555561,0.12253189076779142
1775545118.55977,225.46,884.3,0.11809635197207886,0.08248784083255374,0.0896021455128128,0.12420220084862335
1775545118.6061664,226.1,883.7,0.11831301585288613,0.08123722151167335,0.09103982276965088,0.123514417416536
1775545118.6540713,226.6,882.94,0.1084619906565295,0.07740706655337373,0.0988262137687844,0.13788382184565262
1775545118.6880684,228.46,884.14,0.10853360280176577,0.0741749990986496,0.09132204200989827,0.12863043910605024
1775545118.7183576,227.38,883.24,0.10409067455356756,0.0782997543956498,0.10772549970147405,0.1481181475583801
1775545118.7503219,0.0,0.0,0.10194497517878355,0.08696827940944397,0.12990076643874074,0.17072868820776252
1775545118.7824585,238.64,878.2,0.09038781801474943,0.07410736132329465,0.12763445900002454,0.17409322772100488
1775545118.8157172,236.84,876.2,0.0846434529300291,0.08287945140033129,0.13648736294379826,0.17526846351345823
1775545118.8452282,236.7,876.66,0.07669611985229785,0.07104360162669685,0.14144308503971198,0.16865093603885056
1775545118.8797412,237.78,874.94,0.054187207345119046,0.05498456106139269,0.12271420851551414,0.15940117140898735
1775545118.9106119,234.6,872.3,0.014944999915713138,0.061764680606130495,0.13824368901530656,0.1916558754056971
1775545118.9442759,236.74,865.98,0.022923526603389553,0.06416851279553566,0.13932665373152459,0.21301125294828124
1775545118.9781284,236.56,868.1,0.042766050546534935,0.08860471706052027,0.15664122397038313,0.24196388973012856
1775545119.02243,234.9,866.6,0.08104799756236154,0.12261029312155147,0.1880566832529468,0.27470002324881115
1775545119.0543745,234.16,866.94,0.1758470305160856,0.22760832133205844,0.2623207820729941,0.3202706868784625
1775545119.0853033,235.88,865.82,0.22626496937509566,0.2858261339797025,0.30072738387689085,0.3458816194958536
1775545119.1185093,238.5,866.84,0.263618788602764,0.3294606728626174,0.3462679143988331,0.39175231538856103
1775545119.1493921,239.22,864.86,0.2891145168829271,0.36248024589179934,0.38257972139503554,0.4207728249164004
1775545119.1822867,242.24,868.78,0.30856697203698413,0.38532448471517455,0.4063907351682785,0.4451942958393394
1775545119.2141974,243.0,865.66,0.3214184069655854,0.3990012582402888,0.4225118808534753,0.46468724490786484
1775545119.2453105,242.14,870.8,0.3294342722594461,0.4075173848737445,0.4325507856512248,0.47903802411416857
1775545119.2784166,243.26,868.76,0.3363761371438353,0.4161488991038331,0.44168963696052393,0.4931101827968167
1775545119.3103323,242.58,868.26,0.3379496322822623,0.41747212128761974,0.44260932002676456,0.4981692763587349
1775545119.3425164,245.5,867.04,0.3387455421668679,0.41889004990493567,0.44734726841714423,0.5036904024327936
1775545119.376499,245.32,865.4,0.3421607419808111,0.42133794787308904,0.45209016049282236,0.5077342198284679
1775545119.4223547,243.26,863.02,0.34238231888266407,0.42193557619870653,0.450962245923916,0.5078389276512423
1775545119.4558113,241.08,863.16,0.3406653861585096,0.4238075911025249,0.45310119304498836,0.5152838794467078
1775545119.4863284,240.9,861.26,0.34102352904868205,0.4260484246630142,0.46073900597196177,0.5225949092005785
1775545119.5195408,243.26,865.7,0.3392566731858259,0.42588387111605797,0.4609139065314303,0.5222183999270391
1775545119.5502355,239.84,865.0,0.3396285081865131,0.4269778873345703,0.46002491582599747,0.5237560158178067
1775545119.5837493,240.62,863.7,0.3417997303243902,0.42701947171499643,0.4624155909685201,0.5248902389754025
1775545119.6137006,239.86,865.8,0.3415850554846565,0.42625853514535655,0.4621990103395866,0.5231629927418929
1775545119.6464565,241.52,865.94,0.3405021591818553,0.42592561236276133,0.4602092444493117,0.5222623822896864
1775545119.6773334,245.32,865.26,0.34225904869990026,0.42872927964941254,0.4613372422952743,0.521817972531203
1775545119.7103863,245.38,864.62,0.34249108475377193,0.4277748303289552,0.4620356344999227,0.5212438112082717
1775545119.7421901,244.98,866.2,0.3412118828676784,0.4253936484154768,0.45970173316507223,0.519620700910609
1775545119.7737257,243.4,867.04,0.33999652380063156,0.42399507569854783,0.4586675354715721,0.5196686483427624
1775545119.8075788,242.94,866.46,0.34039910120716566,0.4251519065520426,0.45915900264936316,0.5209672345821593
1775545119.8403566,240.8,866.72,0.3400379071627518,0.42544712410397617,0.45914864117687365,0.5195399005431927
1775545119.8853962,245.32,866.82,0.34041463190450055,0.4253803365304105,0.45943826574904156,0.5186998052870119
1775545119.9185212,243.3,865.58,0.3393937115826968,0.42497834524428857,0.45794039586880675,0.5188440241285512
1775545119.9494271,241.28,865.12,0.3409925079424086,0.4261066311261429,0.45846967218062024,0.5204458090362833
1775545119.9825032,240.04,863.18,0.34149439838403267,0.426498216079169,0.4596956156939317,0.5202146689772679
1775545120.014469,241.86,863.96,0.3430484120040779,0.4274590468068077,0.46080756344356005,0.5187181951233977
1775545120.0463376,241.1,861.74,0.3445658503864768,0.4288705410971317,0.46036127265357385,0.5202958841583756
1775545120.0804765,240.4,862.72,0.3437060271240987,0.42855026397283663,0.459526139995356,0.5187885499164414
1775545120.11014,238.2,861.94,0.3433792717398206,0.42932440478573686,0.46122624576599275,0.5198119351859647
1775545120.1435745,239.2,863.56,0.34449521566422514,0.4291969969469524,0.461077627002086,0.5191106227689984
1775545120.1744938,241.56,861.52,0.3457795693155735,0.4314605872929274,0.46247211013045303,0.5202697705591981
1775545120.2082524,240.88,859.9,0.3468985508061762,0.43321074771835527,0.4632458228141766,0.5218414990990509
1775545120.2421453,240.52,858.02,0.34601435366929584,0.4327627363339861,0.463468172278101,0.5221245242114626
1775545120.2856069,233.12,860.84,0.3458370644541669,0.4331970214843227,0.4636718278523784,0.5225786610075146
1775545120.3174365,232.66,861.64,0.3459075128175222,0.43449883149578267,0.46393064795612493,0.5212304824616003
1775545120.351199,234.22,861.74,0.3470792898224854,0.43570832659744213,0.4643880392641281,0.5219381602445562
1775545120.3911533,236.58,861.3,0.3460197616810744,0.43504203367541733,0.4641523859858093,0.5234433076413912
1775545120.4303052,240.22,864.5,0.3476345285862192,0.4352422267008379,0.4635442553511211,0.5215400189889502
1775545120.4612947,241.74,864.44,0.34470361908171965,0.4359504266082625,0.46346035551172016,0.5217509727389827
1775545120.4949043,240.78,864.36,0.34644797828301915,0.43690583637376074,0.4652568323594035,0.5224255821056437
1775545120.529291,240.04,859.78,0.3441713187976793,0.43513328977991367,0.4624777132171723,0.5206426454127993
1775545120.5744305,237.02,859.58,0.3446952902153798,0.434523039978043,0.46227876300113857,0.5225076130758951
1775545120.608219,238.52,862.86,0.3457206223284701,0.4349368821491383,0.46269321306313776,0.5210414177387656
1775545120.654448,236.06,861.2,0.34678638989681587,0.4348792253668529,0.4639188946892236,0.5220558187946529
1775545120.686308,235.36,859.42,0.346212101365013,0.43478733868388303,0.46406703337450184,0.5230547480925168
1775545120.7183208,234.0,860.16,0.3468919405070301,0.4343490550949355,0.463255813479577,0.5228597150392931
1775545120.7519975,233.04,859.5,0.3465455511251804,0.4343962929973413,0.46322256986386595,0.5227255263161756
1775545120.7916834,236.14,859.56,0.34454177949426246,0.4329161997323811,0.4627424491938518,0.5222922395157579
1775545120.831571,233.52,859.04,0.3455797357144629,0.43457564547185984,0.4627839045995729,0.5217798751553115
1775545120.8625174,239.2,858.52,0.3442746508663364,0.4333176152842675,0.4607684880426805,0.5217470941386941
1775545120.8970635,236.9,859.2,0.3468381331248358,0.43352065759843716,0.4598112177869291,0.5205688857297788
1775545120.941344,235.62,858.64,0.343294799031579,0.43232702573066073,0.4596253325907428,0.5216599333500109
1775545120.9738162,235.42,857.68,0.34329448371430443,0.43185017396503184,0.45991319999138447,0.5216282982603605
1775545121.0064192,236.3,856.32,0.3397835153040009,0.43043170379268136,0.4594211923547582,0.5212453679378586
1775545121.0383139,234.86,856.64,0.3395377732032564,0.43058675138587815,0.45750553565585794,0.5208669965417024
1775545121.073661,232.76,857.66,0.3378311116336201,0.4284530494763196,0.4546203355071422,0.5188154123907545
1775545121.1024354,231.88,858.86,0.3343733036763077,0.4232694254942329,0.45398117261165793,0.5148385228636787
1775545121.1342382,232.98,858.0,0.32891963506492494,0.4129153089886667,0.44735409202387927,0.5083201267329934
1775545121.1663547,232.62,857.78,0.3025274049547203,0.36857142945667487,0.4073404413255704,0.48813730096687147
1775545121.1909308,232.86,857.96,0.2783515764393474,0.32557386981668196,0.36948686852392876,0.46244796112640585
1775545121.2312927,231.0,856.96,0.27692764951286397,0.3288980939522771,0.3704116336709697,0.46231477072397065
1775545121.278214,235.48,856.92,0.23834525168457338,0.290895579438219,0.3448335971658526,0.44069859132281874
1775545121.3102345,235.68,857.5,0.19962592644985688,0.25202574570591635,0.31567960393318706,0.4148744714697635
1775545121.3423548,237.72,857.14,0.17473044063424625,0.225913067725902,0.29555884866830107,0.39732664412154467
1775545121.3744006,235.3,857.02,0.15898984477563813,0.22283212864637642,0.2931249412842653,0.38002632602190695
1775545121.407416,233.36,855.98,0.1561162550441263,0.22270753293890608,0.2897589194564011,0.3595554676044274
1775545121.4373982,230.78,856.38,0.15279959932781045,0.21819787501537363,0.28602302918405503,0.34860615586320537
1775545121.4743338,230.38,856.16,0.1576430653807515,0.22147326337348922,0.2869578326750575,0.33948872388724294
1775545121.502527,230.78,854.02,0.16296269769486546,0.22521768744863213,0.2895659768326596,0.33794431486240356
1775545121.5413702,232.98,855.92,0.15345798323405216,0.21694228747685057,0.2788167291003084,0.32438481378247
1775545121.5665174,234.48,855.5,0.13749120688516844,0.19030289063930803,0.24995484828845116,0.29778463311759984
1775545121.5984724,232.52,854.98,0.12401251603865429,0.17063675035399437,0.22929318670706256,0.27776118577575276
1775545121.6303399,233.0,855.32,0.10809421860208457,0.15184146220013037,0.21475405168690145,0.2640158341859981
1775545121.663277,235.96,854.92,0.10269564043998321,0.14609851191526832,0.21095105679940365,0.26256509604204087
1775545121.7103732,235.74,856.58,0.07622059193457853,0.11787593971271629,0.1783003964998502,0.23159753236516747
1775545121.7424858,233.22,856.42,0.07598264655828318,0.11707607869987569,0.16907847029407094,0.2184411161471508
1775545121.7750356,236.06,856.04,0.0826120551743057,0.10224749363860483,0.14883849876926217,0.1905196163956582
1775545121.8065715,236.46,854.44,0.08299989886475871,0.0828168905258874,0.13188303234400303,0.16739814275477594
1775545121.8375518,236.86,854.44,0.09301569751785103,0.08049950665374479,0.12259825576643248,0.15289837483633137
1775545121.8704083,236.06,853.52,0.09845731222315465,0.08412344372082788,0.12118473390609809,0.14987663248137276
1775545121.901338,233.76,853.84,0.10032791087500471,0.08188185110466935,0.11614146654539992,0.14764684650386975
1775545121.9345512,235.34,854.64,0.10061484115985149,0.06979068090606098,0.09863144155311582,0.14087566389151246
1775545121.965535,234.56,855.96,0.10349912985768057,0.062121207786951016,0.085935958642066,0.13207156593638048
1775545121.9985325,241.5,856.22,0.10638866902113563,0.058201069257573936,0.07729208571942889,0.12493074829161167
1775545122.0319266,240.44,854.12,0.10432437831637918,0.056899158168145614,0.07433271801341049,0.12058937055310832
1775545122.06238,237.92,854.32,0.10483825753482123,0.05405976610393317,0.06916451196337992,0.11832504109777725
1775545122.093909,237.68,853.52,0.10427513913842626,0.053893919191467174,0.06973745004361336,0.11848544190926402
1775545122.1276164,236.78,851.52,0.10174620019107725,0.05296646035955007,0.06558960431523594,0.11446341663098021
1775545122.1764488,235.2,850.94,0.10257741879734356,0.0518191660114466,0.06631171836981167,0.1161229696166818
1775545122.2063024,237.24,850.76,0.09598467305815206,0.050281657147346726,0.07041007249795214,0.12016450531538572
1775545122.237311,236.88,854.64,0.09858999984724028,0.0510858524085191,0.07131148804992075,0.11951429652984402
1775545122.2704213,240.9,853.36,0.0942528133219399,0.050276320809303256,0.07269653006801607,0.12226032589372612
1775545122.3010652,239.26,852.36,0.09638056218931539,0.05165610482697599,0.07399198698405272,0.12161055928540866
1775545122.3343782,241.72,853.62,0.09537145615170313,0.05319003161785342,0.07593663004710906,0.12274601494199393
1775545122.366182,242.48,853.74,0.09182301647258682,0.04919030617773696,0.07710129932529265,0.12943509397929914
1775545122.398459,243.18,852.48,0.09254714465239636,0.052656480216799514,0.08226198155058469,0.13283454898587413
1775545122.4302192,243.72,852.24,0.0928644726088121,0.052501816001680926,0.08268648893267648,0.1330466489150068
1775545122.4623017,241.02,850.92,0.09333765815376531,0.05197172628205737,0.08127179998525516,0.1306201882004396
1775545122.493913,245.48,851.04,0.09321337832870771,0.05106448568074088,0.08122973618746358,0.13111641424406376
1775545122.5272055,238.26,850.58,0.0926051853293598,0.05197267778154809,0.08428777426884836,0.13340190542438377
1775545122.5768883,238.64,850.7,0.09064533575871973,0.051812412153893254,0.08425589636624953,0.13395615543475714
1775545122.6065013,239.42,850.02,0.09029564856900284,0.05089166716010124,0.08370414933909115,0.132867264086812
1775545122.638301,240.38,849.74,0.09420226338012808,0.051974551626322925,0.08134981495601509,0.1300202023394015
1775545122.6715894,239.4,850.52,0.09033779082552304,0.05045639311105324,0.08298563071581437,0.13342904608487102
1775545122.7025871,239.32,849.74,0.09500616056850672,0.04890919134342761,0.07922778571505432,0.12767701503611142
1775545122.7357025,242.96,847.56,0.08973678308539099,0.050989289086884756,0.08304042121551439,0.13329293250993804
1775545122.7663505,242.2,846.56,0.09399434578457498,0.050550672449511454,0.08154654597081636,0.1310276003809749
1775545122.7986093,243.5,846.84,0.09362502678110882,0.04999047048583221,0.08163694916639198,0.13168175838032048
1775545122.8302996,245.12,848.8,0.09268163695032683,0.04955496430153152,0.0802530518469189,0.12897944437148648
1775545122.8625581,245.78,848.28,0.08822682666190192,0.04927750416984293,0.08137937905805029,0.13327464995928787
1775545122.8943338,244.78,847.36,0.09009060871551736,0.051813031165834,0.08592902621673205,0.13574608806379274
1775545122.928091,245.02,847.66,0.08856896007505852,0.04980186356447375,0.08348176988289616,0.1350165403132286
1775545122.974376,244.2,846.64,0.09153769302149788,0.04749453097039507,0.08221420113518388,0.1330533403542016
1775545123.0053697,239.02,846.78,0.08891523431171822,0.04886474831601208,0.08250076533566236,0.1346941124274495
1775545123.038259,237.94,845.18,0.09053215742065482,0.05060405884630325,0.08476315567760971,0.1356466902921279
1775545123.069184,238.04,847.64,0.08743173671493912,0.05021039936727079,0.08479342273292254,0.13561421867603723
1775545123.1013348,239.3,847.14,0.08766617578282881,0.04893070555632797,0.08184162590497024,0.13288237397477182
1775545123.1343443,241.4,847.34,0.08774551459971124,0.04688762206462182,0.07989635940976526,0.1307260013668458
1775545123.1662917,242.14,846.88,0.08941991639770115,0.047483204410895076,0.08118666365853949,0.12944104098389392
1775545123.198219,242.96,846.56,0.08924544302283485,0.04743626144513614,0.08091287501286165,0.13103240194279908
1775545123.23095,241.7,846.0,0.09101824695872868,0.045586194493254295,0.0757517387621928,0.1246019896251943
1775545123.2652206,241.82,845.86,0.08770933952316406,0.048161888092839715,0.07994959924229546,0.12749840791113307
1775545123.311631,242.02,845.48,0.08785809818196855,0.04929893873862144,0.08137042273580998,0.12721090503243165
1775545123.3414075,239.18,845.58,0.08196680587047969,0.04860472258223652,0.08241149309001178,0.1287152676563445
1775545123.3751938,239.96,845.08,0.08532333201067023,0.049026551684691964,0.08205188492722847,0.13267085350606653
1775545123.4089525,243.98,844.54,0.08587279878380549,0.04770330905286524,0.08090106901500785,0.1306308886251155
1775545123.4555166,242.7,845.74,0.08395547443321878,0.04803144575779019,0.08227755927838482,0.13235122009397413
1775545123.486544,241.8,847.2,0.08551349186171893,0.04823536014975558,0.08072049400858065,0.13004595652639445
1775545123.5201955,242.14,846.9,0.08639697428588418,0.051549397472319465,0.08282792874780237,0.13120364526845688
1775545123.5661578,242.36,846.24,0.0876515738859523,0.04934339972767602,0.08346156199087737,0.13223333747789692
1775545123.5984316,244.08,846.8,0.08857858423302475,0.04969949568884202,0.08182953475276922,0.13098536684458875
1775545123.63028,242.5,846.42,0.08717370931795172,0.0500534250359518,0.08423407015049403,0.13469057930784598
1775545123.6631134,242.44,844.12,0.08170564056770067,0.04916807253676009,0.0836856308449596,0.13386834923612628
1775545123.6959114,241.6,843.0,0.08343931518224616,0.048734716283873825,0.08121623028269898,0.1302763670510753
1775545123.7402322,240.74,844.48,0.08477240616173645,0.048516266640985024,0.08113931982906551,0.1300851569146384
1775545123.7793455,243.5,842.54,0.08687122054967202,0.04833062686530708,0.08140229194289915,0.13034969400053595
1775545123.807417,241.04,843.4,0.08019474323673119,0.04945580767728129,0.08446961484942324,0.13394438990590493
1775545123.8544776,239.46,843.38,0.08332419367119127,0.04525186138308785,0.08039640477202166,0.132602917413068
1775545123.8862817,238.22,843.1,0.0853678211193075,0.04669665903504246,0.08211482488026463,0.13278096870657377
1775545123.9183924,238.64,842.86,0.08050402654394469,0.04668966035459063,0.08401160646591223,0.13363189017986665
1775545123.9528618,237.84,842.7,0.08306353048408803,0.04849086309705388,0.0845827246801252,0.13387539006037524
1775545123.9997134,238.48,843.04,0.07916571915400243,0.04909038253305829,0.08572967023006041,0.13533931527963075
1775545124.0303962,241.5,842.88,0.08241906630998384,0.04469802913415786,0.08000812372251463,0.1328757349293685
1775545124.0639222,241.6,842.38,0.08119440736411167,0.045785057917888596,0.08095847480941439,0.1327400533369848
1775545124.094148,238.84,842.82,0.07924095897102963,0.04572362624983356,0.08438989324641866,0.1354467553359715
1775545124.1278324,238.64,842.72,0.08302393315649664,0.04606945291524751,0.08098586763784811,0.13161171048889303
1775545124.157227,236.44,843.1,0.08230491340192234,0.046842977004624316,0.0832454306620484,0.13402091539509647
1775545124.1903026,236.88,842.6,0.07862392723300689,0.04552724833393583,0.0834469817618046,0.1341193493410799
1775545124.2225907,233.74,841.94,0.08107140247780399,0.04750089371863394,0.08250310780733362,0.13316238756101387
1775545124.2544062,236.64,841.98,0.08049542836802147,0.04833110042412293,0.08473307006510888,0.13679716386488225
1775545124.286711,235.46,842.34,0.07854197761601601,0.04352859129019155,0.08220273199134047,0.135212214885708
1775545124.3174012,236.36,842.44,0.08065530307422253,0.044088271992573,0.08241994273759853,0.13628657085723586
1775545124.3501508,235.44,842.48,0.08022514280245628,0.043290643533006906,0.08115497827125168,0.1333127428818664
1775545124.3844635,235.84,842.1,0.07950094788788584,0.04366215315334585,0.08002353688450597,0.13394779866380996
1775545124.429471,235.7,841.98,0.07805197292243249,0.040968523824422204,0.07713620316066941,0.13224866884543518
1775545124.4622748,233.02,841.56,0.07842268182886919,0.04235827268012322,0.07843598339320974,0.13267180469451983
1775545124.494656,233.86,841.96,0.07987678216642709,0.044479119696502166,0.08141981429717308,0.13531306570928262
1775545124.5263624,232.64,840.66,0.07743722030647904,0.049585846255087496,0.09024361270772287,0.14011540669939193
1775545124.558408,231.6,839.98,0.0690067923927164,0.05409401806477553,0.10417086192609892,0.15219501903206545
1775545124.590337,230.46,839.1,0.06390241550259464,0.06663051896759764,0.12009811883900792,0.16684166165024256
1775545124.6237226,230.82,840.1,0.0650217435267663,0.08220892495704854,0.14526457957080488,0.18107726667133103
1775545124.6543543,231.92,839.4,0.058896869225836895,0.08181387439257759,0.14988110514509065,0.18264508424055295
1775545124.6875966,230.34,838.96,0.02839118312659716,0.06578613171097154,0.1348376239297002,0.18503933151483543
1775545124.7182627,235.8,838.4,0.02426340164047126,0.07202207336733539,0.13655513810859815,0.20482989875838525
1775545124.7532203,235.78,840.18,0.06558970087104657,0.1043711585715664,0.16152685176037476,0.23957142423053698
1775545124.7869017,235.76,837.32,0.14256776317505046,0.1813507795817332,0.1966409085092906,0.2778627039988569
1775545124.830231,236.02,837.8,0.18873618779707793,0.23937159827909205,0.24717352157699107,0.29808404129236
1775545124.8622973,232.78,836.22,0.20747064852476685,0.2628438701528175,0.2720101359054764,0.3143304756216107
1775545124.8941116,231.58,837.12,0.21955725964701747,0.27210775600689113,0.280088413253118,0.31445790145618935
1775545124.9261553,231.96,836.82,0.22464951731298546,0.28196796904543525,0.28400430315910735,0.3165009868586783
1775545124.9574714,232.32,837.16,0.2267865660807694,0.2850906506873641,0.28378031662098574,0.3168041091530304
1775545124.9902284,234.38,835.5,0.22538464797217186,0.286377972641446,0.2841667111964824,0.31788904596589773
1775545125.022445,235.16,835.64,0.22532698214978206,0.2838038124509777,0.28156098492956627,0.317338566952237
1775545125.0533652,236.36,834.36,0.22312027549838992,0.28166513187371084,0.2789765592815396,0.3148970329429717
1775545125.0864604,235.08,834.74,0.22014783976516816,0.27890958696908896,0.2767809594494966,0.3127304392429773
1775545125.1184077,234.7,834.0,0.2213261000291369,0.278986684772202,0.2760802089953207,0.31301049340048365
1775545125.1504586,234.76,833.4,0.22011089919987736,0.2781687465828047,0.2759189149180746,0.3124216221274516
1775545125.1825454,235.56,831.86,0.21671748194471563,0.279110532127732,0.27529608807236555,0.31160157320214177
1775545125.216177,233.14,832.04,0.21862237033436088,0.2809765199222984,0.27634392444618616,0.3131593636256943
1775545125.268931,233.0,832.14,0.21532681225116015,0.27846829409210266,0.2754827745170107,0.3115115470534273
1775545125.2944498,232.22,832.36,0.21506919989466572,0.27942401799740335,0.27442213565179346,0.31283876513594544
1775545125.3237977,233.5,829.98,0.21391410018292767,0.27851245862317053,0.27406634946729624,0.30972821229964975
1775545125.3500044,233.7,831.16,0.21289019792374933,0.27801867057798796,0.272818411719916,0.30881472344842675
1775545125.37739,235.66,830.92,0.21076633288922064,0.2777054109214116,0.2726924524549523,0.3087673022757596
1775545125.405055,236.28,830.74,0.20975919172289348,0.2781659493184893,0.2718723119470165,0.3079108864422542
1775545125.4325418,236.36,831.02,0.20869378564960836,0.27846308657980606,0.2720628585227178,0.30730778430199385
1775545125.459813,236.16,830.8,0.20964607964348664,0.27845728014975113,0.2713491043336847,0.30701059387556695
1775545125.4858217,237.5,829.78,0.207885264743614,0.27617098354615816,0.271107632331474,0.30620537443710716
1775545125.5120182,235.92,829.88,0.20458815557500423,0.27375655977527835,0.26915346552875996,0.3058443625200494
1775545125.5421586,237.36,829.38,0.2026328560436474,0.27521663874046104,0.27014360828525785,0.3077405098698654
1775545125.5681489,237.8,829.28,0.20005961437823727,0.2753102761418488,0.26814693699329567,0.305150823584168
1775545125.5953305,238.54,828.8,0.1994323084929141,0.2746684259198021,0.2695698716225196,0.3072718485597305
1775545125.6244273,236.92,828.0,0.19831321233996752,0.2728226275371365,0.2696812576160752,0.3075506499689665
1775545125.6650827,239.14,827.76,0.19797818330488562,0.273830183106717,0.2703128801082365,0.30675438806820216
1775545125.6935172,240.54,828.82,0.19796674659811456,0.2743744933958882,0.2701624256456669,0.306852054334888
1775545125.7213757,242.3,828.34,0.19646159464699425,0.27430141355531307,0.2691276370192529,0.30425442243249534
1775545125.7484896,243.0,829.8,0.19709628512111496,0.27544830314787233,0.2701437898569978,0.30570466543808067
1775545125.7762325,244.58,829.24,0.19670059134565193,0.2745724787015182,0.26896309831820475,0.30489802562318224
1775545125.8110108,243.94,827.36,0.19741460254386542,0.27373767174627756,0.2685160975249783,0.3057185762120128
1775545125.8455906,243.82,826.68,0.1962193519530962,0.2742202941316933,0.27094142694081935,0.3078956088442183
1775545125.8829832,242.26,825.94,0.19546409466999268,0.2753463452090424,0.27156408734638326,0.3066820591219507
1775545125.9091136,242.9,825.52,0.1958992499373268,0.27380574882515746,0.270103101913291,0.3046937196817622
1775545125.9578528,243.0,825.42,0.19903403743292236,0.2762382057259412,0.2718665568303585,0.3073265178407104
1775545125.9855864,242.48,824.58,0.1980650291520493,0.27484469480853047,0.2692866867439567,0.30632453425266726
1775545126.0193741,241.46,824.12,0.1992471927286233,0.27598471920497714,0.27046191833300115,0.30527591043544405
1775545126.0537481,240.92,823.98,0.20024994689370865,0.27601026731746703,0.27052190591053,0.3063734895534164
1775545126.082938,240.08,823.38,0.19961431909250554,0.2754587351680632,0.26944485880027974,0.3057422976567528
1775545126.1110282,241.24,824.64,0.19934553225440657,0.2768260583837245,0.26987591250042764,0.3058747822770253
1775545126.1402013,240.04,825.02,0.20019551891722281,0.2757304513862842,0.2688120011447958,0.3042659328499145
1775545126.1650257,241.06,824.34,0.1993973595939992,0.27553811035931225,0.26910865382780663,0.30467285415368567
1775545126.1997776,239.64,824.6,0.20190395307128567,0.27747436752115295,0.2703429273004499,0.3043540571439614
1775545126.242736,241.58,824.06,0.19870379827550588,0.2749259243842821,0.2705472292822496,0.3086840867170377
1775545126.2772162,241.86,824.26,0.19725695461782822,0.27500987880286687,0.2706325211668023,0.31287622911710505
1775545126.305053,241.26,823.46,0.19805447546671598,0.2749562809868798,0.27126416361765876,0.3129622596216405
1775545126.3400986,241.26,823.66,0.1981717425708854,0.27449108192358285,0.2704144205533249,0.31220444190146807
1775545126.3730075,241.56,823.78,0.19813940757075307,0.27354727355464653,0.271926461184637,0.31362353973560253
1775545126.4038618,241.4,822.9,0.20154625320828337,0.2778383391478775,0.27300163960286344,0.31260469510261185
1775545126.440486,243.62,823.08,0.20004218203104057,0.27549773182895493,0.2720168626632369,0.31183428976074934
1775545126.4673078,243.54,823.46,0.2006657235339495,0.27510795235072166,0.27138316227197723,0.3126033187657078
1775545126.5049582,244.94,822.44,0.20063722874930864,0.2754800650040946,0.271910929485934,0.31283290379245865
1775545126.5349426,244.94,822.32,0.20257037088277138,0.27740183531322066,0.2713022283245242,0.3120037690320758
1775545126.5618672,240.3,820.6,0.2010571205506885,0.2764260828859661,0.27146389319519154,0.3123251254906081
1775545126.6049697,238.88,818.52,0.20242970040190023,0.2763346269290866,0.27183432903600324,0.3108491057269072
1775545126.6373174,241.44,817.74,0.19872049251038473,0.275212727307153,0.2717792208725359,0.3132238047626849
1775545126.671911,242.26,818.06,0.20065352781611648,0.2749592257043742,0.27255318964225095,0.3135971548972096
1775545126.7136695,242.86,817.5,0.2006829717928326,0.2761942786874107,0.27187949735131123,0.3134027489235798
1775545126.7414834,240.68,817.68,0.20013992641003914,0.2754220231303009,0.27188955504069934,0.3126482306470033
1775545126.7800887,241.94,817.44,0.19901882807853039,0.27518322478599394,0.27289102697680523,0.3133890021312103
1775545126.8176677,244.36,817.7,0.19973445221796973,0.2766121580310976,0.2733860891675502,0.3135443730906664
1775545126.8453789,242.88,814.4,0.19969622416025926,0.2750128794888385,0.27420540276274663,0.31475117400774105
1775545126.866223,242.0,813.68,0.19988373748505597,0.2769144299147579,0.2736221390625529,0.3127900902673092
1775545126.90186,242.3,812.92,0.19952498182792358,0.27588020936030205,0.27409252639538956,0.3143903995974152
1775545126.9424696,242.8,813.4,0.20123562551885876,0.27647821916301085,0.2729026799209038,0.31380941719521566
1775545126.974482,241.82,813.74,0.19943308147722952,0.2757790629001877,0.27342643050307913,0.31372065770351626
1775545127.0064423,241.34,813.92,0.19982179390379146,0.2759982601470943,0.2739367823754506,0.3128446139161739
1775545127.0382323,242.3,814.38,0.200025317231877,0.27550287054780775,0.2744566337109513,0.3117094315581008
1775545127.067465,244.34,813.96,0.2022691947676064,0.27705672943912024,0.274649952852627,0.3121458262657203
1775545127.1047657,244.98,814.56,0.20187610063092465,0.2761798155126619,0.2729011603474904,0.3111653955881347
1775545127.1499205,248.02,813.6,0.20174450926324508,0.27601002462213586,0.27104938306448195,0.3074990104527369
1775545127.1838162,246.56,817.68,0.20193226261177452,0.2752087916580688,0.2713915767201974,0.31061460845219013
1775545127.2160394,245.02,820.08,0.20168303475393584,0.2759289078270751,0.27159935248835515,0.31152559616582753
1775545127.2466223,244.0,818.88,0.20208414578769737,0.2778734498574043,0.2740514433689789,0.31136825896302966
1775545127.2955856,244.34,819.64,0.202168706171848,0.27797106240300273,0.27327765817975574,0.3112693313062853
1775545127.3492618,241.48,812.34,0.20173834591728487,0.27631760430095226,0.27336701588091833,0.3115308372324975
1775545127.3921356,239.94,812.26,0.20145951797104256,0.2757104160643226,0.27300078679666945,0.3130861039222074
1775545127.4208193,238.56,811.8,0.2022740114911627,0.2768591203466329,0.273055443367951,0.312704123585066
1775545127.4540975,238.06,808.02,0.20198803900246803,0.2780596418621538,0.27528347655671076,0.3140004402442903
1775545127.4857843,237.92,809.5,0.20212044857018827,0.2756007745765431,0.2737558719232086,0.3123589331999336
1775545127.5174212,237.04,814.0,0.2044052991660092,0.2778253221925903,0.27498358018262875,0.3109151572240528
1775545127.549585,236.52,815.56,0.20278899494797495,0.2773961366857534,0.2727983947650062,0.31016835875584803
1775545127.584692,237.26,815.24,0.20380960749768992,0.2765075078293975,0.2735773969948346,0.3121906669202689
1775545127.6190853,238.42,816.38,0.2015131930766681,0.2765754199720582,0.2740640585716073,0.3120615638337304
1775545127.6489954,237.88,816.22,0.201270886310716,0.27820812220056956,0.27524608291140557,0.31243142805214674
1775545127.6847389,239.36,813.74,0.20186386358612632,0.27688861237572343,0.27566546838441774,0.31232862865695243
1775545127.7094402,238.82,814.18,0.2032470206774078,0.27754383452534964,0.27415867327496657,0.31202666253943057
1775545127.7423944,239.34,813.84,0.2033054369651045,0.278784902930859,0.2755753187599532,0.3118988849978746
1775545127.7743714,240.62,814.74,0.20328911632317842,0.27639309791692684,0.2744918817916767,0.3123202427269529
1775545127.806351,242.1,814.6,0.20487159080519698,0.28008719983233493,0.2756680741284741,0.3114514347098713
1775545127.8399003,243.5,813.84,0.2052449064660854,0.2782253384860836,0.27352885959482126,0.30997953658340527
1775545127.8702884,244.64,816.52,0.20324030542634594,0.2775487713522232,0.2726704342149633,0.3094543284444471
1775545127.9034927,245.18,818.16,0.20388516276802396,0.27927818740029625,0.2739698344403005,0.31179106033414267
1775545127.92873,244.78,818.94,0.20303865040688218,0.2796572620187129,0.27452014146093906,0.3123937455909394
1775545127.9650414,245.4,822.82,0.20400555734493495,0.2787966961117127,0.2737060266980357,0.31199357463941674
1775545127.9986496,246.3,824.52,0.20198789397310246,0.27813009328047283,0.27273261727277887,0.3120999025214578
1775545128.0461385,245.3,823.82,0.20309897035264796,0.2766962375506954,0.2743482875077445,0.3114239191476314
1775545128.0773618,246.06,822.1,0.2035956458886562,0.2776852079357781,0.27280761829164046,0.3112395747422599
1775545128.1102378,244.94,820.78,0.202059069338313,0.27747517043228803,0.2735078479037116,0.31374736896017963
1775545128.142358,243.24,821.94,0.20156931976786863,0.27632072654792145,0.27297169284044964,0.31251372974596336
1775545128.1742709,243.28,820.46,0.20268601438270037,0.27726720105771674,0.2731590853393207,0.31196218631515105
1775545128.206265,242.22,819.26,0.2008644681929984,0.27699692370488443,0.2742368821910686,0.3137240543850504
1775545128.2381907,241.84,817.5,0.19984574526530915,0.27682016805708115,0.27530813738305004,0.3143128012839533
1775545128.270198,245.1,824.38,0.20205391119397795,0.27668571709915624,0.27396236172969907,0.31159642307238583
1775545128.302265,246.44,823.98,0.20158464184026875,0.27841836258823727,0.2750177068124071,0.31233272089901576
1775545128.3358667,247.34,825.26,0.2000899529635241,0.27746535634307873,0.27500325160598,0.31169507667197743
1775545128.385727,247.6,824.24,0.20244389058288523,0.27902345953463914,0.2762131506969181,0.31348949983452945
1775545128.4133584,248.84,827.98,0.20232066807827223,0.2777645096280971,0.2760624621167345,0.31408277539616475
1775545128.451378,249.76,830.44,0.19976512726647655,0.2783858387989013,0.2757974510569473,0.3129704441452066
1775545128.4856534,248.26,831.18,0.20208119748730044,0.27861138635218125,0.2760228345742959,0.3142034850854587
1775545128.5284786,247.26,823.94,0.19968082475407287,0.27765169080399105,0.2748075871293981,0.31255721627974176
1775545128.5743492,247.46,828.72,0.20147088413915812,0.2775621788144982,0.2740309790196519,0.31254674297226637
1775545128.6077466,248.86,828.46,0.19950747770244054,0.27639642926821767,0.27321133832745365,0.31186697213507414
1775545128.6384544,247.28,831.82,0.20013057637283801,0.2784094262047924,0.27429093258211823,0.3128951339790514
1775545128.6695056,246.52,831.72,0.20057886163409558,0.27967659398253075,0.27629643697098877,0.31348473551653694
1775545128.7022214,247.04,831.38,0.20090300100990732,0.2811299848721507,0.2787565811411477,0.31622282106081334
1775545128.734362,245.76,828.76,0.19753864331471313,0.2794734090359105,0.2770538136703209,0.31288534546115704
1775545128.7679217,245.4,830.94,0.20147155843919443,0.2825687537354392,0.27734844461213154,0.3135650504927515
1775545128.8042772,243.02,831.24,0.19938818803617447,0.2816782036784933,0.27691919008512006,0.31356036181759356
1775545128.846179,242.52,831.34,0.19969060017393966,0.2798285883131635,0.2761330391772173,0.31342271685361794
1775545128.8783476,242.22,831.48,0.20026115851554538,0.2811293483200783,0.2764147031576303,0.3146895763617889
1775545128.910521,240.7,827.0,0.2011255602511273,0.28207167776836123,0.27763981169534696,0.31442361662165497
1775545128.9422863,241.36,824.92,0.20147763195314686,0.28372815914877336,0.2793493077643826,0.3162759188076962
1775545128.9782093,238.06,827.2,0.2024430505113881,0.28218204273457587,0.27860423267015827,0.31425338108492457
1775545129.0056002,238.5,828.4,0.20486205219369455,0.28397973373727586,0.2794996771914488,0.3134661261688808
1775545129.0374641,240.12,837.68,0.2015172727988456,0.2785663937897703,0.276111721367571,0.31265825726713614
1775545129.070237,240.94,835.14,0.20472032858150008,0.2813667689635052,0.2783512882099356,0.3146761425361456
1775545129.1033773,241.58,836.7,0.2035678931162097,0.28018953512603667,0.27673955142772394,0.31578655803875366
1775545129.1334581,243.18,838.28,0.20355511318723213,0.281562691157745,0.27902984661176894,0.3165064368871489
1775545129.1670637,241.74,838.6,0.2026782903770256,0.2810501666248349,0.27896459730937,0.3157219454692411
1775545129.200981,244.18,837.56,0.2036386110923999,0.2812921710493386,0.27670461051274237,0.3149776416762958
1775545129.2478585,245.82,834.7,0.20403842497418984,0.2827850751103756,0.2778043283049961,0.3159712017725805
1775545129.2784595,245.16,832.1,0.20247305253276388,0.2816002648241472,0.2778121122587875,0.3169655298477616
1775545129.3091617,244.62,830.96,0.20455541602673658,0.2815922762571944,0.27843373223965284,0.31624798350242156
1775545129.3421593,243.82,831.94,0.2029551176767971,0.28110852950649423,0.27766277380842214,0.3164063218823
1775545129.3743527,243.34,835.92,0.2046203998195866,0.2823234931864918,0.2777888906295807,0.3138846511155365
1775545129.4068918,244.22,833.8,0.20311141789352224,0.28304440580447626,0.27880492888554004,0.3174981422982157
1775545129.43843,243.82,829.26,0.20363658058039968,0.28052203900520994,0.2772488687128919,0.31491862564205914
1775545129.4699771,241.2,827.08,0.2022442800821146,0.2809506604622304,0.27820951624683704,0.31814775238687887
1775545129.5023081,237.18,828.5,0.20441917304548732,0.28075544002389713,0.278084389435232,0.3155588230456014
1775545129.539562,236.12,830.26,0.2007458504738881,0.2814601906380505,0.2779663408745488,0.3165819908328804
1775545129.566489,238.12,822.58,0.20270892934675272,0.2837042881080894,0.2797553764200335,0.31881528928346226
1775545129.6007173,237.84,820.36,0.20181098175146223,0.28023604465173224,0.27665603894606905,0.31533322029957855
1775545129.6461623,235.24,818.8,0.2013308186633487,0.28076904797076285,0.2769636814678793,0.3156812642243349
1775545129.678341,234.72,813.5,0.2024975575909623,0.2811552252967903,0.27727594355426605,0.31681117874518905
1775545129.7101934,233.62,812.52,0.20208098495928298,0.28165853319987816,0.2778577764172024,0.31520692508515935
1775545129.7437568,234.2,809.94,0.20319526493444903,0.28251894118896304,0.2780260362867339,0.3160885801482205
1775545129.7744045,231.42,809.24,0.2015833727428067,0.2803900432681284,0.27699453381572997,0.3143613532508657
1775545129.8078856,230.94,810.46,0.20245469913597228,0.2834344868745432,0.2785241028023356,0.31475835374649785
1775545129.8374157,231.76,810.3,0.2007139116282874,0.2808661581219333,0.27737994786992765,0.3153638968769587
1775545129.8715887,233.58,810.72,0.20083646110973255,0.28059462514830225,0.27761531243231624,0.3166007483697822
1775545129.902399,232.72,812.26,0.20219251858825993,0.2806588274575895,0.27708482177967886,0.31366340066877635
1775545129.9344409,232.7,814.48,0.20064676154093752,0.28054941612154594,0.2764623587559748,0.3139357797608016
1775545129.9666317,232.16,811.02,0.20040451856427002,0.2809174452397684,0.2758795155451923,0.3132364823038544
1775545129.9981952,233.08,813.2,0.20116978751576883,0.28012596870220463,0.2766692451372684,0.31539385901018585
1775545130.0334685,231.28,812.8,0.19995869437065703,0.2800368022260224,0.2767422143997737,0.31576680744404284
1775545130.0645719,230.86,811.92,0.19955914528182822,0.27949368345921893,0.27604563790443193,0.3147214290079511
1775545130.1100512,227.78,810.58,0.19927182177789468,0.28015651987413626,0.27634762585812783,0.31565876818287875
1775545130.1422565,227.34,804.76,0.19857855146786318,0.2794763129866072,0.2768018938923403,0.31598337282530575
1775545130.1745193,227.78,803.78,0.19807774147934418,0.27976488619483825,0.2755238698454665,0.31526050734058597
1775545130.2062745,226.82,810.3,0.19825073660503623,0.28030109194293856,0.2757769167897281,0.316668543589405
1775545130.2380962,231.12,808.82,0.19967823199372586,0.28117837792049755,0.27737125862643247,0.3176183515805868
1775545130.2704291,230.12,808.06,0.19791123069260216,0.28124097301798096,0.2779904088924098,0.3179963556475604
1775545130.3014462,233.24,807.98,0.19601992296172618,0.28132945402562526,0.2764706242066178,0.31606009270042756
1775545130.3345478,233.08,804.6,0.19824312315698964,0.2836858461232322,0.2790028043320098,0.3186115808157825
1775545130.3673885,233.2,804.92,0.19796397065571023,0.2846483846923624,0.2799487183499087,0.3205636266747188
1775545130.3986375,234.26,806.36,0.19695686617730435,0.28515587081752913,0.2799290215293425,0.3192592200706038
1775545130.4320486,233.7,800.24,0.19647877249834073,0.28457827498390575,0.2792073328052779,0.3189360327419865
1775545130.465649,232.88,798.4,0.1981802811736626,0.2840951125152519,0.27844855034906685,0.3197801122440117
1775545130.5109923,231.5,795.96,0.19923620908853226,0.2854016228678424,0.279855153579232,0.3200793287277523
1775545130.5432618,229.2,795.1,0.19928591776209661,0.28723664463129883,0.2811894444734135,0.3226032143871952
1775545130.5751226,230.54,794.22,0.20123579161480395,0.28831300311607116,0.28235758721871185,0.3222599772874998
1775545130.606168,231.12,794.04,0.1977670788840897,0.28638082925895686,0.2810060048655165,0.32097339851788725
1775545130.6383617,234.78,793.96,0.19881361806334064,0.2853800998526434,0.2806796887836925,0.323242009281333
1775545130.6694562,234.44,788.56,0.20068166150165354,0.28899970853351287,0.2836945852603606,0.32437045554414334
1775545130.7026496,234.62,788.32,0.19936633620395064,0.288096747465257,0.2833069008387011,0.32378884637042615
1775545130.7341335,233.92,789.96,0.1999697668947779,0.28827571566352594,0.2830429479501479,0.3241519194524148
1775545130.7653673,234.8,789.78,0.20114462824090235,0.28953612987515676,0.28344829046719766,0.32386524854431364
1775545130.7986753,235.2,791.72,0.20292179167105603,0.29273444125344256,0.2848895539070092,0.3242592960867156
1775545130.8301058,236.76,790.2,0.20415346420283614,0.29340283688575836,0.28692342527740616,0.3245480633801446
1775545130.8638012,234.08,788.52,0.20312696251364837,0.2935710053581979,0.28847500571720386,0.327442119703212
1775545130.9103236,232.18,788.72,0.20364511187767131,0.29466344568011094,0.2892990164402485,0.32979277108981864
1775545130.9423022,232.82,790.56,0.2025392748056527,0.2923653366052142,0.2869765800591438,0.32854373509567397
1775545130.9743626,228.82,788.12,0.2005974561139062,0.2939985383701362,0.2880047189858902,0.33114696514115993
1775545131.0077846,228.46,785.74,0.20014914028390768,0.29480546899549803,0.2897053448729123,0.3314280490496067
1775545131.0375936,228.94,785.52,0.20182718861515744,0.29666110729213047,0.29102238406057673,0.3319461896291693
1775545131.064797,228.16,785.58,0.20062981349897469,0.2966032032003653,0.29202066337095267,0.3328822901485234
1775545131.1015422,226.82,787.1,0.2015726062635454,0.2960765550354355,0.29104142367873426,0.33216573409853983
1775545131.152278,228.56,787.9,0.1986864939603956,0.2950434826644225,0.290722854923682,0.33311854028886656
1775545131.1837218,232.02,786.42,0.1941799286677908,0.2902359051850172,0.2882031706355257,0.3337144608642279
1775545131.209458,231.58,780.36,0.1983140196671248,0.2912501831890926,0.2873726462842279,0.3328230630334239
1775545131.2343304,229.34,786.44,0.19785254412215186,0.29138385760470975,0.2889197207076899,0.33630350820178806
1775545131.2622855,227.44,784.26,0.19692966982352872,0.29031285484116837,0.2904401372609931,0.3354302887809043
1775545131.2901602,228.14,783.86,0.19643936357464006,0.29173383638184036,0.29005613717044737,0.3315316560530535
1775545131.3184159,228.16,783.34,0.19655688238399352,0.29022217118012966,0.2907518869535315,0.3323373143472604
1775545131.3455677,227.06,783.62,0.19930517758293886,0.2912150535937349,0.28915871865966936,0.33449732323924636
1775545131.3742158,226.42,782.62,0.19818387172036855,0.2905942555734164,0.2890138907455129,0.33295622812742187
1775545131.4010777,228.4,786.76,0.1957776045606743,0.29038142568217595,0.2879914173127582,0.33352214531897334
1775545131.4289064,228.36,785.84,0.2002608724122743,0.29415136154432936,0.29047360497066627,0.3334655856831795
1775545131.4635575,233.24,782.84,0.19888362465598602,0.29204068682025125,0.289474453672458,0.33333057369472124
1775545131.4914567,231.2,782.84,0.19974988627944165,0.29087436502755837,0.28938394502726933,0.3349760598593986
1775545131.51916,228.54,781.16,0.1978616990008217,0.29033846852484896,0.2894288685503265,0.3340512318840193
1775545131.553894,227.6,778.82,0.1989207198600057,0.293209722572012,0.2897605162011658,0.33248657765046524
1775545131.5882003,223.86,780.16,0.19968788194238082,0.29279959840631103,0.2901247100040419,0.33331682836395365
1775545131.616368,221.18,779.58,0.19944214881680275,0.29215346388838703,0.29066212570365757,0.3342950658323514
1775545131.6511357,221.06,781.64,0.19765668697701694,0.29055631745545685,0.2878377031404221,0.3334577483469158
1775545131.678784,220.44,781.62,0.1999634061121473,0.29071635974861215,0.28812196163232867,0.3332805807568378
1775545131.713428,223.48,780.1,0.19794512537739364,0.2890498299709138,0.2882675734213061,0.3327977369600273
1775545131.7422903,223.54,782.6,0.1974841633554304,0.2890778479644834,0.28761499795629275,0.33254602609982586
1775545131.7692177,227.26,782.78,0.2005438759932144,0.29395855552753447,0.2903669511669363,0.3333446072722408
1775545131.8065312,226.84,781.26,0.19754650582419067,0.28964525689818044,0.2881851125765287,0.33348737033630493
1775545131.8372252,224.62,776.7,0.19783624534367203,0.2907662077002299,0.2887843506878721,0.3323936499024478
1775545131.8693323,224.18,780.12,0.19894713329334573,0.29305052798007175,0.2898941166208075,0.3329225551314249
1775545131.9081151,221.26,779.76,0.19865868076352175,0.292981670434968,0.28922394614334834,0.33150467425826713
1775545131.956473,223.08,782.66,0.20178773721140214,0.2945011463563529,0.2894234753497707,0.3316483467911714
1775545131.9856071,217.22,779.36,0.2012704548653605,0.29184168263880006,0.2873596277839676,0.32947542297088117
1775545132.0294013,216.38,778.74,0.20046032767495595,0.2897973388152075,0.2858186952292387,0.32826170001373534
1775545132.0623677,217.06,782.16,0.198197436310895,0.28517832383076325,0.28108920294006623,0.325615610003499
1775545132.0935187,217.9,782.1,0.19913639709953873,0.288804957833021,0.2855092180027604,0.3303389385917417
1775545132.1257951,223.92,783.1,0.20111187249632376,0.2898615679685456,0.28675415933163884,0.33206541822644103
1775545132.1595566,224.78,785.38,0.19870164542049362,0.2900353534168216,0.2872864218294834,0.3326001875384974
1775545132.2062924,224.8,786.78,0.19831098063325178,0.2873897779156246,0.28549834778850225,0.3317172585455396
1775545132.2374482,223.88,785.36,0.1982631213006029,0.2888134832207671,0.2875264196805322,0.33163149063504654
1775545132.2720232,224.6,781.48,0.20043324863405593,0.2890890617048184,0.2880779270987766,0.33305272932259267
1775545132.302236,223.2,781.42,0.2006792369837523,0.29006976121936767,0.2873269425962738,0.33136669165950283
1775545132.3357255,221.18,777.74,0.20074772627115828,0.2896836589685028,0.2891601144190674,0.33335970657642033
1775545132.3662357,222.02,778.92,0.2008606801589931,0.29000192949349474,0.2868905481215782,0.3319489780015747
1775545132.399581,219.76,778.38,0.20140502823457476,0.29134215527502555,0.2889795356376729,0.3333360954967719
1775545132.4305105,218.26,777.98,0.19736941693358623,0.2853572110218467,0.2843614526696819,0.3316968118578384
1775545132.462476,217.26,777.72,0.20197230291918392,0.2899849432874361,0.2871820881562987,0.3314388059190445
1775545132.4937997,218.46,778.08,0.1993425423759385,0.2887877522916028,0.2858079467257363,0.33274898737846537
1775545132.5254714,219.2,777.32,0.1989519724083715,0.2872948731704986,0.28622207131802785,0.33250464379076927
1775545132.5592227,218.68,777.94,0.20240636432346562,0.2918946509864636,0.28829998382759275,0.3334979844832433
1775545132.573617,220.5,780.04,0.19964102367666117,0.2891423163827303,0.2867768560353328,0.33303417243898376
1775545132.6234481,222.18,781.6,0.20231908185785358,0.2928402484563315,0.28949566548970884,0.334690355723404
1775545132.6385026,223.5,780.64,0.1994218415441819,0.2873195293696764,0.285698912350859,0.3341389414637622
1775545132.670261,223.86,781.6,0.19931936858621557,0.28630632114628807,0.28381070075010983,0.33311879292028984
1775545132.702461,225.06,783.6,0.1984656572274572,0.28940258335245567,0.2876603006679572,0.3355694155801708
1775545132.752734,223.36,783.94,0.2005425799594833,0.29087487248203603,0.2900529992175646,0.33680754725430306
1775545132.798162,222.82,783.2,0.19931071747470602,0.28986002159279867,0.28947523744048037,0.33750491427899687
1775545132.8293417,223.82,787.48,0.19924949713212414,0.28981790977240324,0.28883750245606177,0.3364069179870272
1775545132.862436,221.16,784.36,0.19716808716125406,0.2871707542713983,0.28634328328123554,0.3351066402319288
1775545132.8956478,221.74,787.56,0.19995960412900032,0.29070026901313784,0.28944584566143117,0.3381544593643972
1775545132.9252384,220.62,789.24,0.1994670574689547,0.2900729287670856,0.2897035477651715,0.3379062102923525
1775545132.9598267,221.74,791.12,0.19846996841604664,0.28901219560969066,0.2891401306813136,0.33593612921844435
1775545132.993809,223.36,793.42,0.19863485922014754,0.29000291848250304,0.29046295038982756,0.3377430038599744
1775545133.0398028,223.14,796.06,0.19732788643032717,0.28825830236420186,0.2867435952692886,0.3356827231080649
1775545133.0703685,221.54,794.32,0.1964373353360857,0.28750503331998917,0.2855992194016692,0.3339162432671973
1775545133.1024175,222.06,794.6,0.19957877671152033,0.2924882038938073,0.28986929528618016,0.33738562199647965
1775545133.1342428,217.34,795.92,0.19844117706750442,0.2894251705303224,0.28914140882926154,0.3373779784624356
1775545133.165749,215.96,792.92,0.19810574498965314,0.29221776697237956,0.2887303707321648,0.3379848285969644
1775545133.1974354,220.54,794.0,0.19579739142529448,0.2902262105547768,0.28798092766345623,0.3366095312987206
1775545133.2304127,220.42,793.44,0.19434247183039682,0.2879586817272376,0.28731241373541283,0.33672651233895307
1775545133.2623482,223.08,790.92,0.1956599232203027,0.2894474746393764,0.28883770622598254,0.33755419715726437
1775545133.2944207,224.8,789.64,0.19429292121342598,0.2854439085770548,0.2842023511273856,0.3343515770504396
1775545133.3265648,224.8,786.7,0.1931613443254796,0.28843389543546244,0.28642923512541885,0.3355557546465269
1775545133.3573198,226.58,787.08,0.19298705372497843,0.28776635763148395,0.2863051542942529,0.33653120940754666
1775545133.3924875,223.94,786.44,0.19462381728646683,0.2887696385610957,0.2872057033664736,0.3362968332095383
1775545133.423524,223.26,785.9,0.19410266521088052,0.28886638490904787,0.2872606818348134,0.33616677294370917
1775545133.470191,218.16,787.02,0.19605966835348568,0.29075516017920106,0.28690163032474475,0.3358920561812052
1775545133.5025194,218.16,785.64,0.19560727064841618,0.28819466876703004,0.28740013277057314,0.337045366181066
1775545133.5356421,214.84,788.94,0.1952294412611318,0.2864503256027622,0.2853257122196124,0.3352625732977883
1775545133.5654156,213.3,784.48,0.19353450353795276,0.2879269458520492,0.2864718668528878,0.3365171845312461
1775545133.5989578,213.1,782.88,0.19258318412518458,0.28640071599391664,0.2851432245045569,0.33310243410816925
1775545133.63058,211.4,779.06,0.19431320314466466,0.2873047387179788,0.2859900361776732,0.33431294167759995
1775545133.6635766,216.42,780.0,0.19301320579102174,0.28506432117207814,0.28405738968754546,0.3332428500395198
1775545133.6939774,216.84,777.92,0.19360240373425366,0.2863026370944084,0.2845850324229407,0.3334013021646777
1775545133.7260406,214.52,778.98,0.19029069727385156,0.28419043801152455,0.2845074961117182,0.33436324599508493
