Timestamp,Inner_Env,Outer_Env,Index_Dist,Mid_Dist,Ring_Dist,Pinky_Dist
1775547342.5989265,0.0,0.0,0.18182325000380298,0.255374306311671,0.25054821374429964,0.25979281034456314
1775547342.6699383,1778.74,263.12,0.1816398048886839,0.251462514736423,0.24910308814658547,0.25715135851474413
1775547342.7019937,1769.78,264.94,0.1805524185623686,0.251285409790985,0.24830560995022333,0.25643398855646404
1775547342.7422998,1770.44,266.24,0.17972949503030505,0.25161969493891306,0.24723424331428742,0.2579856456664288
1775547342.773869,1763.1,264.12,0.17993350927328206,0.2521086219889039,0.24902381527349607,0.25971662799348466
1775547342.8068404,1763.08,262.26,0.17782645254926488,0.25201117009053053,0.24796905416952747,0.2597014768348249
1775547342.8446047,1754.4,257.46,0.1813927297511177,0.2530637492575276,0.2518783235036131,0.25972390037161835
1775547342.8723238,1754.44,252.74,0.18139673310416762,0.254018865791199,0.25219331081558066,0.260673419435612
1775547342.9063241,1748.76,246.32,0.1812983908409886,0.25292788992253684,0.25086051211411786,0.2594139437956375
1775547342.935239,1748.52,240.8,0.18190524353847654,0.2520771899530716,0.24912427049830893,0.25812629515274044
1775547342.9617739,1741.52,234.0,0.17971744708125628,0.25352285156807014,0.24953427988500965,0.26012212014833397
1775547342.9895833,1741.6,229.06,0.17975791392956475,0.2514783722799295,0.2474403066638282,0.25885439991073156
1775547343.0175903,1736.04,222.5,0.18127814452799004,0.2527915297299335,0.25008148312741074,0.2597012096171804
1775547343.0453494,1735.64,218.84,0.18020045407878688,0.2517191306090607,0.2469735407528956,0.25805366042357253
1775547343.072891,1723.58,214.06,0.18203416318238366,0.2542062285114669,0.24949828203663052,0.25925620935681626
1775547343.100701,1723.68,212.66,0.1797435034916129,0.2518930735363624,0.24715280392948333,0.2585337792939682
1775547343.1284747,1716.38,209.36,0.17870382459753506,0.2528508647920284,0.24577801803295551,0.2589475444900526
1775547343.1564567,1716.12,208.78,0.18081033050595072,0.25301541455773385,0.2473353506048133,0.26083003252581755
1775547343.1840658,1709.54,209.0,0.17931094021037616,0.25350368823338365,0.24885521453716974,0.2602564761517153
1775547343.2120605,1709.86,206.18,0.1798428410209261,0.2536961871055614,0.24872397655936632,0.2599119380530537
1775547343.2398453,1703.8,207.0,0.18025134072999668,0.2552017485107057,0.24952590878265654,0.26069082218477124
1775547343.2683518,1703.96,207.52,0.1783947673420978,0.2522455570229257,0.24918777930241903,0.25906817275084754
1775547343.2959862,1702.54,206.92,0.18096986178682878,0.2563156450017844,0.25107555586110086,0.26133257508509194
1775547343.3240218,1702.56,207.64,0.18159593427734394,0.25526066851734375,0.252795800327465,0.2623338483995408
1775547343.3583117,1699.16,206.7,0.1800163293194929,0.2535669638866398,0.2500118930321111,0.2599503184425886
1775547343.3865147,1699.08,207.62,0.18158535342638057,0.2576884055713269,0.2520196824153452,0.26250289317247943
1775547343.421505,1696.2,206.62,0.18265527706486573,0.257776529382338,0.2511268147052175,0.26288466299784125
1775547343.4545548,1696.92,207.42,0.18184006548508863,0.2583373996376252,0.2517746449414514,0.262429400156629
1775547343.4984906,1691.98,206.58,0.18366021714554592,0.2572947166257098,0.2525915796429963,0.26330991477105115
1775547343.5389965,1691.94,206.72,0.1855270526280137,0.25843079489316223,0.25400528864546923,0.26562387970854123
1775547343.5743332,1687.76,206.52,0.18330450963029365,0.25665657762541394,0.25339790557340613,0.2651375064816003
1775547343.608184,1687.4,206.76,0.18459010936289805,0.2575313634505133,0.2527757306488353,0.2641937406270224
1775547343.638118,1684.9,206.76,0.18439378415155103,0.25927912908218065,0.2555975377022093,0.2655195304436853
1775547343.6720014,1685.18,206.26,0.18654374662619813,0.2592899240903243,0.25491249669084753,0.2641721625921931
1775547343.7028072,1679.36,205.94,0.18360378421946166,0.25960475699977226,0.2551990837339121,0.26514357781716963
1775547343.7397294,1679.44,206.04,0.18650920504571564,0.2604986774044158,0.2551753732850344,0.2650374002501956
1775547343.77318,1678.16,205.46,0.1843884635810816,0.2603106802748215,0.2532232621800664,0.2646889434087009
1775547343.8055952,1678.38,205.92,0.183792539675568,0.2601127597051945,0.25405349008228817,0.26455485009665897
1775547343.8385262,1676.58,205.86,0.18507813664966447,0.2603399009405584,0.2536863802397239,0.2639443923563949
1775547343.8712797,1676.84,206.28,0.18504934801468803,0.25976869993839447,0.2548318589072234,0.26408222130464015
1775547343.916197,1676.46,205.88,0.18302036932949137,0.25870563551158104,0.2539837381443048,0.26490171432140813
1775547343.9581323,1676.46,206.64,0.18275383920485272,0.25885001950441744,0.2534911501531422,0.2647909706693642
1775547343.9930055,1677.48,205.88,0.18267495347329604,0.2607970537097044,0.25482252228105007,0.26529926547934224
1775547344.0307055,1677.46,206.54,0.18449902250762348,0.2587454491124549,0.25375887341487086,0.26311321973750984
1775547344.051889,1675.88,205.78,0.18461573541414497,0.260269351146268,0.25429461819262106,0.262942316713605
1775547344.0864747,1675.88,206.92,0.18460966206037524,0.25905506480095997,0.255456358139047,0.2644178539572269
1775547344.124268,1675.64,205.9,0.1830754994048278,0.25993377505247456,0.25473983032026576,0.26295228377024626
1775547344.1496615,1675.54,208.2,0.184383510916108,0.2595261879467051,0.25385010557118437,0.26377895056941747
1775547344.177674,1677.74,206.14,0.1841998472011381,0.25926614393939174,0.25447260979256975,0.2645531183090944
1775547344.2056534,1677.62,209.48,0.18372797524681736,0.25844163768793427,0.2569477025547854,0.2659488308086083
1775547344.2342095,1678.48,207.1,0.18465665357131275,0.257946841684098,0.2563920978628025,0.26579830620824146
1775547344.2786632,1678.56,210.4,0.18422380319690937,0.2585193680692795,0.25686171595896845,0.2656091836857326
1775547344.3117123,1682.02,208.22,0.18418409140974557,0.25848769024064616,0.25500256902286383,0.26507170789776635
1775547344.357831,1681.66,211.12,0.18379163067078302,0.2582114547016241,0.255900916697754,0.26499432988906974
1775547344.3905988,1684.62,209.48,0.1847754455479484,0.25838243029457947,0.25515743136091135,0.2648113339601118
1775547344.4222062,1684.2,212.64,0.18374004285852916,0.2586504756048505,0.25457771422597353,0.26498484592227606
1775547344.460453,1687.18,210.76,0.18331964277665466,0.2582612218158854,0.25250134157693277,0.26308867209158826
1775547344.4899764,1687.3,213.2,0.18234638522859345,0.25901797589387815,0.253527653928613,0.26468414524987866
1775547344.517329,1689.82,211.34,0.18517752305343288,0.2595061354398728,0.2544149575427067,0.2639339007700687
1775547344.5435543,1689.84,214.66,0.1847280834147044,0.25873126543763386,0.2555102778419538,0.2651636090972475
1775547344.5708764,1691.66,213.12,0.18590437211149974,0.2582721027956575,0.25376335644751064,0.26434477630120207
1775547344.5996578,1691.9,215.94,0.18401814748856019,0.2581031883775826,0.2534594504516932,0.2649057135152549
1775547344.6302435,1691.94,213.96,0.18317966237457492,0.2584615537011818,0.2525005487832532,0.26422969612875474
1775547344.656215,1692.4,217.48,0.1847857220846555,0.258712045068031,0.25308225683126817,0.26298655435480167
1775547344.6848028,1697.74,215.34,0.18507192391097077,0.2593474354377627,0.25380161367677895,0.26498667358774536
1775547344.7393365,1697.96,220.64,0.18507915600116293,0.25990168922337303,0.2547650513652009,0.26557208679237215
1775547344.767792,1698.88,219.5,0.183673477762278,0.25852348414048004,0.253378736558849,0.26409603569357515
1775547344.802642,1698.86,222.96,0.1841358791166031,0.2591473642380262,0.2536613355570876,0.26315119690180594
1775547344.8366196,1699.66,220.88,0.183957725245377,0.25680498386594464,0.25255986740131336,0.2640153614596479
1775547344.8714309,1699.68,223.92,0.18414911167952008,0.2575082346000819,0.254398761646702,0.2652207366068182
1775547344.9204915,1700.12,221.88,0.1853594797154414,0.2582589778587507,0.25422374797169006,0.2658574214292748
1775547344.955245,1699.64,224.92,0.18435778748677287,0.25961596842550655,0.2528874295764595,0.26480727561425466
1775547344.9887486,1697.18,222.58,0.184453300792319,0.2597506125710765,0.25303272908674734,0.26432564037736794
1775547345.0304003,1697.34,226.06,0.18468661266620667,0.2600694238431915,0.2538108687635822,0.2639909449805875
1775547345.0628493,1696.68,224.16,0.18510417618817285,0.25896071843174107,0.25398639787851107,0.26416562889497996
1775547345.0944543,1696.48,226.78,0.18382431441227048,0.2573827350757416,0.2557544312803828,0.26383965455297914
1775547345.1256366,1697.44,225.2,0.1839050612371829,0.2581283676323903,0.2559058393048474,0.2645050312132755
1775547345.1578283,1696.88,226.88,0.18465450662260008,0.2579423469211932,0.25559111950149677,0.2653172859116896
1775547345.1907973,1697.14,225.78,0.18295403547470493,0.25744330168968166,0.2539652777446734,0.2626810902652983
1775547345.223972,1697.54,227.82,0.18506470806137956,0.2588054473045199,0.2552908009599684,0.26486182133116076
1775547345.2547467,1695.42,226.66,0.18292944740648862,0.2586663463973584,0.25231038927692884,0.26345744133235127
1775547345.286453,1695.56,228.1,0.1833733248394716,0.25776243790993436,0.25446830442294105,0.2652006697965561
1775547345.3183775,1693.64,226.7,0.1843383727738642,0.2564704530818607,0.2529259491797774,0.26383027828266364
1775547345.3510704,1693.04,229.28,0.1838279085255571,0.25735260441054647,0.25237791672990967,0.2639846067865189
1775547345.3806622,1694.14,227.9,0.1838663537748769,0.256792907283111,0.25234535366125344,0.2648745601203705
1775547345.4063025,1694.04,229.66,0.18586041584167168,0.25944652647675825,0.25407687115159266,0.26521758098232384
1775547345.4306474,1692.04,229.2,0.1848479416779793,0.2610929865295347,0.25301207920799573,0.26437276527807635
1775547345.4627678,1691.9,229.16,0.185654491121567,0.2609058136166932,0.25419273709661844,0.2648506684636101
1775547345.494721,1688.12,228.96,0.18552706278521286,0.26066164258302355,0.2557488856491724,0.2662257508940644
1775547345.5297272,1684.94,227.72,0.18453513852737025,0.2590864346207086,0.25569385564909275,0.26525021754807926
1775547345.5589159,1679.36,228.4,0.1835381470773624,0.2589489226967017,0.2561773569889208,0.2653023720888217
1775547345.5906641,1677.4,226.62,0.18362233360303482,0.2584337968992903,0.2552719701933152,0.2651542215725138
1775547345.6225781,1673.62,227.52,0.18409069953651044,0.2573090834316002,0.25421736577270143,0.2658641795741564
1775547345.6548393,1671.78,226.26,0.18376918475060028,0.25815282195372635,0.2545543557901362,0.26413607434567954
1775547345.6858742,1667.16,227.26,0.18386227663048835,0.2567416258309979,0.2538349248737808,0.2646247934882743
1775547345.7282972,1666.34,225.28,0.1854455385073773,0.2591070698261537,0.2548509642726572,0.2649035969197196
1775547345.7494524,1662.84,226.72,0.18471118713146323,0.26100631241096417,0.2531764263419325,0.2631832026110545
1775547345.7850597,1658.48,224.62,0.1852134551392149,0.26067675325599743,0.2539616677942374,0.2644406995003879
1775547345.8183465,1654.72,225.74,0.1841676572789346,0.2591519590257916,0.2559713928283403,0.26588075053897076
1775547345.8636978,1651.06,223.06,0.185141976305267,0.25868549474896324,0.25634311901141027,0.26726065050026615
1775547345.893438,1645.72,225.06,0.18676822133066737,0.25975017391432736,0.2591381972073294,0.26943138141016537
1775547345.934062,1640.38,222.54,0.18675423329905497,0.2594467823909097,0.258592481069726,0.26868092427359436
1775547345.959134,1634.04,223.88,0.18587052039746507,0.25847956482933787,0.2577552634862828,0.2686902517512818
1775547345.9897192,1629.32,222.04,0.18603075125943763,0.2599918717485147,0.2600831487261768,0.2722349171364076
1775547346.0226305,1623.64,223.56,0.18744245271668505,0.2613241886840445,0.26328563787839393,0.2745071116643767
1775547346.0547595,1620.84,221.28,0.18691643127418098,0.26280282921411463,0.2635483515578662,0.2731887387589323
1775547346.0866833,1615.94,222.92,0.18636976050088755,0.260529234434867,0.2644306861229819,0.2755338973162257
1775547346.1186395,1611.46,220.54,0.18804776461260958,0.2632799332802619,0.26653628900244253,0.2786958777677916
1775547346.150775,1606.48,222.52,0.18749754113215472,0.26150699383913595,0.2655831778041968,0.2777654570800901
1775547346.2022066,1606.12,219.6,0.19207354373058194,0.2654233786042909,0.2679256303197428,0.28174291520086114
1775547346.2368538,1605.82,221.0,0.19168983086025487,0.2636735918367833,0.26632631261753226,0.2805111057396624
1775547346.2621737,1605.7,219.18,0.1931046307695306,0.26430550998463864,0.2696129903625469,0.282421371312637
1775547346.2938833,1606.38,220.88,0.1923181261413675,0.26425955976753707,0.2685551594724417,0.2809444511149136
1775547346.3258286,1606.62,218.48,0.19197632371335738,0.2647281222400418,0.26843449958174637,0.28133201092074706
1775547346.3588135,1604.06,220.06,0.1951034122937418,0.2680143617787753,0.27040705955998245,0.2836324063125787
1775547346.399019,1602.68,218.12,0.19412292881903861,0.26689757681382625,0.2694723604959005,0.2823596082775097
1775547346.4316852,1598.88,219.7,0.19383435456623196,0.26694970514960376,0.2700843275479258,0.2829377663886467
1775547346.4561164,1598.62,217.7,0.1910122897546694,0.26556692688404576,0.26845906789021445,0.28180947646978316
1775547346.4866102,1593.08,219.12,0.18929898975751686,0.26344902634573575,0.26866159972725734,0.2815333593853026
1775547346.5119624,1592.86,217.84,0.19149359199717844,0.2650655480128197,0.2705996928462265,0.28264968979206767
1775547346.540174,1589.18,219.32,0.1896776703612953,0.26421116398428596,0.27007819115477893,0.28288232329985896
1775547346.60163,1589.16,217.58,0.1897765564751049,0.262447408407011,0.26824135849122926,0.2839799361079691
1775547346.6370122,1586.16,219.48,0.19530160899548157,0.2688540950229585,0.2750362756307349,0.28971553928118327
1775547346.6561801,1585.84,217.52,0.19740192542651888,0.2697417925536901,0.274919739030161,0.2927835263765802
1775547346.6843204,1583.68,219.06,0.19731655828657382,0.27001533093998875,0.2757986662687014,0.2908878491719066
1775547346.7118587,1583.5,217.44,0.19771306071061254,0.27091154487253366,0.27711424811356533,0.2945404002966357
1775547346.7468312,1582.1,218.86,0.19905042242617096,0.27293256205982386,0.27848195128912717,0.29555164791924815
1775547346.7743394,1582.4,217.8,0.2003764545169112,0.274184715393558,0.2803693490140086,0.29700974845486944
1775547346.8090227,1579.76,218.58,0.20077445581733538,0.27291733210593433,0.28096066423789046,0.2973264165953438
1775547346.8441648,1579.72,217.3,0.2003427577782489,0.27439416575732783,0.28106275679477255,0.29860508978435313
1775547346.8714354,1579.54,217.76,0.20221106237694716,0.27497427857708623,0.28205833911663175,0.299896763180317
1775547346.9131422,1579.38,216.8,0.20234838034883756,0.27751764618390096,0.2825185107051944,0.29971907155864097
1775547346.9500997,1578.72,217.72,0.20337457477750462,0.2772193634415312,0.2842257485509116,0.30267184919998535
1775547347.0034378,1577.84,216.0,0.2061813785191964,0.2783347935974543,0.2859685934466669,0.30166281070656537
1775547347.0311773,1577.92,217.26,0.20831572131614196,0.28118354851840044,0.28855867713477007,0.30661088431765454
1775547347.0659213,1576.9,215.38,0.20739683376319754,0.2811418041497209,0.288957300130437,0.30540359018214275
1775547347.0947032,1575.28,216.3,0.21021291683821702,0.28542812412622587,0.2904505076932812,0.30969858525385024
1775547347.1284685,1575.18,215.72,0.2071990900472054,0.2808108879859939,0.2899715896107266,0.3060588655128978
1775547347.157877,1577.18,215.46,0.21204175833920189,0.2866203732978091,0.29102426989346186,0.31050464501741815
1775547347.1841033,1580.04,216.6,0.2131805733546383,0.2880166613894879,0.2929294936701904,0.31052536163705863
1775547347.2204823,1580.94,216.22,0.21287505730795364,0.2856258684064253,0.29234865299406415,0.3093438300626238
1775547347.2464547,1582.66,217.0,0.21242860625184679,0.28860255979129573,0.2928838975683625,0.3111410275224121
1775547347.2812757,1583.74,216.58,0.21485128711419907,0.2903150331303181,0.29428600269243477,0.31190968330352953
1775547347.3089163,1585.36,216.84,0.21483329359084782,0.29119699039424385,0.295662925314137,0.3151038902668694
1775547347.3366485,1588.66,216.44,0.21510594204489578,0.29085658767033334,0.29538819190250937,0.3117902787417273
1775547347.3992245,1589.12,217.26,0.21524584290549661,0.2913972392760994,0.2944141718609642,0.31425294604605364
1775547347.434615,1589.74,216.32,0.21549192872168965,0.2897222420409972,0.29439191268122383,0.31241071735509673
1775547347.4615412,1593.96,217.28,0.21522986580827125,0.29178949592759057,0.2958517121567827,0.31393990131567645
1775547347.4946601,1595.54,216.88,0.21505283867875644,0.2901283462586876,0.29432853078295607,0.31199955339657204
1775547347.525472,1599.06,218.26,0.2154373563401974,0.2905923367603676,0.2953405226397349,0.31277681967905746
1775547347.5582728,1600.54,216.58,0.2152726372215334,0.2892694203132672,0.2941143120074611,0.31230831115489543
1775547347.5899966,1605.5,218.5,0.21736148955560505,0.29059653487105275,0.29666988806786376,0.3163144878952669
1775547347.6217217,1608.88,217.9,0.21391732969089153,0.28875984915011005,0.29422260292647123,0.31549385103601296
1775547347.6545155,1613.58,218.8,0.21383798253897027,0.2900702744743159,0.29558215598115173,0.3192887798591452
1775547347.6878483,1616.98,217.82,0.21322724036265253,0.2897195657680356,0.29618503898424836,0.32163162880079876
1775547347.7204008,1620.32,219.22,0.21838950474546764,0.29394027852628213,0.2996945453310802,0.3237540095176378
1775547347.751986,1621.38,218.24,0.2194609769958474,0.29583527227954165,0.3016151212050315,0.3264309132973981
1775547347.8013935,1625.58,219.84,0.2196040297476626,0.29791765937110865,0.3042984612168419,0.32991386328210076
1775547347.8382413,1628.06,218.78,0.21990335872229166,0.2981562156771976,0.307252139185608,0.3325101253368211
1775547347.8786826,1628.22,219.86,0.21907113396940694,0.3002245941749156,0.30743027608262796,0.33270633121223075
1775547347.9104886,1625.3,219.1,0.22069979671745307,0.30024867869166033,0.30856768631147496,0.33234430622364297
1775547347.9447045,1625.4,219.84,0.2232185261119363,0.3020617803565503,0.30889866167903,0.33272988086412175
1775547347.990837,1624.92,219.0,0.22467758613348604,0.30286566595588316,0.3114876059042859,0.3360675242560625
1775547348.0225837,1624.96,219.9,0.22726395939703034,0.30565648022930525,0.31221023654143437,0.3370582882690561
1775547348.053519,1626.24,218.86,0.230779969988665,0.3078490335167501,0.3130606265056368,0.3376869910334085
1775547348.0858161,1627.6,219.84,0.2350228151142178,0.30935233079583857,0.3160440674032038,0.33831151516197705
1775547348.1206415,1630.38,219.24,0.23784738972420974,0.3129055159899977,0.31773198029963406,0.3437457617193944
1775547348.1507864,1630.62,220.16,0.24242496640434966,0.31650342736222165,0.32148832347466416,0.34672012617635817
1775547348.1825848,1632.88,219.6,0.2449483933671385,0.3174934457537794,0.32414949289171474,0.34889611868846454
1775547348.2147768,1633.1,219.86,0.2501066571270792,0.3231808124812964,0.3283902796657075,0.3497580959365164
1775547348.2457683,1635.58,219.34,0.25261304533728995,0.32676469449219175,0.3318744468835125,0.35356892462780604
1775547348.278706,1635.96,220.08,0.25371178676560485,0.32681977084802116,0.3315237017492324,0.35270453494653436
1775547348.3103917,1637.56,218.7,0.2532019825854513,0.3254881005469713,0.3316083015138248,0.35590871465767593
1775547348.3426049,1637.78,219.06,0.2560878457692929,0.32717873395391683,0.33345813071435515,0.35700529486922167
1775547348.376228,1638.38,218.22,0.2541109318820518,0.3268953434804718,0.3333976164664492,0.35792885260347035
1775547348.4102561,1638.86,218.54,0.2580077224570976,0.33102864916167524,0.33461762503483616,0.36129598136990676
1775547348.4561386,1634.5,218.22,0.2556501598916989,0.32952017099179365,0.33569645300404033,0.3602368056555964
1775547348.487057,1634.36,218.28,0.25902256598360274,0.33186098424612015,0.3361063481787623,0.36470085619514886
1775547348.5209312,1635.54,218.08,0.25979086044997995,0.33438896704493,0.3408458895257216,0.36544064531069576
1775547348.5506473,1635.52,218.36,0.2627006326992561,0.3371775996571864,0.34313471901885434,0.368365460984359
1775547348.5827684,1636.76,218.14,0.2626491608936002,0.3381781532950201,0.34345811853725366,0.36849408053915406
1775547348.6208987,1636.72,218.3,0.2656393860412416,0.34079830830731,0.34620595901777956,0.3749436166623085
1775547348.6467144,1636.82,217.98,0.2689959849417341,0.3414610141390528,0.3481831841744566,0.37745592171635906
1775547348.6788738,1638.02,218.06,0.2671502083584492,0.342394814281018,0.3479442149849642,0.3759439439185444
1775547348.7127712,1638.2,217.96,0.269508062560599,0.34311577836095836,0.34883041112098184,0.37732605119876156
1775547348.7579646,1639.64,218.04,0.26642718187848624,0.34154401200018253,0.3488886190285266,0.3766043003706807
1775547348.7897608,1640.3,217.74,0.2699307871270597,0.3450361419371321,0.34963133034482463,0.3772640680337728
1775547348.8227756,1640.3,217.5,0.2670125094275826,0.34256395749028934,0.34672263798885355,0.3754371824868704
1775547348.8537152,1640.1,217.66,0.2664735539368337,0.34253309360727535,0.3479958897547291,0.3737135780687911
1775547348.8866951,1640.1,217.2,0.2658829354339344,0.342689692092256,0.34644873032930434,0.3730405712954272
1775547348.9218717,1639.54,217.2,0.2654966842794165,0.3440947643360172,0.3486134294946673,0.37338642934383404
1775547348.9510882,1639.8,217.12,0.26334245186105637,0.34084349241665374,0.34704189894424364,0.3724844309495828
1775547348.982087,1638.78,217.1,0.26476695865837147,0.3426438053136323,0.34682703617270494,0.3734822835731004
1775547349.015857,1639.16,217.58,0.26457754541912337,0.3426465413623534,0.34715709794219535,0.37282499933227925
1775547349.0457735,1637.0,217.54,0.2656882702195373,0.342606750727799,0.34710389692302196,0.3723902824998637
1775547349.0795395,1634.46,217.68,0.2648006632052268,0.34314449236870764,0.34828014615626274,0.374372083281963
1775547349.1129413,1634.88,217.4,0.26492988881975804,0.343074785886352,0.3468625154445557,0.3739629398984558
1775547349.1588178,1634.12,217.54,0.26469046436227933,0.34262798647817544,0.34800648512911314,0.3735942552811935
1775547349.190595,1633.92,216.94,0.26388002938450084,0.3414654200518318,0.34562531773471344,0.37253755937395167
1775547349.222183,1632.96,216.48,0.26506392764872055,0.3417617295653127,0.3451683465025916,0.37487257491928716
1775547349.254891,1633.98,217.1,0.2640977488815659,0.3425486596468815,0.3451609452647915,0.3754213478893913
1775547349.2866724,1633.98,216.42,0.26418466243831423,0.3435352159668782,0.34759564871244736,0.3758416586625708
1775547349.3223534,1633.82,216.22,0.2658077934582576,0.345532585749328,0.34732615359694846,0.3755517361438808
1775547349.3499055,1632.54,215.96,0.2675009395620474,0.34554559284052033,0.34771383854689625,0.3763710931382715
1775547349.388522,1631.12,215.94,0.266033192514361,0.34356489285487535,0.34729189765830226,0.37629432185915523
1775547349.414132,1630.12,215.2,0.26358349353387184,0.3435297166236684,0.345935247685135,0.37344691245275197
1775547349.4465683,1632.16,215.48,0.2643012750925559,0.34341931830211775,0.3468797691107553,0.3750754586090135
1775547349.4801831,1630.18,214.64,0.2641265974469985,0.34453695215672653,0.3471698862317922,0.3749286529059199
1775547349.5253358,1629.42,214.78,0.26387595288275656,0.34181505357017505,0.3446671696445813,0.37340783413133577
1775547349.5586128,1628.34,214.5,0.26458113279998013,0.3452626713994659,0.3470093999763496,0.3736830990685221
1775547349.5918918,1627.98,214.48,0.26361775797652376,0.3415879754027628,0.3441270270522754,0.3739943545458393
1775547349.6228132,1626.74,214.18,0.2642098737078779,0.3427391598622479,0.34407890267542374,0.3731440694131272
1775547349.6557934,1624.7,214.38,0.26485532076976387,0.3459468507813604,0.34770656832572977,0.37630859002207473
1775547349.6867409,1624.02,214.04,0.2649530065674096,0.34512562863781515,0.3466253852661425,0.376915028843671
1775547349.7228932,1622.52,214.36,0.26832428629619515,0.34933810173215446,0.34832089914572517,0.3780334147252312
1775547349.750696,1619.98,214.2,0.26587509289714994,0.3482741774713083,0.3486408509638098,0.3794654284269457
1775547349.7816381,1619.1,214.18,0.2661294072825036,0.3471914579226624,0.3477041474025217,0.3776495000491831
1775547349.8145974,1619.02,213.88,0.26793431856315936,0.3487456010613657,0.349321858415952,0.3772559419142332
1775547349.8467286,1619.5,214.26,0.26477383816951067,0.34458179315211973,0.34751434329950254,0.3755949926183172
1775547349.8786933,1619.5,214.04,0.2668876390580976,0.3487090849659973,0.3496863691143783,0.37656053405348117
1775547349.9123917,1617.76,214.04,0.26453242170076013,0.34526944780726954,0.3461510526256224,0.37432306925992237
1775547349.958791,1614.94,213.46,0.2651700947108939,0.34395662612224615,0.34517927391083064,0.37435572289511354
1775547349.9899323,1611.22,213.82,0.26566236479186667,0.344208208471531,0.3460199495620872,0.37560029630188674
1775547350.0235085,1611.38,213.26,0.2649684570164031,0.34293831241540956,0.3438521488659856,0.3742161687922287
1775547350.053819,1610.1,213.64,0.26225223739037035,0.34255920502849013,0.34418493088109997,0.37337153723155747
1775547350.0860605,1606.66,212.88,0.26421969936966533,0.3437965508817617,0.34597196206425734,0.3754372461034943
1775547350.1177654,1608.58,212.94,0.26321401605596795,0.34187422232165254,0.34206810817755207,0.3724829456294303
1775547350.1510167,1605.88,212.66,0.26184628019361156,0.3427877765418094,0.34361040657799463,0.37089149052169934
1775547350.1827185,1605.64,212.92,0.2622913918685306,0.3432129189621573,0.34583913256119003,0.3702615210656883
1775547350.2158399,1604.36,212.84,0.2611378628322328,0.340703126138031,0.34191081954407204,0.3697228201279501
1775547350.2468204,1603.7,213.02,0.26099911691605704,0.340587540903251,0.345289487674796,0.37114090331791993
1775547350.2810862,1602.14,212.7,0.2613421102075443,0.3406659606563,0.34240384818998854,0.370749096876446
1775547350.3100052,1602.08,213.04,0.26311754787299313,0.34152750408009147,0.3443252250721778,0.3721358753375111
1775547350.341184,1601.78,212.54,0.26368218043779207,0.3419357083590568,0.3454518299457144,0.37210318455003355
1775547350.374756,1602.28,212.58,0.26223530779541476,0.34093770505334003,0.34526188754884013,0.3720617015183358
1775547350.4081604,1601.02,212.0,0.2616082328400976,0.34071677472793493,0.34208851897602666,0.37115738226028855
1775547350.4421637,1600.14,212.46,0.2625918880638437,0.34134279882563784,0.3429797154528918,0.3714645826287782
1775547350.4887161,1600.24,212.24,0.26181345128334965,0.34063839639659393,0.3427601060574281,0.371213008249809
1775547350.5348692,1600.04,212.76,0.2634556580597791,0.34339014597024503,0.3445201719287936,0.3710720526953378
1775547350.5657988,1598.94,212.24,0.26390772059307993,0.3426277835280695,0.34419663603174105,0.37195557772177773
1775547350.5977414,1598.4,212.0,0.26322166727123536,0.3427733863092242,0.34451837462119733,0.3718326692490608
1775547350.631615,1596.26,212.12,0.2640003246354193,0.34387277593411963,0.3441799206398257,0.36983731035893164
1775547350.679049,1593.84,212.46,0.2633117555318178,0.3422461112507982,0.34422584900985803,0.37048215401864126
1775547350.709744,1591.56,212.22,0.2664582584989584,0.34471557045893464,0.3445832088103198,0.37296945844746177
1775547350.7412744,1592.66,212.2,0.26519588374118364,0.34432224117794624,0.3451780756145566,0.37349976028137083
1775547350.7745101,1594.36,212.2,0.2671598521743284,0.34595619114482007,0.3459209649991816,0.3718409187366455
1775547350.8083456,1593.86,212.3,0.2654319202867626,0.34518436920333556,0.3454181943832709,0.37148169715789797
1775547350.84228,1592.7,211.86,0.2640405113855066,0.3423061790677651,0.34553957781236105,0.37061126065196776
1775547350.888114,1592.22,212.28,0.26286085437527756,0.34329659452292016,0.343534634818438,0.37122778548111757
1775547350.9211993,1592.5,212.16,0.2651325180569196,0.3437905512680898,0.3445508315578325,0.3711207128502027
1775547350.9669173,1592.58,212.02,0.2643781219232535,0.34314795762791145,0.34386332403623726,0.36944063075054256
1775547350.998647,1592.82,211.8,0.26360548306431364,0.34327287453671274,0.3450354832239778,0.37125141946451823
1775547351.0318096,1592.28,212.1,0.26282568748967516,0.3437385134738642,0.34510206818706474,0.37152009265052566
1775547351.0655293,1592.72,212.06,0.26364282146547446,0.3436436394690114,0.34522861706257163,0.37144833203877925
1775547351.11057,1593.38,212.16,0.26649217738586867,0.345186422613227,0.3470617722109325,0.37271731766340893
1775547351.1427014,1594.42,212.24,0.26509599091907443,0.3445960032672689,0.34550646105019095,0.37336801128777736
1775547351.173728,1592.74,212.2,0.26548485628554724,0.34518264884542843,0.3453008904234404,0.37307448445493885
1775547351.2065852,1594.72,212.14,0.26520710718353385,0.3474096455984783,0.34771995547706874,0.3746114450851336
1775547351.2386112,1592.24,212.08,0.2673588210219661,0.34612845655874597,0.34715504288004306,0.37451881572243967
1775547351.2705808,1593.54,212.08,0.2650781585816479,0.34615405772565744,0.34771616596840216,0.3742686843207049
1775547351.3026931,1594.86,212.1,0.2679334946885831,0.34827310191384775,0.3481150987379795,0.3759792846860101
1775547351.3362694,1595.92,212.2,0.26859165710269833,0.3488473313378463,0.3485020894714587,0.3757285133603422
1775547351.4016032,1596.52,212.28,0.26785548960361255,0.3489943021841229,0.34829810918876414,0.37554112340000195
1775547351.445664,1596.56,212.06,0.2683939519791916,0.35023124843996667,0.350513200520296,0.3756873895964994
1775547351.4787178,1596.16,212.22,0.26698856201272597,0.347753211518732,0.3462836019038185,0.3740378746636345
1775547351.5105715,1598.66,212.06,0.2696926307597872,0.3509116725353014,0.3506494797385848,0.3770365133486184
1775547351.5435748,1598.14,212.08,0.2662954095485936,0.3482789446267242,0.3481027918669256,0.37614834983865264
1775547351.5748014,1598.34,211.46,0.26913213778391337,0.35080065561685986,0.35051455726562786,0.376917665120225
1775547351.6078086,1598.46,211.18,0.2689237083924333,0.35081581788773303,0.3495413181858969,0.3773535447663096
1775547351.638702,1598.82,210.6,0.2694116050266581,0.34961114620493283,0.3506448693609091,0.37699863727143385
1775547351.6715405,1597.84,210.92,0.27095577085215394,0.3517829770521689,0.35197799264671886,0.3792638799631229
1775547351.7026663,1600.64,210.44,0.2701114838052235,0.35279207516288746,0.3505729292914141,0.3769489229432126
1775547351.7338703,1603.5,210.68,0.2702489839385973,0.35034964997452744,0.3488976798112636,0.37684208037434913
1775547351.767574,1603.08,209.94,0.2697952838822384,0.35071048893137025,0.34965125150605225,0.37665313005271384
1775547351.8145814,1603.92,210.12,0.27016814686904167,0.3504925198036145,0.3496872423647766,0.37574479723181275
1775547351.846792,1606.84,209.46,0.2692554986757717,0.3504083743532801,0.350057127022475,0.3767484789228449
1775547351.8786693,1606.9,209.44,0.2695741352353529,0.3507952653274396,0.3498568258298018,0.37510700572433664
1775547351.9096868,1608.76,209.18,0.2678681622570147,0.3497257630207876,0.3504354920168765,0.374500336059234
1775547351.94278,1607.0,208.98,0.2696074661497462,0.35029387848441795,0.349481711678594,0.3730350061890209
1775547351.9748974,1607.32,208.7,0.26818619200636795,0.3477469787301773,0.34767975867725465,0.3683981199208448
1775547352.0066798,1606.62,208.76,0.26969310976866256,0.34912022277234017,0.3503780239607193,0.3704319265787676
1775547352.0387242,1606.8,208.6,0.2720359733318984,0.350718755188654,0.35102992623261214,0.36846751001423617
1775547352.0707035,1606.34,208.7,0.27029687834106253,0.34937177456985297,0.35092504041124406,0.368483255769936
1775547352.102601,1605.08,208.7,0.26994886564232984,0.3494103513065922,0.3505308285279552,0.367850945298072
1775547352.133762,1602.72,208.78,0.2700349408079268,0.34976354682054633,0.3508402577894649,0.3697427721327867
1775547352.1679597,1602.72,208.86,0.269677040944257,0.3496491749960895,0.35215693396948716,0.36967437618739457
1775547352.2017424,1602.08,208.86,0.2698648046141605,0.349876296594238,0.3528806354704702,0.37198846459181784
1775547352.2478588,1602.02,208.82,0.2711597154746402,0.3508013100409545,0.35476879129761474,0.3697577645749285
1775547352.278081,1601.12,208.4,0.27239111024462326,0.3521121031787415,0.35386644797078826,0.3736828181619501
1775547352.3120875,1600.62,208.5,0.2756397504827709,0.35667940640986173,0.358819665289991,0.37698551781961104
1775547352.3427567,1601.1,208.58,0.2758499920234283,0.35755528415070253,0.3571571837461277,0.377646518436192
1775547352.3738008,1601.32,208.08,0.2781264627792154,0.3588400727509041,0.35878127901371515,0.3804632522582614
1775547352.405576,1604.5,208.08,0.27950742203182166,0.3599787637863263,0.3582587720390436,0.38264259232715564
1775547352.4387715,1606.7,207.62,0.28185968180098425,0.3622504766022549,0.36163881131648623,0.38475834641235945
1775547352.4707,1605.74,207.66,0.28308334041373157,0.36148857861990713,0.35931062316907725,0.3859998608421974
1775547352.5018616,1605.52,207.06,0.2820990972263146,0.35960995615731944,0.3579337284382294,0.38485611058818364
1775547352.534286,1605.38,207.76,0.2839760323840845,0.36102535216762044,0.3592107725729798,0.38475344987588683
1775547352.5667632,1603.76,207.28,0.28327413206485946,0.3591746544325713,0.3577133289424327,0.3837998439495641
1775547352.5995052,1603.38,207.56,0.2848315629038092,0.3613096793762558,0.361232990940285,0.3865840118037128
1775547352.6469297,1603.5,207.14,0.28525431836302745,0.3603707819485017,0.35955767690616897,0.3849638450556066
1775547352.677887,1602.72,207.18,0.28736602503888253,0.36352043311261517,0.36188567176144926,0.38709552055599833
1775547352.7100685,1603.02,206.68,0.2870571171700406,0.36230572014766255,0.3610271517343176,0.38705451136180097
1775547352.742015,1603.9,206.86,0.2874037488431373,0.3619268919059067,0.361645455974578,0.388079554369607
1775547352.7746117,1604.1,206.22,0.28832346694616795,0.3642991921737141,0.362638461205951,0.38929998712669045
1775547352.8080015,1603.56,206.26,0.28744897070387426,0.36360569759545197,0.36181611959327203,0.3884271817147835
1775547352.8380134,1602.12,205.8,0.2875916637313632,0.36467509046919255,0.3624670474180863,0.3887049584125052
1775547352.8718677,1601.1,206.04,0.28576590051355116,0.3620147743889693,0.3612546817219721,0.3903436191939465
1775547352.901653,1601.22,205.98,0.28671556935534964,0.36293753513218463,0.361669367202337,0.39085585777443743
1775547352.935946,1602.8,206.2,0.28579171499286193,0.36228243040459107,0.36111619579511767,0.3897449822537272
1775547352.965804,1601.84,205.9,0.2871486832385872,0.3649136789946931,0.36242612164627164,0.3901510952584678
1775547352.998833,1601.52,206.4,0.2873263501936902,0.3642449847228789,0.3633648398272681,0.3924663353121485
1775547353.032817,1599.7,206.0,0.287244866129513,0.3648748657299739,0.3629168422450963,0.3902874698870498
1775547353.0778272,1599.62,206.24,0.2856896685144247,0.3627905461145284,0.3613970110368782,0.3893361850675248
1775547353.1097367,1597.94,206.06,0.28403121584067464,0.36057906846931254,0.35950841887653284,0.38763139798771384
1775547353.142523,1598.56,206.0,0.2858157592652092,0.3633003269830856,0.36117488695445427,0.38975313452579097
1775547353.1744838,1596.62,205.52,0.2879436223890649,0.3644463544674052,0.36204338392324703,0.3911067346831863
1775547353.2060046,1597.14,205.84,0.28791541125376924,0.36486884713997964,0.36238563884380726,0.3909262252083659
1775547353.238661,1595.74,205.9,0.28656796611830815,0.362096351727643,0.3598744097472608,0.3886961959886522
1775547353.2708104,1595.16,206.04,0.2872779013215186,0.36382001712210355,0.36127412397809855,0.3889664039204249
1775547353.3026383,1593.74,206.06,0.288009160793173,0.364267161467666,0.36025081971848577,0.3887095632943085
1775547353.3340347,1595.02,205.8,0.2875461941615501,0.3639279049936811,0.36008565039157664,0.3869194709649181
1775547353.3668118,1592.86,205.6,0.28801467338726267,0.3634156430826411,0.360282863343384,0.3879396111439497
1775547353.3987646,1592.88,205.66,0.2880700751814984,0.3629880454682235,0.3598712223453518,0.38737288388893965
1775547353.4312694,1593.28,205.68,0.2892403228706934,0.36383635454703217,0.36007057990959573,0.38801778499098877
1775547353.4649467,1592.78,206.06,0.28904441064488673,0.3635864183051626,0.36028833550080613,0.38933564580966323
1775547353.512148,1593.08,205.86,0.2846096583286199,0.3600705018162573,0.3587463630998135,0.38482060153837694
1775547353.5419607,1593.48,206.56,0.28839730914430556,0.36203135037871254,0.35886845678695867,0.3855930132418521
1775547353.5762506,1594.52,205.96,0.2852627322822105,0.3619803801592036,0.35943347481505916,0.384901370931732
1775547353.6068182,1595.48,206.52,0.2857000583218978,0.36189776253420414,0.36000154415984603,0.38575014352444015
1775547353.6387477,1596.02,205.56,0.2862544814824741,0.3608317278747978,0.35711921464873575,0.3847604384429813
1775547353.670809,1596.84,206.32,0.28883086852771117,0.36334819954205627,0.35922415111027073,0.3858177022714049
1775547353.702705,1595.5,206.24,0.28842034008207146,0.3625538963731318,0.3602480188572011,0.3849229031230177
1775547353.7368557,1595.9,206.44,0.28527760522046436,0.3600744395028332,0.3578838724981084,0.38520104103391056
1775547353.78234,1592.38,206.62,0.28499454758127785,0.3627062156437761,0.3602327260150997,0.3861178911977721
1775547353.8136141,1593.1,206.86,0.2849324414094403,0.3624231507455964,0.3598822083605721,0.3855951419451705
1775547353.8456929,1593.62,207.0,0.2858889490471538,0.36228058470410734,0.3580269454779686,0.38647779618938227
1775547353.879652,1593.62,207.12,0.2857048296527747,0.3629834672943635,0.36216019240893915,0.3877727030707487
1775547353.930632,1592.94,206.98,0.2851983747234394,0.3629517261381,0.3607240453918023,0.38587422212729733
1775547353.957754,1593.72,207.56,0.28584463539874494,0.36276792162451743,0.3597945550090869,0.3855413751256098
1775547353.9906795,1595.4,206.84,0.2860449154075148,0.36372879342018566,0.3606760425461434,0.3869952222071591
1775547354.023733,1596.36,207.38,0.28646885637725517,0.36283369958700756,0.3614896650291609,0.3857815080467811
1775547354.0571039,1598.24,206.62,0.28932933658965354,0.36410033207947584,0.36142775417807493,0.3863255655081219
1775547354.1040094,1599.08,207.04,0.28367617022671954,0.36072479791210316,0.3590685440558626,0.38481625424260807
1775547354.1337495,1599.02,206.52,0.2869375433709687,0.3637106596136231,0.3615019974300025,0.38642121581293976
1775547354.167579,1599.84,206.98,0.2881317483028429,0.3632938521627788,0.3615327402922493,0.3871789746302562
1775547354.1999793,1601.24,206.32,0.29212679483112985,0.3669009747092051,0.36499652771058105,0.3886481137731204
1775547354.2478786,1601.42,206.42,0.2931427934630239,0.3674278633245438,0.36395534995026224,0.38832920409713095
1775547354.2786565,1603.82,205.92,0.2949658940127501,0.3686343997061838,0.3655273706080254,0.38941601317416
1775547354.311578,1605.1,206.52,0.29363721517307406,0.3672717300739913,0.36754972513091116,0.3901934125733148
1775547354.3452632,1605.86,205.94,0.29486224553047546,0.36884613284426887,0.3643528031471156,0.3900634998722291
1775547354.3892965,1607.92,206.96,0.2915772037833714,0.36587927431335604,0.36383718770288265,0.38892845163524864
1775547354.422865,1607.54,206.28,0.2933013698021668,0.3672411838292716,0.36358081691129157,0.3881249020737238
1775547354.4568417,1607.5,206.74,0.2942747600436957,0.3679183232875222,0.36319308382365656,0.38825753307152566
1775547354.501758,1608.08,206.06,0.2946661665840631,0.36855652946002343,0.3649535363420234,0.38951883041103136
1775547354.53477,1608.6,206.9,0.2923138552706583,0.3671125052594589,0.3652882052768764,0.39074776773947417
1775547354.5665648,1609.7,206.34,0.2924521360490307,0.36669988524785574,0.3626156432526463,0.38820810023716446
1775547354.598676,1611.28,207.0,0.29004077209911416,0.36548059242466957,0.3638380519693151,0.389428987347359
1775547354.632195,1611.42,206.46,0.2899417579638453,0.36451914258186047,0.3630367824725715,0.3899027613583375
1775547354.6627972,1612.0,206.68,0.2892577513561838,0.36640179038588516,0.36528332684436254,0.3920769300437804
1775547354.6938746,1609.44,206.42,0.2905278958459598,0.369595338479162,0.36794260078522384,0.3974291779518574
1775547354.725688,1609.98,206.54,0.29371114264389653,0.37470817055008326,0.3741884501960522,0.4091928597356792
1775547354.7597463,1607.72,206.54,0.29503171107268233,0.3766547776821711,0.3775400873146119,0.41748654769076227
1775547354.7898712,1607.2,206.78,0.29904062222233213,0.38147452505052626,0.38545340270568823,0.42721171925346413
1775547354.8237636,1604.94,206.7,0.3028848121050091,0.38749511040431717,0.39332941033890534,0.43356350922620607
1775547354.8541026,1604.3,207.0,0.30466580533727516,0.39110340855314957,0.39785468042008515,0.4388353986790144
1775547354.8878858,1604.92,206.92,0.311495607168123,0.401311703069433,0.40708689108107815,0.45056232387725487
1775547354.9212916,1604.86,207.1,0.31432346220491697,0.40502647609623466,0.41262684304916203,0.4566306124865946
1775547354.9665756,1605.64,206.9,0.31727350159969403,0.4083468739492139,0.4176452211761131,0.4616460908431233
1775547354.997312,1605.72,207.4,0.31887419880708917,0.41034746335610106,0.4199639797631696,0.4650346633107404
1775547355.0327919,1606.44,207.24,0.32365313646808175,0.415956948898816,0.4255128543929225,0.46721332940613136
1775547355.0628726,1606.66,208.0,0.3241697645467575,0.41647558330716633,0.4261080719094045,0.4697722981671847
1775547355.093798,1608.52,208.16,0.32466619618511405,0.4181536287936068,0.4273621559288189,0.4697561160629373
1775547355.1269784,1609.1,208.84,0.32422835169751746,0.4175971211655126,0.4269015789242074,0.4693068569076934
1775547355.1587179,1611.08,208.58,0.327134947943796,0.41950222854102664,0.4275218718566708,0.4693131525046155
1775547355.1897204,1611.74,208.6,0.32572166530447705,0.4198892177731808,0.4284551765594359,0.4704888069044631
1775547355.2227638,1611.82,208.26,0.32471492365617477,0.418771598608323,0.4276544842442576,0.47002140616830834
1775547355.254677,1612.74,208.46,0.3266044719880102,0.41982812820837906,0.4296959649416918,0.47070165068481956
1775547355.2866454,1612.44,208.08,0.32908452714356906,0.42224876959607854,0.4309261248174776,0.4718869052161436
1775547355.3204541,1613.38,208.48,0.3259347444704632,0.41791243973427067,0.4271673341680664,0.47071447505695585
1775547355.3659148,1613.52,208.18,0.3283986085133928,0.42209650314801683,0.42965299487070974,0.47233005554877927
1775547355.4000273,1614.08,208.38,0.32896204377386434,0.422697544253508,0.43249870716989147,0.47404626582754666
1775547355.4339588,1617.18,207.12,0.330822339876136,0.42574558094149834,0.4336048865257484,0.47395906938399257
1775547355.4633555,1617.6,207.4,0.32988211914910975,0.4242649713755197,0.43184434407757755,0.47476629362676487
1775547355.493779,1622.64,206.16,0.32948314351519875,0.4243671003351203,0.4334444351857361,0.47453841663266066
1775547355.528142,1625.1,206.78,0.33040025225576275,0.42435034995921433,0.4314634824894259,0.47423668000238034
1775547355.5577886,1625.68,205.64,0.3307711112774705,0.4234498072398962,0.43244884326236616,0.471883938203602
1775547355.5906267,1626.98,205.98,0.33273126371772316,0.4249657599134447,0.432804871960317,0.4694677455436539
1775547355.62285,1625.68,205.2,0.33155508819732477,0.42354275190575325,0.4313580551490991,0.4675705288408109
1775547355.6550539,1626.68,205.7,0.3313716811421923,0.42436684091264343,0.43180957428657424,0.46631759464144606
1775547355.6858428,1625.96,205.64,0.33348348203120043,0.4247739222805797,0.4340839253652799,0.4677615705032666
1775547355.7177103,1623.58,205.86,0.330383986854854,0.42325364971735635,0.43251146118813216,0.4696137244977644
1775547355.7514553,1623.58,205.6,0.33201413490696213,0.4249445284481861,0.43345920778088876,0.47240926872551026
1775547355.7990737,1623.16,205.5,0.33134555041926067,0.4250389794287424,0.43289771902600904,0.471573488511045
1775547355.834864,1623.16,204.9,0.32990883769080637,0.4259789207951537,0.4311541406218909,0.47210428942020577
1775547355.8626587,1624.0,205.3,0.3309684351331766,0.42504171350913234,0.4326017150542975,0.47084841645179454
1775547355.8948433,1623.68,204.98,0.33131906686932816,0.4255144335334273,0.4321544100429546,0.4724102720989561
1775547355.9260118,1623.98,205.4,0.3324110300302938,0.42641272130501184,0.4332094754443616,0.4706984113929637
1775547355.9587007,1625.3,204.74,0.33228077734256495,0.42639294816195145,0.43456141097823714,0.4705354664871952
1775547355.9896872,1626.38,205.34,0.33252033394970176,0.4259492309094308,0.43496929868500184,0.47256597609921847
1775547356.02247,1626.34,204.94,0.33309920049427244,0.4261747703506889,0.434262185740597,0.4721541231278417
1775547356.0554934,1626.1,204.9,0.3339540741820621,0.4257664545109087,0.43402871521175873,0.4713247677732685
1775547356.088776,1626.3,204.52,0.33181717968835844,0.42472245629223615,0.4319439694860587,0.4695519482369968
1775547356.1372514,1626.72,204.96,0.33276422717302745,0.424912762609884,0.4317889301841199,0.4706051192864559
1775547356.1842697,1626.66,204.62,0.332571798412026,0.42607203249890735,0.43290026551674426,0.4708541085881669
1775547356.2139628,1627.38,205.02,0.3324298445783294,0.4257308445057491,0.4331592341677221,0.47289293431567847
1775547356.2456343,1627.46,204.44,0.33350193995309335,0.425599500652677,0.43391310164855895,0.4730156318305674
1775547356.279431,1628.64,204.7,0.33392468822413257,0.42697614153222,0.4346256940167421,0.4730345779552984
1775547356.3267357,1627.94,204.12,0.3343737855531182,0.426057212839338,0.43337200498425543,0.47283622754830396
1775547356.3586411,1628.38,204.82,0.3332390523898704,0.4258163149105882,0.43414074680954906,0.47323687144826576
1775547356.390017,1631.48,204.26,0.3344130834678531,0.4255653485770118,0.43292878576871135,0.4722808107398075
1775547356.4237728,1632.22,205.02,0.3355508176121844,0.4260717426486946,0.4337460936478303,0.4738980109345223
1775547356.4709356,1636.52,203.84,0.33380310601666774,0.4247160640040456,0.4321245025852654,0.47283553839140896
1775547356.5027535,1638.28,204.54,0.33513579758108114,0.42596271116087553,0.43368008837548955,0.47371655590656625
1775547356.5363927,1642.54,203.58,0.3342076128388438,0.42660932320222794,0.43550352605573245,0.4722920072278777
1775547356.5673852,1642.66,204.44,0.33286975793971296,0.42555611813891864,0.4332250194624722,0.47118945612689755
1775547356.614752,1643.94,203.02,0.33337811301118186,0.42587940332085034,0.43403154134462263,0.47338089107136966
1775547356.6457362,1644.94,204.1,0.3338938667569051,0.42594876012763416,0.4331248941150055,0.4717305977704814
1775547356.6788611,1645.54,202.9,0.33508765819699327,0.42606948050044147,0.4343958550824943,0.4730427951860672
1775547356.712314,1648.5,203.72,0.33471941980017844,0.42612409733295503,0.43474811939804725,0.47200049473919997
1775547356.7452042,1648.5,202.84,0.33511523099608054,0.42597042811775165,0.43417490531296493,0.4720933217087379
1775547356.7921894,1649.64,203.3,0.33383831479413706,0.42508361565048003,0.43371904553518204,0.4719334792087829
1775547356.8218102,1650.02,202.18,0.3355644575243303,0.42570770141058256,0.43185373878445565,0.4719221498642974
1775547356.8552618,1650.58,202.42,0.3340582987527462,0.42608457556474827,0.4320609445558021,0.4717640840631848
1775547356.8866253,1648.38,201.88,0.332524851121333,0.42499440368277,0.4325097302988014,0.4713636272724956
1775547356.9187071,1649.3,202.68,0.3318239811122752,0.42354530179296224,0.4300813971365926,0.4709425321167865
1775547356.9507093,1648.72,202.12,0.3334653223187591,0.42494228679860957,0.43144705732441263,0.4702611637096666
1775547356.9820466,1649.1,202.74,0.33288669939672366,0.42439990604883143,0.43225356349298993,0.4717361415935287
1775547357.0137897,1649.3,202.58,0.3335045839117653,0.4244394684681811,0.43025017549518096,0.4702399766319674
1775547357.0467412,1649.52,203.02,0.33209110760936417,0.42240125276340645,0.42830274919823363,0.4699281676054222
1775547357.0786893,1649.4,202.54,0.33091320267257524,0.42398783854283234,0.42873133571281613,0.4694015436329111
1775547357.1105294,1650.08,203.04,0.3312307873698504,0.42296898405232775,0.42838640241080694,0.46940438718873895
1775547357.1427867,1649.78,202.9,0.3305720213780936,0.4225879151332141,0.42804946647322833,0.4687402080096957
1775547357.1764638,1650.54,203.62,0.3301356419812304,0.4221170991357328,0.42903324548767513,0.4687802254873051
1775547357.2229548,1650.46,202.96,0.33096662991460113,0.4212600912229461,0.42872446895442823,0.46949177453112806
1775547357.2539551,1649.1,203.38,0.3308485087208322,0.42230637614346017,0.42819866121865413,0.46793679097672664
1775547357.28568,1649.28,203.1,0.33027055837010905,0.42196293882652514,0.42908203337168777,0.4697758216786676
1775547357.3188415,1650.12,203.66,0.33123818942420674,0.422131993169995,0.4294778718476095,0.47020893968047006
1775547357.3518846,1652.4,203.28,0.33076662560886855,0.42315522195938693,0.4277321007969954,0.4684901818472239
1775547357.3819914,1653.64,203.6,0.33061210479327513,0.4228041550996336,0.42768498777681624,0.4685359690010319
1775547357.4175124,1654.6,202.64,0.3296771737787898,0.421422273155447,0.4285168357978882,0.46768826316254264
1775547357.4458506,1657.88,203.56,0.3306274700776708,0.4228637142130571,0.4286340825610312,0.4682174977160513
1775547357.4804115,1657.92,203.2,0.3307599309315869,0.4219566089369092,0.42922472658601263,0.46945518096107036
1775547357.5096893,1660.8,204.16,0.3310465631713866,0.42315312058178617,0.428419025368527,0.4686221121140396
1775547357.542317,1660.84,203.64,0.3306822586221426,0.42435674425463427,0.4293631898059461,0.47019281723719647
1775547357.576106,1661.54,204.08,0.3297334681627093,0.4231976559513531,0.4279512086227543,0.4685451536735527
1775547357.6217296,1661.86,203.66,0.3302120778443816,0.42312722259355146,0.42891162485886786,0.4687452657649546
1775547357.6536489,1663.46,204.08,0.3317852599164757,0.42401617586255835,0.4285010529199389,0.4685686473580658
1775547357.6871064,1663.34,203.96,0.3312624334057331,0.42277940455386304,0.4282723037183961,0.4687414008107085
1775547357.7188141,1664.4,204.14,0.3306505487881776,0.4223577072119157,0.42783541401269787,0.46773223868426655
1775547357.7497227,1664.24,203.82,0.330925111421703,0.42497047675921423,0.42905985093293914,0.46826616643086866
1775547357.7828345,1664.48,204.28,0.3309261036411517,0.42284709978732016,0.4286786939379271,0.4690341817001966
1775547357.8149507,1664.3,204.06,0.3319540850057414,0.42372938352959766,0.4283220341291982,0.46774220793959637
1775547357.8457227,1664.46,204.4,0.331224492684841,0.4231193684029068,0.4289005683807332,0.4681205833628972
1775547357.8788054,1664.62,204.28,0.3299703933048149,0.4221405268264991,0.4279182075740311,0.46841138274307037
1775547357.9095883,1665.88,204.58,0.3308135709200066,0.4234548267486221,0.4282241338031529,0.46954206005506294
1775547357.942989,1665.88,204.26,0.33079495461764974,0.4218320691517545,0.42837917013411264,0.4677489867848518
1775547357.9764328,1666.34,204.64,0.33091462290349355,0.4238417137345992,0.4283392684534791,0.46891871822979303
1775547358.0102026,1666.94,204.48,0.33157088941186436,0.42335917862785527,0.4287302680428715,0.46891600162191943
1775547358.056084,1669.34,205.16,0.3301860068141654,0.4214175925697281,0.42737308138281926,0.469265103895544
1775547358.0869236,1669.88,205.04,0.3296381796160603,0.42341664912862,0.42659859380046045,0.4693604651367075
1775547358.1201084,1673.38,205.34,0.3295274609238466,0.42357213728534376,0.42713024222678514,0.4687799683454759
1775547358.1505244,1673.38,205.5,0.32898225595555036,0.42202159874537704,0.42530459749375177,0.46848751062417415
1775547358.1827354,1673.38,205.8,0.3300653006076799,0.42393027771191516,0.42775130264911904,0.46928133202585515
1775547358.2146473,1673.6,205.6,0.33025605449651957,0.4215730479065041,0.42678606896650995,0.4680343473677459
1775547358.2458007,1676.94,205.94,0.3288443994937495,0.42094763587818596,0.4261652493197043,0.4658165375596419
1775547358.2793326,1676.98,206.32,0.3293596836206144,0.4222676336383085,0.42683784141547726,0.46739929972383465
1775547358.3102016,1678.26,206.44,0.3303580870607314,0.4224568045918482,0.4268944564070719,0.46759226122090164
1775547358.342033,1678.08,207.42,0.33002870220153735,0.42310547801022225,0.42775985891334956,0.46808619440317784
1775547358.3738675,1678.96,207.64,0.3303287852694759,0.42238384128133005,0.42741278401492677,0.4685260202532178
1775547358.4056845,1679.24,208.4,0.3299096431283496,0.42319805645225567,0.4278188000677599,0.46859451321251794
1775547358.4405313,1682.14,209.04,0.3291461904195665,0.42146730338659155,0.4265296706482203,0.4684122033702155
1775547358.4727633,1682.06,210.4,0.33048483330326733,0.4222116888061829,0.4255892821003995,0.4691762215810096
1775547358.5182455,1683.8,210.92,0.32967911490433494,0.42281684681066817,0.4267219556430348,0.46844580504121885
1775547358.5515451,1683.86,211.64,0.32903032945931837,0.42277507327078667,0.4272149036659773,0.4681897266845958
1775547358.582966,1685.18,211.7,0.3297292669303187,0.42246013048364867,0.42552952428593277,0.46776473100189786
1775547358.616226,1685.8,211.98,0.3294141666555973,0.42245711363977895,0.4274215059965293,0.46934049845285813
1775547358.6467373,0.0,0.0,0.3292792068830591,0.423162141267423,0.42480354209013343,0.46841028713672705
1775547358.678779,237.58,225.36,0.3314800955212541,0.42391447282093575,0.42828456949110405,0.4698989587492935
1775547358.7098763,233.14,224.74,0.3306000541539359,0.4228179574275712,0.4262826201052178,0.471016313825502
1775547358.743427,229.7,224.28,0.332714177276012,0.42607249949196385,0.4290956261326551,0.46984522281933894
1775547358.774062,224.8,223.92,0.330823830083066,0.42447200217914083,0.42806530906313617,0.4712446190826185
1775547358.8056784,223.56,223.54,0.3326148527937438,0.4266899726666519,0.43011834706700824,0.469664056142628
1775547358.8412652,220.44,222.82,0.33254186683534376,0.42542961483466957,0.4279298445914735,0.4702848374550304
1775547358.8727138,217.6,222.2,0.33278657740521556,0.4258099351016567,0.42882471566639124,0.4707412400001675
1775547358.917472,215.58,221.5,0.33168195038049625,0.4239889900888264,0.42768734806455794,0.46947799062928763
1775547358.9509957,214.7,220.94,0.33081173710283535,0.4238846468128902,0.42778339417063665,0.4687142500114783
1775547358.9827716,211.22,220.6,0.3319963922647652,0.4255847984842521,0.42931729886307696,0.4698086425995975
1775547359.014682,209.06,220.18,0.3311410915676708,0.4244921189161596,0.42747590445222633,0.47147514283470615
1775547359.0458171,203.76,219.78,0.33248469755163274,0.4247637560694424,0.42930112198967707,0.47081314927116635
1775547359.0787666,204.22,219.78,0.3313572736304939,0.42413723446754326,0.4277386026779053,0.47055377150416905
1775547359.109985,202.26,219.06,0.332288758059667,0.42745761332081617,0.4308542957060516,0.47102931631225686
1775547359.1427798,199.72,218.54,0.33099265592732996,0.4252675384952921,0.4295831394247579,0.47019531059985964
1775547359.1746798,195.68,217.54,0.3316319746259614,0.4240554937271221,0.42988854998039283,0.47045510556605546
1775547359.2064126,194.82,217.08,0.332691252055514,0.42612677326603043,0.4298075170580243,0.47101852173008446
1775547359.2418525,193.28,216.72,0.33186167690345897,0.4257531497755203,0.43025619234157425,0.47226153429003553
1775547359.2758725,193.94,216.1,0.3314902516829207,0.42525175894711315,0.42829597695579014,0.4697798381334547
1775547359.3199267,189.78,215.74,0.33076820060956436,0.4238467724536756,0.4255888975784794,0.46917089614449337
1775547359.3508308,187.08,215.2,0.3301765544938656,0.42314270019759204,0.4259600631415182,0.4692777592794337
1775547359.3840797,184.04,215.1,0.3313982807689478,0.4242708957248403,0.42714065440164906,0.46807825240128004
1775547359.4146063,183.98,214.96,0.3306958883234533,0.4233360996004807,0.4266119724420894,0.47008145572785864
1775547359.4456027,181.14,214.28,0.33099823447543125,0.42307698217955414,0.4276498348706237,0.4707060601104306
1775547359.4789057,179.84,214.28,0.3313769326656149,0.42468971056567856,0.4287291834104709,0.4723098226861051
1775547359.5099556,177.8,213.78,0.33165900216756716,0.42395373625186267,0.42845544127267055,0.46953218361574717
1775547359.542305,173.84,213.78,0.3310493339860438,0.4237794522812398,0.42761557648178417,0.46988262171406553
1775547359.5747817,170.9,213.5,0.3318106254014118,0.4245002460214451,0.42710008130268523,0.47032898317872085
1775547359.6059406,170.38,213.4,0.33051828418462365,0.42549028481295403,0.42791199855083767,0.4694106953906914
1775547359.6423578,166.96,213.42,0.3337899610841249,0.4279340156285049,0.43046074646504473,0.4711074416602142
1775547359.6697614,165.68,213.78,0.33187182254970843,0.424408685384594,0.4287270823527777,0.47140555626130426
1775547359.7037818,165.94,213.44,0.3328564461783054,0.42566536791293824,0.4296235886791838,0.47048621323102824
1775547359.749839,165.36,212.96,0.3315985155719122,0.42556391658658616,0.42761848941116243,0.47124809070115703
1775547359.7827888,162.18,212.64,0.33211539226985326,0.4255329852072604,0.4293575035345701,0.4719010982427284
1775547359.8146713,160.32,211.76,0.33258717540000093,0.42642786164989344,0.42975165845571656,0.4726282439887433
1775547359.845717,157.04,211.58,0.3343511451859274,0.42866356897529645,0.43023628223309324,0.4724963377202437
1775547359.8799634,156.9,211.44,0.3312669340063728,0.4262104298863299,0.42941191993441574,0.4716678754567764
1775547359.9096794,154.72,211.16,0.33225168927470206,0.4270401158867926,0.43004316795667213,0.4727483926417024
1775547359.9437704,154.36,210.86,0.3329230414011154,0.42707723787842616,0.43011815930161806,0.47287239411604787
1775547359.9740167,152.34,210.4,0.3324028961506337,0.4271994875885962,0.42844205717133993,0.4715049608853196
1775547360.0080197,150.28,209.88,0.3331785515746356,0.42727296150813804,0.4301411278854671,0.47098054799957256
1775547360.042777,147.64,209.54,0.33162649342126227,0.42525201859546996,0.42777902811894614,0.4720849007280946
1775547360.069774,145.34,208.88,0.33300554458647214,0.42509761681139624,0.4281370640356374,0.4715368143705506
1775547360.1028562,142.92,208.86,0.33150772861346567,0.4263945237015831,0.42810819482023427,0.471032419390516
1775547360.1365309,140.36,209.32,0.33125117663206993,0.42571799213102535,0.42844283990996374,0.4705072124512299
1775547360.1827896,137.74,209.12,0.33183174560181133,0.426023034988984,0.42833780149525474,0.47012073175873215
1775547360.2136354,136.3,209.0,0.33182058094044914,0.42613113540970177,0.4299853036397623,0.4703022750117237
1775547360.2459981,133.06,208.7,0.33224980141036153,0.42587499317339716,0.42803700101006964,0.47132537969499166
1775547360.2778466,132.4,208.68,0.33306522376901687,0.42709124453503683,0.4283036667125574,0.47317638906345055
1775547360.3105643,129.26,208.5,0.33168108869363866,0.4255315163813102,0.4273016506948422,0.4719570896899982
1775547360.3433156,129.78,208.58,0.33169636013332565,0.42471063700238315,0.4278216326527318,0.4708525774106198
1775547360.3738184,129.66,208.6,0.3324728614442572,0.42668413133730415,0.4282195418929739,0.47176583769381575
1775547360.4069884,127.1,208.54,0.33092858870215014,0.4258187443375163,0.42726715969479623,0.47160957593487324
1775547360.443236,126.46,208.3,0.33217105078449577,0.4263639852732098,0.4292631763566726,0.47024946698702147
1775547360.4697413,123.88,208.12,0.3306675263288157,0.425693868710944,0.42755756030617154,0.4708744211793826
1775547360.50276,121.18,208.04,0.3302399725094456,0.425434319934963,0.42637182606290125,0.4708368806364908
1775547360.534407,120.08,207.98,0.33238969252776235,0.4264151235642704,0.4277048526691388,0.47101917385260555
1775547360.567469,119.02,208.04,0.3321930300109557,0.42651557117104116,0.42828610348839885,0.47106401490619115
1775547360.6028688,117.26,208.08,0.33329807984079524,0.42797254689254943,0.42900636130640596,0.4718410476267051
1775547360.6481898,116.18,207.92,0.33478897275092395,0.4277952137531097,0.4291323231203714,0.47133030778591
1775547360.6787329,116.84,207.42,0.3308621556348752,0.4255096992283505,0.42660531435457755,0.47101838845547067
1775547360.7107322,117.2,207.02,0.33346828378581156,0.4279527281910062,0.42947597879913696,0.47206181983660384
1775547360.7436223,113.76,206.22,0.3351584271701202,0.4296218828628676,0.4325269794937329,0.4730727755538229
1775547360.7748241,112.92,206.32,0.333580150107132,0.428442204467244,0.42986124310243046,0.47228758554635464
1775547360.8068802,116.2,206.2,0.33277219867518004,0.4289177034345439,0.4307909949624587,0.47223689336486496
1775547360.8438742,116.66,206.18,0.3335603623473424,0.42805165765063724,0.4289260129793359,0.4712717748884964
1775547360.8706503,114.66,205.78,0.33350848896095825,0.4288910716825294,0.4301283082568026,0.47232301145462613
1775547360.9026654,113.3,205.84,0.3318971061014466,0.4264205882650653,0.4283044430205821,0.47144971199968416
1775547360.933938,110.04,205.82,0.33327366231133726,0.427301560313966,0.4292630115817319,0.4715376761006951
1775547360.9697127,112.58,205.64,0.33404096081858015,0.42765146226194417,0.4292077336740754,0.47311841168289187
1775547361.013824,110.56,206.18,0.33452156765010665,0.42847108059125655,0.4296096845438859,0.4707522789076381
1775547361.0461504,111.5,206.3,0.33393325921942985,0.42810588018822676,0.4293836207049005,0.47301537076503664
1775547361.0778701,109.74,206.18,0.33321554732948044,0.42777663080932365,0.4296339775613125,0.4731069708941115
1775547361.1091497,111.66,206.3,0.3349112999608035,0.4283170142333997,0.42948172842021604,0.4714009090327055
1775547361.1445172,110.24,205.66,0.3337608276561288,0.42805536974987696,0.4303242132875482,0.47088714159562906
1775547361.1737623,111.4,205.62,0.3339312269058172,0.42891829074347215,0.43115113864699384,0.47285266731879666
1775547361.2083535,110.32,204.78,0.333078550559067,0.42696203209363626,0.4292698388282539,0.4735097116889041
1775547361.2446978,112.16,204.84,0.3324076211899126,0.42819231166393074,0.42778973197996834,0.4727358800102821
1775547361.2722244,110.12,204.66,0.3333930503527303,0.4284486231720575,0.4296790949357911,0.4733471544451073
1775547361.3018348,111.76,204.38,0.33283882283294813,0.4258815207027962,0.428379376570831,0.4722079704046236
1775547361.3349452,110.08,203.96,0.3347102301931546,0.4280983744639579,0.4288641963288003,0.4720998169844703
1775547361.366652,112.56,203.84,0.33262001566190863,0.42851704952263364,0.42855641410785467,0.47161360704815264
1775547361.4003441,112.2,202.98,0.33445843176491863,0.4302433732705777,0.43030782209978496,0.4710156872351405
1775547361.446404,114.28,202.98,0.3352406031508944,0.4300529312008131,0.43019105584657347,0.4736226335786463
1775547361.4776278,112.6,203.14,0.3347736834928433,0.43001894625862397,0.4298219642512765,0.47422424553049775
1775547361.5110357,115.68,203.06,0.3345000741723851,0.42838503187842836,0.429243435246097,0.4731925932711295
1775547361.5454752,111.68,202.66,0.33419272776032277,0.42942218163902013,0.42907344587274027,0.47301800597270804
1775547361.5749097,115.1,202.62,0.33487620243093613,0.43106227979437906,0.4323090097994558,0.47409251088812626
1775547361.6059344,115.36,202.32,0.33483706090146165,0.43008947204600456,0.42923519510070196,0.47345887700892636
1775547361.637821,120.3,202.62,0.3329895000141731,0.4287019442710886,0.4293435515974445,0.47342229859916934
1775547361.6708772,118.04,202.44,0.3352447370134611,0.42978986849765166,0.4297276754917454,0.4717852327457118
1775547361.7017894,122.46,202.28,0.3328303215161025,0.42758425974698533,0.4275406608065632,0.47227708853898737
1775547361.7363431,122.4,202.1,0.3353675247762712,0.4296356602414128,0.43008307821058794,0.4739658973198201
1775547361.7692983,126.96,202.12,0.333964542051265,0.4284433151751871,0.42714328151123654,0.4710983961932395
1775547361.7987597,126.46,201.42,0.3345727349506312,0.4291364369185204,0.42917341479815696,0.472612533089849
1775547361.8324904,130.34,201.22,0.3333203522906113,0.4287908677402315,0.428478546584454,0.4724031627792928
1775547361.8664906,129.06,200.78,0.3349673198478528,0.4292893511038146,0.42942107538742086,0.47364971361665237
1775547361.9123843,132.36,200.84,0.33453605410994647,0.42956686282421674,0.4280578075492902,0.47147098720070046
1775547361.9461782,130.56,200.28,0.33480428665663603,0.42877380595018505,0.4279054132384068,0.47400981708206885
1775547361.9738035,136.62,199.74,0.33438429226567123,0.4292774868298634,0.4293050910255084,0.4714206509031494
1775547362.0066414,134.7,198.58,0.33388621739681196,0.42886224023424746,0.42750989397808903,0.47244935756015194
1775547362.0390172,138.96,198.8,0.3339642621739996,0.42968887949163137,0.42882976801286365,0.4717950381582133
1775547362.0708761,137.42,198.6,0.33391007384375154,0.4295834198555394,0.4295412302795694,0.4722737486547271
1775547362.1030104,142.02,198.36,0.3347946038114771,0.4292891596565569,0.4288844322303507,0.47174414572473217
1775547362.1347318,140.26,197.88,0.3343351949490878,0.4296446116213474,0.4285894631816774,0.47282467431162817
1775547362.1666775,144.44,197.86,0.335119916246194,0.4293329194433532,0.42923596489412624,0.47202004522771757
1775547362.198567,141.94,197.6,0.33419517438388,0.4292379548855809,0.4297442050443233,0.47146827984138184
1775547362.2309837,147.2,197.6,0.33396233496266964,0.42889862981882715,0.4284803642042163,0.4722577987656878
1775547362.2637236,145.44,197.04,0.3339808691556343,0.4298620605594796,0.42880748603799107,0.4711135117420207
1775547362.3099074,151.48,197.0,0.3346105059907325,0.4293955350665443,0.4295434819721968,0.47256196483905755
1775547362.3469958,147.1,197.92,0.3351003243266388,0.4311168595479624,0.43030004014148787,0.47238428856731224
1775547362.3738291,152.72,198.38,0.3354772545873977,0.43034594552648975,0.43036965264339566,0.4720630305347382
1775547362.4079795,150.24,198.24,0.3369789208468736,0.43326958005037197,0.43218795185874975,0.47362133614494506
1775547362.4381673,155.42,198.24,0.33645047301906567,0.43271340533272745,0.43269519626660174,0.47431297066159844
1775547362.4645865,150.06,198.12,0.3373475197825468,0.43352282769419365,0.43248026215394947,0.4748263478977332
1775547362.502581,156.56,198.06,0.3364970222076906,0.4313622843821065,0.43063241233588767,0.473417690011023
1775547362.5370634,154.98,198.0,0.3365739748236474,0.4310817056735664,0.43066334918486776,0.4729327734167046
1775547362.5669239,160.3,197.88,0.3371783674614725,0.4329083466377491,0.43184178707101273,0.4729317357386579
1775547362.597863,160.08,197.64,0.3346355340985006,0.429580656401902,0.42964542825580454,0.4742840885696266
1775547362.6298804,165.92,197.96,0.3366151543202255,0.43131801937780045,0.4317765631524495,0.474663817613304
1775547362.6631503,164.68,197.04,0.33544820986701857,0.4316366717568717,0.43086121713703396,0.47432640578377727
1775547362.7106893,170.06,196.76,0.336116114041441,0.431767967761707,0.42972070297637666,0.4724038928743055
1775547362.7478013,168.76,196.56,0.33590391066054626,0.430097037244529,0.4305166881545649,0.4729171860953287
1775547362.7739177,176.0,196.6,0.3331314627594084,0.4286667873877054,0.42703636820992724,0.4732232049945018
1775547362.8067608,175.46,196.32,0.33402892125084055,0.42991560457217276,0.4284052344988766,0.47329553165597593
1775547362.838566,180.02,196.44,0.33419915025263636,0.42992269507564373,0.428946016114762,0.4721168507394058
1775547362.8708048,179.84,195.6,0.33610695263172796,0.43171904434348246,0.43075569888121384,0.47369605696909517
1775547362.902616,184.18,195.3,0.3356235956993801,0.4317247633667834,0.4306212644948948,0.47341639067592106
1775547362.9345171,183.06,195.04,0.33550274776451006,0.43007003798763466,0.4287770394465702,0.47302746106210575
1775547362.9661033,188.12,195.0,0.336115450751974,0.4317668415175992,0.43084896221713564,0.4722832353639291
1775547362.99797,186.24,194.44,0.3355162681667686,0.43092704430972856,0.4304619607405748,0.474520590196214
1775547363.0321534,189.8,194.18,0.3364297949170919,0.43258841015554783,0.43157006012188576,0.4729511554995672
1775547363.0617914,189.84,194.08,0.3354452545950213,0.4324870907566392,0.4311679453838257,0.47406008403497496
1775547363.0945625,196.2,194.12,0.3359699365582586,0.4320216330978606,0.4328516888442185,0.4742855842930855
1775547363.1309972,194.72,193.74,0.3357156442147683,0.43148813271863595,0.43177414767088723,0.47289703868040966
1775547363.1670306,199.4,193.54,0.3366227047949434,0.4321340035384669,0.43148038273063183,0.4735682870597933
1775547363.20711,197.98,194.48,0.3360375040431157,0.431641890856315,0.4312701730518536,0.47433255544776887
1775547363.2376845,202.68,194.6,0.3370162074662645,0.4321623123984382,0.4316643830475368,0.47402288006028637
1775547363.2698762,199.06,194.58,0.33652906977307795,0.43205169950866257,0.4334568386458547,0.4745101315519699
1775547363.3020155,202.36,194.42,0.33830935687551633,0.4336358239942273,0.43446290697426887,0.4748259262336406
1775547363.3348038,202.24,194.14,0.3384362970106745,0.43311169821145085,0.43428973445775704,0.47479342149478165
1775547363.3667235,205.04,194.22,0.33614846791844555,0.432396388963962,0.4328071919144664,0.47395184156861353
1775547363.3981469,203.22,193.98,0.3373092779334241,0.43270294486723715,0.4328433643455916,0.47399661286205386
1775547363.4300256,206.02,194.18,0.3386567019650727,0.43336291720746134,0.4332087852492463,0.4745247703237051
1775547363.4629145,207.62,193.68,0.3393349826596944,0.4339553064466985,0.4353977101457443,0.47471917630617416
1775547363.494904,212.16,193.9,0.33994573586396803,0.4341249345040236,0.43418995586720455,0.47648111439233526
1775547363.5285642,212.76,194.0,0.34074543850711214,0.4302339366143108,0.43118481651861124,0.4722170269780327
1775547363.5683086,217.96,194.06,0.3393098026620573,0.4256462978942517,0.42736137845969735,0.4663458005321897
1775547363.6057718,217.2,194.2,0.33400456702184994,0.41437211763004117,0.42069791110573046,0.44770289495630683
1775547363.638781,220.38,194.98,0.3161243084319397,0.3800077203711153,0.3942504151256161,0.41804501371782365
1775547363.6709878,217.76,195.14,0.282972409320509,0.3290949064311049,0.351737369927325,0.38342365946480444
1775547363.7019792,221.3,195.08,0.2418892197202341,0.282826563635513,0.2984497605988409,0.3295407028758418
1775547363.7367122,222.96,195.24,0.1910055169443919,0.22144533389136967,0.23978686636390548,0.2830598190365434
1775547363.7656164,226.4,195.66,0.14155599814227215,0.15811307972187924,0.19526705818357917,0.24519588481337062
1775547363.8001692,226.04,195.84,0.09317530762195748,0.11738664199699192,0.145594560856029,0.1930020437462484
1775547363.8310072,229.88,195.96,0.08849032462451673,0.09488451512478183,0.12076445994199785,0.15672205774710313
1775547363.8621705,229.48,195.92,0.08806233080135652,0.06358777154594573,0.09162489911288839,0.12264422924919531
1775547363.8940833,233.68,196.24,0.08311152848251283,0.049562931494065994,0.07035029293288732,0.09984978852666979
1775547363.9255633,232.82,196.34,0.07411097487474538,0.03589091023212554,0.05209648857977214,0.08219999861650264
1775547363.95834,237.26,196.66,0.08381955836832639,0.033414626408465244,0.03444193626044498,0.0669843012727292
1775547363.9934015,237.32,195.68,0.08832748382835087,0.02923369424698117,0.021443363370227324,0.05431433917270742
1775547364.0388353,242.46,195.62,0.09825909915117793,0.0408591419301869,0.010405404501201454,0.04374313459754297
1775547364.069943,242.44,195.58,0.10669469186330095,0.04906584127684552,0.018521359536122786,0.03689880736950183
1775547364.1032715,247.24,195.6,0.112889305895242,0.055539577402378734,0.02827901913576798,0.04857218658245349
1775547364.1342406,246.8,195.28,0.11949858925940217,0.059325181100267146,0.030432259492337785,0.04698451392593178
1775547364.166386,250.18,195.42,0.12305886802934504,0.0630296874480403,0.029720286239936333,0.043537748232020064
1775547364.199008,249.44,195.54,0.13170076543279868,0.0752418495673283,0.04202991468616514,0.05018061166773387
1775547364.2299175,254.18,195.72,0.1391816956042715,0.08054503978940582,0.04475905692540223,0.05081848049068722
1775547364.2627716,252.9,195.42,0.14211965113314548,0.08561078816444455,0.050909053592504104,0.05513510714798331
1775547364.2961607,258.3,195.12,0.14658602574464946,0.09139627436006757,0.05459327470540165,0.05075527802650903
1775547364.325963,258.28,195.18,0.14595863175481263,0.0939453026313837,0.0608290920822574,0.052359322652108846
1775547364.359593,262.08,195.32,0.14457344788596996,0.09388974579097448,0.056303807424937104,0.04675928291172951
1775547364.394411,262.18,195.24,0.14654359060092906,0.09647581581629132,0.05804377390222882,0.05340609814579671
1775547364.4400496,265.76,195.26,0.14715972390286208,0.09474397290591323,0.05833787413254486,0.0489588618360299
1775547364.4707248,266.2,195.0,0.144511720849082,0.09192519883595919,0.05271613641001577,0.04952722281263924
1775547364.502834,271.88,194.92,0.14599765191318206,0.0935169234102254,0.0544880128998842,0.04762068405713982
1775547364.5345871,272.32,195.44,0.14372053106367033,0.08936717776318084,0.050731106105119834,0.04727402720862993
1775547364.565699,277.9,195.52,0.1457265221856245,0.09006429675183943,0.04887712053048253,0.040078830566863
1775547364.5987296,278.92,195.52,0.14527337099207632,0.08955981542476445,0.0497210643432581,0.04412811443001075
1775547364.629881,282.86,196.3,0.1472088055035013,0.08891460177977763,0.04598429459817974,0.03978524043215539
1775547364.6628525,283.22,195.7,0.14494246313929599,0.08617743766237004,0.041780592888482834,0.03599399164029563
1775547364.693623,289.86,196.3,0.14459736836064,0.086049252841806,0.043641660279266685,0.039048112959988494
1775547364.7268777,287.94,196.28,0.1413748757896079,0.0824619902989526,0.040022156119546876,0.04100574021722341
1775547364.7579758,292.96,196.16,0.14409633856095921,0.08508330717547664,0.038845217487989865,0.03775334708665362
1775547364.7899704,293.4,196.3,0.14310263554232192,0.08586160448887424,0.04441358717599714,0.04414464658767236
1775547364.8243515,298.58,196.44,0.14200918935651058,0.08205655284956427,0.037569016153538436,0.035542130499063726
1775547364.869759,299.82,195.46,0.1411458279218387,0.08283050374395654,0.041613985422663556,0.04210822704922687
1775547364.9026399,304.94,195.54,0.14050339626170158,0.082385809051471,0.04129822637238234,0.041235769952048695
1775547364.935964,306.04,195.2,0.1393531807980705,0.08143171935414041,0.04017226837493925,0.04224680912426203
1775547364.9661176,311.18,195.54,0.13832483636043313,0.0802824240576999,0.04232427876052673,0.04468060828204805
1775547365.0002403,311.64,195.74,0.13604503975338597,0.07626551326529332,0.036003851208399475,0.042703284118931414
1775547365.0300796,315.68,195.48,0.1377162105998311,0.07819593410152596,0.03940365555541041,0.043105442430614045
1775547365.0643058,315.68,195.36,0.13581827556155357,0.07720354025704365,0.039614754580407224,0.044378520890241684
1775547365.0946898,324.66,195.26,0.13529940694065873,0.07579545341660758,0.03429107799870501,0.04381919979846148
1775547365.1259181,323.38,195.5,0.13434038279412602,0.07519937845239777,0.03525438274194992,0.04604217067417165
1775547365.1589067,327.76,195.04,0.13419442337559098,0.0754143976718992,0.03326469444114675,0.0410709577326081
1775547365.189894,327.36,194.94,0.13145908860309094,0.07142680058117017,0.02997450642673582,0.045144777939914955
1775547365.2238994,332.78,194.86,0.1295431333649198,0.06901763917831819,0.030259228579519147,0.049320036792487504
1775547365.2708666,333.7,194.56,0.13088985965124544,0.07235573667659717,0.03227844677033035,0.04798061645161592
1775547365.302653,339.66,194.1,0.12680727138075293,0.06590953053889374,0.027194955937965525,0.04795685781568952
1775547365.3339162,340.24,194.48,0.13032779645563844,0.07065313556555561,0.02792244205598397,0.04991918680337665
1775547365.3668227,345.36,194.2,0.1301351276780667,0.07178204592337206,0.03241234398124399,0.049310320243135426
1775547365.3979137,343.14,193.66,0.12758993148142753,0.06825851092000434,0.03072487778466399,0.05307971475442279
1775547365.430689,348.34,193.32,0.13025060188309984,0.07087564083769367,0.031903583843593084,0.05143383247187224
1775547365.4626431,350.76,193.06,0.1286834679507755,0.07037041074068814,0.03298774565260574,0.05375379022128869
1775547365.496373,357.84,192.96,0.12639889071243746,0.06742341998761234,0.030383095999867646,0.05547133649329633
1775547365.5425084,360.72,192.88,0.1263460270422231,0.06715414954908473,0.028827343199444806,0.05216289981061051
1775547365.5763788,367.76,192.42,0.12753632846382407,0.06753299786550936,0.02992949131023953,0.05335323131649224
1775547365.6057703,369.38,192.1,0.12721439860328146,0.06745233327086106,0.031155308474401282,0.053645885194104403
1775547365.6395938,373.58,191.42,0.12751262574150718,0.06656206108371583,0.027346489078043847,0.051516954420590615
1775547365.6736064,373.64,191.48,0.12829611182158143,0.06787790426016498,0.025703711545962026,0.04914918204498768
1775547365.720007,376.94,191.18,0.13014913482764356,0.06964182638960068,0.02447278449766127,0.04636010545768009
1775547365.7539904,379.12,191.12,0.12804061646536274,0.06733173312066977,0.02385058631634771,0.048116070074070226
1775547365.783529,385.14,191.08,0.13076229594164743,0.06929031537094438,0.02336283465853682,0.04515545592980469
1775547365.8310833,386.34,191.1,0.1285483999098253,0.06773082419930047,0.025604478274899454,0.048292839323559614
1775547365.8627408,391.04,190.66,0.1284227207109636,0.06726278037234182,0.02472349214451007,0.048292781397282034
1775547365.8947933,392.46,190.22,0.1277641277012186,0.06818052435298472,0.025005036604630642,0.05020243788214748
1775547365.9276807,397.74,189.5,0.1302001796617684,0.06811645527548324,0.02306716232462722,0.04597323813050785
1775547365.9737961,399.64,189.7,0.12931182894999851,0.06727233937083585,0.024921991038473663,0.047698816890336365
1775547366.0069125,402.72,189.54,0.12835150160185224,0.06580114984526661,0.024250636377024796,0.04971336965402811
1775547366.037876,403.8,189.42,0.1287206966438996,0.06654381189295826,0.024020206171286144,0.04915344201966146
1775547366.0718052,409.56,189.24,0.1278124913990529,0.06633407458329041,0.02059006084802348,0.04785450248138413
1775547366.1186917,410.66,189.06,0.12785083868598626,0.06631718165534664,0.021481410801973286,0.04764011355417614
1775547366.1552653,413.74,188.68,0.12801163456888137,0.06605329042412028,0.019965131525803793,0.04611767527643189
1775547366.182792,412.68,188.66,0.12851973416969928,0.06601654715788391,0.02425106631983735,0.04793379167844552
1775547366.2164714,419.96,188.74,0.1310287825271678,0.06860486012396654,0.02451506645150104,0.046159002746679695
1775547366.2639062,420.56,188.64,0.1283951992907108,0.06652486280913969,0.024022420262990177,0.04817226489929626
1775547366.2938175,425.9,188.4,0.12869735105354388,0.06699070221661958,0.02501665906130821,0.047888367219978176
1775547366.3292723,426.02,188.36,0.12915083541650696,0.06741398040275431,0.02194215188727683,0.04681069041083265
1775547366.3580384,433.18,187.8,0.12935619833251977,0.06623646486117526,0.01976851641594016,0.04605003846746156
1775547366.392388,434.68,188.18,0.1263666474400042,0.06446520479620316,0.02145827033621324,0.05066853315505988
1775547366.421932,439.96,187.76,0.12524939175175334,0.06402867990155474,0.018689510647092625,0.05025970548092109
1775547366.4553964,440.6,187.44,0.12716607221979037,0.06510057796958062,0.021791255870380367,0.046362723391522934
1775547366.4855304,444.78,187.04,0.12589892970216537,0.06355878185207162,0.020098854951903958,0.04795019391051468
1775547366.5179188,446.4,186.7,0.12347099691919776,0.06154874338766622,0.01946890246903021,0.048444574399103366
1775547366.549766,452.5,186.46,0.12416418528989275,0.06186903525505152,0.020765972231458093,0.04941715278155779
1775547366.582771,453.3,186.14,0.12742947012356542,0.06494217429425843,0.02250767064299215,0.04891068346041281
1775547366.6144729,458.6,185.76,0.12561204366111306,0.06416778247789379,0.021090687722841818,0.05048427934398689
1775547366.6481552,459.24,185.82,0.12639256182676042,0.06401427052854611,0.018388605041371037,0.0483438673645584
1775547366.6946785,464.28,185.12,0.12459233482130298,0.06213607125703233,0.018747777737529697,0.05002210119366863
1775547366.7257922,465.5,184.78,0.12575034235499505,0.06365404837994512,0.019525652336716097,0.04902837543587177
1775547366.7588158,472.34,184.78,0.12669956485178127,0.06490337044149629,0.013811767563647414,0.04634411658241142
1775547366.7907314,475.26,184.92,0.12624819931256467,0.06463382399338076,0.019658926061644093,0.04907552526252734
1775547366.8218584,477.36,184.5,0.12493167107278642,0.06357692306562963,0.01740263262599538,0.04893673879037076
1775547366.8560286,477.38,184.26,0.1251455584106231,0.06235591997272211,0.019797950415518992,0.04829752073148888
1775547366.8882065,482.86,184.42,0.1244479911874548,0.06302448726945628,0.020178971175775863,0.04985913057343861
1775547366.917672,483.84,184.22,0.12127529199628606,0.06011286879183592,0.01759517471643573,0.05306997125223874
1775547366.9524012,486.92,183.72,0.12280751776936034,0.06041654825365253,0.018158257242382226,0.04985612907618872
1775547366.9824963,488.08,183.64,0.1200893059671167,0.06015449825996079,0.021083908693706816,0.05281467266544056
1775547367.0163393,492.62,183.0,0.12291459676781083,0.0648033054562511,0.02525845083319893,0.049224676064902426
1775547367.0468094,495.36,182.24,0.1393451359796194,0.08527797621648425,0.05278285723046052,0.05003936810287769
1775547367.0795364,500.42,181.64,0.13216431037010312,0.07954951986312378,0.05345778783184782,0.05375228321157828
1775547367.126685,502.54,181.46,0.13112613197423437,0.08081394864482774,0.047865074008886864,0.0539185802473327
1775547367.1587386,507.46,180.9,0.11125098428382467,0.05725800843649111,0.04752384027040394,0.058915724265360146
1775547367.1898797,508.14,181.02,0.08414217957666116,0.03209225505172518,0.03836895346282239,0.07667285995528722
1775547367.2217298,512.18,180.34,0.06819721374471165,0.011506260827106526,0.049257525192372156,0.09942714387211245
1775547367.2559762,512.0,180.52,0.06444251360636968,0.05244114213696346,0.08359809812319745,0.13355003753963518
1775547367.2867174,515.48,180.08,0.06594315193866061,0.06311721061350778,0.10286808327389614,0.1690834343884894
1775547367.3178313,516.44,180.18,0.08380306398291594,0.09793798288361538,0.1500248050171315,0.22130636977357074
1775547367.351102,522.62,179.8,0.182274702546233,0.22267843965357886,0.23737327214187354,0.26618907593853086
1775547367.3827584,525.28,179.62,0.2373498573930139,0.290817608720889,0.2904029765153667,0.32215520397168596
1775547367.414673,532.3,179.18,0.27229992460991626,0.33174154745767204,0.3290649379124315,0.34943183405794376
1775547367.4459002,532.26,178.98,0.3285600090761686,0.38805861412476766,0.38189340688672724,0.3905799041878977
1775547367.4796755,536.2,178.42,0.3302062421955996,0.3945593895324666,0.39038089240450735,0.40012221464625486
1775547367.5277348,537.46,178.44,0.33431847848105795,0.3993195168342847,0.3955979252347905,0.40579790030914503
1775547367.55771,542.34,177.98,0.3342392540214738,0.40008166456424865,0.3962532929380929,0.40698437794258524
1775547367.592154,543.02,177.72,0.3385570693089248,0.40610397642221635,0.4040664266308867,0.4195924144283999
1775547367.6222856,547.08,177.48,0.34065163814831617,0.40835643430605073,0.4048403738711636,0.42283473861438486
1775547367.6565983,547.78,177.16,0.34218724177363374,0.41174700689303817,0.40945308777347283,0.42384803594622333
1775547367.6858015,552.68,176.66,0.3420391400045425,0.4120843497722223,0.4101023769887771,0.4239420797340839
1775547367.718591,554.16,176.38,0.34572196418071344,0.415261364312916,0.41249248440619213,0.4264966725600331
1775547367.7507412,559.02,175.5,0.34691078954654897,0.4172263556116312,0.41538030335718934,0.42887788077410627
1775547367.7827218,560.66,175.66,0.3483658972388098,0.41913103674536095,0.4145423759106942,0.42593419470646887
1775547367.8144524,566.42,175.28,0.3500516457278973,0.4202297551263918,0.4165735704276947,0.42916846512904666
1775547367.8469276,567.38,175.3,0.3547300002517321,0.42524052245350596,0.4189033605771677,0.43152294105101535
1775547367.878753,571.08,174.56,0.3535393383350311,0.42416754773449283,0.4205483975477548,0.43276999294703283
1775547367.9113312,572.38,174.72,0.3517300370004345,0.42271148230633065,0.417694126341904,0.43225478703777176
1775547367.9580524,576.76,174.14,0.3521581894154453,0.42220071314503776,0.417618652428696,0.432104725814649
1775547367.990734,578.06,173.98,0.3539375232830644,0.42436466174578824,0.4195908249894351,0.4340412329267639
1775547368.0227458,581.9,173.04,0.3536398495406674,0.4251021868630881,0.4212579697996674,0.43582418118283717
1775547368.0572138,583.12,172.94,0.35274903458875323,0.4244012364465364,0.4206580294367735,0.4345548755940156
1775547368.0867386,587.48,172.0,0.35391987903790195,0.4260317825056396,0.4192510466865526,0.4337148558887506
1775547368.1178548,588.48,172.06,0.3549660082699597,0.42742340711129956,0.42102703851813433,0.4342165185530954
1775547368.1519983,595.04,171.68,0.35598338153069453,0.4275602240022696,0.4220343050872724,0.43670219846450964
1775547368.1826944,596.7,171.72,0.3545748821731559,0.4259962422166627,0.4197757596392741,0.43526688088085136
1775547368.2162282,602.3,171.06,0.35568370988716547,0.4277908144345533,0.42106508629317796,0.43563667021239516
1775547368.2466793,603.62,171.16,0.3550603873535091,0.42658941607736856,0.4202539472396857,0.4345498547043072
1775547368.2791243,609.16,170.56,0.35556278306640027,0.427932804899118,0.4209254126258208,0.4354276199091035
1775547368.3099551,611.8,170.42,0.3555576474222425,0.42819339623009045,0.4215423198053679,0.4359671292613777
1775547368.3440447,617.76,170.08,0.3530641130288964,0.4265661569182155,0.4200181940426345,0.43470105022125594
1775547368.3896713,619.22,169.58,0.3539838950206758,0.427304896526153,0.42052333506183076,0.4347819931462156
1775547368.421438,623.46,168.66,0.3540542509927849,0.42823904653926437,0.4217259914133768,0.43666270736424767
1775547368.4548368,622.84,168.3,0.3545534249336082,0.42916009469601973,0.4229496505780922,0.43848708289755317
1775547368.4886203,629.08,167.66,0.35668378752948643,0.4314658534013783,0.4242232772616419,0.43778378732823514
1775547368.534314,630.0,167.84,0.35651958675112,0.4321387375859342,0.42524435120450094,0.4379233311574737
1775547368.5667124,634.1,167.0,0.3565898934638571,0.4316186904582673,0.4242829915928482,0.43911674492858527
1775547368.5989194,636.32,167.1,0.3567131815220976,0.43111407783047545,0.4243446665156364,0.4388852287845749
1775547368.632594,642.48,167.24,0.35915727495926064,0.4337194156645186,0.42498454846768663,0.4387570544821795
1775547368.6780708,643.48,167.44,0.35763696678291573,0.43104891424202907,0.42359847246138943,0.43793051353176377
1775547368.7105815,647.52,167.3,0.35913680156420835,0.43412661810376324,0.4241939161967741,0.43823669669149173
1775547368.741846,647.06,167.4,0.3589553456939328,0.43336150377667065,0.42311074872314614,0.43772805040734875
1775547368.7752736,651.96,167.38,0.3574994606554898,0.4320414757784299,0.4208599844617396,0.43606467548808203
1775547368.8239567,653.5,167.5,0.3576186985118034,0.43446077423493346,0.42356758234466013,0.4392299865304593
1775547368.859813,658.9,167.18,0.3548451171895246,0.43035292771940914,0.42012783761181655,0.43739203393789766
1775547368.8896148,659.82,166.98,0.35350864985707886,0.4311845188118093,0.42003107816520646,0.43595712946618254
1775547368.9236302,664.8,166.84,0.3540298716174282,0.4306729803010929,0.4186885964545765,0.43479074031764275
1775547368.968064,666.48,166.84,0.35442118099594533,0.4306393426542969,0.4207183092793265,0.43640673214503084
1775547368.9982185,670.42,166.32,0.353977870603282,0.4306815665703497,0.4199731133215179,0.4353550988086648
1775547369.0293984,672.16,166.18,0.35485446607942317,0.4308064263051776,0.4189780742137557,0.43447694357063804
1775547369.061471,676.7,165.66,0.35420274116006706,0.42963636244576786,0.41813756500032556,0.4345119626297636
1775547369.0975046,677.54,165.4,0.35412377390993466,0.4305303563980681,0.41922438513383775,0.4348716653202233
1775547369.142781,680.9,164.92,0.3555795190538841,0.4325837220701095,0.41969247156323614,0.4351307642320165
1775547369.1746633,681.8,164.68,0.3580921548146668,0.43428583513538516,0.42075869275684974,0.4361980623868427
1775547369.208417,685.58,164.08,0.3569087632221214,0.43391473316573786,0.4205425953298194,0.4362290413353968
1775547369.2601461,687.86,164.16,0.3559132241012577,0.4322306192060518,0.4207482102722137,0.43530376577305774
1775547369.2867312,692.9,163.8,0.35906561976463547,0.43292324348682154,0.4213041771743833,0.4360540077323211
1775547369.3203855,694.8,164.38,0.35702904048013245,0.4322621679128711,0.4206975615223685,0.4357395450022954
1775547369.3658462,697.88,163.98,0.35697476762916286,0.4333908634698336,0.42244159309614876,0.43742259574559317
1775547369.3990088,698.88,164.1,0.3552344008614672,0.4306632965428487,0.4197935109014615,0.43646554122047615
1775547369.4309154,704.66,163.5,0.3546383088510475,0.4307017956478673,0.4204183792517313,0.4375422984316474
1775547369.4645774,706.28,163.52,0.3572962074066591,0.4322638654647411,0.4214023329907343,0.4378818710551116
1775547369.512375,710.42,163.28,0.35164803062394506,0.42789989956924396,0.418082551261512,0.4382576071279388
1775547369.542744,711.08,162.92,0.3532184984791423,0.42929771017192003,0.42039156534981126,0.43887863102160546
1775547369.576146,717.48,162.42,0.35417883045286686,0.42921976998606404,0.42063953062740295,0.4358426410300866
1775547369.6098468,719.7,162.26,0.349575169989143,0.42456569358302737,0.4159765574983887,0.4341227955758414
1775547369.6562304,723.26,161.7,0.3409753642974235,0.41072333770833924,0.4069325763061827,0.42401495091093727
1775547369.6858504,724.86,161.52,0.3235881525244145,0.3830960320184338,0.388158708013126,0.40978955431101205
1775547369.718995,729.6,161.1,0.3251979185357016,0.382882247640832,0.3888805867180246,0.40901077867477875
1775547369.7518291,731.02,160.58,0.30544942786890855,0.3505107833158505,0.3652157230716238,0.3991429256071412
1775547369.798985,734.8,160.06,0.2817772675379399,0.31583794158048206,0.34071117163737086,0.38586935742460027
1775547369.830209,736.66,160.04,0.2447503501237244,0.2718533749482582,0.30621726729370213,0.36725336435315287
1775547369.8621864,739.84,159.94,0.21599443535838578,0.2389019688495401,0.2756493107057347,0.34094696808685193
1775547369.8958783,741.86,159.88,0.17764594110200696,0.18973501391437664,0.2357868080999835,0.30689042669412137
1775547369.9429352,745.84,159.28,0.14350463186249635,0.15697815150990432,0.1963258171432772,0.26981379819083184
1775547369.9739351,746.04,159.1,0.11733683491493076,0.12459372081732246,0.163679804328112,0.2266321839656195
1775547370.0066917,749.2,158.8,0.08091097453154067,0.08633443283608842,0.1311224756516695,0.17931827145348517
1775547370.0387354,754.0,158.58,0.07186748445658342,0.06551841333146141,0.11210031730065666,0.15518436528649238
1775547370.0706487,758.46,157.38,0.06427249638973019,0.05052682561269997,0.09665543889916414,0.1367947372206474
1775547370.1034322,756.28,157.4,0.0639492009374221,0.043987918288162876,0.08693471548045568,0.12748974441754563
1775547370.1361303,759.64,156.44,0.05621616777962608,0.032808404741688786,0.07388814926914966,0.11596393168349814
1775547370.1680374,760.58,156.76,0.061706709635798565,0.02151977057061424,0.05735849899075657,0.09837197809700336
1775547370.201669,765.5,156.16,0.06704989921480764,0.023982058858480416,0.04707752946884591,0.0879618969677706
1775547370.2468004,767.4,156.32,0.07676089340213586,0.02509151983074499,0.031761712351367856,0.07093369476455523
1775547370.2778487,770.32,155.78,0.09013005913578867,0.03502111120019868,0.01766900412368371,0.05664064980574124
1775547370.3122914,773.08,155.5,0.09986903768786402,0.04484191376498354,0.021684438345858283,0.04628331763249945
1775547370.3426208,778.74,155.08,0.10822162046753545,0.05391005973702668,0.021128152272679654,0.04264791368172679
1775547370.3745868,778.1,154.86,0.11313692679751837,0.06085434584665696,0.02474005731742957,0.04047642156141271
1775547370.4057162,783.44,153.58,0.11769798647028663,0.06751214479272423,0.027831958233052772,0.03696767691549946
1775547370.4389634,784.58,153.28,0.12220841598209962,0.0707135488109963,0.031128949442194385,0.039412756586802364
1775547370.4711115,789.96,152.86,0.12795735632616378,0.07550549228950935,0.03784211415771487,0.04188900916183705
1775547370.5026734,791.78,152.78,0.12930131167654052,0.0761976875874128,0.033772456337750896,0.03657105005536025
1775547370.5346315,796.12,152.04,0.13075896295260186,0.07568655115148447,0.034412943181994525,0.03130765125302534
1775547370.5657842,797.08,152.04,0.1337126445071134,0.07796458675684094,0.03275484559667296,0.0263032751092795
1775547370.5980148,800.62,151.26,0.13504909480923627,0.07810879508519698,0.029217679179974705,0.02820612262745388
1775547370.6316087,800.68,151.1,0.13562216044958175,0.07856392792011808,0.028458786722336392,0.027853767847409266
1775547370.6787589,805.34,150.2,0.1309003327982054,0.07268737689082497,0.02317514073719241,0.032662076702299814
1775547370.7105134,803.7,149.74,0.13373224385574717,0.07340958041284819,0.018438232671078664,0.030382467498285035
1775547370.7426028,809.54,149.24,0.1361479921775785,0.07490748739570051,0.01783239452099831,0.03232994263506239
1775547370.7737026,811.22,149.56,0.13473246982660045,0.07213019776931624,0.015241408629481833,0.03624283000787159
1775547370.808229,815.52,148.9,0.13336981508132503,0.07062547597779074,0.01395995678453873,0.03821730986783653
1775547370.838417,815.18,149.06,0.13447482442656625,0.06895657666092893,0.012310788425479051,0.04102923990303794
1775547370.872281,820.26,148.28,0.1345602069003045,0.06992683108752412,0.013587735994387451,0.043420036919377236
1775547370.9027147,821.94,148.54,0.13161793229348592,0.0682690088564702,0.010945668592182649,0.045904085070873624
1775547370.9361138,828.18,147.94,0.13322988221994006,0.06900424794317196,0.00770928568873683,0.04798114896568424
1775547370.965636,828.92,147.7,0.13544725366704521,0.07090867680188113,0.008314336937067405,0.047823451881024735
1775547370.998985,833.8,147.08,0.1319726154094452,0.06696854628863116,0.005622597922146033,0.05028295315433065
1775547371.0297756,833.08,146.72,0.13316690086736266,0.07101600644011626,0.008799689634410855,0.049593169908477626
1775547371.0635264,840.54,146.08,0.132043290040894,0.06976600246988102,0.007984107678216891,0.052471879733591346
1775547371.111308,842.46,145.84,0.1338727053546323,0.07154122458244211,0.007773088715150326,0.051131050708558085
1775547371.142123,847.06,145.26,0.12969611355117638,0.06602105367612371,0.0035595633572653917,0.05283592835695225
1775547371.174048,848.48,145.5,0.13268933503877678,0.07026631515791748,0.006265368115319447,0.051283561758852014
1775547371.2057908,854.34,144.98,0.129129203480801,0.06430107748951346,0.002702501602746729,0.05380320358117069
1775547371.2377589,856.68,144.94,0.12913393225774122,0.06560038499958533,0.002931328469791145,0.053184599037272025
1775547371.2697537,860.74,144.16,0.1304191531719091,0.06602628526893778,0.0038225000365140174,0.05550202573685357
1775547371.3027442,862.5,143.9,0.13118936942003973,0.0672795882634756,0.006663513815643346,0.055377332774983974
1775547371.3337834,866.84,143.02,0.12834474350705347,0.06305843721905939,0.004078270111160215,0.05670111098357663
1775547371.3670847,867.76,142.94,0.1313168544979286,0.06846920630352582,0.0073058041689941485,0.056590785389269885
1775547371.4148457,873.74,142.64,0.1307122759963267,0.06803755202206081,0.007261660565621787,0.05689825092977213
1775547371.447973,875.12,142.84,0.13151339934045914,0.06801646332990463,0.006813695390287699,0.05366040423725127
1775547371.4786658,880.78,142.16,0.1288008491981196,0.06561256108658976,0.0055704287708594575,0.05633166688476111
1775547371.5124412,882.02,141.82,0.12529344210676216,0.06275763472909372,0.008272226139932453,0.05697890024362509
1775547371.5646312,888.76,141.32,0.12804636570230254,0.06637570806832045,0.00783442230469079,0.05936642907330713
1775547371.592514,889.56,141.32,0.1256202577913201,0.06223156314741658,0.008650495377867065,0.06057444583590208
1775547371.6228638,893.6,140.68,0.12792146845091623,0.06475327610716916,0.007639171013081251,0.05873743513488846
1775547371.6567173,895.06,140.68,0.129783530367594,0.0677587759844212,0.011593395510949256,0.061428687297400635
1775547371.702924,900.78,139.96,0.1229383142445251,0.06006390027488805,0.012378387626532556,0.06559204607378134
1775547371.7337925,898.78,139.76,0.1213649333418442,0.06041318525631728,0.01022457716812957,0.06304803753935839
1775547371.7663078,902.48,140.04,0.12650006402581235,0.06372342103211373,0.006535391274365081,0.0588101680387795
1775547371.799978,905.0,140.1,0.12463860451744138,0.0634478525527009,0.0010042455687746252,0.051444130315460454
1775547371.8471773,911.3,139.92,0.1279863436438518,0.06414036998293211,0.00675067141991864,0.04841390531470721
1775547371.8787913,913.66,139.6,0.12086022728384947,0.05811337080746586,0.014031089004864473,0.05020852885511496
1775547371.910799,918.2,139.84,0.12314467654848331,0.06100457502023587,0.014661809475066429,0.042964312218607324
1775547371.9445417,919.9,139.54,0.11246753961846831,0.05297533544254845,0.023832337914320274,0.058593781338814356
1775547371.9834118,924.92,139.24,0.11461341549833881,0.054400582337155626,0.020673315538299222,0.05482736352707738
1775547372.0226436,925.38,139.12,0.10339951912808056,0.046378453180419485,0.03898307224975781,0.07382194635545136
1775547372.0554092,930.08,138.9,0.08984078913917576,0.03960464784354073,0.049408401500688565,0.08319476107980461
1775547372.1020708,934.28,138.64,0.07894488485240439,0.027375651026030748,0.05381943926224322,0.0888640741131717
1775547372.1362076,938.22,138.7,0.06923387241422888,0.02524137628387262,0.04169218419289655,0.09501004973880266
1775547372.1658993,940.34,138.76,0.06128967135264416,0.02573880124462137,0.050929998910639894,0.10807055707086839
1775547372.2003515,945.0,138.36,0.057297494972110195,0.032625153174201074,0.06900798973219645,0.12308913789408849
1775547372.229723,947.18,138.32,0.06422669819941888,0.0410823625019083,0.07611085146211143,0.13559714665151687
1775547372.2656853,951.2,138.0,0.06731317668284165,0.05989827306425343,0.09478149912480043,0.15123330528626608
1775547372.2946403,953.68,137.78,0.08314240024763994,0.07411552610355257,0.11142343937972027,0.16958252745658772
1775547372.3267581,960.56,137.8,0.12296927625734094,0.1076899912041127,0.1379549581759025,0.1909883664217382
1775547372.3575883,961.2,137.54,0.15789025216702812,0.15420083499235357,0.179007231975151,0.22542985061076207
1775547372.3909068,965.3,137.72,0.18911547198462042,0.20874454670889223,0.22875106951460902,0.25889497676913337
1775547372.4228497,969.3,137.52,0.2295766696959647,0.27510473100626454,0.27931665488065943,0.28957612573114205
1775547372.4539087,971.34,137.56,0.2671830677602343,0.32638838943975607,0.319331186650171,0.31857796051427145
1775547372.4875185,971.74,137.3,0.28773851762237157,0.3513967857547591,0.3440964410709085,0.3433812680305722
1775547372.5339737,976.12,137.56,0.30628011118684356,0.3689269084992378,0.360304379235337,0.3540319109872153
1775547372.566463,979.92,137.14,0.32615939469981337,0.3896410319187946,0.383216144827487,0.3706058372121951
1775547372.5988975,984.54,137.44,0.3428164531929647,0.4071166309108908,0.39755738134902074,0.391042621285543
1775547372.6308658,984.98,137.3,0.34952690499961875,0.41625034105215464,0.4059705811400896,0.4014245704977957
1775547372.6666808,987.28,137.56,0.35692062152003934,0.42454310164452114,0.4159210403732216,0.4118720823922121
1775547372.6944,988.78,137.46,0.36213405318352065,0.43095480230824496,0.4229247724876371,0.4203420375406874
1775547372.726681,990.74,137.6,0.3652571620740873,0.4338895262746131,0.4253763462909033,0.4238490312347186
1775547372.7598953,992.86,137.14,0.3692051052243924,0.4384717635426576,0.4294420977063459,0.4322604301210385
1775547372.7908294,996.72,137.74,0.37172364327970625,0.4428370798377912,0.4310780512909324,0.43391650050951464
1775547372.824356,995.4,137.54,0.37317017977491546,0.443436967707498,0.432901942786892,0.4359002996899143
1775547372.8542595,999.32,138.2,0.37511689694499395,0.44728646819821877,0.4368717478591136,0.43955378016897934
1775547372.8874056,1000.68,137.68,0.37490676491784236,0.44746763349293234,0.43708287371772364,0.440496645221079
1775547372.9210916,1004.66,138.04,0.37822597324802115,0.44997678025689636,0.4403194316932904,0.4445482075013426
1775547372.9669921,1005.82,138.16,0.3797400137024727,0.4523529807917972,0.4408355779358687,0.4428364810726616
1775547372.9978294,1010.54,138.82,0.3797036714535768,0.4535582080982321,0.44241574376325565,0.44479550439091525
1775547373.0306735,1012.78,138.8,0.38080129766926596,0.4544674141491111,0.4420840943299202,0.4470878351363194
1775547373.0669887,1016.26,139.54,0.3815549929340766,0.4545168562917731,0.44275166656189946,0.448973181477011
1775547373.0951529,1018.54,139.28,0.38194529408779815,0.4578030425109302,0.44444834457290455,0.4499181632755571
1775547373.1262739,1021.66,139.66,0.3813849560847333,0.4580394769051336,0.4446961289861614,0.4517634981342075
1775547373.159511,1021.08,139.5,0.37938317646513925,0.4552957557744309,0.442530051745577,0.4518085693987398
1775547373.1931515,1026.26,140.4,0.382208673991173,0.45849828940093534,0.4473127014909153,0.4532441781164512
1775547373.23781,1027.36,140.48,0.38437831395739525,0.4624213058600051,0.4484458229274801,0.45685794557515746
1775547373.2697122,1031.58,141.1,0.3853925685065816,0.4635066772105211,0.4494693238315752,0.4564444342185787
1775547373.3024654,1033.26,140.24,0.38615316828134827,0.462472533534455,0.44875033950417953,0.4567910546176327
1775547373.3353229,1038.66,140.96,0.3842642499136109,0.46174779475066047,0.4482969075883852,0.45544495873608215
1775547373.3690553,1040.76,140.78,0.38393034945451854,0.4630883597633111,0.44904526000516726,0.45438695478107716
1775547373.4162183,1046.58,141.78,0.38775303711487874,0.46523356789968684,0.4496029370048741,0.4566547137305639
1775547373.4456077,1048.56,141.76,0.38735722146811413,0.46548030025139,0.45176242260848015,0.4577108908606772
1775547373.4782445,1053.54,142.32,0.3897055519841273,0.4674013568059943,0.4545383202263186,0.4587079057155918
1775547373.512254,1056.74,141.98,0.3918217467830292,0.4692016284700706,0.4550507557843453,0.46148809463634144
1775547373.5613594,1060.0,143.24,0.3928040310280165,0.47021269338295746,0.4563901559202608,0.4614819054613867
1775547373.5897496,1060.38,143.06,0.39229819375514596,0.47008482731324336,0.4552584487259232,0.46037051812562785
1775547373.6235538,1065.54,143.64,0.39409837809585346,0.4701740880259063,0.4557323464836475,0.462192402133086
1775547373.671032,1064.94,143.4,0.3923775857675483,0.4697612656760997,0.45352268499316645,0.4606651507690262
1775547373.7018003,1069.24,144.28,0.39146205267117773,0.46900565658692894,0.4528229041854295,0.46062518203626485
1775547373.7349296,1070.26,144.08,0.39359016505096606,0.4706672132883211,0.4553363035344443,0.4620481948551559
1775547373.768266,1075.94,145.04,0.3929298449283002,0.4708217205803369,0.45594079313452246,0.4599924309871304
1775547373.815024,1076.22,145.2,0.3923951739016892,0.47182484006965597,0.45637468868204034,0.4620919156160319
1775547373.8458724,1080.26,145.84,0.3938627954222437,0.47295950957866306,0.4564248474199242,0.46217133233713775
1775547373.8780951,1081.5,145.38,0.393961168133848,0.47106498053829715,0.45542017107973093,0.46225815520541236
1775547373.911871,1085.94,146.2,0.3921777497708362,0.47265126847931593,0.4558604946751541,0.4629483033564261
1775547373.9589279,1085.16,146.06,0.3921955966988525,0.47216141640151166,0.4541223591767138,0.4613465170112904
1775547373.9908094,1091.16,145.9,0.3911551062140085,0.47190588662564914,0.453577750088907,0.46131070173204425
1775547374.0225658,1091.46,145.38,0.39340820789688347,0.47286423336695294,0.45501615101478865,0.463347213741183
1775547374.0538156,1094.78,146.4,0.39194386458833713,0.4725587438448077,0.4546919947374735,0.4629663114914472
1775547374.0879836,1097.46,146.12,0.39366702909903195,0.47383046353090663,0.4543996096208584,0.4626010986597748
1775547374.1178916,1101.9,146.86,0.39087296452871617,0.4722326649403675,0.45351272251961955,0.46056908637537075
1775547374.1522365,1103.24,146.64,0.3913917358572747,0.47191573311980145,0.4538070052742215,0.4599433038331718
1775547374.2016535,1109.16,147.4,0.392348847200479,0.4733463155813112,0.4543740124410205,0.4606022811871388
1775547374.2457826,1111.1,147.18,0.39258185596606165,0.47336307753070084,0.4552075886640723,0.4605763411262885
1775547374.2776458,1115.18,148.2,0.3914305213068979,0.47176677994883254,0.4534771028518876,0.4591019022784583
1775547374.3109534,1116.42,148.2,0.3921942405433468,0.474464137260062,0.4538151482356768,0.4613876868329478
1775547374.343852,1119.88,148.84,0.3910198091336544,0.4724239375358654,0.4527393932554412,0.459626705336941
1775547374.3898792,1122.62,148.3,0.39020150527642067,0.47139073497872175,0.45238863963280035,0.45770635168693147
1775547374.422766,1128.18,148.88,0.38896400523731345,0.4700005561781353,0.4503382414645046,0.459151282036257
1775547374.4538188,1129.64,148.3,0.3904242978618706,0.47114926808630075,0.452670845526838,0.4608242571621562
1775547374.486859,1135.74,149.16,0.38967907142677033,0.4697462972998377,0.4495126669391268,0.45888279493709777
1775547374.5184557,1139.04,149.24,0.3874294859804606,0.4689708702511684,0.44821192853784037,0.4566985908669536
1775547374.5509386,1144.8,149.2,0.3861563237159846,0.467109793592744,0.4474920518953809,0.4554703896124099
1775547374.5819004,1147.94,149.14,0.38910801454556054,0.4698505375999844,0.4488197969061672,0.4573546017306645
1775547374.6150534,1149.7,149.74,0.38543964515470847,0.46627758423291704,0.4476023989754624,0.45653031133878247
1775547374.6468904,1151.52,149.86,0.38496324879126725,0.4656594502523778,0.4476618462180626,0.4579890843166602
1775547374.6786442,1155.98,150.74,0.38626836336391007,0.4668505614687559,0.4476022478356078,0.4574670347977866
1775547374.7131882,1158.36,150.58,0.384127589251782,0.46500140441007826,0.447674800342971,0.45844535829548905
1775547374.7462115,1162.0,151.54,0.38319915023159395,0.4641565538942941,0.44648429106159604,0.45619314703009617
1775547374.7899537,1163.6,151.54,0.3826446597775039,0.46505661484030264,0.44674696910307765,0.4574203932471927
1775547374.821869,1168.86,152.28,0.38386626639387966,0.46417457043976434,0.44634082390841806,0.4566501840566431
1775547374.856385,1168.8,152.34,0.38285647559428093,0.4634516107409499,0.44558344783622267,0.45967373583214993
1775547374.8867667,1175.0,154.4,0.3840670117679943,0.46430560277913857,0.44554597096937376,0.4581596935461152
1775547374.9178925,1178.04,154.22,0.3809153144415588,0.4624567507709264,0.44366195850743045,0.45817219933958436
1775547374.9496546,1175.38,154.16,0.38254106647817054,0.4637717506184022,0.44473765664651477,0.45482958611135904
1775547374.9829311,1176.8,155.78,0.3799846647306224,0.46131065067286325,0.4424478635921358,0.4557137495185521
1775547375.013898,1181.02,156.02,0.3830474277064182,0.4644317639306347,0.44533565967777994,0.45708334571002024
1775547375.046449,1182.04,155.92,0.3848273000559525,0.4655116653978993,0.44540873050254587,0.45548522797355945
1775547375.0786054,1183.8,158.24,0.3832371248844277,0.46383559228130117,0.4447335054805829,0.4566307036303794
1775547375.1098719,1184.28,157.62,0.3834774846030948,0.463533446494998,0.4448616510558875,0.45657426129498363
1775547375.1419787,1184.16,157.82,0.3835261615589727,0.4648249633174632,0.4450307575469244,0.4551076468351298
1775547375.1748772,1184.32,157.6,0.3833412979289328,0.46560475841739124,0.4459259329777362,0.45563001902184047
1775547375.2085822,1188.46,157.72,0.3839684902994564,0.4666420977467332,0.4456975054771538,0.4575790384704808
1775547375.253894,1189.1,157.52,0.3826904033216103,0.466778540923091,0.44552459325075194,0.45549258186882796
1775547375.28717,1193.06,157.5,0.38505199232399007,0.4665624678205497,0.44578001516280796,0.4553681127722705
1775547375.317903,1191.14,156.0,0.3849323578882018,0.46595113449432285,0.4464929571689697,0.45793715001967267
1775547375.3519022,1193.48,156.92,0.3849820525497062,0.4678395029290291,0.44701793472082424,0.45733264506237686
1775547375.3816867,1195.18,157.1,0.3833590320801749,0.46503576986552453,0.4462063652131762,0.45609413729296144
1775547375.4165933,1200.54,156.3,0.3861439904087361,0.46787588282229725,0.4468196245391268,0.4558666810614459
1775547375.445626,1202.12,155.72,0.3854358321849184,0.4665475598247394,0.4462190393773323,0.4559322896748844
1775547375.4802566,1206.4,155.08,0.3851856094743851,0.46720388007063135,0.44621981785895526,0.45644206012656946
1775547375.5098069,1208.32,155.38,0.38488452500111464,0.4657224718324383,0.445073380374161,0.4557274177445255
1775547375.5422893,1211.76,155.74,0.38284807014491984,0.46382477073642164,0.4438192604177787,0.4560747133842306
1775547375.5739903,1213.04,152.8,0.3836006448180037,0.4655240915100513,0.4447287124238506,0.4559812587760339
1775547375.607981,1215.26,152.64,0.3830245634224158,0.4641182672829777,0.4429751675923769,0.4548481380797741
1775547375.6538835,1217.36,153.02,0.3835973418793477,0.4658755330066588,0.44338773760145517,0.4544727756879396
1775547375.6869254,1220.4,153.38,0.3851634723300513,0.46775988361084236,0.44558126412792126,0.4565135781727248
1775547375.71871,1221.98,153.62,0.3855666854669546,0.46748106495923936,0.44539357155052794,0.4571940852728864
1775547375.7498035,1228.14,154.66,0.38659506540399,0.4692031405874903,0.4457020286844658,0.456081562579893
1775547375.7827654,1228.18,154.28,0.3854794527958831,0.4683269080488814,0.44689108137436745,0.4574994425761673
1775547375.8139896,1233.4,155.78,0.3854786648822222,0.46792695862830913,0.44476496928429654,0.45690671288972207
1775547375.845765,1231.9,156.98,0.38572021711723037,0.4660497242718302,0.44558763502195003,0.4562352642904621
1775547375.8776402,1233.76,158.42,0.3863115699924594,0.46824788008267976,0.44671372915237434,0.4574895854136714
1775547375.910849,1237.36,155.74,0.38518163512336573,0.46754832664256046,0.4451703907176793,0.4564246817409346
1775547375.9428098,1240.68,157.16,0.3857569554729685,0.46733495695709876,0.44622144979360245,0.4569474399525447
1775547375.9763932,1241.9,156.5,0.3859592733612124,0.4685346386904973,0.4460212231595406,0.45660719033716424
1775547376.0068693,1245.12,159.18,0.3857280311933388,0.4677783325538741,0.44532536827299235,0.45778720391130906
1775547376.0405664,1245.36,158.9,0.3857083481825136,0.4676809369578181,0.4447174444260555,0.4565600216586227
1775547376.0857108,1250.18,161.16,0.38564967964690106,0.4683318676293641,0.44588857762810324,0.4567510569693209
1775547376.1203365,1250.84,160.14,0.3835350711526852,0.4665846550105556,0.44354620464066496,0.4559393451675145
1775547376.150561,1254.78,160.44,0.38459372222594307,0.46544382832334874,0.44484128478849183,0.4550264856780434
1775547376.1826112,1257.36,159.14,0.3862703587059985,0.467096958952193,0.4448651495859063,0.4550365882729102
1775547376.2146192,1255.44,159.58,0.38481937959746326,0.46790489843953376,0.4452150886646623,0.4551555622193169
1775547376.2467058,1256.08,159.02,0.3843102620983612,0.46736161421514305,0.44558611661302405,0.45544150266908495
1775547376.2777805,1261.28,159.62,0.3854171701397881,0.4681431930814978,0.44419684862064984,0.45596681792993105
1775547376.310053,1260.94,159.06,0.38420314693635454,0.46722939601110636,0.4437728608276956,0.4545984685857309
1775547376.342617,1265.54,159.98,0.38508648930023365,0.4679175662243945,0.4441721435645866,0.4557929324052133
1775547376.3740923,1265.06,159.42,0.3867906625641661,0.4674138191037542,0.44594860523462165,0.45656144478108635
1775547376.405801,1264.8,159.54,0.38681520339653647,0.46818271077135504,0.4448018734780307,0.456734349910293
1775547376.43944,1263.62,159.56,0.3882349716868366,0.4711186737535883,0.44681743081451925,0.4570331435474929
1775547376.48688,1258.68,161.76,0.387958154527787,0.470494726709888,0.44650332265037845,0.4571082468622223
1775547376.5177448,1259.94,162.2,0.38654396342484026,0.4697593263188755,0.4468199078319836,0.4574167641139965
1775547376.5507987,1260.08,163.16,0.38397725632112834,0.4691003307587052,0.44567941805772926,0.4565387065885654
1775547376.582667,1260.18,162.2,0.38700758069672153,0.47042859723449865,0.44588935680188785,0.4572870075558466
1775547376.6158955,1266.18,163.96,0.38715323390832657,0.4705191252334976,0.4458007919952624,0.4575742099799713
1775547376.6456356,1266.98,162.62,0.3872779919311854,0.46869377965831704,0.4450090008736841,0.45699358277250113
1775547376.6802022,1268.84,165.22,0.38613543639226816,0.4693095863340456,0.445360107226689,0.457419574495066
1775547376.7098331,1270.02,167.48,0.3860374940117759,0.467007878426716,0.4446913419406989,0.4555890126942207
1775547376.7443569,1270.56,164.86,0.3860133900803042,0.467282162003972,0.4467556955240655,0.45877461121973573
1775547376.7737648,1270.94,166.16,0.38620637305537564,0.4686524917083133,0.4458006858770601,0.4562827286456217
1775547376.8069537,1273.88,165.6,0.38665182182030167,0.467297058219955,0.445088110795205,0.45567572314679383
1775547376.8378277,1274.42,164.42,0.38734493720183605,0.4687556889525554,0.44575719979565015,0.4578274017853312
1775547376.8725975,1277.4,166.54,0.3866094399782592,0.46980735811068314,0.4461229897219738,0.4580248690362691
1775547376.9178677,1276.76,167.76,0.3874096990848927,0.46913948457126137,0.4451997821987041,0.45687717159841734
1775547376.9503264,1280.62,167.64,0.38653646510786954,0.47087488915835524,0.445765797761753,0.4573056165123549
1775547376.982545,1286.32,169.9,0.3860452122429496,0.46826017798418723,0.44476126075945827,0.4563909431422706
1775547377.0137403,1289.96,172.96,0.38569282136538674,0.47005283726345676,0.4457224797398767,0.4575037241278717
1775547377.0459158,1291.96,171.06,0.3861754669746529,0.46869497596233706,0.44655600119639993,0.45796236551886427
1775547377.0786614,1294.18,174.52,0.38731872260410366,0.4686468631666034,0.44737695516190995,0.45798338011129064
1775547377.1106443,1294.24,172.86,0.3868096642412121,0.46847875840657954,0.4457703179234211,0.4560505115387233
1775547377.141757,1293.08,176.16,0.3871151218429927,0.4695718954735302,0.44692881554265246,0.4567746477995532
1775547377.175038,1292.44,174.68,0.38735388715865277,0.4697003519378188,0.44621293765779313,0.4565809359732244
1775547377.2069948,1292.66,175.44,0.38675293981995656,0.47040888891041177,0.44748351087477695,0.4581033211600577
1775547377.2403526,1290.26,176.4,0.3872957134364566,0.4709108707015301,0.445992888304104,0.4580305566518861
1775547377.2729442,1297.14,178.62,0.3874814486283886,0.47233332507168757,0.4488700710497739,0.45800395960310675
1775547377.3039634,1296.46,176.22,0.3881637393599044,0.4732378909489397,0.44883256308833247,0.4585511774332374
1775547377.338424,1298.48,179.2,0.3881340545496053,0.4714437739072994,0.44744037864071806,0.4578728311208313
1775547377.3831983,1297.68,176.0,0.3854996152495529,0.4712303180030316,0.4465937974840908,0.45675478436415773
1775547377.4141347,1300.2,174.84,0.386526930462163,0.47125180185639415,0.4467069747675144,0.4569919200858914
1775547377.446681,1302.14,173.58,0.38641218220082896,0.47057401307620966,0.44730334101077046,0.4587913610978166
1775547377.4777725,1298.86,173.34,0.3879471755710625,0.47270986205964705,0.450216114266152,0.4588346393018221
1775547377.5107932,1300.42,171.82,0.387125266938685,0.4731816463474761,0.44860493846202254,0.4592520409784478
1775547377.5424516,1300.56,181.16,0.3866968383034016,0.47173566102637104,0.44926700204570214,0.4580849555451505
1775547377.574869,1299.72,202.92,0.38652226659941913,0.47105094985726587,0.4478342658971433,0.457759240994536
1775547377.6066487,1301.14,230.3,0.3856200220311925,0.4706526296436093,0.446446831141824,0.4568883115389137
1775547377.6378784,1301.7,253.36,0.38515539807657945,0.4694100209479449,0.4464094804626387,0.45665969243024274
1775547377.6742265,1305.68,255.34,0.3853560644195205,0.46812621650307884,0.44510946713607197,0.45573777121995723
1775547377.7028346,1309.3,250.96,0.38389034574783626,0.4667892125351489,0.445063155213844,0.45589024359283925
1775547377.7355134,1309.78,249.5,0.38415933102532374,0.46535381066919657,0.44537637570046906,0.45662161123243866
1775547377.7829118,1313.62,249.5,0.385872942208824,0.4675791062047152,0.4460849169818597,0.45586099479403
1775547377.8147025,1315.58,251.28,0.3874258880216925,0.4712367432362545,0.4481783968573694,0.45639842255714574
1775547377.8457298,1314.62,251.38,0.38433647946419813,0.46739660423933926,0.4460959273704553,0.45503029976168535
1775547377.8788724,1321.46,252.6,0.3868451997099544,0.47063440649544236,0.44614015500107274,0.4553332703094577
1775547377.910736,1321.96,252.16,0.3870465404295783,0.47106265217597093,0.44801638352184986,0.4571629750676934
1775547377.944125,1326.3,253.54,0.387613466299567,0.47179161933250113,0.4484317651268707,0.45687746883060565
1775547377.9748144,1326.5,253.88,0.38583138281408164,0.47051928712975877,0.44695454978556826,0.45635312319383264
1775547378.0080278,1325.98,253.46,0.38679648791757615,0.4713276422792805,0.44836715610483585,0.4567853823023273
1775547378.0386705,1322.86,253.74,0.3858063960412875,0.4711051217008345,0.44782522188699464,0.457018783091726
1775547378.0747206,1328.76,261.4,0.3864493283499103,0.47109940852426574,0.44741663097832807,0.457238382736142
1775547378.101863,1333.82,280.0,0.38821693439153104,0.47076530582859555,0.4483378155277853,0.45819823956358885
1775547378.135753,1341.04,304.44,0.38601922676551836,0.47069820544307966,0.44658086524395557,0.45742547581306364
1775547378.1689184,1344.04,332.32,0.38586374714122207,0.4708080416102373,0.44684453987527206,0.45720952595256426
1775547378.2136683,1346.12,360.82,0.3871079918491028,0.4714041661491021,0.4484295070506453,0.45732822315220323
1775547378.2458122,1345.76,382.54,0.38773089729756877,0.4719744164448412,0.4488975508906807,0.4601228935615385
1775547378.2787817,1350.96,391.14,0.3870095645479307,0.4725393957756841,0.44858540732643215,0.45793717061496164
1775547378.310685,1353.36,405.56,0.38563531459974487,0.4709007894537899,0.4486212613586281,0.4574343551031918
1775547378.3427682,1356.76,420.94,0.3869736734546755,0.4722469058770048,0.44795428501940476,0.4569219787301773
1775547378.3752563,1360.58,438.4,0.388310077834153,0.47215970486185294,0.44941237929188477,0.45766771025176256
1775547378.4058633,1361.9,463.22,0.3877743151420727,0.47237812261846784,0.44906915642514944,0.45796972190700214
1775547378.4392576,1364.34,483.74,0.38562753182477716,0.4708401169186202,0.4473030114206083,0.456459214185047
1775547378.4751425,1367.88,509.72,0.3877119706276903,0.47071383436302516,0.44569156892581074,0.45549239778742845
1775547378.5041785,1369.34,532.88,0.3864957618860809,0.4704642095963294,0.4467754688115151,0.4563693878753775
1775547378.534579,1372.2,557.0,0.38679597926846115,0.47084987451477417,0.44745877257144634,0.4569140980760084
1775547378.5684297,1371.14,578.1,0.38752120779370974,0.4703490991006038,0.446455922079679,0.4555350648384293
1775547378.613915,1372.36,603.94,0.3886095455295945,0.4718471005427805,0.4485975037768385,0.4573706638235385
1775547378.6482654,1371.52,625.76,0.3884889145741115,0.4726091774781131,0.45023232646097416,0.45807632616568883
1775547378.6788464,1372.92,647.96,0.3876170400703788,0.4722425529224922,0.4497128208464187,0.45871490604859994
1775547378.7099595,1372.92,672.26,0.38658110645265864,0.4700684368152712,0.44655980564765624,0.4564618637288526
1775547378.7429087,1373.36,695.94,0.38866929610920503,0.4724001858802895,0.4478082736255858,0.45645711737392364
1775547378.7760596,1373.06,720.8,0.38874028811781525,0.47142689548721195,0.44807186849026215,0.4570697287942101
1775547378.8066425,1373.28,744.66,0.3885320014735691,0.4714509188470144,0.44942049926808486,0.4587247342140098
1775547378.8379197,1375.82,768.36,0.38797240133972966,0.47174244519357056,0.4482416092878364,0.4579499136418576
1775547378.8707705,1379.32,793.96,0.3843342181735381,0.46905133331503474,0.446251609238588,0.4574505751358796
1775547378.901998,1382.64,819.04,0.387369036467171,0.4716871056247459,0.4471490639700867,0.45835107253567875
1775547378.934934,1376.1,844.1,0.3899091620247925,0.47371573786351423,0.4484469461355953,0.4583312747281341
1775547378.966846,1377.8,869.16,0.3895723075770246,0.4735463772734521,0.4490610828049372,0.45890447709178345
1775547379.0008285,1378.62,894.04,0.3880849711500648,0.4734755791243796,0.4496912303134141,0.45993727479492685
1775547379.0458226,1381.24,920.84,0.3874061192919513,0.4717939027668024,0.4485210128041,0.4602626150522236
1775547379.0782778,1380.96,947.72,0.3885205102378041,0.4734427483283393,0.44873285711973043,0.4597794187047585
1775547379.1098325,1381.54,973.22,0.38807288375271703,0.473959620974704,0.44860328654488246,0.4579978897418891
1775547379.1438577,1388.5,999.34,0.38858733510753113,0.4730568205758799,0.44942863278904804,0.45853582973964185
1775547379.1763494,1391.74,1023.44,0.38926442345083084,0.47296511399848573,0.449210444343343,0.4596349745711608
1775547379.2082918,1398.32,1040.16,0.3889163108077034,0.4742399313674358,0.4487141796916089,0.45989345824783806
1775547379.2386525,1400.24,1045.0,0.3898374089006675,0.4749995461022619,0.44958238144186946,0.4592573489841781
1775547379.2722993,1400.56,1043.64,0.38751069447649694,0.47157174121094403,0.4480707636013214,0.45738014783660963
1775547379.3029368,1406.54,1045.36,0.38674003280944164,0.47122307928629054,0.44765829022124776,0.45723365420115386
1775547379.3338413,1407.96,1068.74,0.3877577885033588,0.47241514244983623,0.4484631619434655,0.4568739944434751
1775547379.3670151,1406.88,1098.04,0.38801620925086056,0.47224588182790295,0.44900197298412936,0.4595954228440609
1775547379.3986793,1408.94,1125.58,0.3880989379204359,0.47209253939709805,0.44937511131139013,0.45645287839203774
1775547379.432512,1407.94,1151.18,0.38559567800754374,0.47108659318142004,0.4475686533121087,0.4579057174022924
1775547379.4777615,1405.1,1177.04,0.3876511778180454,0.47308529308305075,0.4485853179670287,0.45720306512437275
1775547379.509735,1404.42,1202.66,0.388119625435089,0.4716687879689319,0.4493564064532362,0.4579371507340601
1775547379.542637,1403.74,1229.72,0.3880787541553683,0.4730662304936223,0.4493494337624652,0.45873655357632465
1775547379.576897,1403.72,1255.42,0.3863787608777579,0.47149908243235256,0.44666726653386385,0.456311294457096
1775547379.6058004,1404.06,1281.6,0.3883797729733697,0.47256825521542695,0.4486506855195813,0.4579094197865957
1775547379.6388927,1405.5,1306.2,0.3871754375929592,0.47390467482639953,0.44900697825009195,0.45762926391135306
1775547379.6706827,1406.98,1333.72,0.388437942763008,0.47394942669614165,0.4486723737938609,0.45767247095501723
1775547379.702703,1414.68,1358.58,0.38950225556655843,0.472798544553014,0.4486241325628334,0.45621913925343627
1775547379.7337925,1415.54,1378.88,0.3874357673774987,0.4739678526753794,0.44856898290635056,0.4593097525974902
1775547379.7681937,0.0,0.0,0.3888627191809795,0.47424433052271003,0.4505740370476136,0.45988070582672774
1775547379.7984688,1514.78,398.2,0.3898769628141646,0.4741562586255971,0.4501429149453067,0.4592720980394265
1775547379.8313682,1514.78,398.5,0.39029855406631625,0.4750189375708132,0.45076053915762304,0.4615022657194303
1775547379.8665738,1512.84,398.68,0.38967103360565986,0.4763031141512565,0.45201036155962776,0.4618424581445543
1775547379.9120178,1512.84,400.46,0.39032197214585246,0.4761577869653391,0.45284134132486115,0.46237677055487864
1775547379.942935,1509.24,400.18,0.38994596231656437,0.4750370151951436,0.4510768032101582,0.4595084229750864
1775547379.9773183,1509.24,401.3,0.39083403363263924,0.4766831959741789,0.45220372334867387,0.46062589928440284
1775547380.0056946,1506.08,400.98,0.3911200686810222,0.4766257843912288,0.4526446789628168,0.4604640882610684
1775547380.0388796,1506.08,401.58,0.38750363416099376,0.47397601547199464,0.44999829019279175,0.45867533714698033
1775547380.070603,1501.56,401.6,0.38945886906795973,0.47401052150426437,0.45072508360858066,0.4605967097010728
1775547380.1028688,1501.56,402.6,0.3886542884856127,0.47512429619293706,0.45060330435322515,0.4582741477368506
1775547380.15039,1495.06,402.56,0.3916604800320159,0.47577109359924535,0.45084666407292745,0.4606624840410651
1775547380.1833224,1495.06,403.66,0.39050934438703533,0.47518615722108826,0.4511890030348983,0.46066616334634586
1775547380.2168136,1494.44,403.94,0.3910848413371409,0.47568151139566517,0.4528800155698198,0.46129868939700935
1775547380.2636774,1494.44,404.74,0.3896634078182023,0.47654928793755763,0.4522404644567328,0.46088349405292417
1775547380.2969372,1491.76,404.66,0.38722161273399475,0.47244116457692203,0.4486906297993909,0.45917722190495186
1775547380.3417463,1491.76,405.02,0.3893219529371318,0.47431679426891904,0.44973595737963423,0.4584077480598678
1775547380.3778367,1488.26,404.58,0.3877591371484995,0.4725853855247076,0.4496138873618814,0.45862480964621744
1775547380.4080744,1488.26,405.54,0.3893417760343194,0.47575774126901327,0.45111294621615877,0.4607675653630177
1775547380.4387012,1484.38,404.66,0.3910913549359747,0.47542043836810544,0.4512079155875705,0.45935000051602903
1775547380.4724925,1484.38,405.3,0.38936892999513023,0.4754892088510383,0.4518804365606237,0.460424821671257
1775547380.5027173,1478.58,404.56,0.3898565837295935,0.47633009867557186,0.4531701014973177,0.46291765428096915
1775547380.5363925,1478.58,405.22,0.3917518048453163,0.47592089868597337,0.4524850904628095,0.46009542831624206
1775547380.5659142,1475.34,405.02,0.3892277738387738,0.47382691385375986,0.4505600342662499,0.458936219787829
1775547380.5978076,1475.34,405.98,0.3895425946109929,0.4761645705707761,0.45225427484022895,0.4604159305361416
1775547380.6309912,1473.7,406.14,0.39027971350231433,0.4737895435114202,0.44994538959720926,0.4598896090068578
1775547380.6628246,1473.7,407.06,0.39046930057211665,0.4752394281254955,0.4492837813829316,0.4586113070066254
1775547380.6965342,1471.3,406.7,0.3900346606045262,0.47491792367699,0.4511437350117851,0.4590708827589173
1775547380.7427175,1471.3,407.44,0.3899512700434642,0.4736525581827698,0.45043651848873434,0.45893715297575655
1775547380.7788284,1468.8,407.9,0.38960604891033085,0.47577549349617076,0.449788364281612,0.458321527828979
1775547380.8067377,1468.8,408.06,0.39051568090279987,0.4759799440057391,0.4499998334990442,0.45752576517557736
1775547380.8380742,1467.74,407.84,0.387859257459672,0.4745573318890087,0.4500768699077167,0.45748320151869915
1775547380.8706415,1467.74,408.28,0.38872576306697565,0.4746339505293341,0.44969460170755277,0.4572599467384218
1775547380.902827,1466.38,408.02,0.38869019490363826,0.47417659267478574,0.44876659867751817,0.4583158951420232
1775547380.9337914,1466.38,408.5,0.38733504364371035,0.47444012311435574,0.45095225967813213,0.4586621127236823
1775547380.9667935,1463.84,408.48,0.39047390607979693,0.4749572463691852,0.45137318046935315,0.4587316188204178
1775547380.9980307,1463.84,408.72,0.38838291031548716,0.4729209771815138,0.4493065038324057,0.4590227198687345
1775547381.0323563,1462.46,408.76,0.3886116982895701,0.47444523244255166,0.4486567849012875,0.4563373353958952
1775547381.0617242,1462.46,409.52,0.3912559113718281,0.47499692365783475,0.45019089227263787,0.457433563853149
1775547381.0963233,1461.5,409.28,0.38851007027044443,0.4723531117368179,0.44926673060894473,0.4577911825177958
1775547381.1299813,1461.5,409.5,0.38948432085487417,0.47607125033698455,0.4501352331257643,0.45758680921425177
1775547381.1793885,1460.72,410.14,0.3900723727455256,0.47501205331900853,0.4508662140293233,0.45859487608400257
1775547381.2072778,1460.72,410.5,0.38988931305548397,0.475418785711545,0.4496688408381936,0.4579945738491165
1775547381.237863,1459.54,410.66,0.3890320168655885,0.47343287294001934,0.44896616523276905,0.45765640633573623
1775547381.2707107,1459.54,411.52,0.3886397038114495,0.47430671125803076,0.4491666162472117,0.4577746021302574
1775547381.3016624,1457.9,411.4,0.3858590032102234,0.47161560385122897,0.44852825381248596,0.4565824103042134
1775547381.334546,1457.9,412.04,0.3881247642804025,0.47421884086021204,0.44955381029042163,0.4564772239644214
1775547381.366737,1454.56,411.64,0.38994756115351964,0.4762682601839527,0.4519408896544242,0.4588881205318659
1775547381.3978596,1454.56,412.34,0.38851545830128437,0.4727101610582647,0.4489701008648843,0.45704498763457974
1775547381.430706,1450.24,412.42,0.38776820240933924,0.47200618988809956,0.44897164956728486,0.45701852561501216
1775547381.4626641,1450.24,413.22,0.3844604791022538,0.46728991407955395,0.4451349569657132,0.4550862455192062
1775547381.4937081,1448.58,413.28,0.38228467180200665,0.46238894806380704,0.4448357439023388,0.45175571209197235
1775547381.5275044,1448.58,413.94,0.382636148889461,0.45500354554096584,0.44211836147134276,0.4479169576804504
1775547381.579135,1446.7,413.96,0.37640203935927213,0.4425405324838556,0.4362016957604522,0.4415261884272307
1775547381.606436,1446.7,413.86,0.35988094276928867,0.4114840426217005,0.4144410019276527,0.42360022540988607
1775547381.637893,1446.56,414.08,0.32590910904158377,0.3734155287008278,0.3813412342087793,0.4039018633130823
1775547381.6723187,1446.56,414.14,0.2734126857598508,0.31182325655658744,0.33078172045482,0.370357629764269
1775547381.7016203,1444.96,414.2,0.20549708960132462,0.2281440065489564,0.2714970207115918,0.3386580516831876
1775547381.7364862,1444.96,414.5,0.16349307313292255,0.18353393169245336,0.2326239262984103,0.3187670943311512
1775547381.7659595,1443.42,414.12,0.12033532634157373,0.12966628386436396,0.1730023981890634,0.2787721111179359
1775547381.8004217,1443.42,414.36,0.09413648726238585,0.09507050575749086,0.1381109588817507,0.21537110516737637
1775547381.8309267,1443.38,414.26,0.07034373257649489,0.06961511721108606,0.1078704008961818,0.18316055464296058
1775547381.8628612,1443.38,414.4,0.05903938540769792,0.056351855859643196,0.10101385779513267,0.15456251515824174
1775547381.8938465,1440.14,414.08,0.056967359091154655,0.0422441852594656,0.08092864559722165,0.12270119997856828
1775547381.9257898,1440.14,415.06,0.053547633131402074,0.029492928074274,0.07188959505791638,0.11283617157577154
1775547381.9585211,1440.12,415.08,0.06615177562833399,0.02494233637858793,0.05104924446124047,0.09278785393403126
1775547381.9919064,1440.12,415.82,0.08530836654439104,0.03929434305390573,0.03665653990060235,0.0719750823741485
1775547382.038979,1435.26,415.66,0.08600047714580927,0.03463991683786624,0.026353345984608884,0.0607647784255102
1775547382.0705001,1435.26,416.46,0.08720736648125664,0.0352241046231066,0.022158373774508335,0.058762054344504086
1775547382.1025586,1432.1,416.56,0.09423690705589742,0.03894158551122798,0.015316370652922582,0.055609808521728026
1775547382.1346364,1432.1,417.28,0.10619214025050788,0.05054176954107701,0.013724682042973307,0.045627600257228056
1775547382.165903,1429.18,418.24,0.1100250090644413,0.051576800957310945,0.01874285913950751,0.045005231654039135
1775547382.1986563,1429.18,418.88,0.11672512842731088,0.05808712115830122,0.020100481752464486,0.04073848585833206
1775547382.2306733,1427.66,418.66,0.1249906884385675,0.0638183997499243,0.023361626327707805,0.035968256771541404
1775547382.262805,1427.66,418.82,0.12980868858065925,0.06825650203028179,0.02759060334826481,0.03595170973268133
1775547382.2959192,1424.6,418.74,0.13524140340571209,0.07414003069091771,0.02766204861857719,0.03352127560622767
1775547382.3268425,1424.6,419.18,0.13492865689970043,0.07459802973525045,0.027967581779653694,0.03676337990355497
1775547382.3599784,1422.14,419.26,0.1397005296251528,0.0799245362997676,0.029325693592355245,0.03251066623053217
1775547382.393852,1422.14,419.06,0.13741575503542147,0.07850261964682075,0.027106346882366572,0.03457066838889368
1775547382.4403205,1420.04,418.46,0.13431199503727442,0.07682612345173723,0.02238424974120283,0.034378998018233076
1775547382.4698002,1420.04,419.12,0.13413334233451032,0.07597359139863225,0.018802196857819597,0.036080224364164415
1775547382.5017362,1417.58,419.44,0.1317398195433195,0.07390803106263938,0.014735741715219838,0.04089031127635786
1775547382.5343337,1417.58,420.3,0.13332799344515758,0.07367450377056996,0.013996498221467812,0.04152806012724075
1775547382.5660179,1414.8,419.44,0.13715009349020707,0.07779260433905086,0.017103649094224724,0.04244355568639875
1775547382.5990434,1414.8,420.14,0.1388581698937791,0.07769712248220507,0.01320574820709167,0.037972390228996795
1775547382.6299973,1412.14,419.56,0.13523255906434062,0.07424382626177879,0.012323052928106796,0.04208548845840496
1775547382.66189,1412.14,420.36,0.1352534482473306,0.07433100544360527,0.010842769110776742,0.04303109620220531
1775547382.69471,1412.8,419.98,0.13134508246011606,0.07091236736649503,0.01010292971311187,0.046357131165466234
1775547382.7265897,1412.8,420.58,0.13000703801687932,0.07037131124961743,0.01168681404855691,0.04657936578003322
1775547382.7586637,1409.08,420.46,0.13081509521678633,0.06969442058535762,0.013939321250227947,0.051080663251128165
1775547382.7908244,1409.08,421.22,0.12972457258284825,0.0723731488919904,0.01598830944471452,0.05230143490364497
1775547382.824704,1406.5,421.0,0.12760814017894567,0.06898667312918709,0.01780125018986998,0.05568205708620594
1775547382.870611,1406.5,421.26,0.12884308186901106,0.07157598259195876,0.018830298596819024,0.052403577340588675
1775547382.902676,1403.9,421.36,0.12840337162834023,0.07061084613706062,0.01648266340363549,0.05420054507405004
1775547382.9358006,1403.9,421.8,0.12100832408285601,0.06282975540550575,0.019049338505702444,0.06100989144867796
1775547382.96699,1401.28,421.48,0.12911819477616943,0.07108371976541052,0.01687435324004231,0.0524957484130763
1775547383.0001779,1401.28,422.02,0.12455763531843522,0.06646540146524958,0.02047929819815638,0.058616294002464694
1775547383.0300138,1399.24,421.88,0.12602960161250004,0.06878571332289628,0.020401987424717823,0.05665566749431176
1775547383.0634747,1399.24,421.84,0.12392393277830917,0.06457377645828133,0.01879165728194333,0.05631901076602152
1775547383.0939846,1398.62,421.16,0.12645868586378434,0.06842252558705791,0.020378466212786772,0.057773489029279416
1775547383.12573,1398.62,421.42,0.1273525016175928,0.06871286393976916,0.018870079653507982,0.05615682466296579
1775547383.158889,1396.94,421.7,0.12389824582804358,0.0657938317083803,0.021997301868195436,0.05885462205339054
1775547383.191249,1396.94,422.26,0.12764671875592218,0.07033570480197836,0.025910837389759727,0.05789040622361281
1775547383.22536,1393.88,422.26,0.12467288648801438,0.06529077275173348,0.020339195183377626,0.05809826254422241
1775547383.2710466,1393.88,423.22,0.12606167332776164,0.06813951223470356,0.02389121326528315,0.057219793261199685
1775547383.3017244,1389.62,422.22,0.1229963977868429,0.06463940381179553,0.025870271566614634,0.05949171112512833
1775547383.3347623,1389.62,423.0,0.12291060708314948,0.06497148983859206,0.030363912591158965,0.06385981876523988
1775547383.3667054,1387.6,422.66,0.12842795422576653,0.06680875669300167,0.027118474642285048,0.058590522041818416
1775547383.3978071,1387.6,422.94,0.12613843746808767,0.06444194569769571,0.02626858110235444,0.05862139227026843
1775547383.4306638,1384.6,422.86,0.12090048634358687,0.0598855858236521,0.02802087385915754,0.06355962132215834
1775547383.464481,1384.6,423.5,0.1269698651228182,0.06637922034719133,0.026831509283765265,0.06014782836497886
1775547383.5005789,1383.54,423.18,0.12497632020141199,0.06458057010859342,0.0275687491405709,0.05937958535468164
1775547383.542626,1383.54,423.68,0.12514022215819215,0.06386691731186124,0.025969949719462093,0.05954821781242099
1775547383.576577,1383.22,423.18,0.12152124528850503,0.06017790558409917,0.026905597354001134,0.06266119616775664
1775547383.6091807,1383.22,423.2,0.12385918763296928,0.06336955026751899,0.02866805486000929,0.06390383723272583
1775547383.6547775,1380.36,423.56,0.12846737333996353,0.07086704689335678,0.0331988701213386,0.06276780610400984
1775547383.6857474,1380.36,424.1,0.12619838179527182,0.06698968959616128,0.03022868599626495,0.06313131412421663
1775547383.7201128,1378.34,425.0,0.12616424494014877,0.06778598907584953,0.03364047578418463,0.06207999929059231
1775547383.7538505,1378.34,425.18,0.12556904087530155,0.06463176873970615,0.03124799208253638,0.06487439209434774
1775547383.798718,1377.46,425.14,0.1240790498226649,0.06378864595076147,0.029650184572842513,0.06382440575257484
1775547383.8301132,1377.46,425.38,0.12497792632924286,0.06606929828948661,0.034162807185325286,0.0661514067947204
1775547383.8628182,1377.64,424.48,0.12350085862217755,0.06335193281213314,0.031020762507045448,0.06355006586865139
1775547383.896991,1377.64,424.78,0.12557094630219603,0.06391229816662006,0.03423225487858623,0.06790736116914288
1775547383.942116,1376.42,424.72,0.12303705260071064,0.06053468406432844,0.029088092395140833,0.06353738446946756
1775547383.9739983,1376.42,425.44,0.12566835661814563,0.06319414027931418,0.02823638070464688,0.06111949176818489
1775547384.0059023,1375.24,425.2,0.1246026289944838,0.06290629374114777,0.030812643459810805,0.06371662880928683
1775547384.039663,1375.24,425.58,0.12262105959634384,0.0609431473031117,0.030998252868635185,0.06549876322357988
1775547384.085994,1374.92,425.66,0.12414991922384999,0.06338928882784087,0.0285378179489613,0.06142452780973661
1775547384.1192892,1374.92,426.44,0.12346634735068515,0.06251792167626158,0.029066516863021787,0.06219137433345698
1775547384.1501606,1373.12,426.04,0.12176632715449764,0.06138851509055122,0.031234816433002376,0.06463367794231097
1775547384.2018433,1373.12,426.78,0.1206544209961627,0.059067855967954386,0.029552386767232618,0.0642230628449591
1775547384.2476406,1371.02,426.12,0.12343122067139933,0.06295720688320011,0.03051960029856107,0.06312102987131805
1775547384.2937717,1371.02,426.2,0.12188006907434806,0.06038208286367776,0.02984291909129894,0.06474184032057308
1775547384.3283823,1369.1,426.8,0.12247375679144627,0.06075960339924044,0.0311363936290544,0.06391954348897602
1775547384.3577397,1369.1,427.1,0.12215129925333768,0.06113584094752094,0.03286297504482963,0.06728815186253655
1775547384.392544,1367.2,427.02,0.12848385188294056,0.06807727801658216,0.031056479586712264,0.06229244257578192
1775547384.4226549,1367.2,427.56,0.117815556390787,0.05475085157459635,0.03024383226334604,0.06679668306705991
1775547384.453727,1361.26,427.1,0.12320360285434315,0.06152976972684437,0.029579805785526592,0.06396967462331106
1775547384.4867322,1361.26,427.52,0.1255797814646631,0.0650156335518072,0.0298973738865505,0.062132455310091435
1775547384.5177221,1358.78,427.2,0.11632715181856917,0.055001507110749026,0.03050851562374805,0.06623580175182854
1775547384.5508728,1358.78,427.52,0.1261710856887692,0.06917653792091227,0.033643910472216605,0.0641343923934864
1775547384.5843036,1355.92,427.32,0.12201326867632872,0.06276729602631415,0.030447789765735873,0.06485838955810215
1775547384.6148171,1355.92,427.64,0.12428421933796338,0.06256178405019844,0.03088546238411861,0.06557426930967733
1775547384.6466076,1354.32,427.26,0.1221987393035709,0.06043242125686355,0.032375606718012824,0.06693047174672183
1775547384.680334,1354.32,427.86,0.12200281089358897,0.059890912762483366,0.031680943516596595,0.06578104447643716
1775547384.7269948,1353.1,427.86,0.11758206308849073,0.05595569965816164,0.030024167195785663,0.06644502524164989
1775547384.758461,1353.1,427.98,0.12372228074843039,0.06191071496842463,0.03329070273745415,0.06645790335124425
1775547384.789778,1350.82,427.72,0.12232516534302351,0.06260493859088562,0.03107842096606557,0.06565363729464938
1775547384.8226318,1350.82,428.58,0.11936067879806862,0.058406850814932174,0.030118045580152096,0.06551389138568962
1775547384.8548856,1347.22,428.4,0.11984783594461687,0.05874630390789417,0.032723670223045086,0.06698681330568942
1775547384.8882048,1347.22,428.82,0.12493630026824108,0.06550783505031287,0.034032985343264884,0.06536182404503392
1775547384.918719,1342.32,427.52,0.12385485831600698,0.0638853206737097,0.032706128785296974,0.06636584383955359
1775547384.9524405,1342.32,427.84,0.12149361472747387,0.06000590431219225,0.03256344868073971,0.06783100399083412
1775547384.9849203,1336.04,427.3,0.12222789424965123,0.0609799245883281,0.032806307280350076,0.06645637649839395
1775547385.0163283,1336.04,426.82,0.12072749948742341,0.05923205786714935,0.0328580845268431,0.06834770759151085
1775547385.0458062,1335.92,427.22,0.1215058181547873,0.05988444944970284,0.03159668714686448,0.06772835477808321
1775547385.0785,1335.92,426.36,0.12362183647896668,0.06381293250863417,0.0328599893261997,0.06687270298469991
1775547385.111918,1333.2,426.74,0.12265357991328014,0.06087217370554553,0.033131679058931884,0.06575857011233512
1775547385.1590164,1333.2,427.38,0.11806163131358148,0.058550904866117824,0.03200111011120648,0.06650346822602861
1775547385.1896858,1332.0,427.28,0.1223434313239448,0.06276898523837966,0.03294598982743916,0.06664990347296458
1775547385.222783,1332.0,427.6,0.12419782701231215,0.06341870149719402,0.03428762479992094,0.066651202092448
1775547385.2538278,1329.12,427.7,0.11988490658032541,0.05811943421827475,0.03230321237068774,0.06806483898249066
1775547385.285747,1329.12,428.4,0.11802611157901333,0.0555151394180357,0.03148943470118742,0.06837848965425462
1775547385.318738,1324.84,427.98,0.12330675447427825,0.06411393473751845,0.034513155348549394,0.06851702326231006
1775547385.3511076,1324.84,428.54,0.1237020498599722,0.061893707554109625,0.03141700329845915,0.0654862257266327
1775547385.3860443,1322.16,426.72,0.12273460613884975,0.06068786486417271,0.030750922424660664,0.06423853898204233
1775547385.4139113,1322.16,425.78,0.11623343641567355,0.05644193082290781,0.03129168466755578,0.06875472168682484
1775547385.44586,1321.02,425.52,0.11770675070551184,0.057848729328531724,0.03163683344000035,0.06866763013247376
1775547385.4773953,1321.02,426.5,0.11670259013968264,0.05738289021053204,0.03266997763301939,0.06755169652341708
1775547385.5103285,1319.06,426.44,0.11567818807038166,0.05404468650805271,0.03331214449797479,0.06931076962911965
1775547385.5441043,1319.06,426.82,0.11679400579476562,0.05690351568022201,0.033593976177501705,0.06917801815088062
1775547385.5923045,1314.94,426.12,0.12192470307963547,0.061819019653311665,0.029762094499354373,0.06192623549596864
1775547385.621731,1314.94,426.26,0.1214740766889317,0.06120739420122569,0.03030980609613106,0.06218130403964407
1775547385.656503,1314.42,425.5,0.11528047052989797,0.05517462733158182,0.0328488547961239,0.06893150366588083
1775547385.686666,1314.42,425.74,0.11806421941750012,0.05850827772637383,0.031761903993475886,0.06597317381645124
1775547385.7191944,1313.42,425.14,0.11014198251009519,0.048587903126704274,0.03286645131842763,0.07031300455720745
1775547385.7500749,1313.42,424.44,0.11462779296496486,0.054007179603541115,0.0319525726586006,0.06877432695910113
1775547385.782038,1311.5,422.92,0.11491143010221777,0.05463695091996759,0.031286711283372334,0.06806515758684971
1775547385.8145647,1311.5,421.98,0.1207715444230638,0.06209035084555832,0.033264398198724864,0.06671705987545627
1775547385.845756,1307.66,422.24,0.12203725031165766,0.06261188280019836,0.02975992932027618,0.06283898997018196
1775547385.8775609,1307.66,422.6,0.11789508593782608,0.05788867048223076,0.033986732342464465,0.06928742649143149
1775547385.9107766,1306.18,422.24,0.11852418964185628,0.05894299588033994,0.0333904525476774,0.06673665726878392
1775547385.9443777,1306.18,421.12,0.11569073875996704,0.054046974867232415,0.032683650649024225,0.06759140535658091
1775547385.989592,1304.4,420.78,0.11761913965648568,0.05571162617334775,0.03144385976118503,0.06737722773695325
1775547386.022729,1304.4,421.14,0.11576087160428869,0.05404114299644324,0.030824297484108924,0.06696627020131724
1775547386.0545588,1301.96,421.04,0.1130872454120335,0.053025853480780046,0.03457955253003523,0.07120825348615537
1775547386.08751,1301.96,424.38,0.11724845343212019,0.05714814554498275,0.03321620737754749,0.06797679146933149
1775547386.1188495,1299.68,422.9,0.11269023571153933,0.052776615648805515,0.03136303883436902,0.06862829686767706
1775547386.1523302,1299.68,423.66,0.10895974146680004,0.05093408759310966,0.03354248798105684,0.07204655808988618
1775547386.1877627,1296.62,425.22,0.11523388112186068,0.05661096304543161,0.028543705342215647,0.06482995966797275
1775547386.2159643,1296.62,425.14,0.12184817232757171,0.06352191802038513,0.015618326576586709,0.06252094735169779
1775547386.2466228,1292.04,424.86,0.11745708556739907,0.05773382130643846,0.01722673592550166,0.06317834121745512
1775547386.2800925,1292.04,424.82,0.10345824369808922,0.039886730167042514,0.021942361041580444,0.0691748022449874
1775547386.3107736,1287.82,423.9,0.09152507044426171,0.02783216789476535,0.030830880994361088,0.07596273582027502
1775547386.3422241,1287.82,421.9,0.07558558801744983,0.018366882104302575,0.03942994565083264,0.08709513609078046
1775547386.3751614,1282.7,421.8,0.06551127974086186,0.007340542965429284,0.049758545093679336,0.09590292945156752
1775547386.4217489,1282.7,423.06,0.06843625913852128,0.03757572779115154,0.055971816681946805,0.10496036641836047
1775547386.4546669,1281.0,419.74,0.06106169774490801,0.04487017626058442,0.07785503143345396,0.13540297222024367
1775547386.4881465,1281.0,420.48,0.06521239843997012,0.05876743455430009,0.09618853400523684,0.15662794495599336
1775547386.5177226,1279.26,420.22,0.07687129614019043,0.07280422848798694,0.11328904890015018,0.17260375785905452
1775547386.5509174,1279.26,421.28,0.09603633014803345,0.10256347610153647,0.13978996772345026,0.19119205327174793
1775547386.581388,1277.9,419.74,0.12563857825580496,0.12943371838893117,0.14846480740116505,0.19926683430941777
1775547386.6210577,1277.9,420.88,0.19740597694344683,0.2233265466673007,0.23387364683960557,0.26015695793331506
1775547386.6468174,1278.54,419.36,0.22226882792666078,0.27796645228974337,0.27138620739819885,0.2805436563410225
1775547386.6788824,1278.54,420.24,0.26117971833009407,0.314526246746202,0.29965830338925653,0.30853514578044244
1775547386.70977,1273.16,419.2,0.28422505853429086,0.3401729548900374,0.32731989523032384,0.32869832334902643
1775547386.7427905,1273.16,422.46,0.2993361354606205,0.35843663798479813,0.3411244931806253,0.3456431027032701
1775547386.7765424,1271.2,421.0,0.29859323849689207,0.35562362171071965,0.3405029756450816,0.34386240078996666
1775547386.8217623,1270.6,421.04,0.31297811614222953,0.37568388687653476,0.3611018909580672,0.3620483748188073
1775547386.8561947,1265.48,419.84,0.3231909004852578,0.38751296136208546,0.37562548107296617,0.37508503420854356
1775547386.8887928,1265.48,422.56,0.3281297347002763,0.39405682984596363,0.38213624048998485,0.3869982790156612
1775547386.9201133,1261.42,423.44,0.32666511405435994,0.39325229400866946,0.38413459971286656,0.39560798240796313
1775547386.9501028,1261.42,420.22,0.33021046409841026,0.3981254281511158,0.3895418614546909,0.40285056051237783
1775547386.9827397,1260.86,417.18,0.33508201008840205,0.40396979766029756,0.3956265716227269,0.4081870258338227
1775547387.01488,1260.86,414.38,0.3419649404290096,0.4109080639360326,0.39962890892248654,0.4132478439818219
1775547387.0466821,1257.26,413.7,0.33852132689472314,0.40991551416430566,0.3988159967756171,0.41310769576685974
1775547387.078778,1257.26,411.26,0.33991938758308154,0.4083049139349034,0.39774073669051324,0.4125095555073041
1775547387.11054,1256.1,409.88,0.33506492006181926,0.40390975872848955,0.3942214559991743,0.40948789300633115
1775547387.1428237,1256.1,406.92,0.33800629386564074,0.40727805185531946,0.39684392690540293,0.4109912163482725
1775547387.1747108,1251.24,404.66,0.33597930461186293,0.4052909464398588,0.3946706627139263,0.40927458620201723
1775547387.2072005,1251.24,401.58,0.3348730905275322,0.40551766803452066,0.39423543614659634,0.4082745099316094
1775547387.2406666,1249.96,395.28,0.3358534441470784,0.407038327005087,0.39545780574898365,0.4095304762449504
1775547387.2894423,1248.82,391.04,0.33889837504754683,0.40808163458326585,0.396001576257794,0.4109351140043015
1775547387.3180258,1242.8,387.6,0.33834245120160367,0.4072763412462782,0.39602302011207235,0.4114930537723198
1775547387.3505726,1242.8,383.3,0.3371829470449904,0.40802201175080616,0.3968364801808716,0.41211965761727876
1775547387.382522,1234.46,379.76,0.3375119155306096,0.4079087991719769,0.3947241026145672,0.4085045512103859
1775547387.416061,1234.46,376.6,0.3398313227075499,0.41042467046809933,0.399068559580209,0.4103292414536207
1775547387.4465482,1226.78,374.38,0.3411599857950203,0.4124266712191258,0.4000673604181375,0.41251862628762354
1775547387.4797325,1226.78,371.96,0.34101463306708213,0.4121080278747462,0.399162845278492,0.4137954427468946
1775547387.51071,1223.9,366.26,0.3393030438365533,0.41219706141484197,0.39994987187338493,0.4111643431528101
1775547387.5436702,1223.9,361.38,0.3419411794289698,0.41323887074841537,0.4013439934047355,0.4107989226774769
1775547387.5748494,1221.34,359.9,0.33792361087878603,0.41176247827919926,0.399396564720734,0.41232240912829
1775547387.6065242,1221.34,357.48,0.33730360247826574,0.40938687460463946,0.39764688442088947,0.41123731999158913
1775547387.6402278,1217.0,348.72,0.34029207033551695,0.41202628437930816,0.40012077433309695,0.41152873106413557
1775547387.690186,1217.0,345.68,0.34201001224460903,0.41391780291026714,0.4014184927968015,0.4140414633143968
1775547387.7178936,1211.84,340.18,0.33989160983427175,0.4112357317124681,0.3993226191201235,0.4122135142309824
1775547387.750682,1211.84,334.88,0.340096487329887,0.4121339005802804,0.39958458177345785,0.4117238485814633
1775547387.782612,1207.78,332.02,0.34069558762857627,0.412991640842072,0.4001807381965356,0.41205945843702746
1775547387.8149052,1207.78,327.46,0.3437756038630995,0.414288746399861,0.4014268094606866,0.411977479345334
1775547387.8459263,1204.84,320.82,0.34330896705798947,0.4134854687657037,0.3999098071369741,0.41056531064380386
1775547387.879652,1204.84,317.32,0.342358622517078,0.4126941818049723,0.39784676686419257,0.409400283067479
1775547387.926971,1202.4,311.36,0.3429693507375488,0.41223662503013425,0.3980527861177967,0.41073958594733134
1775547387.957849,1202.4,308.78,0.34159961081274465,0.41184382134399344,0.3992999020517772,0.40961113411959194
1775547387.9903483,1199.58,306.8,0.3423719504553491,0.4134611380340637,0.39939791530944047,0.4108315532505082
1775547388.023778,1197.62,306.04,0.3395141193481146,0.409635825226538,0.39872299828458624,0.41035763756363036
1775547388.0720031,1196.98,301.56,0.33856659295014435,0.40951070780555665,0.397293289784015,0.4074662978821837
1775547388.1020029,1196.98,295.98,0.3388567437202615,0.40979969564005136,0.39908979566210917,0.40786750087034596
1775547388.1362133,1191.34,294.34,0.33874229784530474,0.4102123093399965,0.39894877598629774,0.40900375408645384
1775547388.1656337,1191.34,289.82,0.34154276350491947,0.4119128365599833,0.40033515548850857,0.4093468398876879
1775547388.2001722,1190.44,285.42,0.3408270013516328,0.41207450496485,0.40087117198634054,0.4105152408311435
1775547388.230857,1189.22,280.96,0.34137586273410864,0.4124984485789002,0.400927895222337,0.41116204830438025
1775547388.2617233,1186.5,276.4,0.3409802533984322,0.4131684571739451,0.4024068138168826,0.4119430975561641
1775547388.2938282,1186.5,271.66,0.3421128691426939,0.4133200039113699,0.4022428356651247,0.4120495228480091
1775547388.327615,1184.3,268.34,0.34279975532368173,0.4147387396866787,0.40179188483940353,0.4117670151453026
1775547388.3737743,1184.3,265.12,0.34119386231225,0.4131969021464343,0.4014518210457339,0.41216080711176767
1775547388.4067914,1185.74,262.4,0.34263779226181845,0.4153216168543137,0.40199585635159835,0.41468103235456805
1775547388.437737,1185.74,258.32,0.34271563702954677,0.41576433271071056,0.4034708666701789,0.41443797230693286
1775547388.4709132,1181.46,256.12,0.34526381707857434,0.41823460241493254,0.4052545073069249,0.41533994628263665
1775547388.5025697,1182.06,252.3,0.3443764870075618,0.4175154381509432,0.40480103677019824,0.41609373253418624
1775547388.5344515,1178.72,248.98,0.344964106605854,0.4172234971677334,0.4048544581868896,0.4158564436218276
1775547388.5666957,1178.72,241.88,0.3445972287387971,0.4177377306680704,0.4046819657956776,0.4153388911041026
1775547388.5976636,1177.52,236.0,0.3461522737482989,0.42008675476190427,0.40733746179762953,0.41611350980703793
1775547388.6304889,1177.52,234.1,0.3471546498991762,0.4190147639052958,0.4058759880811709,0.41721060373758545
1775547388.6626122,1172.8,231.14,0.3457654337756157,0.41751891082683157,0.4052122280819281,0.4187393144033727
1775547388.6965132,1172.8,229.78,0.34385743938076735,0.41803823245976146,0.4044174911422117,0.41842825261321615
1775547388.73017,1171.64,228.04,0.3440399589682987,0.41729683762294817,0.4024737260238104,0.4166476760150656
1775547388.776155,1169.4,226.64,0.34418505745691613,0.4175051653177866,0.4042901753689727,0.41700130193277374
1775547388.8067906,1165.96,223.78,0.34499577572837453,0.418131843661811,0.4045161225039035,0.4155033772110854
1775547388.8401592,1165.96,222.46,0.34641025173887824,0.4196638887291879,0.4080372098916999,0.41738957435845053
1775547388.8696666,1163.66,218.54,0.3446589206083358,0.41898379031392446,0.40628305535812403,0.4185183689881451
1775547388.9026566,1163.66,218.22,0.3456053882823736,0.4187944837757169,0.4065641660292941,0.4182317805469348
1775547388.936509,1160.1,220.36,0.3462447243032465,0.4200896758856001,0.40787232772148135,0.4204557531147411
1775547388.982688,1161.24,220.02,0.3461647593498397,0.4186100266342355,0.4069695803936171,0.41957683150019126
1775547389.0147042,1159.64,219.52,0.3461423207851583,0.41961566284689494,0.4064177912709732,0.4194680218588969
1775547389.0468626,1159.64,220.14,0.34595995222669684,0.4206482833694005,0.40789704113819975,0.41950475648048646
1775547389.0805423,1162.04,218.02,0.34843862007858467,0.42221626040189925,0.41049348478537856,0.4209879568629051
1775547389.1261947,1162.04,217.04,0.34618523616703734,0.4198184422011601,0.4088379006831605,0.4213805680620974
1775547389.1587558,1162.3,214.36,0.34817434160635335,0.4215557710045847,0.4095493817706791,0.4212622341605067
1775547389.192396,1162.3,215.2,0.3450157161308612,0.41946487387433373,0.4077634383402206,0.4205730159779584
1775547389.2231884,1159.36,214.42,0.3461694822910074,0.42113733021036387,0.40850553521849586,0.4217427139309703
1775547389.2569785,1159.36,214.46,0.3470736664607676,0.42204802360941485,0.4090424503503428,0.4211047167737958
1775547389.3026974,1155.82,212.52,0.34879235254149105,0.4226479054289795,0.4109569216499005,0.4218222002110282
1775547389.3337245,1155.82,211.26,0.34963904497944803,0.4237675329593859,0.41081837659784715,0.423527353482318
1775547389.3665051,1155.54,215.68,0.34603071631103755,0.4215971598637473,0.4093932035881396,0.42252506058930805
1775547389.3993688,1155.54,214.58,0.34610351444608106,0.4227091630807878,0.4097076374188037,0.4213102778994216
1775547389.4329963,1159.26,216.34,0.3473582298328585,0.4238473558886791,0.41031015020345224,0.42295651928703326
1775547389.46657,1159.26,214.38,0.34819290610853953,0.4228988330972225,0.41086867421347656,0.42345353954285314
1775547389.5111873,1160.1,213.04,0.346106249477092,0.42126339829583437,0.40775953096512124,0.4216257647521339
1775547389.5479035,1158.22,213.76,0.34759325473503827,0.4229043142013682,0.41099486059972207,0.42396615611748406
1775547389.5933356,1154.38,212.16,0.3448058143233398,0.4204928729381373,0.4089957081532394,0.42316154106590365
1775547389.6225908,1154.38,214.28,0.34455315915740575,0.42023877937357684,0.4084323393684958,0.42292924216652655
1775547389.6548328,1154.54,215.48,0.3465996801684806,0.4226206407699962,0.4104454021992211,0.4238281462099398
1775547389.6867807,1154.54,214.12,0.34602877086340345,0.4219173560036594,0.40945026252460975,0.42342335024497346
1775547389.718827,1153.52,210.3,0.34920394285695944,0.4237205252808738,0.4105365848146229,0.42449863000996446
1775547389.753009,1155.48,208.14,0.3468951052465544,0.4244389493323794,0.40999892180007397,0.4245518468971669
1775547389.7979538,1148.94,207.5,0.3488800829833403,0.42427520147396625,0.4103908497452951,0.42375559313795474
1775547389.829803,1148.54,210.8,0.34462034802529495,0.4218989909123764,0.4082353845272608,0.42144788323575505
1775547389.8628855,1150.14,209.2,0.34680069200971086,0.4222449178357656,0.4093498519553863,0.4232879049045065
1775547389.8938513,1149.78,208.38,0.34779334344618795,0.423456831611094,0.4113864514188454,0.423945749512578
1775547389.9267416,1147.18,206.66,0.3477598715924742,0.42310852066693244,0.4103986482885177,0.42504712202006734
1775547389.957823,1148.4,205.4,0.34578679166487075,0.4238417342425438,0.41057290128479024,0.4250177267816422
1775547389.9938827,1147.94,204.76,0.3454486885315877,0.42106658421026216,0.4091478041820517,0.42349143321622956
1775547390.02426,1147.94,204.38,0.34560135428029054,0.42246340854229114,0.4089501052753207,0.4240179509419159
1775547390.0538938,1148.16,204.4,0.34302428118432415,0.41997299668461047,0.4094651987259855,0.4248193637439005
1775547390.0882423,1148.16,203.08,0.34391426485199883,0.41874367726485934,0.4073802312986126,0.4223708211323453
1775547390.1180892,1146.96,204.78,0.3408520497430787,0.4174428767321587,0.40463086845420226,0.42057764252158075
1775547390.1522095,1145.68,201.92,0.3421186149946756,0.4192449370869176,0.4078475881599897,0.42199350726991314
1775547390.1850352,1143.58,198.84,0.34203155815577313,0.4181854198451092,0.40733217081828416,0.4211602867338509
1775547390.2307851,1142.28,198.72,0.3425496851336169,0.41881415419176277,0.40702336423615587,0.42147462355686804
1775547390.2626762,1146.58,196.94,0.3436285221921056,0.4188724465383237,0.4073022640099496,0.4226784512227746
1775547390.2942252,1144.9,197.98,0.34460176998902137,0.4193521057122298,0.4077002903607292,0.4245107859298453
1775547390.3259804,1142.52,196.48,0.345265159318989,0.4201038829467915,0.4094354762938963,0.4242975303777089
1775547390.3576798,1140.88,197.98,0.3449748698425049,0.4209077103789754,0.4092737447761679,0.4231128934506711
1775547390.394109,1139.08,197.96,0.34699199191670993,0.42221481333077704,0.41011865542056064,0.42467384673344627
1775547390.42266,1138.42,197.2,0.3472110648075208,0.4214783563049621,0.4097361013113645,0.4246828550783895
1775547390.4537764,1134.5,195.72,0.3465415969569732,0.4209751870403121,0.4093639291312808,0.4247315643659224
1775547390.4869525,1136.42,195.96,0.34502773658639624,0.4201264606891611,0.4076207603120885,0.42387613363108584
1775547390.518787,1137.68,192.8,0.34547972764319107,0.42032978914175584,0.4093239765120564,0.4235202986107937
1775547390.5506747,1135.72,191.52,0.34753075321394583,0.4211833433720244,0.41003687555885526,0.42562448076577936
1775547390.5844676,1130.6,192.56,0.34813922583530355,0.4242015443726284,0.4125439193103121,0.4266019307497294
1775547390.630796,1127.06,193.68,0.34723660132068157,0.42330981960798447,0.4113362657764231,0.4279064205001137
1775547390.6637807,1123.72,194.28,0.3464042735867646,0.4208681200136575,0.41001326323763004,0.42416552538515884
1775547390.6945057,1121.72,195.9,0.3466659148581372,0.42133958052701026,0.41062599564277497,0.4255985608286979
1775547390.728103,1120.8,193.96,0.34756638445199617,0.42265769788125696,0.41146928642466263,0.425919288791011
1775547390.7577171,1120.7,193.04,0.3483755336312024,0.42400043368741896,0.41224094662059946,0.4267979653566597
1775547390.7948987,1116.28,190.84,0.3492626755592456,0.4250399417209181,0.4132941312094796,0.42843616132902307
1775547390.821995,1116.28,192.02,0.3474414803124416,0.42304822977830336,0.41072392431368987,0.42627706773504004
1775547390.8550596,1113.28,191.12,0.34714371470277755,0.4239984675241057,0.41360738167799554,0.4263613370537662
1775547390.8860013,1110.46,190.1,0.34789300939154366,0.4246246995330434,0.41165069619439276,0.42727074878711707
1775547390.9177139,1112.12,190.88,0.347592642397972,0.42497633108157323,0.41228905474382505,0.4273305460663102
1775547390.9493406,1109.98,191.78,0.34798541715340003,0.4241322986770523,0.41259658552580053,0.4269270564091017
1775547390.982763,1108.76,189.76,0.34693775310817926,0.4234348944637036,0.4112380318828885,0.42643142859910776
1775547391.0160937,1108.5,190.04,0.3488876968862943,0.4255151439539254,0.4125657735441445,0.4269792125620714
1775547391.0626035,1108.46,187.96,0.34775309187746456,0.4220986792472423,0.4113800664105168,0.4259599999298839
1775547391.0952065,1106.22,188.06,0.3465075524868755,0.4234344826503001,0.4123857074961058,0.4270988816026193
1775547391.125846,1099.2,187.26,0.3477235598254572,0.4228928895330824,0.4117812152850129,0.42805206445144783
1775547391.1579704,1097.54,187.88,0.3480937009312187,0.4219410660817753,0.41140763407027414,0.426656111552923
1775547391.1952274,1093.54,188.82,0.3464110153843553,0.42180629508238876,0.41033503682131606,0.42402832800845547
1775547391.222645,1094.54,187.12,0.3484668196694239,0.4238603760903073,0.41337010378061645,0.4266579151048688
1775547391.253759,1095.36,187.22,0.3472638473140583,0.4230250127300599,0.41188601525812507,0.42671523889358925
1775547391.2884002,1095.36,184.0,0.3498329654809923,0.4251389142142071,0.4137791930881193,0.4265385714370145
1775547391.31874,1091.42,182.6,0.35022549115336327,0.42533674684414163,0.414074786014828,0.4274638716864851
1775547391.3522975,1087.44,181.7,0.3490552843776036,0.4240774379946693,0.4130803204691403,0.426457513372761
1775547391.4016027,1084.24,183.92,0.34924539940325955,0.4252367329894073,0.41346771290561124,0.425764846493367
1775547391.449803,1083.14,184.1,0.3499594776212723,0.4245328384594973,0.4124306294053978,0.42688036679423275
1775547391.4955692,1083.94,183.28,0.3506956094317112,0.42544347064870786,0.41407880600479335,0.4262147459950899
1775547391.5267406,1083.58,181.08,0.3510094240768909,0.42622583615964005,0.41451754416662084,0.4267399832113523
1775547391.5571675,1077.32,180.5,0.3475376866361228,0.4239862734913257,0.41202073050559457,0.4253307143283552
1775547391.5898204,1074.84,183.16,0.3491865711606909,0.4240162790679258,0.41247881139281284,0.4258263412553309
1775547391.622971,1069.86,185.36,0.3486227701668762,0.42306007185465483,0.41153132949317556,0.4243178361199617
1775547391.6538732,1066.7,185.66,0.3472202065759901,0.4222734595748953,0.4099821917742799,0.42263416416173627
1775547391.6866431,1062.78,184.84,0.3474418813675026,0.4206878912759779,0.4085412874711226,0.42309907369804056
1775547391.7188694,1060.36,186.46,0.34237855985498966,0.41808148629908093,0.40566972260590917,0.42008922404015253
1775547391.7497935,1056.12,183.14,0.34392757054172995,0.4204989848406678,0.4074630607710348,0.42223844529111115
1775547391.7817461,1056.12,182.26,0.3461754070169731,0.42115952770117654,0.4079826092470176,0.4228693894681156
1775547391.8149312,1052.72,177.36,0.3456543060357186,0.420803349440475,0.40806175301519426,0.4215695697911755
1775547391.8468988,1049.54,178.52,0.3475491800451661,0.42105331933469115,0.40847376292747994,0.4231034211009085
1775547391.8805964,1049.1,176.3,0.34670183917365405,0.42282795023140324,0.40937568036338057,0.4236276637566404
1775547391.9148016,1046.24,175.7,0.3458844427684226,0.42222677865064423,0.4090734890910729,0.4218733665904767
1775547391.9582057,1041.46,175.56,0.3468894781783379,0.42126232096562155,0.40887476335718226,0.4214262301365778
1775547391.9925945,1040.08,175.28,0.3451663938041866,0.4189094945525307,0.40651786936937345,0.4210120870533862
1775547392.0230582,1037.78,175.3,0.3465724150424466,0.41972897070457,0.40947413659956367,0.42315793486264625
1775547392.0563612,1035.52,174.78,0.3437023596716058,0.41906645644215745,0.40666091960089773,0.42115752560115177
1775547392.086634,1038.36,172.8,0.3441473197948493,0.4198289869692553,0.406443517442486,0.4203762915882963
1775547392.1176212,1034.84,174.06,0.3443493905713694,0.41883298716117356,0.40685525918474935,0.4208017563188351
1775547392.1508234,1032.06,190.36,0.3444677040869351,0.4189676459211603,0.40625286714989634,0.4207704680512765
1775547392.1816962,1029.94,216.2,0.34502598711502674,0.41974163515824925,0.4067532119397946,0.4213907626151184
1775547392.214668,1024.48,224.68,0.3433002948614384,0.41591640413192205,0.4049330687392899,0.41778249507673015
1775547392.2459197,1024.2,228.76,0.3371134400478182,0.4116420068248881,0.39827225247679077,0.41272329541496644
1775547392.2787771,1026.56,226.52,0.3385912864193322,0.4113752385408762,0.39954125594896034,0.4141637861406259
1775547392.3127978,1029.46,224.3,0.33644392502550824,0.4076410466915629,0.39681833976313474,0.409625055234713
1775547392.3587468,1030.44,224.84,0.3327790837951957,0.40401746936439137,0.3922770568826231,0.40500636979050036
1775547392.3895977,1028.92,224.82,0.3305619000940577,0.40252527549016026,0.39030394607834107,0.40230204551499954
1775547392.4226546,1027.0,225.32,0.32824502773093234,0.3981644611165985,0.38727034582823944,0.39922125812829695
1775547392.4548724,1020.58,226.24,0.32522588983288103,0.3932231340373063,0.3832270872581474,0.39613260380465415
1775547392.4868767,1020.86,226.96,0.32012689234621294,0.38924565808595984,0.37741865711844397,0.39003444276582483
1775547392.5177965,1016.8,225.92,0.31988568571644793,0.38878224467111805,0.37731573791602574,0.3879506813906458
1775547392.5535457,1016.4,227.36,0.3132981579443151,0.3803937238653136,0.37072863778570014,0.3811966498858236
1775547392.5818906,1013.16,226.26,0.3099905656415066,0.3770042668980769,0.3657458698640983,0.3764047098302393
1775547392.6163256,1009.04,226.84,0.3029361871781971,0.3689232961836741,0.35763668809844745,0.3676953325475058
1775547392.6459503,1009.94,226.16,0.29891463164154125,0.3611069175937983,0.3528020489459004,0.36330621770991806
1775547392.68026,1008.4,226.06,0.2959746294437048,0.3582255901408002,0.348808304568964,0.35955082357567125
1775547392.7135704,1001.48,228.62,0.2976524026032926,0.361511131220149,0.34885398313946503,0.36097158912909355
1775547392.7588928,998.98,229.26,0.29385683756397984,0.3546012610305494,0.3430882370703261,0.35589344946973733
1775547392.7897532,993.86,229.14,0.29192219443112016,0.3520163535584457,0.34023071576444275,0.3521435287002951
1775547392.8227265,992.54,225.88,0.28642059066608255,0.3458168771208524,0.3352671336068627,0.34903204418765454
1775547392.8535662,992.56,224.2,0.28528095274934895,0.34493587669938935,0.33483999364499295,0.34504955544190546
1775547392.886844,993.86,221.76,0.2823726421202983,0.3408730571211925,0.3311285417420403,0.3445565970626947
1775547392.9186084,989.94,224.06,0.279659251070083,0.3391441281596265,0.32950223935581463,0.3411686622579252
1775547392.9506454,986.86,225.56,0.27944053346079334,0.3382253762318591,0.32892781654950826,0.3402532792276581
1775547392.9824784,981.78,227.48,0.2803476096134326,0.3394082191566829,0.3307251302815829,0.34254581248459587
1775547393.0138705,984.9,230.08,0.27974561873558884,0.3398934269883465,0.32982454593918054,0.34256703647298586
1775547393.0468483,984.94,230.36,0.2811354989035649,0.3418425263864191,0.33181069317128076,0.3445767577865756
1775547393.078007,983.32,228.44,0.2803358170656834,0.34112279170072557,0.33280302326711014,0.3455237152563689
1775547393.1107764,979.96,228.42,0.28075628873503145,0.34091955595175855,0.33222083222929716,0.346207838239714
1775547393.1443973,978.68,227.32,0.27901463961407275,0.33835533144899194,0.33008905281307205,0.34457904513392174
1775547393.1923711,976.0,226.82,0.2797104673996168,0.3414853989500346,0.33253374160183596,0.3453776438694845
1775547393.2226589,978.04,226.24,0.2787384271440426,0.3394211282296967,0.3308577824574382,0.34501432926570835
1775547393.2563732,977.74,224.44,0.2812287743179521,0.34093378680301095,0.3313752979205814,0.3444168014863512
1775547393.2867532,977.02,222.5,0.28132395916183245,0.3419704410904107,0.33137886271420347,0.3425588558519286
1775547393.3191638,976.52,223.7,0.2804814480171019,0.34196077996923296,0.3301802730125135,0.34327853734043867
1775547393.3501503,975.58,225.94,0.2819302092479356,0.34046233482708094,0.331121091398037,0.3420749867567348
1775547393.3826227,973.06,225.14,0.28012667146650283,0.3398891227335536,0.3295363649086809,0.34167828757793084
1775547393.4148507,973.0,225.92,0.2817030495562478,0.34097860313656075,0.33160122014709653,0.3427152173247119
1775547393.4468107,967.92,226.66,0.2808885382633637,0.34010932427520824,0.32938493950387443,0.3394901935288501
1775547393.4785748,965.64,225.36,0.2803754610531826,0.3399190684757266,0.32950360536889756,0.33904416590166836
1775547393.5097425,967.02,226.96,0.2814496896097274,0.33873346683776107,0.32773049339636556,0.33891213391856445
1775547393.5423977,968.32,228.76,0.2793509930368324,0.3399126311736311,0.32929410647905344,0.3403877875629149
1775547393.5760236,968.2,229.02,0.280819719161594,0.33858941795450814,0.32784277653112937,0.3392649665193337
1775547393.616968,967.76,228.7,0.2800345895335236,0.34075195314390605,0.3301511286393009,0.33999446862906296
1775547393.65384,965.84,227.44,0.28071614417587676,0.3400394422380799,0.3295689304457635,0.34017991096019207
1775547393.6865654,962.6,227.24,0.2793093111542686,0.33863018855089794,0.32886912363611376,0.33930709913683144
1775547393.7186446,962.28,226.9,0.277447193863351,0.33690025409316743,0.32626619069223284,0.3373723679141813
1775547393.750698,957.02,231.4,0.2750574916270389,0.33409674652196536,0.32450198172836375,0.3337616938087404
1775547393.7827709,957.04,232.64,0.27438487020843194,0.3338816189292644,0.3262984961402275,0.33430574527259743
1775547393.816082,958.04,216.6,0.27147068419149645,0.33171152539633075,0.3254994084605583,0.3343325584361627
1775547393.84603,956.62,190.82,0.26738507231657715,0.3272750930874667,0.3227125473881825,0.33496716133170945
1775547393.8797843,956.7,183.28,0.26261486950916646,0.32171637474436593,0.31996237249069864,0.3319122857787753
1775547393.913362,955.5,178.72,0.2642466026715982,0.32157897303407024,0.31998139549462934,0.3316151882523472
1775547393.960508,956.3,180.74,0.2583990739917494,0.31380038262207083,0.318561829824352,0.33062658069634693
1775547393.9905415,953.42,180.38,0.25232853607776956,0.3023133398848877,0.3109618865246699,0.32625705938146143
1775547394.0245035,952.58,174.76,0.23667883165307024,0.28243971009143565,0.296293525561868,0.3202914040763938
1775547394.0701556,951.44,173.72,0.21278580082167675,0.2510643655424774,0.27322470821053463,0.3115389749215341
1775547394.1017218,950.28,173.16,0.18325694736253265,0.21352846457378355,0.243039211271362,0.29274006478318854
1775547394.1338358,954.2,173.22,0.1560401648542223,0.18503484056303734,0.21393331893865963,0.2642041134039791
1775547394.167601,951.34,177.88,0.14572266614003618,0.16921202326341236,0.20097204392041418,0.253477273174355
1775547394.2001572,951.18,179.48,0.1346456413249166,0.14292218583841798,0.175665119731822,0.23798111103560782
1775547394.2465534,949.2,178.26,0.13109436167713523,0.13260078194937489,0.16233858395407252,0.22007358457055629
1775547394.277679,950.34,179.02,0.09012303964591128,0.10538289878915906,0.13492162087523155,0.19186183392565523
1775547394.3109083,947.56,183.0,0.07860368416422972,0.0890289503136051,0.11949190720862851,0.17176663971938763
1775547394.3425865,942.74,182.92,0.05969013405836682,0.07031624970173343,0.10395288134646034,0.14558205553244458
1775547394.3747003,940.12,181.5,0.04340867715258735,0.0496168920775951,0.08813479795486018,0.12478847445643343
1775547394.4056814,941.1,178.76,0.03412281846304251,0.04114617163841001,0.08169612495411945,0.11774107427244952
1775547394.4386363,936.62,178.12,0.03363768543258014,0.03034475078478434,0.07167172890367174,0.10457151094669083
1775547394.471893,936.12,177.08,0.03854649889222223,0.02231291629570748,0.06005903277075297,0.09349503997678608
1775547394.502496,938.68,177.86,0.045567713252721555,0.015964450535545672,0.05016117238850029,0.08248741071099905
1775547394.5363624,936.24,178.96,0.05150386090656586,0.006916441325411166,0.04093408015804979,0.07191614048222722
1775547394.5693178,934.08,179.3,0.05086012269132645,0.00527137050333097,0.04290067618606879,0.073625315726214
1775547394.615065,932.06,179.84,0.05482378409278779,0.008163289463476176,0.038568926225104376,0.06819093597952645
1775547394.6456256,933.16,177.64,0.06947527758941358,0.022210004688270935,0.029767701297983815,0.06109724806808951
1775547394.6791017,932.8,177.72,0.08176627798768422,0.033427414421869986,0.01997106321309078,0.052533021512051324
1775547394.709741,928.98,175.24,0.09279518074546506,0.042020195774730706,0.018743801807493285,0.04677142053765254
1775547394.7417684,924.26,175.08,0.09553866055050074,0.04441786803318396,0.019057853153124114,0.043794670911213245
1775547394.7736707,926.46,176.42,0.09915828449518582,0.04648720811407332,0.017520725078109305,0.0412681613881456
1775547394.8057065,924.84,177.28,0.10282493221554656,0.049910318805302695,0.01517142849285326,0.03729340787144878
1775547394.838866,927.26,180.34,0.10508488835407546,0.052329848005777876,0.014252001038882044,0.03596250553131286
1775547394.870198,927.44,179.52,0.10930898125038549,0.056805913090692876,0.020836383965184252,0.0376254628718599
1775547394.9020348,927.32,179.4,0.11402973787319198,0.06160124565688383,0.030656290632150977,0.04326495175185996
1775547394.9359672,928.04,178.2,0.11519810432536903,0.06279550410378189,0.03191569847223748,0.0424485880356206
1775547394.983004,927.48,177.22,0.11558928641978808,0.06421892177678737,0.03355094619435553,0.04234943066971491
1775547395.014747,926.2,175.44,0.11437989194805845,0.06419658473636314,0.03698104514804062,0.04427235345211007
1775547395.045794,926.0,175.44,0.12167149610073606,0.07194983259966063,0.03932767534537464,0.04715160077458218
1775547395.078685,919.02,174.54,0.12268240991253061,0.0736765026832211,0.043524785944007785,0.04889806352377901
1775547395.1123152,915.2,176.46,0.12234041961037753,0.07279258611889991,0.042976913141269384,0.05438449106910358
1775547395.14266,915.48,176.46,0.12368552503330987,0.07220445901603376,0.038626143638958894,0.049709031124851644
1775547395.1760156,916.82,177.14,0.12487760733056846,0.07114931696621841,0.03575596750221494,0.04753401159320775
1775547395.2059228,913.38,175.44,0.12399959081200217,0.06953747420301669,0.03329933213329151,0.044756940503999684
1775547395.2379901,908.64,175.82,0.11977121547200971,0.06278620151128154,0.023695670534294992,0.04531180663745923
1775547395.2719853,906.14,175.02,0.12071537942890138,0.06388124254228812,0.02445080084264814,0.045485151899759275
1775547395.3190143,903.04,174.96,0.11805323370902986,0.061313070870991804,0.019548106743531295,0.04229560896176397
1775547395.35081,899.84,175.26,0.11507665807652327,0.058540022335148906,0.019669931133618233,0.045621128014366255
1775547395.3827832,901.52,174.78,0.11253549871141015,0.05569826758908648,0.016685307187838644,0.043801012536361504
1775547395.4147072,901.28,176.06,0.11109889378912467,0.054897508200976095,0.01270373919591656,0.04059540462231139
1775547395.4460213,899.7,173.68,0.109184808875569,0.053316246041508066,0.011337910752554616,0.037688506330255965
1775547395.4785373,899.58,171.54,0.104743812379385,0.04906493080735107,0.01170490241893651,0.04494472026776937
1775547395.5097032,897.62,170.94,0.10399474305937555,0.048398442549153105,0.01171861999322612,0.04246925176030876
1775547395.5422814,899.66,171.56,0.09942592605016629,0.045212326938731374,0.009258341681917935,0.044604619041255525
1775547395.5748196,896.68,172.76,0.09777840540029543,0.042404220875984194,0.00785974216414252,0.04743766859100567
1775547395.6058939,895.18,176.62,0.09753541614036877,0.042373453637223064,0.008096002741582316,0.049046071242733934
1775547395.6395433,890.6,175.4,0.09738233003646352,0.04142461569376467,0.008597930559213684,0.04616625339536946
1775547395.6870196,887.74,175.82,0.0986030744674099,0.04313654671492926,0.0060444810245236244,0.04604392599306676
1775547395.7188706,883.9,177.76,0.09851493785690442,0.0427946810988539,0.007435363605391097,0.046741749745616394
1775547395.7522066,883.12,177.36,0.09506924974979865,0.03905911715482495,0.011303174190596763,0.0523900402774109
1775547395.7818077,881.06,177.6,0.096609982585701,0.04042390069407627,0.009196395564660446,0.049678101304843146
1775547395.816177,878.84,177.54,0.09510783314001665,0.038742834874595435,0.011353561675795175,0.05060347627970729
1775547395.84582,878.86,173.4,0.09179722084173327,0.035767949015066705,0.015564986166056189,0.053710638624268926
1775547395.8802679,879.86,172.34,0.0917008485463898,0.03471949610524161,0.016126710347344662,0.05685936105540808
1775547395.9097233,877.4,172.14,0.08911633368906172,0.03189570476590627,0.018979202745392783,0.05896162850676971
1775547395.942697,876.54,173.16,0.09092596358593612,0.033614881841840596,0.019245108406478983,0.056666331860918656
1775547395.9746284,877.08,167.94,0.08855140075377055,0.029416925563908188,0.022571176377397143,0.06116963873209506
1775547396.0058794,879.26,170.24,0.08786650615256225,0.02936675041546159,0.02257063733457026,0.06178187495046715
1775547396.0377247,878.54,170.86,0.08863430278759,0.029876942395945676,0.021676003569195613,0.06071028004208682
1775547396.0705347,877.46,171.38,0.08311543108283814,0.025710985658636606,0.02653281200051459,0.06523893489769512
1775547396.1043994,874.4,168.86,0.08335081664093952,0.025041440951938353,0.027007265094944135,0.06659884962283011
1775547396.1500852,875.58,169.16,0.08496557167527105,0.025769826858464392,0.027497693565181218,0.06602270756029709
1775547396.1817477,873.6,169.96,0.08636302043623352,0.0260827200705939,0.025705370963084666,0.06382052087258089
1775547396.2150257,868.62,168.88,0.08470530469148264,0.024103728214900335,0.027477987305409957,0.06625585827019542
1775547396.2488089,865.72,168.86,0.08304094944592724,0.02400098386241365,0.02752711192949292,0.06560298833492013
1775547396.2937436,864.88,167.4,0.0803882032089443,0.0196096245687296,0.030827804638345616,0.06712667538221663
1775547396.3270907,864.96,166.88,0.07951094077888782,0.019068078619520118,0.030836044597508838,0.06861934325538394
1775547396.3580196,861.12,165.4,0.0811268830828189,0.019764073749125036,0.03159752846999704,0.0693942196948252
1775547396.39192,861.68,164.5,0.08119005737612126,0.020937623637132752,0.03030205741368901,0.0678120748647835
1775547396.4253418,864.66,165.06,0.07960507149747544,0.021295252183145652,0.031882839879004775,0.07066152750680253
1775547396.4724507,860.38,164.02,0.07781867756841934,0.018024517126831643,0.032685983895608485,0.07021395938803193
1775547396.5035782,854.88,163.7,0.08042282210962884,0.020905133855899018,0.030971185131420144,0.06784994769469056
1775547396.536517,850.22,160.76,0.07062301019479915,0.011299602172548504,0.03677950318108205,0.07413235845122007
1775547396.603733,846.14,160.66,0.07418337734240688,0.013731631895072384,0.03704594447772294,0.07510728328091042
1775547396.6461558,842.42,163.72,0.07058394886928522,0.009937063951930947,0.0392048955029383,0.07561886148959845
1775547396.6798913,839.48,164.68,0.07287658748305742,0.012499094013840629,0.037544596169225154,0.07558121787465187
1775547396.724643,838.72,164.64,0.07237807289225308,0.012113215923334022,0.03743689514050182,0.07481642774586415
1775547396.7579162,833.44,164.76,0.07211437249322614,0.01298380394785688,0.03731023536431816,0.07432827068371911
1775547396.7915645,833.62,163.78,0.07069542832340715,0.011710393198105325,0.03887556948311759,0.07657299946101342
1775547396.837793,835.32,163.14,0.06908115761646894,0.010372625483494735,0.03958996104668177,0.07779443162600132
1775547396.8708882,836.38,163.14,0.06903510877234595,0.009889904313665512,0.039906319416798584,0.07850137822379351
1775547396.9041471,833.08,163.52,0.07175273556745829,0.01257770588647652,0.03811217284307136,0.07563432129058342
1775547396.93486,828.8,167.44,0.065010373710072,0.007959326366415968,0.043554856804313674,0.08057517960096218
1775547396.9658313,828.04,169.22,0.06583593940119446,0.007929294783436586,0.04220072895160273,0.07845594232447167
1775547396.9975588,828.8,170.2,0.059635450406824844,0.003039098893135393,0.04658768673414061,0.0848326051207893
1775547397.029827,826.4,170.48,0.05855038487102685,0.0020130695230035603,0.0478858395843228,0.08452450828904795
1775547397.063537,825.78,170.68,0.059392893909100776,0.004615805854136411,0.04857824533111777,0.08494396197054539
1775547397.0965257,829.6,170.7,0.054986762812406276,0.0047091268337949195,0.05041503251203245,0.08790082546443907
1775547397.1444511,828.32,173.36,0.05689865462189954,0.003109529283509176,0.04948417296719423,0.0866013096446597
1775547397.1746857,824.14,171.86,0.05318427371447645,0.0057453851614808924,0.051448947893414,0.09007502278149204
1775547397.20807,825.02,172.64,0.056952422028518794,0.004306674865242578,0.05016095098439234,0.08788554161202232
1775547397.237708,820.66,172.76,0.05515042129224193,0.004547192701328762,0.05090382746983343,0.08997709572422063
1775547397.2705815,818.88,174.44,0.058822589316637613,0.0022907845209325446,0.04915362322474343,0.0863829355397578
1775547397.3041477,812.24,174.52,0.05283359036685707,0.0076827883721230315,0.05375632133380971,0.09062383521643383
1775547397.3336241,812.52,171.4,0.053816534709934916,0.0070752889813415045,0.052986542321492476,0.09042860669385616
1775547397.3666637,809.66,168.98,0.055192059635627164,0.005158914095913601,0.051249545884386474,0.08874865721159837
1775547397.398714,812.8,168.92,0.05806984436111712,0.0031154752297930907,0.048733296399825876,0.08582670213382176
1775547397.4306474,810.98,170.38,0.0548099347805664,0.006641741181086037,0.052039811426453364,0.08841852715604642
1775547397.46262,810.8,169.72,0.05076283984728848,0.010118086525715624,0.055478484430307486,0.09158859498216623
1775547397.4963605,811.34,170.94,0.04979127922081947,0.00951526753049197,0.052809213557052224,0.09068290200840541
1775547397.5423,809.84,171.24,0.053297320382684,0.005699240693273286,0.05172249381807624,0.08976004033524297
1775547397.5746546,806.96,169.66,0.05068869571951663,0.008886207382113443,0.05384362938048219,0.09182278296454448
1775547397.605638,802.72,171.28,0.04676330866206856,0.012273888733543268,0.05744761035228846,0.09619122922800438
1775547397.6387105,798.88,171.84,0.05161727157800777,0.008524357010827323,0.05448286940134399,0.09457262772559959
1775547397.6706681,800.02,173.14,0.047009580977198574,0.012198960182194267,0.058570203744334644,0.09877949946077073
1775547397.704691,800.0,172.6,0.0500935876183916,0.010582510554347306,0.05631749619626627,0.09540806853476037
1775547397.7337997,800.68,173.26,0.04633293762298044,0.012913858866776444,0.0583105718548645,0.09737979816254358
1775547397.7682216,797.06,170.72,0.04603405265659925,0.013001415956693511,0.057681051449205226,0.09663445020644097
1775547397.8050532,796.52,172.0,0.049278078637057424,0.00951554015879845,0.05527340931429051,0.09434834165394171
1775547397.8319883,795.58,171.86,0.04786093721035423,0.011312770938937707,0.05777802989322982,0.09791159073345916
1775547397.8629236,798.34,175.72,0.0483385088638432,0.010948393793167019,0.05722653995643078,0.09674221968755309
1775547397.8946185,798.7,175.42,0.046090708739309164,0.012538999938832285,0.057969025354935054,0.09728977248125878
1775547397.9288385,795.98,175.52,0.044071229281977375,0.013928119340713457,0.06054870675356204,0.09920369794612377
1775547397.9738448,795.8,176.42,0.04878539515634141,0.009660757266409066,0.054872129969962914,0.0945915150395636
1775547398.0063767,794.68,176.86,0.0461193087496552,0.012460696482061322,0.05651187109326555,0.09510453830888947
1775547398.0386448,792.12,177.1,0.04817812792033469,0.010438108044672165,0.05599105295830315,0.095771931373547
1775547398.0707028,789.04,176.96,0.04585964331657878,0.013133856604266273,0.05833015872054615,0.09602399117579521
1775547398.1052012,789.04,176.88,0.04684374681035696,0.011925159217450259,0.05750417597544767,0.09762202236957233
1775547398.133868,787.56,177.26,0.04688239518000625,0.01274637347550477,0.0579553438578016,0.09674079939790206
1775547398.16575,785.54,176.66,0.04477748801018922,0.013286870339031805,0.058558960009603374,0.09824450207278011
1775547398.1988068,783.78,177.7,0.0470660391081651,0.010684691275037166,0.05646202570015412,0.09543012977747249
1775547398.2303605,788.62,176.96,0.04613768631878423,0.012254727572261427,0.056856385997932975,0.09559330012087325
1775547398.2626321,790.5,178.46,0.045592850591288,0.013673798190753199,0.058887715573131785,0.09771785621619962
1775547398.296921,788.38,178.82,0.04744882862448913,0.010845693348881493,0.056539493220809554,0.09591107288160157
1775547398.3439436,788.74,178.18,0.04715993171067015,0.010419726544845138,0.05510684336471326,0.09300498523686666
1775547398.374911,786.48,178.2,0.04997130927704164,0.008233534404040625,0.05338933348318377,0.09127144902199032
1775547398.4074292,784.66,180.76,0.04836765286383447,0.009026082957658256,0.053891650585796876,0.09222191747396268
1775547398.441187,786.12,181.04,0.045659681813960115,0.013085313310117473,0.058010686343021034,0.09578971020324084
1775547398.4879527,783.84,181.04,0.04506269108218858,0.012021963300831847,0.05717035058569471,0.09489549545759056
1775547398.5179687,784.14,182.82,0.04522991156884031,0.01244170649666857,0.05796091820044455,0.09643347922896489
1775547398.5505779,781.76,181.72,0.045858519408083276,0.011709234326378357,0.056775401410024184,0.09494995543355629
1775547398.5844612,781.58,181.94,0.04294750611447402,0.014790807823131162,0.0601042225995611,0.09672184683097114
1775547398.6237671,781.8,179.16,0.04532337032215396,0.011824914218093419,0.05615787797304232,0.09589886334156275
1775547398.6626215,777.24,176.56,0.04435892420787397,0.013931541703754944,0.059663486832522046,0.09782158524363123
1775547398.69464,775.58,174.04,0.047682382492929866,0.009739649149782904,0.055478463016702034,0.09418087221367903
1775547398.728743,770.34,176.24,0.04684801919762304,0.011968499483428437,0.05698171185851305,0.09444478212443387
1775547398.773813,769.22,176.2,0.04799640748955886,0.010004207335743108,0.05430074401978609,0.09301260029661426
1775547398.8062365,763.36,176.08,0.04393373306913333,0.013954622712941818,0.059096063546591575,0.0977086371832465
1775547398.8377492,762.2,174.02,0.0461980783633285,0.011845821623292806,0.05665331119051683,0.09524059592260113
1775547398.8713634,761.58,173.56,0.04700763798051808,0.010841136079272529,0.055541570070367446,0.09327346335497515
1775547398.9187436,758.76,173.16,0.04713976791355994,0.011353207224380744,0.05568989130745347,0.09267325016021817
1775547398.950654,758.76,173.0,0.042540452965653126,0.014849967455501066,0.05856591288471726,0.09727886231818852
1775547399.0019338,760.4,174.18,0.043268270278164926,0.015293058839722618,0.05967277288949648,0.0974621978427567
1775547399.0321805,756.38,173.44,0.044058536133449344,0.014424771747661703,0.05870731907332994,0.0975884265890475
1775547399.0615683,752.36,176.02,0.0425020744144028,0.01477218487266581,0.06048791975185946,0.09827554278972545
1775547399.0963695,751.32,176.24,0.04377653509318142,0.013550736793052697,0.05840153678731662,0.09583645171487165
1775547399.125755,745.5,176.0,0.04697827410768717,0.012104932784515698,0.05614696516350289,0.09365099594302526
1775547399.1602662,744.62,174.44,0.04679344418871528,0.011369819859667006,0.055127858557128456,0.09386933132468148
1775547399.1900609,745.48,174.54,0.044987799230811094,0.012628777449633357,0.05864283052544572,0.09642950523389772
1775547399.2218058,742.88,176.44,0.04669127247725157,0.010313686901528117,0.055406745696071326,0.0939005596162537
1775547399.2548661,743.68,177.06,0.04491005084262713,0.012047384027528607,0.05651160254148136,0.09472152010916522
1775547399.2861416,743.08,181.86,0.044079915595617775,0.013253624815145644,0.05815544803767578,0.09680843522022149
1775547399.3177783,742.92,181.46,0.04486673108114124,0.012313815760581243,0.0570430315674374,0.09442723176465605
1775547399.3507676,744.02,180.36,0.04496078817641456,0.011734356066723985,0.05690429354595859,0.0946842559135331
1775547399.3853364,742.74,179.06,0.04078952726612022,0.016296938802985165,0.06101383716810837,0.09878052022509631
1775547399.425065,740.4,178.38,0.0413872388779478,0.01665373341030112,0.061977136893020215,0.0987981662924971
1775547399.4625676,739.36,179.26,0.040741595361263226,0.015187323386757833,0.06133173572151977,0.09927496969211977
1775547399.493717,736.3,179.86,0.04533415928139505,0.011434658442477302,0.056708971387550294,0.0952527748147793
1775547399.5267875,734.7,177.9,0.041756903071735484,0.015179046208430075,0.059320313105483774,0.09760944393481064
1775547399.5586746,732.0,180.62,0.04417611425390484,0.013849151026230452,0.05868849211699437,0.09587851285439809
1775547399.590666,728.44,179.12,0.043235245939904056,0.014586082495836553,0.05944780293371642,0.09818161557012252
1775547399.6226068,726.14,179.42,0.043478624724653886,0.013441233105957448,0.05792732343637416,0.09749565682722376
1775547399.656068,724.96,179.04,0.040132379693366894,0.016655454605942213,0.061775475734164136,0.10015549328101626
1775547399.6865773,724.02,178.2,0.043326642739756935,0.01417689201281009,0.05914702435369834,0.09721486827825529
1775547399.7201626,724.4,178.52,0.041547074556456245,0.01518109764596661,0.059479768064317026,0.09827057533881746
1775547399.7507794,725.22,178.9,0.04320040595272489,0.013710747996115274,0.05898406310098612,0.09820487203865719
1775547399.784361,723.58,180.2,0.04549244826269768,0.012935451569906008,0.057304430006998724,0.09473624936137726
1775547399.8195026,723.3,180.62,0.04289097790603001,0.014615550629124865,0.060658360400260396,0.09780515456109878
1775547399.863132,721.24,180.36,0.04274669514353886,0.014388801374142599,0.05927813204356937,0.09696070104529836
1775547399.8940475,720.28,180.32,0.044485503014973046,0.012542151009471045,0.05760730589371939,0.09704314249409784
1775547399.9256003,720.04,180.4,0.045414360352960356,0.012980342880349122,0.05778817510980206,0.09587814873666192
1775547399.9586835,717.14,180.48,0.04373138615690273,0.014021447541179267,0.058648314214009116,0.09666388717982245
1775547399.9907036,713.78,179.72,0.04362910799248268,0.013527067834967595,0.05762724332226996,0.09456900199524841
1775547400.0225172,713.02,179.18,0.04440882863433711,0.012858925721817025,0.05728518714705098,0.09529072979219465
1775547400.0546596,711.6,178.1,0.0456947070330561,0.010551612263434589,0.05462438166738234,0.0923620259973546
1775547400.0866294,710.46,177.04,0.04476873006696662,0.013229168517211086,0.05809945837834853,0.09526441101276818
1775547400.1187007,709.82,175.0,0.042104306560034506,0.014442250592654944,0.05863670109419976,0.0969621355992699
1775547400.150639,709.58,175.64,0.04060440548039359,0.015868094377878787,0.06061202123086542,0.09736918262801374
1775547400.1817582,711.9,177.6,0.04207850095418405,0.013396511202961576,0.05856210495504946,0.09672012070747095
1775547400.215936,710.3,176.46,0.04061343155600982,0.014979422177345658,0.05942546642065376,0.09694956604410583
1775547400.262525,712.32,175.58,0.040370718907971885,0.016259199955699664,0.060925063405280325,0.09859163578362255
1775547400.2961366,712.62,175.28,0.043746019327632356,0.013606161375506493,0.058425147707596804,0.09572876918314832
1775547400.3267,711.76,175.72,0.04362186856153704,0.012583574535396044,0.056942373106595875,0.09660629405346335
1775547400.3601696,713.1,176.12,0.04832339623678997,0.009159534188434421,0.05337286468384337,0.0912337248636577
1775547400.389642,711.32,177.1,0.04480353257510919,0.012343908309498323,0.05747508805313987,0.09559260291986497
1775547400.42416,714.06,178.24,0.045611368526165326,0.01156370848390903,0.05612645036765204,0.0940422877272582
1775547400.453815,715.44,177.96,0.04577682993202963,0.011417360763348821,0.05637367850871632,0.09465815573311732
1775547400.486908,716.58,178.26,0.044496346471225356,0.012755660168381778,0.05857540468300346,0.09719035944634301
1775547400.5180697,717.28,178.72,0.044229301532201816,0.013088242462755674,0.05747506091047344,0.09529037130603112
1775547400.5498867,717.44,179.58,0.04442545521695866,0.01224193896908986,0.057073323867280895,0.09408914920685718
1775547400.6010182,719.5,178.4,0.042619102649027484,0.013975305221776839,0.05960560868917326,0.0967463990462715
1775547400.6300457,718.2,180.12,0.04214131615734611,0.014031334606101366,0.05915414953335415,0.0969793627719471
1775547400.6617036,716.24,174.86,0.04179245883669035,0.0159482495488923,0.06096092716339329,0.09938841627415076
1775547400.6948001,715.02,175.76,0.04421755285344138,0.011903525389874001,0.05686549560896448,0.09529627949589838
1775547400.7263784,715.2,170.98,0.042880447279813716,0.013286186109061737,0.05792006187786009,0.09524599165879487
1775547400.7576454,711.3,169.74,0.042508417555599996,0.014224295387891241,0.05876423149859516,0.09633367148553418
1775547400.7899811,711.68,168.04,0.04278437142063008,0.014218933157675504,0.058661063642513084,0.09710372644251315
1775547400.8225856,710.54,168.18,0.04050683604580755,0.01618066548764196,0.060651483066162595,0.09827715399550575
1775547400.8537455,708.32,168.78,0.04339167799861719,0.012638022739413519,0.05772240617231523,0.09617945671124133
1775547400.8870187,707.22,165.8,0.04051969346871119,0.015685594064284505,0.05923122082295869,0.0966328384393739
1775547400.9188824,705.68,161.54,0.046477279747691044,0.01029860906123456,0.05431447445631681,0.09244785887045344
1775547400.9505916,701.84,157.1,0.04523841712195588,0.011995591382261443,0.055289540989861774,0.09379620466111886
1775547401.0013604,702.82,158.16,0.043236605311074414,0.012456397238029326,0.05748900970263922,0.09595254190982207
1775547401.0477614,699.6,158.68,0.04419561913711538,0.011474854959781792,0.05665425899295452,0.09539837549946094
1775547401.0810096,699.96,157.9,0.04229462748450393,0.013883491335690166,0.058559116235503667,0.098059566848301
1775547401.1259513,696.88,157.42,0.042328609253924766,0.014397129394372543,0.05931676207472687,0.0971260984090691
1775547401.1588933,693.78,152.34,0.043205211767486124,0.013701339213101023,0.05841923349308401,0.09593103223147
1775547401.190849,693.7,153.9,0.04036057516145076,0.015113427879914654,0.059302901334450535,0.09782172513413667
1775547401.2227194,693.06,154.88,0.040944669282660724,0.015915575178333884,0.06039585884933119,0.09853372720379201
1775547401.253896,692.68,153.22,0.047262343184807674,0.01005247560194266,0.05486716811405011,0.09243750114534854
1775547401.2866943,693.34,153.42,0.041394732152017624,0.015431171626944115,0.05938449568110536,0.09778097887443098
1775547401.3187478,691.18,154.46,0.04550887224578427,0.010444189337399658,0.05597218116167476,0.09515320338064388
1775547401.3508058,713.74,630.02,0.04099789364496634,0.01487289462686525,0.058352243032726264,0.09663842507314366
1775547401.3818672,715.26,628.44,0.04590864252550205,0.01112449003666757,0.05634089527569126,0.09562207178940324
1775547401.4138215,716.8,632.94,0.03894246970465955,0.01847399794157783,0.06300712630398211,0.10161048877823756
1775547401.4468992,715.64,633.84,0.0432527989912507,0.012095585521559243,0.05596102422503188,0.09333903946983929
1775547401.4806569,716.76,631.04,0.04450979255140674,0.011245818828404487,0.05535815459928843,0.09400054004408609
1775547401.5258453,717.28,628.26,0.04237682108296635,0.014663290445854755,0.05992636283776734,0.09769733738158838
1775547401.5610185,719.64,627.66,0.03832976144125143,0.01840431911127663,0.06339191991893896,0.10057345189499478
1775547401.5898836,717.4,626.9,0.04088714266221168,0.01567624273629725,0.06062835568478509,0.09858300725168155
1775547401.6241574,713.74,625.9,0.03979449842460178,0.0167095923864791,0.06009631008649474,0.09789889922103465
1775547401.65369,712.78,622.74,0.04105560603819772,0.014913983618814868,0.059256706645222014,0.0985195231350781
1775547401.687858,711.88,621.52,0.0431096385533022,0.013990689813452004,0.05862420422828601,0.096562941842939
1775547401.7176611,712.64,620.44,0.04354236265909537,0.013534335278546257,0.058536955361367465,0.0967289627082984
1775547401.750607,712.02,625.74,0.04278338627568062,0.015455027877938461,0.06060443669413581,0.0984914328751451
1775547401.7740138,714.86,627.56,0.03927878963144191,0.019129652875241338,0.06401411533919028,0.10282206758853144
1775547401.8145819,714.2,628.88,0.039384634962008926,0.018082094796809833,0.06399573407494481,0.1027455213521379
1775547401.846691,711.96,621.92,0.04546749496668689,0.011178970664608988,0.056646175689286364,0.09486167670385681
1775547401.8787262,714.34,623.52,0.04488140825615241,0.013826603831621735,0.05881371680416389,0.09598200602191398
1775547401.9127803,718.54,624.64,0.04717594109396503,0.011838869902723488,0.05732926320781823,0.09576671298326653
1775547401.9577956,721.02,626.06,0.04881852077893015,0.009339331951379195,0.056532020093147735,0.09462403586317204
1775547401.9910598,721.34,624.64,0.04911784221550335,0.014153037368835908,0.05869317110245716,0.09497711969986387
1775547402.0215511,718.24,618.76,0.04816509147989535,0.014595233580241253,0.05864964928634544,0.09512771353681387
1775547402.0537508,719.06,617.9,0.04154055790942691,0.015931055913862183,0.0621642398399401,0.09977195780899697
1775547402.0869164,717.78,615.7,0.044761974139945586,0.013187595532937668,0.05723937105234968,0.09782720491093837
1775547402.1176786,719.2,622.42,0.03689912056157163,0.013838952982890621,0.06857017526927163,0.10786897109981844
1775547402.150698,721.74,621.0,0.03135485155206077,0.02063348644490972,0.0772451712910865,0.11855188262879879
1775547402.1837776,720.8,620.08,0.03254907547415565,0.032870055908739385,0.08950844321506989,0.1245374943901631
1775547402.214433,718.8,618.28,0.03344209993643673,0.0197244324489038,0.0675750023103123,0.1030961391334628
1775547402.2493622,720.72,616.5,0.03627439238656996,0.029788125246076762,0.06376791127209125,0.11380272975292169
1775547402.2789292,722.28,616.48,0.0376502292021615,0.04295161028408219,0.07396310686770197,0.1270287379772712
1775547402.3121026,724.0,617.4,0.03994907828881975,0.05166975213121091,0.0882491323580663,0.139391395835259
1775547402.358041,729.6,616.06,0.043279497470365656,0.05051591269852966,0.08807801090332043,0.1399839606239085
1775547402.38984,729.6,614.66,0.043909140998775846,0.056832411182402856,0.09739410882081143,0.14774494916499226
1775547402.4218514,731.48,612.32,0.07263200301630869,0.07584353298980144,0.11499466182275869,0.16384353813567204
1775547402.45395,732.34,610.34,0.0963252890649379,0.09569172834078238,0.12453620436991562,0.1785638034119665
1775547402.48719,733.3,610.88,0.10514733140879227,0.10905744258685543,0.13280561315565403,0.1846939186423412
1775547402.5187895,735.12,610.82,0.12980385420537147,0.1379228492097013,0.15284673174739558,0.18960972621071132
1775547402.5507507,735.26,613.7,0.15516865301912355,0.16025719251040269,0.17479183289950576,0.20109207458509198
1775547402.5816493,733.7,611.94,0.17001878203447748,0.19215247545481287,0.2010303934070079,0.21453314976000581
1775547402.6146827,733.06,607.84,0.21552949197703644,0.25563373386503824,0.24333612329531323,0.24628237497124597
1775547402.646699,732.34,604.94,0.2262956354580049,0.26969935009194207,0.25791499045178456,0.26032461596536083
1775547402.6787763,735.08,609.04,0.23292429452923225,0.2795295852892863,0.2721218237270877,0.2768172039939668
1775547402.7125137,734.92,610.22,0.24698912651029817,0.2981006515421365,0.29784538000894456,0.3017044123540068
1775547402.743621,734.98,611.46,0.2472357541326784,0.29931275094322324,0.2978474865917475,0.2999970440134184
1775547402.7906563,736.64,611.8,0.25898905873623723,0.3147740081768517,0.30989379538545164,0.3159028408977348
1775547402.8243234,736.7,614.12,0.26910416240005314,0.32633401300251735,0.3206568893212812,0.3275249359928303
1775547402.8537645,734.14,618.12,0.27560723743522275,0.33576787651459794,0.3326420897591725,0.33741847843503153
1775547402.8882265,732.76,616.0,0.2785436547000157,0.33903815019837985,0.3339481157017793,0.3394612942038161
1775547402.9185164,734.32,615.86,0.279634253854691,0.3405986792890001,0.3361826655876104,0.3427664274383768
1775547402.952414,736.3,619.42,0.2835700070199855,0.3477864415857815,0.342422121863414,0.3499096990437763
1775547402.9826047,735.7,617.24,0.2848493584719135,0.3509265989008056,0.34249478285741125,0.3518856753138705
1775547403.014177,737.84,617.02,0.289435579775967,0.357180927633885,0.34887658514811337,0.3577537932002128
1775547403.046754,737.14,614.58,0.28799757360826556,0.3571175972279691,0.34725865884399376,0.3579566395740707
1775547403.078837,737.56,611.32,0.2919135808216251,0.3605639235010924,0.3511781654454112,0.36285345947003755
1775547403.1132643,738.44,609.26,0.2895157603658217,0.3618815359563048,0.3514605110152644,0.36611224016515853
1775547403.1428776,740.12,610.52,0.2939216178617561,0.3639027369980356,0.35659029624280864,0.37058765784794495
1775547403.1770194,740.32,609.5,0.2932134147640124,0.36335468421456374,0.3557410394748319,0.36914083337410025
1775547403.2216144,742.3,608.68,0.29511390530900566,0.36548669095216524,0.3613942735699223,0.37660565200455776
1775547403.2549236,746.5,606.64,0.29093954846095094,0.3642201435676806,0.35853698800173456,0.37684628242782137
1775547403.2860916,750.86,606.96,0.2933648800507721,0.3660776206372811,0.3620246216600738,0.38314145177143827
1775547403.3187442,753.62,605.08,0.2956427499730639,0.3681730900401582,0.3638736042118866,0.38529918709369493
1775547403.3496222,755.52,604.0,0.29674853242720867,0.36966494393695887,0.36297971275883384,0.38589215361075624
1775547403.3826568,754.82,600.12,0.2971178517810143,0.37074673795654844,0.36579435774043456,0.38862780848008
1775547403.4139917,757.28,595.78,0.2975983272300792,0.37223304470696417,0.3675926932456793,0.38817243315329836
1775547403.447844,757.54,597.98,0.2971180955782429,0.37116199113893295,0.3677809472296395,0.3892855570026179
1775547403.49377,758.88,594.82,0.29713283631397336,0.370300131688849,0.36759476644622874,0.3904065688151265
1775547403.5283046,757.84,594.7,0.2965463407459607,0.37177035026462374,0.3665946040742098,0.39101382540226587
1775547403.5587838,758.26,592.28,0.29877371223499843,0.3730770322131676,0.36742267215226704,0.39161416153834366
1775547403.592558,757.16,587.84,0.2988753309656053,0.37410763347621956,0.3686972935791029,0.39067199996392893
1775547403.6314888,757.86,585.78,0.2980084981832654,0.3714217268730135,0.36621036419400715,0.3908332345737439
1775547403.67088,759.6,581.54,0.29730386456973507,0.3717752037674283,0.36534385576489403,0.39008207286589314
1775547403.7049797,762.4,583.2,0.29944632515693814,0.37342030542829086,0.36750932418476173,0.3907787076907241
1775547403.7509704,763.72,584.5,0.2997921430502861,0.3744996429373858,0.3671886731031294,0.3908789616773264
1775547403.7819657,766.66,583.06,0.30011804503626227,0.3753787325202523,0.3691761704761279,0.3918075857353268
1775547403.8148322,764.4,574.78,0.3000559169188975,0.3763943261679894,0.3700906010631181,0.3931450472334362
1775547403.8477235,767.24,574.76,0.30122332412480224,0.37609521078012903,0.36840935596783214,0.39120303208045853
1775547403.894734,768.64,571.76,0.30091941837031955,0.37822295167142417,0.36951369259335787,0.39182677890790935
1775547403.9266493,771.32,570.84,0.3014134722275594,0.37791383003244855,0.37158141417053625,0.3939697483200067
1775547403.9580553,771.52,569.84,0.3013556812550421,0.3772023736173168,0.37077441632146146,0.39420964366957073
1775547403.9917848,775.48,568.0,0.3033471292259637,0.3804865889990052,0.3736017026681044,0.39432072263912415
1775547404.033243,779.4,562.66,0.3016889663159729,0.3801471198646964,0.3728222705868428,0.39534538769584265
1775547404.069805,782.46,561.44,0.30088448528593725,0.37789321362590944,0.37147935729872034,0.39507252172851937
1775547404.1030176,784.32,558.54,0.29949639763199054,0.3782624652395205,0.37039620386802197,0.3942731899557222
1775547404.1362891,786.98,558.64,0.30069600373672895,0.3806227593492237,0.37247081083351935,0.3936669720885745
1775547404.2011223,786.24,556.06,0.3032424308378608,0.37997467147604097,0.37385199664976027,0.39549465397010536
1775547404.2465324,786.68,553.8,0.30187370076924674,0.38140892364687073,0.3741143421580192,0.39773825037362176
1775547404.2802634,783.18,551.4,0.3017838137981794,0.38195722063088633,0.37309386676481765,0.3965474254707317
1775547404.315913,785.86,547.82,0.301941502997153,0.38123244249133875,0.3742118321307393,0.3973663543227288
1775547404.3426433,786.0,548.72,0.30085316500297504,0.3810939154584676,0.37377554384321265,0.39666220745288133
1775547404.3747141,787.96,552.56,0.3013723220165007,0.38111490032544176,0.3732440663099999,0.3972770986140857
1775547404.4068043,789.76,551.08,0.3032537314715455,0.381190217609036,0.3746618034801783,0.3973187909753012
1775547404.4379146,790.64,549.68,0.3036853272214509,0.38202076375172545,0.37500899204779164,0.39747763504183087
1775547404.4708226,791.28,546.8,0.30273296219141976,0.3803126591156528,0.37305975571319,0.39717059751219225
1775547404.5026023,794.3,545.3,0.3033006765624871,0.3810771989050439,0.37425156903804346,0.3964385881249663
1775547404.5353253,794.24,541.68,0.30171485976634804,0.3793634371676155,0.3732817525456017,0.396118994362634
1775547404.5667303,795.1,541.82,0.30078644615586647,0.37906788061418395,0.3720441581429872,0.3954000904540569
1775547404.6005518,798.6,535.78,0.30124321431322165,0.3793589417885731,0.3726891443418899,0.39426071720141187
1775547404.6342177,803.04,534.54,0.29999039753723084,0.377421788644191,0.37148970630052075,0.3966285559358985
1775547404.6789908,804.46,531.6,0.29988337362625433,0.3791159906257211,0.37413219860265845,0.397975214579081
1775547404.716334,805.98,528.34,0.2997683324872295,0.37895494360525844,0.37180526630855176,0.3969002787094456
1775547404.7424521,806.1,526.08,0.2987060679060578,0.37736455320735723,0.37038735501129094,0.39507690648420635
1775547404.775984,807.92,526.36,0.30008123426357375,0.378610984964551,0.3732201279908517,0.39628353894560553
1775547404.805792,807.78,525.12,0.29996077674037497,0.3793208356959109,0.3711375751418032,0.3954548369163676
1775547404.8337114,808.52,524.74,0.3012666801467647,0.37943962595443426,0.37359802026337735,0.3946914700126273
1775547404.8701646,807.16,523.74,0.3003798058837361,0.3795134736108375,0.37276190229017064,0.39541734062315564
1775547404.9043164,809.5,524.2,0.3015403846083786,0.38061946356624454,0.37400538481510276,0.39645238368204666
1775547404.9345527,809.48,522.56,0.3015556897398815,0.3798811480997127,0.37232171495880145,0.3969011693442951
1775547404.9667041,808.02,522.36,0.3031213723251281,0.3816038015982992,0.37531560720792445,0.4001491746301534
1775547404.9985595,807.46,520.66,0.300349523091761,0.3790577815778379,0.37298881658200683,0.39711801770182964
1775547405.0322158,809.38,520.9,0.3010079940247075,0.38006708289877117,0.37202403787919996,0.3974135391334043
1775547405.0788877,807.34,519.64,0.30244583152200394,0.38358279020462493,0.37582596556457215,0.40015436839654733
1775547405.1098642,811.02,519.42,0.3024830038017243,0.3820234319836632,0.37428588224068543,0.3994814815502079
1775547405.1426725,811.08,518.18,0.3010010506622144,0.38161145018049974,0.3737434865552335,0.39899754726404757
1775547405.1747916,813.66,516.14,0.2996980558366871,0.3808390557030837,0.37322212049266434,0.3972867472396333
1775547405.2059317,812.06,514.3,0.3003628585247736,0.3787424270760416,0.373069047567662,0.39844307840185184
1775547405.2378302,814.82,514.86,0.303449288437844,0.3813011700741289,0.3746732812078904,0.39771824553968044
1775547405.2696092,816.42,512.94,0.30191520464129373,0.3805116222098453,0.37398283543621064,0.3981418333865147
1775547405.3028533,817.3,512.7,0.30260294063700915,0.3828300138789749,0.37455385002790753,0.4002033172536787
1775547405.3348966,814.74,511.66,0.30052272870819047,0.3805671369106241,0.37346790301643495,0.39919748777514547
1775547405.3657358,817.42,512.34,0.30109918072350306,0.38104854836258567,0.37346735194440545,0.39932165297179073
1775547405.4000053,816.4,511.22,0.30047812705680504,0.38011044003924055,0.37259324301103536,0.39852413891387795
1775547405.4337792,815.8,510.5,0.3006218131507794,0.38053490292691083,0.37380603876917035,0.3976645699881969
1775547405.4800925,814.06,508.72,0.2990684444758822,0.37928612705598774,0.37213045003450984,0.39727623405009405
1775547405.5174417,815.46,509.6,0.2989618498574756,0.3787423561481589,0.371153599042166,0.3976937115128992
1775547405.5438368,814.1,508.68,0.2995726790679409,0.3793119696503258,0.3716607613928684,0.3970255397999724
1775547405.5747845,815.48,510.3,0.30019980106134025,0.38085112204684773,0.37486252531213343,0.3981541738794613
1775547405.6059635,812.16,509.24,0.29997049784324414,0.3803998693515387,0.37227546795307265,0.3995798845395725
1775547405.6379094,814.36,509.58,0.29699456702680943,0.3762370605685396,0.3714405925952959,0.3959252027102437
1775547405.669821,813.08,508.12,0.2967880480069669,0.3782312022548738,0.3702289198950516,0.39577003115313397
1775547405.702689,813.3,509.02,0.297308968980133,0.3782319527629098,0.37054608894130325,0.39537631858071365
1775547405.735254,809.46,508.56,0.2984391898619189,0.3779815975864186,0.37033584955419413,0.39350157254996426
1775547405.7666752,809.86,510.2,0.2950693413562427,0.3750556107792045,0.369481344011894,0.39089789694479143
1775547405.7986963,807.82,508.72,0.29790289110901275,0.37695729904248276,0.37160056813943115,0.39526456681069067
1775547405.8308284,808.9,509.4,0.2962609497251597,0.37469197568055385,0.37031247937845624,0.3947773876189854
1775547405.863653,811.54,508.78,0.2970888741320286,0.3778247725139566,0.3709936894406048,0.39385467732942503
1775547405.8977077,815.3,509.82,0.2946583256642599,0.37485386564101714,0.3671462293706282,0.39053558205491495
1775547405.9357896,815.82,508.98,0.29622046798079615,0.37674022997523954,0.36944730049805097,0.3934596031232722
1775547405.975005,819.32,509.72,0.2956947139567614,0.37576357962580703,0.36915764487276065,0.39445214547397134
1775547406.0060055,819.02,509.5,0.2983847626863693,0.37665231733293825,0.36985025358713103,0.3937146325716148
1775547406.0411625,821.04,508.64,0.29520531205563033,0.374463763193831,0.36758071680582,0.39376484113800625
1775547406.0711584,818.16,507.84,0.29428658086950193,0.3741375287465663,0.36819828130472537,0.391481066847325
1775547406.104414,822.1,507.56,0.29493632551063875,0.3748008991725624,0.36905797585949335,0.3931760129055321
1775547406.1340308,822.48,506.26,0.2938025890739248,0.37280288741933126,0.3664506384327386,0.391332799829827
1775547406.168018,824.96,507.0,0.29208754341593174,0.3720290266911352,0.36702185336355153,0.3915292810569221
1775547406.198707,823.68,505.88,0.29378307434427847,0.37315063086760447,0.3678968909406626,0.3924497136617814
1775547406.2307935,827.44,506.06,0.29135405719824997,0.3713498371082308,0.36406176664183254,0.3903098695628447
1775547406.262657,824.3,505.48,0.29152717647107323,0.372418702935148,0.3644886645341973,0.3892577431852543
1775547406.2963982,826.02,505.76,0.2928869169580837,0.37259600269601423,0.36554391248557927,0.3892456211381257
1775547406.3358185,823.92,505.08,0.29303798179868484,0.3730211311463909,0.3649203929468766,0.3899655105014975
1775547406.3747532,827.2,505.3,0.2931810054317304,0.3724025646430049,0.3654479616216576,0.3899691710869673
1775547406.4059198,826.52,504.76,0.2928582269106723,0.37216567478660506,0.36600326200966554,0.389572259857913
1775547406.4387748,829.14,505.42,0.2946774647570154,0.37291788640796514,0.366891994326909,0.39137854210961553
1775547406.47059,828.5,504.88,0.29438919607334874,0.37336519846068633,0.3674748150423616,0.39190372621005665
1775547406.5026636,831.96,505.68,0.29305145850907194,0.3721445784094638,0.3649714657417042,0.3893527839884724
1775547406.534319,832.48,504.8,0.2936662216008247,0.3733359275044744,0.36611795198413494,0.3894814252604555
1775547406.566725,834.7,506.0,0.29257445059164383,0.37289922297663575,0.3658833174066316,0.39074407771933084
1775547406.5987704,832.4,504.52,0.2937610428118481,0.3745492510056688,0.3667297751389455,0.39071069784858375
1775547406.6308212,835.6,505.24,0.2944085794095457,0.37443244185822183,0.3676163808638714,0.39059056711013357
1775547406.664255,835.24,503.94,0.29359678359490515,0.374554381122568,0.3678708932479568,0.3908700328572057
1775547406.6937618,837.5,504.02,0.2947009117787175,0.3745690480527465,0.36789831721969035,0.39351157671505826
1775547406.7286766,837.94,502.96,0.29360908254870305,0.37385561217687635,0.3675250474037282,0.39119962196455726
1775547406.7740693,838.0,503.04,0.2952845628022797,0.3750712723114962,0.36703811949489734,0.3919213674817253
1775547406.8079607,838.58,502.62,0.2948124711073313,0.376101990581846,0.36770871594224436,0.3924046265928327
1775547406.8388643,839.28,503.0,0.2936268937132533,0.3742399669532444,0.3675925290304084,0.39163091650887094
1775547406.869791,839.2,502.22,0.29414683770265154,0.3744724749131058,0.3678424094106169,0.39290592520136314
1775547406.9026768,841.76,503.02,0.29458828674448934,0.3749933368877388,0.36730298363732317,0.39212175957648115
1775547406.934633,839.26,503.18,0.29483244796012525,0.3745984720656216,0.3699853446263082,0.39299132717316865
1775547406.9668264,844.14,504.44,0.2956591124238986,0.3759795639918851,0.36804353411049023,0.39192522236941835
1775547406.9987986,845.06,503.86,0.29534814076476196,0.37532898276244725,0.3672801753488158,0.39282918640546977
1775547407.0307245,847.5,504.72,0.29572599222261126,0.37591207537514154,0.36857484144784747,0.39247475995325976
1775547407.0626466,847.5,504.02,0.29483381115216956,0.3755559596305651,0.3677964102966556,0.39292015327064783
1775547407.0939093,850.48,504.38,0.2942318944495056,0.3725232197636639,0.36769517695028137,0.392253388793015
1775547407.1276147,850.9,503.68,0.294551019464969,0.3756548673654646,0.3684526545950095,0.3928257426997123
1775547407.1737425,852.38,505.18,0.29513607936674924,0.3756014152317187,0.3679859902191279,0.3931020237871101
1775547407.205911,855.46,504.6,0.293807771834569,0.37394033893881823,0.36694331394790314,0.39255719026645747
1775547407.2381375,861.64,504.8,0.29244693129373384,0.3744428481689828,0.36746191503232667,0.39324890814562935
1775547407.2699745,863.64,503.56,0.29409726764451916,0.3747022831742721,0.3679095163554333,0.39134763283209395
1775547407.3038757,867.46,505.16,0.2968501317811732,0.3752039288467991,0.3697372308187324,0.39291651289890905
1775547407.3345575,865.56,504.26,0.2930408564987685,0.37241477710887777,0.36669923558627127,0.39251460995937354
1775547407.369307,867.76,503.94,0.2955380701665963,0.37590764916800473,0.3705829543766921,0.3942544940387252
1775547407.3988433,868.62,503.1,0.29325280285928307,0.37566319103935186,0.3684072619666792,0.39407081188100773
1775547407.4308155,872.68,502.56,0.29381722291182244,0.3745595570862657,0.36951858640098406,0.39290981824900933
1775547407.4627643,873.54,501.3,0.29483282572287867,0.3755518083415607,0.36942624593030854,0.3954576015422608
1775547407.493919,876.0,501.08,0.2942006088820777,0.37635106683214725,0.3703304303344174,0.3946613332140147
1775547407.5256593,872.76,499.28,0.293519834205227,0.3744092526504925,0.3689813758567742,0.3935735793960282
1775547407.5592456,874.96,498.86,0.2944526954547408,0.3754519429860659,0.367975746921703,0.3929618162191698
1775547407.5931802,876.54,497.68,0.29544308801515506,0.3756366205056084,0.37031934117916876,0.3943404282376524
1775547407.6389081,879.5,497.3,0.2936322524387108,0.3746429573335662,0.36951246230590484,0.39406883331848297
1775547407.6706033,878.0,496.02,0.2951235772561469,0.3755337967419379,0.36900097270216836,0.3938523543632443
1775547407.7024496,882.74,496.38,0.29558453061443485,0.3761509048818416,0.3691233317443621,0.3937031147399252
1775547407.7347727,883.48,494.84,0.2956976971483117,0.3748655709976316,0.36859755645842146,0.39466189071696456
1775547407.7667236,885.82,494.2,0.2955497394219764,0.37515374700077103,0.3696628371100458,0.3946046547494442
1775547407.7978609,884.7,493.32,0.2965612802160017,0.3769770770830151,0.37062207056476926,0.3951608282588432
1775547407.8296435,888.3,493.14,0.2967910932286917,0.37668298753591467,0.3707717887188181,0.39556820990564223
1775547407.8628983,888.94,492.14,0.29519014725459847,0.37506085553558977,0.3699328453698334,0.39483800401447716
1775547407.8939204,891.36,491.84,0.2961086853116446,0.37638408175181076,0.3709581279326626,0.39441443573759816
1775547407.9283648,893.86,490.64,0.2977368187511555,0.37801249157981354,0.37216313667516737,0.3955655456684572
1775547407.9578133,894.44,490.46,0.2944738405692063,0.37493595884439646,0.36927292878705414,0.3928207927304544
1775547407.9908597,894.88,489.32,0.29630132782861046,0.37672400418087887,0.37132085203380477,0.3930426004903035
1775547408.0277169,894.24,489.78,0.296503378187745,0.3768727845885368,0.37068193926557175,0.39439092828035266
1775547408.0712874,892.5,488.22,0.2953609121259644,0.3755439238818529,0.37065462167664,0.3950873448576537
1775547408.1015894,894.48,487.52,0.29541062664086853,0.3755790272922859,0.3688854519758277,0.3940963100565569
1775547408.134587,894.0,486.66,0.29597113812764003,0.37655368579030746,0.36942369478517983,0.39404257128843867
1775547408.1667967,896.46,485.7,0.29628752140049824,0.37658585555398405,0.3709896799898539,0.39629761212618997
1775547408.1988475,896.02,484.58,0.2958100258403847,0.3757859632835448,0.370528956120802,0.39550472721108904
1775547408.2300375,899.08,483.62,0.29487569003394404,0.3747794766951553,0.3704419192964395,0.3948659013732207
1775547408.2631488,900.52,482.94,0.2951793032730881,0.3748236248234411,0.36969069241829533,0.39378942167877823
1775547408.2948062,906.0,481.76,0.29545750470510046,0.3766234996926885,0.36832858375521593,0.3931310168738785
1775547408.3255339,906.3,480.38,0.2942700801781694,0.37358878566852466,0.3691615051302498,0.3935919953625062
1775547408.3589115,908.52,479.96,0.296303708962126,0.3764393668057529,0.370741351412028,0.3943144660214969
1775547408.3907146,907.12,479.82,0.2953720031653574,0.37545810650305117,0.37066618052206696,0.39412617428299296
1775547408.4247491,909.3,479.24,0.2960253319443655,0.3750226098894996,0.3704055790191367,0.3936502618420217
1775547408.4698882,907.02,478.16,0.2963541867415559,0.3754282097534286,0.37028715563163767,0.3942765609382706
1775547408.5028112,906.94,477.74,0.29420655796352724,0.3749021016435729,0.36885902258834125,0.39287276452296094
1775547408.5351763,906.48,476.88,0.29657822438266507,0.37569164903541163,0.3707127947594809,0.39528246514482945
1775547408.5679846,908.5,475.54,0.29468351064479925,0.37486818165988234,0.36917633785565684,0.3942266968704791
1775547408.5976427,910.64,474.42,0.29580342598037757,0.3748741795515653,0.3695566251314167,0.394490446892696
1775547408.6322787,910.86,473.7,0.2953488947967604,0.3740925428769351,0.36860307077660276,0.39304070854604306
1775547408.662663,908.64,472.56,0.2976592469119953,0.37681634533063013,0.37158843509719813,0.39507703339113165
1775547408.6964486,911.84,471.58,0.2946873447608097,0.3747515052027082,0.3697324845159522,0.393228118225727
1775547408.7258294,910.4,470.24,0.296266352417126,0.3763878007185102,0.37122594338404474,0.39406820410435006
1775547408.7579126,913.86,469.44,0.294175061709234,0.3749827546703791,0.36931524967697915,0.3934843873764684
1775547408.790006,913.42,468.48,0.2964946343513224,0.37551827685980976,0.36955376749638047,0.3943207225956073
1775547408.823201,916.68,467.94,0.29588513551077983,0.3767103985084042,0.37055368092410323,0.39434716210595533
1775547408.8575604,913.94,465.9,0.29610249060509003,0.3765609078985926,0.36937287863767887,0.39415807473851716
1775547408.9022899,912.7,465.22,0.2955110758011845,0.3754455018847767,0.3706563535900169,0.39461865882354047
1775547408.9346693,910.72,464.42,0.29595959587609855,0.37490044177290427,0.37012393958829815,0.3933523157084289
1775547408.9665985,911.02,463.02,0.29706473733269617,0.3769170481064192,0.37218944187517516,0.39524361324832386
1775547408.9988024,912.36,462.68,0.2965592954528812,0.3754338821779309,0.3712550035085987,0.3948785526107718
1775547409.0305212,913.96,462.48,0.29715245853054223,0.37576930024651695,0.37039173539480247,0.39464481763433235
1775547409.0626404,912.5,461.76,0.29782286518042134,0.37698473532505233,0.3720384288370121,0.39514641135264755
1775547409.0945852,911.96,461.32,0.2962273621917992,0.37538172163599626,0.37043174861468614,0.3943687347910684
1775547409.1258092,910.48,460.66,0.2948719519058951,0.3745924171476577,0.3704266077548535,0.3941222687068038
1775547409.1588244,912.7,460.26,0.2968041893932033,0.37646794570069503,0.3700396536179378,0.394267975789657
1775547409.1923513,912.28,460.02,0.29759309464413025,0.3772768493911247,0.3710201831700061,0.3943199298936765
1775547409.2241716,910.98,458.32,0.29554232584102913,0.37559264728016295,0.3698276298675249,0.39508116732575427
1775547409.2565997,909.4,457.5,0.29617781189243153,0.37600050681618946,0.37105115178843795,0.39379793425435083
1775547409.3028927,909.74,456.8,0.2949302617057685,0.3742298501910062,0.36887912827371094,0.3933042210737917
1775547409.336406,910.42,456.18,0.29756561075917254,0.3779378193400202,0.37054662365246616,0.39348327131798727
1775547409.3657837,910.78,456.14,0.29599139645173184,0.37543176639145825,0.37129760986469557,0.3937466609773408
1775547409.3988342,908.22,455.22,0.2966245723806795,0.376787831333323,0.37173569176436994,0.39499529398983707
1775547409.4296858,910.28,454.58,0.296994354809359,0.3763580225434472,0.37117390683769386,0.39451831498107603
1775547409.4627542,907.84,453.24,0.2957930252711341,0.374998293133797,0.37007081902543704,0.39300779456835994
1775547409.4937267,908.7,452.32,0.29625587606895387,0.37590384766478885,0.37082271093510843,0.3938933600984652
1775547409.525845,907.38,451.24,0.2961861832573955,0.3755118702761248,0.37049259772119814,0.39403217227558895
1775547409.5577724,909.96,450.22,0.29682148373832884,0.37655904430033676,0.37085147184688116,0.39481500020483606
1775547409.5899875,907.88,449.3,0.2968005135558475,0.37675219285434913,0.3703437611109909,0.39375020265732685
1775547409.6245866,912.98,448.54,0.29570743262290583,0.37721434700322165,0.3705824568447123,0.39461232732490475
1775547409.6548433,911.44,447.6,0.29443906263207814,0.37442658089671427,0.3701176321346126,0.39396906960204564
1775547409.6876748,915.86,446.64,0.2964234451720775,0.3760334190601898,0.3708175388907023,0.39384383292128217
1775547409.734608,914.58,444.7,0.2975708930527402,0.3763586778792989,0.3712391963811268,0.39428923801818755
1775547409.7667937,915.56,444.06,0.2956469322877361,0.3758892496295878,0.36999393101174144,0.3939440291371109
1775547409.7978802,916.06,443.12,0.29793342174227605,0.3777225970598216,0.3714880722239646,0.3941343325842089
1775547409.8320594,918.86,442.64,0.2975522822735238,0.37754038952367547,0.3720253410973947,0.3943365546435452
1775547409.8625953,916.36,441.44,0.2968175597303559,0.3765574463465032,0.3700595726767079,0.393586670902651
1775547409.8962193,914.86,439.5,0.29625090502751444,0.37612736761293525,0.369900991960217,0.39250699402688916
1775547409.926239,916.34,438.6,0.29854251170684354,0.3788296423909444,0.3707243171447248,0.39406818890212425
1775547409.9601996,915.28,436.7,0.296362701252792,0.3762857902231691,0.3705216194428865,0.394180896069296
1775547409.9908772,914.98,436.56,0.2980437432531412,0.37711891232495137,0.37184891432956607,0.39377823751971547
1775547410.0252368,918.14,434.68,0.29752962581518466,0.3773098607856436,0.3725677282465057,0.3966282029375791
1775547410.0547917,917.2,432.54,0.2975760696488511,0.3775636468401674,0.3734977848065769,0.395636361985486
1775547410.0857847,919.54,431.2,0.2972338033258683,0.3769786519521106,0.3707639013582794,0.39422170363406234
1775547410.1184523,920.92,430.04,0.2975031459376431,0.37847839868868427,0.37182566217943147,0.3960255580786747
1775547410.15354,927.44,429.12,0.2952698296783749,0.3760008177214087,0.37087524463847205,0.3962098508891947
1775547410.198764,927.6,428.08,0.296389329485196,0.3766368182557534,0.37192050973278995,0.3939524123863161
1775547410.2299252,929.82,427.3,0.2962931910570247,0.37579477229735275,0.36989030718357874,0.3931527335857236
1775547410.2631776,930.48,426.34,0.2977935453400102,0.3782248008913921,0.37223860499218897,0.39456800415145954
1775547410.294044,933.98,425.5,0.29739400336171146,0.37780199700699096,0.37190849503325574,0.394478177378881
1775547410.3264465,934.68,424.42,0.29819710352892437,0.378140718132845,0.3723822945749081,0.39457858953764313
1775547410.3588479,936.44,423.04,0.29640330105978135,0.37702390855253126,0.37040739801934375,0.39409452156875646
1775547410.3906279,933.52,422.32,0.2965761092428889,0.3763239144991441,0.37159756742918876,0.39384659685230256
1775547410.4266186,934.78,420.56,0.2970212342719975,0.3762496777216509,0.3709951894047966,0.39494150844394216
1775547410.4563994,930.82,419.38,0.29764734656286707,0.3768142737393677,0.3713643551518181,0.3939922071440569
1775547410.48567,933.64,416.44,0.29741447848207564,0.37731036278382823,0.3735564672111134,0.39601933114390675
1775547410.5199208,935.46,416.3,0.29745884650923043,0.3778691998031234,0.37219294808842573,0.39462176803286386
1775547410.553476,939.02,414.48,0.2986072500363003,0.37732877120504715,0.3733414912596326,0.39511648481043093
1775547410.6003482,940.44,413.52,0.2971144850139214,0.377227961701903,0.37137630504355945,0.3951928138787117
1775547410.6299176,943.56,412.6,0.2972137960482969,0.3760497394925986,0.37198454099407013,0.39362483583065294
1775547410.6625926,943.1,411.9,0.29820518531927437,0.377075078059664,0.37130721112272386,0.3941042849239474
1775547410.693735,947.86,411.24,0.2986016252127431,0.37627772013959615,0.37043494855537723,0.3940043483967417
1775547410.7272835,946.32,409.8,0.29926218959071443,0.3740063797062669,0.3714641187289679,0.39275483102424075
1775547410.7586956,948.9,408.8,0.30135143632521516,0.36956494611611196,0.37004421214568106,0.3887203417158506
1775547410.7896802,947.74,408.5,0.29761143503968335,0.3607451291161793,0.36258306377156246,0.38025110088755504
1775547410.822763,949.6,406.88,0.2893032394440763,0.33837973873760124,0.3411648282275493,0.35955972798541697
1775547410.8549206,944.4,405.74,0.2642530344128903,0.296160296977317,0.29754992747301845,0.3246502878661365
1775547410.8857012,945.52,403.12,0.23155716529204629,0.24053965897088633,0.25556336849805456,0.2926429129374307
1775547410.9188848,943.92,401.96,0.19366789138791413,0.1978473109918413,0.21963189675957273,0.26356872728330555
1775547410.9518235,944.24,399.08,0.1542995762302956,0.151731361274464,0.17454424907220245,0.22846491049612605
1775547410.9979136,942.96,397.44,0.11544122762937893,0.11396960359426694,0.13252751224649476,0.1889839976305737
1775547411.0296063,944.42,393.86,0.08274249663867494,0.07908104737450761,0.10032704318397634,0.1438285562497078
1775547411.0629172,944.64,393.08,0.06535036504402121,0.04897815802285313,0.0780561768118067,0.11914915767805165
1775547411.0962064,945.44,391.56,0.06571687157966352,0.040851481129320896,0.05816984710127484,0.10026367461269634
1775547411.128043,945.3,390.92,0.05912301257764811,0.03281831428815914,0.05962291945844082,0.0964594127640037
1775547411.1601133,944.96,389.7,0.05276548128201462,0.024335169734457054,0.05170824932558442,0.08635128501455391
1775547411.1899338,942.34,389.02,0.054034665550960745,0.015118293549719919,0.0411755284542773,0.07405575042912389
1775547411.2242067,943.72,388.78,0.0661534720476249,0.01547378946979356,0.03711522801305399,0.06672613221440785
1775547411.2549183,942.84,387.74,0.08179837054544425,0.031880959423293116,0.03545151054942977,0.05841963030027546
1775547411.2858095,943.12,386.82,0.09365376806245396,0.04126582197966339,0.04357597644943755,0.05710199200042797
1775547411.3187606,943.78,385.82,0.1060710306113831,0.053091966240507944,0.042789517787053366,0.05157376100363229
1775547411.3500268,942.86,384.74,0.10685471083291809,0.04958676573489542,0.019756150640480294,0.043456169245150625
1775547411.3839273,941.88,384.94,0.1096430274967079,0.05392852393176362,0.017560835485173683,0.04265638902193183
1775547411.430093,945.26,382.76,0.11434969558076633,0.057140059090235146,0.017333380427126788,0.046104339909081665
1775547411.463455,943.02,382.0,0.1153478112890558,0.06092208893564109,0.02607026366209502,0.055258823050321836
1775547411.4949234,943.24,379.9,0.11814723356396867,0.06068285420145854,0.018260773323839397,0.047582718723941764
1775547411.5289462,942.86,379.26,0.11368260754213878,0.055489484864486315,0.01715585722903373,0.05620378166055637
1775547411.5578816,946.8,378.3,0.10900674455327765,0.051180823792570336,0.014667228374315177,0.05943260789044
1775547411.5896688,944.36,377.36,0.10547318556482078,0.04561425937807059,0.014092860853906769,0.06149984875302646
1775547411.6227446,944.84,376.66,0.10225826869316604,0.043439112379595524,0.013831784913988416,0.06408549483117248
1775547411.6537323,941.68,375.78,0.09654566908407909,0.036492405862008394,0.019085674888621458,0.06816892609614225
1775547411.686879,941.78,374.9,0.09510137237683632,0.038322152343619416,0.01884547143222964,0.06618628280253541
1775547411.7190034,940.62,374.46,0.0918084836139838,0.036221716713745016,0.019354207777708625,0.06275095558922174
1775547411.7510676,941.78,373.34,0.0885578138329666,0.031249956509411026,0.020339864891122064,0.06145563903524455
1775547411.7844825,940.2,372.58,0.08847856100261432,0.03072196029698206,0.02056352443328257,0.06305617869362763
1775547411.818316,942.6,371.3,0.08221560488339742,0.024269275051043968,0.027298065700013845,0.0701932208102221
1775547411.8642263,941.88,370.08,0.08145647725759585,0.023002087857081202,0.02957389471439133,0.07092413105906847
1775547411.8941622,943.24,368.24,0.07913118649098416,0.019019597731349466,0.03549032363120076,0.07670495552077809
1775547411.9302948,938.98,367.36,0.07258609786734584,0.012564001645854217,0.04265861046835716,0.08431813919299595
1775547411.958835,941.02,365.38,0.06395697001081636,0.003848156846480005,0.05134879426932207,0.09158355247127896
1775547411.9908335,938.7,364.46,0.061862060598729195,0.005590214963802179,0.05445484754541204,0.09548515749959623
1775547412.0227802,937.96,363.52,0.06281033027639238,0.00777657314975876,0.052811784529996145,0.0922177825214426
1775547412.053699,938.88,362.44,0.06240429122831587,0.005852901864282163,0.05265011913039607,0.09342580443393261
1775547412.0859501,939.54,360.84,0.06277763972758606,0.005418498381152909,0.052199245257818876,0.092245690414193
1775547412.1182034,940.16,360.02,0.06484606318778867,0.003438371774085669,0.050012732021349635,0.08791383275841758
1775547412.1510491,939.28,358.76,0.060627146618396494,0.003278501802232699,0.0536315712788796,0.09060282690735062
1775547412.2009077,934.58,357.62,0.057161791969810624,0.012336182298785645,0.05696694224613942,0.09484621192710865
1775547412.2306764,934.2,356.26,0.060915615569066404,0.008797013249875937,0.05147130340845831,0.08936057577202193
1775547412.2622802,931.76,355.62,0.059255411097329014,0.01048858940183893,0.05465015152582301,0.09177886390944338
1775547412.2938988,933.02,353.18,0.053258530063214835,0.010984410874975804,0.05871884719869678,0.09506413783558389
1775547412.325317,930.24,352.28,0.051737013852950174,0.012748216312059205,0.059179498702461496,0.09625051880731263
1775547412.359999,926.46,349.74,0.04895963989365465,0.014399212243424738,0.06253528400412439,0.09896035468877518
1775547412.3899198,925.38,349.34,0.047460174890846224,0.014976099526270338,0.06270215233687948,0.09851255016854947
1775547412.4243183,926.16,347.2,0.049017297613402795,0.014831129605836919,0.06284165959038689,0.09952696597570189
1775547412.4545827,926.24,346.1,0.049051956992317174,0.01449998930373496,0.06157271359154715,0.09841187783209035
1775547412.4881027,925.68,344.34,0.047075868690019174,0.015108193245345614,0.06160960993580831,0.09759008001463577
1775547412.518291,925.08,343.78,0.05062340959192978,0.015120711697950238,0.061033896879462604,0.097328957967484
1775547412.5500088,928.22,344.02,0.04594314777058654,0.014379599437333699,0.06182447668710287,0.09842867528322319
1775547412.6009672,927.96,343.9,0.04926968885612472,0.013363921896701214,0.06081532876874617,0.09696401667419118
1775547412.647737,929.6,344.1,0.04778875311027431,0.013114491393672984,0.06004934308689613,0.0959584634438082
1775547412.6939492,928.36,343.88,0.04548369174170084,0.01588521757309774,0.06376202670341488,0.09994669262544904
1775547412.7310524,928.58,345.72,0.04455856241907458,0.014217923212942237,0.06236617493630307,0.09870790134770575
1775547412.758814,928.56,345.14,0.046857191241492804,0.013162148154770355,0.06191007007957661,0.09683059509066014
1775547412.7897825,929.58,344.58,0.04719821133099985,0.014139076404536923,0.062438766531157666,0.09656044494292249
1775547412.8224597,929.44,344.0,0.04689964973163095,0.014051418552262171,0.0639371902014348,0.09877893154783966
1775547412.8546422,930.96,343.08,0.04244973713394103,0.019070085527060163,0.06718667337296344,0.1026789628051753
1775547412.8868124,929.72,342.46,0.0407955963444861,0.021120015294688793,0.06815777491045494,0.10223598901262308
1775547412.9187937,929.86,340.38,0.039038298614610556,0.021704587294175105,0.06948403501808363,0.10525160449584316
1775547412.9505563,929.08,339.92,0.036358229420338985,0.024329011974488186,0.07372702536209144,0.1089836585626818
1775547412.9844105,928.9,337.96,0.042666139254091,0.020317208192410577,0.06948590610174336,0.10559860016003458
1775547413.014791,924.54,337.38,0.03760580673380421,0.023655852727989125,0.07237640625428729,0.10969870489631717
1775547413.048431,927.1,335.08,0.03957181266072267,0.021358213665608722,0.06953509045935323,0.10545141738155023
1775547413.0822105,926.58,334.96,0.040398035958580186,0.021101649506780038,0.06931872109424467,0.10465023705845757
1775547413.1282427,926.02,333.8,0.039981815500412715,0.022869747524060135,0.07004492046945601,0.10432358180680378
1775547413.15864,924.12,333.16,0.03969308004516772,0.022194980155626237,0.07027495287278382,0.10567056271587126
1775547413.1921976,924.36,331.88,0.034758082928272205,0.025142004922657505,0.07168704656231806,0.10782491974761392
1775547413.2216938,923.68,331.44,0.0379232700038093,0.023939986539004695,0.07140012926908695,0.10625902987409754
1775547413.2526505,923.58,330.16,0.038622665986222535,0.023230329317893678,0.07068974746616544,0.10551398377404911
1775547413.2866454,919.6,329.92,0.04040732998254687,0.0213851071587811,0.06810660139418187,0.10229363987277304
1775547413.317825,921.42,328.66,0.03841428268055018,0.02145623986868798,0.06866080473826751,0.10269834200905903
1775547413.3509228,918.44,328.86,0.036537448671713,0.023826908218375072,0.0705955054396734,0.10427773954562682
1775547413.3820806,919.86,327.78,0.03848495748733371,0.02163602003915926,0.06829471286869966,0.10212841496507048
1775547413.4149473,918.2,327.24,0.0382464169011812,0.021990272728985964,0.06896498081368167,0.10327509302023427
1775547413.4458852,919.94,325.68,0.03682922642525137,0.021737291354636187,0.06945734214916618,0.10349123706964412
1775547413.477759,919.3,325.22,0.03524131833699421,0.022889677138950223,0.06908132033534563,0.10246705825043735
1775547413.5115588,916.6,323.24,0.03745720855346982,0.021964181254116113,0.06803424782453399,0.10089545788324264
1775547413.5458853,913.02,323.32,0.03853074239027436,0.019246508838145143,0.06573733436592386,0.10196742604184125
1775547413.5897777,913.62,321.98,0.03820738387976724,0.020768597317615323,0.06638616415074862,0.10068748701363785
1775547413.6241267,913.14,321.82,0.04184846701524281,0.017388597207514078,0.062994895440661,0.0970524976952109
1775547413.6536965,913.04,320.56,0.039356273695807,0.019836004839867548,0.06499914597718331,0.09907430460487442
1775547413.688522,912.7,320.58,0.03841877660988098,0.02035233125175398,0.06657917062517833,0.10150343132075254
1775547413.7178802,917.44,319.08,0.04400848344655071,0.014583448020177935,0.06020932464661518,0.09386639524750652
1775547413.7523074,916.36,319.24,0.040360895238430824,0.01814560900272673,0.0636769460849146,0.09833073277253027
1775547413.781939,915.78,318.54,0.04190271868327083,0.016195725118997802,0.061279297286164075,0.095153713994661
1775547413.8138754,916.7,318.88,0.041386918476169855,0.018516355097865016,0.06458260950421743,0.09796485473228038
1775547413.846952,916.54,318.14,0.04101833229378593,0.01711447861460184,0.06295002023921234,0.09777496617947444
1775547413.8779697,914.64,318.18,0.04217944623339895,0.015822379177500605,0.06145415962705864,0.09545786556950708
1775547413.9118333,914.52,316.92,0.04026151667886009,0.017998843713419026,0.06245727020855054,0.09743368503833398
1775547413.9509215,912.56,316.54,0.039480817091558776,0.019953797125208828,0.0648589324250208,0.09868972220180824
1775547413.991139,909.88,315.84,0.04205983172753033,0.017315433087794426,0.06251746195363096,0.09547055177499181
1775547414.021846,907.88,315.54,0.04060923149780025,0.017611882889140423,0.06264128271824525,0.09773349371226074
1775547414.0540304,908.84,314.54,0.04041173576211649,0.016482105662586503,0.06124022700568176,0.09560290057260515
1775547414.0860684,906.94,314.54,0.03971827967471079,0.018660985667356512,0.06397523213125328,0.09851290060975106
1775547414.1188211,906.06,313.84,0.041604417668256836,0.016735721627474904,0.06124760929559766,0.09497198322437662
1775547414.1509385,904.96,313.62,0.040305513672705004,0.01601322970376548,0.06006433373456859,0.09535756636878187
1775547414.1845171,904.6,313.1,0.038187742994203494,0.017817380712445315,0.0628040490366827,0.09833220213982778
1775547414.2330081,905.44,313.14,0.04085017427897408,0.01738113318815376,0.06124758630759451,0.09629909138048644
1775547414.264293,903.24,312.36,0.04120617123515313,0.017777044431814482,0.06170856601254333,0.09743172526805126
1775547414.2979195,898.98,311.88,0.04208309145063714,0.01509851803925319,0.05887410033762881,0.09284335559322933
1775547414.344234,897.26,310.86,0.04234632252294814,0.01557928310108882,0.060387107948187,0.09509068028492836
1775547414.3746123,894.92,311.2,0.03810639079434913,0.019162019896032976,0.06321701581274083,0.09847499683190161
1775547414.408125,894.66,308.82,0.03990751982332016,0.01721041106250659,0.06247365038235876,0.09779131564670573
1775547414.4420557,892.66,308.54,0.044851274133533514,0.012522430069980764,0.05796374219973423,0.09374495908537957
1775547414.4867263,890.66,307.02,0.041547829463215905,0.01506447988384882,0.058936737773863566,0.09407826754565082
1775547414.5186949,888.02,307.02,0.04388262621514671,0.011707776763358038,0.05625557048472138,0.09157853548229059
1775547414.5509763,886.8,305.52,0.039468410070347786,0.018110280466329478,0.062205043168679024,0.09730059120757331
1775547414.5846379,885.8,305.6,0.039854698354097204,0.01791322827026209,0.0626682130932198,0.09866272979217856
1775547414.633108,884.36,304.74,0.04006152369906049,0.0173948718867128,0.06275507346654997,0.09854530364826453
1775547414.6616113,883.14,304.6,0.040760967634176686,0.017549974692481554,0.06227167089508202,0.09594746142336065
1775547414.6949725,881.4,303.84,0.040267817448947994,0.01842648606280199,0.06424262025831101,0.10035882045926355
1775547414.7296553,880.02,303.84,0.03989448688874512,0.01808839885631577,0.06334322167916523,0.09976181650849328
1775547414.7751136,877.74,303.64,0.04078621447098064,0.018533936864563134,0.06411471954727822,0.10001195103789046
1775547414.806053,876.8,303.34,0.04409210225286299,0.01249773636217759,0.05794403769075771,0.09372684788390298
1775547414.8377366,876.22,302.86,0.041018017384148515,0.016578892025021996,0.061539776294293774,0.09659161358329453
1775547414.8705835,873.2,302.78,0.04018504192388065,0.01693035125366712,0.06136682256987658,0.09673998922807343
1775547414.902809,870.88,302.6,0.04168568479971384,0.016027517875982396,0.06107181901063169,0.0966877658027283
1775547414.9363704,869.2,302.58,0.03976677166094229,0.017089066800725576,0.06216091277443582,0.09802683789760232
1775547415.0010514,872.18,302.28,0.042273805428645034,0.015310256570194644,0.05902682869355635,0.09385844134833944
1775547415.046039,872.7,302.34,0.043682567316708956,0.014867834721058695,0.06051466321954978,0.09546233744026526
1775547415.080455,870.76,303.12,0.045192755683790026,0.014432436542490401,0.05743720424782049,0.09285170202378391
1775547415.1110702,870.8,302.6,0.042492593513418796,0.014205241269414219,0.05970442460534156,0.09617906326184715
1775547415.142539,868.86,302.02,0.03982886471566451,0.01815224314996747,0.0627464145564446,0.0974984119619545
1775547415.1738842,867.16,302.18,0.04229828522465337,0.01593440712643152,0.060724804713645955,0.0963192671857979
1775547415.2058265,864.64,301.92,0.042327136761108115,0.0159459468399929,0.060266233118856816,0.09663661620412624
1775547415.238555,859.92,302.0,0.04286238767361728,0.015376939363903342,0.059300151427666835,0.09483653537675334
1775547415.2707188,856.2,302.06,0.04100495849462758,0.018695291178280574,0.06233577916467523,0.09690708056874708
1775547415.302933,855.36,302.0,0.044550810244257555,0.012434059324738699,0.05801796516239625,0.09300690760752198
1775547415.3352146,851.96,302.32,0.043969235568315265,0.013848265703642202,0.058143302000466385,0.09262064779997752
1775547415.3676877,849.52,302.06,0.043321201471680365,0.013935534575324439,0.05914585047985093,0.09502603594758693
1775547415.414057,844.6,302.04,0.04828591421788898,0.011290153864385704,0.05682091562285797,0.09013791534292817
1775547415.4457014,842.2,301.96,0.045880092088347445,0.011418405995231598,0.05677282677073969,0.09217108767292286
1775547415.4789722,837.08,302.42,0.04867778353711319,0.00859625204189022,0.05346532513905667,0.08960886892398062
1775547415.5098422,834.92,302.46,0.04297210598047094,0.015615018422677991,0.05999482668878301,0.09415917538769453
1775547415.5424635,835.32,302.12,0.042768694138050824,0.015574669874430761,0.05988954530574278,0.0961891660442453
1775547415.5762694,830.32,302.02,0.04401239911219252,0.013267590843966746,0.058253717514490495,0.09511901051192855
1775547415.606908,830.82,301.88,0.04204215590824243,0.01618469671757855,0.06061248245162647,0.09401002375843301
1775547415.639389,830.5,302.0,0.04805334749914392,0.010647521174674135,0.055240731953974255,0.08709082683724272
1775547415.670054,831.42,301.8,0.04183229060662971,0.016293652489492997,0.05975044407124284,0.09543272816593004
1775547415.7042947,829.9,301.94,0.04239492695401958,0.017154477092250358,0.06101196966492899,0.09284141524009275
1775547415.7358515,829.88,302.2,0.04396192227393199,0.015835470917464102,0.06096451990116054,0.09709516445040126
1775547415.768265,828.02,302.12,0.03926524349699464,0.01911965847952541,0.06288245463719754,0.09667688414282173
1775547415.8148139,827.7,302.54,0.04281093687238064,0.01446402564658362,0.05950627216398297,0.09348425323619879
1775547415.8459826,824.46,302.42,0.04273207964925634,0.01385884610039712,0.05812560856697302,0.092852620292977
1775547415.8793943,822.56,302.42,0.04007304182846786,0.016366300191253073,0.06075869825925309,0.09549311729804721
1775547415.9099066,817.88,302.42,0.04067579621584168,0.014820022707905356,0.05930983061555627,0.0965545038825544
1775547415.9427724,815.76,302.84,0.041409549206569786,0.014608277297961235,0.058552902682490915,0.0920769591399606
1775547415.9747734,814.1,303.06,0.038978779062740894,0.019164313014698262,0.06309413922627191,0.09879661855802889
1775547416.006613,812.9,303.48,0.03949956386724574,0.017267150297984053,0.06136692793488904,0.09660035612380241
1775547416.0379689,813.14,303.58,0.04067945463377616,0.01719342335087554,0.062408277641183195,0.09571455866010006
1775547416.0707808,812.48,303.74,0.044284641770233335,0.015426717161881476,0.05976921393502113,0.09442952063146914
1775547416.1018014,810.4,303.3,0.04250953039066628,0.015532664562825477,0.059926300036166676,0.09556645846787593
1775547416.1363704,809.48,303.3,0.04474924627293626,0.01184878976442466,0.05639944672142834,0.09170081914753979
1775547416.16668,807.86,303.52,0.04565575193805778,0.010537954286335053,0.05543831912656108,0.09161442106548869
1775547416.2002528,805.98,303.42,0.04330785629496021,0.013541485311915642,0.05886033137174101,0.09541627293972642
1775547416.2461302,803.14,303.28,0.04093120334474459,0.01697674383399667,0.06145281259539771,0.09713434465934839
1775547416.280138,803.2,303.5,0.041386246653539786,0.015967611700766205,0.06016502077014513,0.09441141004784025
1775547416.3105967,800.64,303.84,0.041721002954843815,0.01640340338400507,0.061570067390894004,0.0953708583307427
1775547416.343385,797.88,303.36,0.0414096105090904,0.015246439853739427,0.0609721017240786,0.09682561303258438
1775547416.3737795,792.72,303.56,0.045228072649457725,0.01198940296013196,0.05874840573833048,0.09452879835535188
1775547416.4065638,791.16,303.36,0.04271431580022967,0.014998883181868516,0.06166647220023611,0.09632106168923048
1775547416.4378269,788.7,303.54,0.04827562612551294,0.01064518354796487,0.05558321602422331,0.09217395199646553
1775547416.4706979,787.94,303.3,0.04275472392035294,0.015009801489549151,0.061619058972281975,0.09910495620725443
1775547416.50181,787.3,303.46,0.046067594908719825,0.01223727974686346,0.05771052100146578,0.0963376235228924
1775547416.5368748,785.82,303.74,0.04973634255055554,0.013006012062951954,0.05596950007505958,0.09162098855423177
1775547416.567025,786.14,303.84,0.04317295200899884,0.012459568919774285,0.0625879835293944,0.09679497028836638
1775547416.5987637,787.4,304.06,0.035228407769809865,0.018311792830649133,0.06911794349134326,0.10474941948264087
1775547416.6323152,785.94,304.16,0.0418352146403222,0.009928362428038264,0.06309946608619856,0.10194188981561804
1775547416.6787694,779.96,304.76,0.04091216561832907,0.013471244693146549,0.06979792215396374,0.10873789026919939
1775547416.710717,777.44,304.6,0.04054830866368539,0.01780132448274241,0.0713990502690869,0.11129141682213219
1775547416.7426975,775.72,303.8,0.03711889238667859,0.026335710757695578,0.08072899054105545,0.11449051134770478
1775547416.774146,775.84,303.86,0.03923690390940594,0.028995522845058713,0.0850681572984044,0.1134105639517229
1775547416.8057237,772.12,304.26,0.03188185038652521,0.03170098247385881,0.08221321247756583,0.11465998245737166
1775547416.839516,770.76,304.06,0.026605088273683578,0.0244674164373705,0.06955856195398746,0.11050551956219763
1775547416.8709471,771.2,304.38,0.03163718043331038,0.024704609357507738,0.06143326838961109,0.11200102980036054
1775547416.9094453,771.9,304.62,0.03614347418897699,0.032483136564527074,0.06643744146333351,0.12142542300703692
1775547416.9369776,771.02,304.98,0.04054761733985978,0.052600678756167356,0.09066702297908297,0.14409367415545554
1775547416.9693415,769.9,305.02,0.03968874333051256,0.058839452402076976,0.10458891570975638,0.1571677374317992
1775547416.9978778,769.12,304.84,0.07770975015705975,0.08378563118989509,0.12164584384816252,0.18090475280387325
1775547417.0300462,767.28,304.88,0.09880541841659068,0.10995911076466058,0.13964913753187805,0.19052432741850878
1775547417.062977,767.58,305.52,0.14252009203670807,0.16275916487568934,0.17645436949681784,0.200454403855731
1775547417.0976074,764.84,305.52,0.162718280261703,0.2014984798329214,0.20348815365578843,0.21927637844793924
1775547417.1417649,763.22,305.14,0.20013076305850325,0.24391635217732957,0.2352543402028976,0.23933823138637267
1775547417.1735203,761.94,305.06,0.23324475399162678,0.28275173374449813,0.2663045311024776,0.26590005857392107
1775547417.2066596,759.48,306.26,0.25402199245329243,0.30824685625575043,0.2934744960074411,0.2887547330130426
1775547417.2385461,759.54,305.9,0.26808104476911654,0.3254274872423787,0.3181112373690029,0.30469198198444464
1775547417.2699466,757.82,305.94,0.2750771242799481,0.3363020231512921,0.3312541566579251,0.3181781832317557
1775547417.3027701,758.18,305.88,0.28509892652000746,0.34727235270163453,0.34096330569757555,0.33256556256845665
1775547417.3376868,753.56,306.38,0.28765328429619735,0.34982975937544836,0.34535708131703013,0.33741166650093274
1775547417.365607,749.8,306.3,0.2930762164830432,0.35896463085338065,0.3531315857875979,0.3464976850442352
1775547417.3988092,748.2,306.46,0.2906910811633159,0.3586378257692775,0.3521728857293676,0.3477360822666938
1775547417.4305284,748.4,306.44,0.2947073606350892,0.35950703030944625,0.3525910319728531,0.3494717145523893
1775547417.4632208,747.76,306.92,0.2982502390735754,0.36230891272540555,0.35532153666856287,0.3488945000230565
1775547417.4981108,748.72,306.96,0.298219966194205,0.36332020606145915,0.35695590002873967,0.35305278978015014
1775547417.543703,751.16,306.94,0.2956504266397498,0.3647982279910762,0.35825769360417964,0.357272278833481
1775547417.5739574,753.56,307.02,0.29658138665571726,0.36514080080498523,0.3574223050048455,0.3577003004210672
1775547417.6087594,753.4,306.78,0.2956120865307068,0.3655467298681858,0.3573347331156708,0.35809562851258037
1775547417.6382148,752.64,306.52,0.2955938911288422,0.36451088715686497,0.3576329227466014,0.36151380263730837
1775547417.671203,750.24,306.66,0.29882083336811294,0.36828600220061736,0.36044016919538435,0.3674831273343444
1775547417.7029805,750.1,306.56,0.2960797167985436,0.3641702987784316,0.3598981444321441,0.36769229470664117
1775547417.7385018,749.0,306.74,0.2977950276338438,0.3689914921302303,0.36446811888248054,0.37095972776839437
1775547417.7659752,749.54,306.94,0.29866226045215066,0.3696253798698128,0.3653948947546187,0.37500829060268415
1775547417.7985942,746.0,306.94,0.2964639761244751,0.3674945774299518,0.36594048558067305,0.37957956452585545
1775547417.8306868,744.18,306.76,0.29810815257775125,0.37412253105958293,0.36987187363954777,0.3833965471957905
1775547417.8627799,744.78,307.4,0.2941583992812507,0.36882099491856557,0.36754087465173924,0.38614023867543046
1775547417.8956158,745.28,307.68,0.2963557561331031,0.3710044743685174,0.3701016938536052,0.3893162004033315
1775547417.9300444,744.4,307.7,0.2951292047999518,0.36985018110847895,0.36805026361001525,0.39065996472938425
1775547417.9737248,745.9,307.62,0.29849696285131627,0.3743011989718382,0.36994761686852057,0.39196797512735687
1775547418.0068877,746.3,308.14,0.2987912383100952,0.3747884619481151,0.3722664049537138,0.3939970903670555
1775547418.0394523,749.04,307.98,0.3009511455508475,0.37496521309600583,0.3723958176288342,0.3962522691803516
1775547418.0705988,747.86,308.3,0.29947604577503734,0.3732527660263617,0.37054174239851145,0.3983584901285303
1775547418.1041615,749.24,308.26,0.30053477553355223,0.3746859094354912,0.37245392294735497,0.3974319039146109
1775547418.1394157,747.16,308.5,0.3005767235980024,0.37682874369555297,0.3747009560402645,0.3952948182457871
1775547418.1685002,746.06,308.38,0.30299194146043174,0.3777025240402951,0.37234475937330996,0.39387999343003116
1775547418.2032816,745.54,308.28,0.29739903140468027,0.37404794113151973,0.371101659249049,0.3937988812301499
1775547418.2472637,745.0,308.72,0.3008479131810189,0.37588577895379155,0.37071020479830014,0.3937140229403425
1775547418.278098,741.86,308.54,0.2991173391821527,0.37380011334502006,0.37054319781239253,0.39426480937380687
1775547418.311902,742.58,308.58,0.29764989613393517,0.3725720709805745,0.3691584094335388,0.39626969554417735
1775547418.3586986,744.0,308.08,0.29904158496341,0.3748174129827787,0.3699359225685709,0.3940143715363266
1775547418.3902302,744.28,308.4,0.2989785280009811,0.37481074322907926,0.37053296170992495,0.39419340081279947
1775547418.4227595,743.76,308.12,0.2978907342157011,0.3739263387858425,0.3699958664511591,0.3952698738966191
1775547418.4560022,741.82,308.32,0.3004664954996592,0.37344110011584597,0.3696756563473316,0.39362818010190215
1775547418.5032353,744.76,308.16,0.30233231298871516,0.37687726905353547,0.3731427538945786,0.3958617054908095
1775547418.5347178,744.68,308.7,0.3025991250547408,0.3774550216636232,0.3725336557705497,0.3968488999416908
1775547418.5666902,742.56,308.76,0.299201394152979,0.376556126782147,0.37090121530312536,0.3975409931221413
1775547418.6006036,743.14,308.76,0.2989256426575863,0.3770122766320421,0.3707065617208109,0.39758574225368054
1775547418.646667,746.46,308.14,0.29733992403512277,0.37492643521932706,0.3691865192397525,0.39615793568056873
1775547418.678785,747.14,308.34,0.2965988226704319,0.37462737125985957,0.36876729118062823,0.3968695576964865
1775547418.7105973,748.44,307.92,0.29950832454989695,0.3759091234019739,0.37053770034654304,0.3950158030980647
1775547418.7444222,749.88,308.36,0.3002557165580449,0.37682566744842444,0.3704623712726152,0.39603301067881186
1775547418.792031,750.54,307.4,0.29937433909200184,0.3767940633463844,0.3705692930732069,0.39575281012592906
1775547418.8216426,752.74,307.78,0.29960336353150424,0.3772054069195467,0.37082988488291135,0.39658741275850623
1775547418.8561668,751.78,307.94,0.2981877154953252,0.37729705500496896,0.37102390886728703,0.3965399389675385
1775547418.8899608,752.52,308.18,0.2968319858999348,0.37537033589112395,0.3706723041470118,0.3970723356494851
1775547418.9361756,752.7,307.0,0.29720182889659763,0.3761678944291238,0.3698681832606986,0.3956676787069211
1775547418.9814668,753.82,307.14,0.30026585084388807,0.37767073215768826,0.37100803872383664,0.3970929534777713
1775547419.014518,750.46,306.96,0.2982765706204025,0.3756203794087407,0.37029283484174536,0.39533610505096645
1775547419.0476022,748.14,306.78,0.29752462261788964,0.37518197319469504,0.37035939362568115,0.3988970094575083
1775547419.0940075,751.32,306.4,0.2990174674117589,0.375058702200125,0.3695212934341603,0.39683182705847836
1775547419.125887,753.92,306.86,0.29979513155866266,0.3773162115629639,0.3704446330244992,0.39820942775333973
1775547419.1587756,755.78,305.9,0.3000477493994159,0.3766585528554736,0.37151795829304346,0.39634867918186956
1775547419.1907606,755.84,306.44,0.2987703158123413,0.37704568157181884,0.37095824267030125,0.39703254819279904
1775547419.2215364,755.84,305.6,0.3008707569633388,0.37904865351023276,0.3730824323113411,0.3975970253656833
1775547419.2548473,757.9,306.08,0.29889549313125774,0.37840215572613667,0.37181854687960514,0.3983176104907037
1775547419.285832,754.88,305.48,0.29831656085119856,0.37719196295305246,0.37175022010600867,0.4003281935004982
1775547419.3196733,752.38,305.9,0.30158806530441284,0.38020574879919367,0.374913194572893,0.40005804113355686
1775547419.3598423,752.54,305.2,0.30019185865453724,0.37842244900582916,0.37228481692365306,0.3993257801995502
1775547419.3986793,752.16,306.1,0.3011796261039524,0.3797967475489326,0.3738832807209521,0.4007919612923499
1775547419.4323046,755.2,305.9,0.30017142394774043,0.37892097848662704,0.37360075483111416,0.40124897015090893
1775547419.4627264,754.28,306.36,0.2983082921072902,0.3787240023856446,0.372744530978425,0.4019107864591581
1775547419.4975402,755.88,306.02,0.2984564581735856,0.3785426530538911,0.3731116000331126,0.4027310225885617
1775547419.5269444,755.48,306.32,0.2985892499249444,0.3795080693283806,0.37329749873657836,0.4014895011361512
1775547419.5601325,758.36,305.7,0.29785005169358636,0.3781088976388021,0.3714475922003412,0.4016131733748734
1775547419.5904307,759.46,306.46,0.2972632183114202,0.37816369809458134,0.37196303209033804,0.3995823791348265
1775547419.6228464,760.14,305.44,0.29641164533886255,0.377932069704897,0.3716455390508577,0.39972257887776347
1775547419.6548324,760.4,305.74,0.2978066094078485,0.37807352567792746,0.37426895877853994,0.4029605041676241
1775547419.686656,760.26,305.36,0.29665078165900566,0.37982581209210386,0.37483098829536915,0.4018767780598688
1775547419.718085,757.7,305.48,0.2963532367848442,0.37808587984915754,0.3730148922178775,0.4027155735248726
1775547419.7519467,758.38,304.84,0.2960525593652489,0.37785272117338675,0.37319946403311394,0.39976805865538756
1775547419.7988393,757.48,305.28,0.2961881882023538,0.3788260172970409,0.3722144182210231,0.40120446205623356
1775547419.830847,758.86,304.98,0.29957787566067945,0.38073862697188043,0.37636595461748223,0.40461155018324396
1775547419.8627465,758.4,305.62,0.2950996001837472,0.3771321068809136,0.3717568514159454,0.4007991710960321
1775547419.894802,758.98,304.66,0.29573951738742055,0.37848406879480617,0.37257134265524305,0.4010903647973912
1775547419.9266262,756.18,305.1,0.295935481616282,0.3778174825645458,0.37340640071761283,0.40117980083267957
1775547419.9590478,756.88,304.54,0.2974087980100703,0.3790280373330037,0.3748072509459845,0.4024809303450122
1775547419.9900508,756.58,304.94,0.2949155772905967,0.377539050752691,0.37244544356163567,0.40084642289571104
1775547420.022767,758.48,304.94,0.29709642293296573,0.3792714568997031,0.37448739436613204,0.40024556951809176
1775547420.0562625,757.94,305.54,0.2975639366013092,0.3797252583832076,0.3745907000069007,0.4033150889166953
1775547420.085822,757.82,304.86,0.295521612436714,0.37809208104125086,0.373374427023932,0.4022740415286827
1775547420.1201565,756.96,305.66,0.29605521253161876,0.3761124228852816,0.3729196950613081,0.40105846661391353
1775547420.1510236,758.06,305.36,0.2947772057333849,0.3758217326571798,0.37026394373650284,0.4010176924418972
1775547420.1850858,757.94,306.0,0.29563324171595873,0.3762335545156267,0.37099786502343385,0.3990909026605368
1775547420.2299352,758.58,305.26,0.29488092636521757,0.37611094055852007,0.37027733630784837,0.3995587620151044
1775547420.261879,757.7,305.72,0.294484082838838,0.3738514071990849,0.3694834585070617,0.3964808627758755
1775547420.2949119,758.68,304.98,0.2928021397864053,0.37383530303140944,0.368049739181102,0.39636644986160435
1775547420.3266833,759.16,305.48,0.2937615528100972,0.37226428157314057,0.36614272846294915,0.3920668646404146
1775547420.3585851,759.5,304.52,0.2957111773364282,0.37395609584232936,0.36845669924971725,0.39365558482126284
1775547420.3907347,757.46,305.08,0.2918517169446509,0.3698913776682253,0.36444027376689375,0.3917735400279671
1775547420.421717,756.16,304.36,0.29030142031818357,0.37007447584706665,0.362930443870148,0.3902612849390815
1775547420.4549503,755.58,304.6,0.2911180671349291,0.3681623090124521,0.3619721200585888,0.38768541825145325
1775547420.4858043,756.42,303.84,0.2916870219410942,0.36686814334639295,0.3623789215300249,0.3869503578418645
1775547420.5188138,755.46,304.36,0.2902742395905774,0.366466817190965,0.3611251937586457,0.385862787958236
1775547420.5498977,759.52,303.08,0.2868921587688814,0.36421907676211573,0.3583086040216042,0.38164384475002094
1775547420.5826166,758.84,304.06,0.2864549642859292,0.3633602146920687,0.359510231547867,0.37982999248202415
1775547420.617331,758.96,303.14,0.28413043373722485,0.3613727286350374,0.3566131233738375,0.37905962945374544
1775547420.6626387,757.4,304.0,0.28188387261805065,0.3555369940419937,0.3537481081749798,0.3763337040624026
1775547420.6962042,762.48,303.26,0.2810957641378065,0.35478605781697403,0.3535277120185906,0.3760677879449214
1775547420.7257106,762.64,303.98,0.27899219087832455,0.3537653594235413,0.3510011525308638,0.37434460805362646
1775547420.7600515,761.54,303.34,0.28051938555992306,0.35595235711836626,0.35218634407121024,0.37420023172058814
1775547420.7903597,760.8,303.64,0.2799579161019403,0.35375256702188485,0.3511818022004343,0.37393111189822764
1775547420.824402,759.38,303.34,0.2790629497138533,0.35343905121894126,0.3513211862163737,0.37141390421949083
1775547420.8538802,759.22,303.66,0.278461124259483,0.35126268660815113,0.3493640518967787,0.3720105461474277
1775547420.8865995,759.76,302.56,0.2800600033177912,0.3546869563166873,0.34856002278385384,0.37037708375369244
1775547420.917999,757.76,302.92,0.2791981516849142,0.3515614703290747,0.3480952469197386,0.3717806620655206
1775547420.9511967,758.44,302.24,0.2814926165946024,0.3543134236982585,0.35129145708903525,0.37268472905418926
1775547420.9829662,761.1,302.88,0.28028310929992206,0.353254036086938,0.3494145025192698,0.37141518271048757
1775547421.016034,762.9,302.22,0.2773710207617525,0.35094622943928394,0.348398774396518,0.3715518847344901
1775547421.0627763,763.08,302.32,0.2808843687584491,0.3530826235035295,0.3490765568089497,0.371435470099362
1775547421.094751,762.98,301.1,0.27928101732363464,0.3535238086006777,0.3511394022349204,0.3723041585570187
1775547421.1264899,761.64,301.56,0.2793864136118988,0.35398967224699374,0.3514519947821192,0.3737469236661875
1775547421.1577163,761.32,300.48,0.28131502638853684,0.3541470719438906,0.35112943007710556,0.373942461657108
1775547421.1911843,761.3,301.18,0.28010654701927495,0.35299773701381076,0.3503129940090397,0.37319257025158936
1775547421.2217712,761.34,300.52,0.28073195837641385,0.35236071727014934,0.3509403891772031,0.37144538618291445
1775547421.2548077,761.22,300.78,0.28104721734133814,0.35375990155601206,0.35119992757609053,0.3730329038320669
1775547421.2858758,763.5,300.52,0.2800409588706092,0.35259620577516665,0.35112526249566606,0.3725843356988012
1775547421.3199463,762.34,301.12,0.27968211884276856,0.3523219999161076,0.3500708060356345,0.3712197055911341
1775547421.3506217,760.72,300.02,0.2805091784439071,0.35375584841408814,0.34984971920262664,0.37313063703134863
1775547421.4029253,762.58,300.6,0.2828261668364,0.3580078142308539,0.3552093120851996,0.3751030440685829
1775547421.4491112,762.86,299.9,0.2831232069955228,0.3586461586982368,0.3550538313088709,0.3748192953365266
1775547421.4939725,763.38,300.62,0.2828064711962062,0.3566739717817091,0.3543102336105969,0.3748811476170352
1775547421.525723,765.06,299.64,0.2813541908896987,0.3563696140966261,0.35395515699179286,0.37437088981676414
1775547421.5592551,764.84,300.18,0.28051313587488136,0.35585198375621,0.3533785191138573,0.3760129577268874
1775547421.5919418,765.44,299.88,0.2820437527287033,0.35690332255379426,0.35307802751700595,0.37475062590213704
1775547421.6220114,766.4,300.66,0.2807335404983344,0.3558949695824955,0.3530908819052257,0.37386214092470266
1775547421.654388,765.62,299.96,0.2787868683686825,0.35428988130968964,0.35132887975087984,0.37506359028047215
1775547421.6868548,766.32,300.34,0.2813101177729159,0.3579449071429188,0.35330810053462375,0.37203686533935637
1775547421.7183037,766.72,298.88,0.27821096666170625,0.3547146980475131,0.3523147796382402,0.37326817109522914
1775547421.7498534,766.32,299.7,0.28350985054957156,0.36195381034848306,0.35645980655000314,0.3754986039165959
1775547421.782684,766.44,298.98,0.28242752212670363,0.35701374667911623,0.35501903687031044,0.3773759214206057
1775547421.8142595,767.48,299.22,0.2847377725422073,0.3582780624301587,0.35421885175179224,0.37650242043670934
1775547421.8471847,767.44,298.16,0.2842669748571258,0.35766733884466434,0.3561434157659941,0.37888672369811216
1775547421.8807874,769.56,298.72,0.283642338987804,0.3584951230272146,0.35428774006216907,0.3768675317402769
1775547421.9267845,769.62,298.0,0.2836320582151324,0.35912516577300807,0.35540512584687467,0.3788415931764233
1775547421.9601824,770.9,298.82,0.2840338150907891,0.35910966708526926,0.3562264506325165,0.37780172589262345
1775547421.989813,770.68,297.96,0.2840514249410885,0.3592993527982677,0.3549225797417981,0.37502566976089385
1775547422.0243227,768.02,298.62,0.28254678449036164,0.359144858205473,0.3555287450410127,0.37670751215239334
1775547422.0538049,768.3,298.62,0.28272258030424136,0.35983421611238214,0.35408961362480446,0.37792410038676616
1775547422.0870018,769.42,299.26,0.2833601861248731,0.36013642949468183,0.35523078503510463,0.37673948362672777
1775547422.118736,770.86,298.84,0.2827878773229243,0.35911422740239046,0.3546846296037375,0.37677443808671146
1775547422.1496248,771.02,300.42,0.2845516148178574,0.3598569047997966,0.35474151472786125,0.3770229927484681
1775547422.1827602,771.0,299.68,0.2825731449447911,0.36010812252963326,0.35541633818429313,0.37634805062727783
1775547422.2140155,771.32,300.56,0.28311041514857777,0.3603982854686054,0.35560320659155914,0.3747333197450425
1775547422.2461874,770.06,300.48,0.2818280227414111,0.35597764156755796,0.3534259005691156,0.37691707392914625
1775547422.279882,769.72,300.8,0.2823280373443848,0.3570137360156013,0.35419643208093204,0.3755004728204437
1775547422.326659,772.44,300.38,0.2817260445663703,0.3589559889228588,0.3531810591083679,0.3731349218507031
1775547422.3586996,772.74,301.1,0.2834393291960059,0.36057809333788066,0.3555500242407807,0.37573805679427275
1775547422.3906214,771.84,300.54,0.28425017157788113,0.35898204868660594,0.35432561024998244,0.37509891105173093
1775547422.4220977,773.02,301.3,0.2851075558102257,0.3591738785527362,0.35484491606809315,0.3765031673266278
1775547422.454753,774.36,300.5,0.2850911962008259,0.36232240259197224,0.35623871833790643,0.3780638067306275
1775547422.4867861,774.64,301.5,0.2837846425822501,0.3582199382821328,0.35476652484129306,0.3785785338937331
1775547422.518721,775.92,300.52,0.2852135299074766,0.3615354825284783,0.3551082763541275,0.37816216407751596
1775547422.5496547,777.6,301.24,0.2862004544182891,0.36145411247783354,0.3555509111376692,0.3766231853341151
1775547422.5837994,776.86,300.86,0.2877496353019629,0.3633502558790453,0.3576576419303581,0.38045204579009895
1775547422.6174877,777.28,301.48,0.2864641206222152,0.36090430317871625,0.35713565818740184,0.37920926597119037
1775547422.6502674,777.58,300.58,0.28518829918316996,0.3598067381288733,0.3546009482902112,0.3776155479044453
1775547422.6788292,776.1,300.92,0.2857833792413605,0.3626852857797272,0.35758769049067923,0.3786305840301159
1775547422.7121177,775.3,300.3,0.2855718576794136,0.3615777474167277,0.35803917449280165,0.37954886965530044
1775547422.745932,774.34,300.82,0.28485125096798025,0.3603023818556389,0.35583177181863224,0.3801348332805167
1775547422.7909026,774.2,300.08,0.2859500672516144,0.36242091705109747,0.3570012186049138,0.3808923301059829
1775547422.8217099,775.86,301.26,0.28573613817279425,0.3626374115052738,0.3582858737918072,0.38306049795812713
1775547422.8546615,776.18,300.68,0.2844303934767718,0.362336824631987,0.3574236500960068,0.3808415369624592
1775547422.8859277,775.62,301.26,0.2850166302453559,0.36192627799978805,0.35582399294414163,0.3811859495061183
1775547422.917829,775.66,300.32,0.2842932770291787,0.3616491975294317,0.3551601797763037,0.38207744848597186
1775547422.9508157,774.68,301.2,0.28613444515344494,0.36299245808831665,0.3581543126615276,0.38357309905516984
1775547422.9830058,771.12,300.06,0.2855286602227787,0.3638485996987143,0.35848957961341116,0.3838652110599337
1775547423.013765,771.18,300.64,0.28506266987431017,0.3633314567061538,0.35951867353854927,0.3857670031546207
1775547423.047217,0.0,0.0,0.285221200725684,0.3639889613151216,0.3594711710193147,0.38624377459034026
1775547423.0778244,0.0,0.0,0.2862601984456042,0.36508155956391897,0.3620697908755966,0.3890475750671512
1775547423.1108031,958.02,376.08,0.2853597149649035,0.36867584892850247,0.36326926218680033,0.3890802045094808
1775547423.1469612,959.14,372.42,0.28623754905115345,0.3671601977652787,0.36394716283657746,0.38976813709376606
1775547423.1907132,955.76,371.26,0.28921715927448105,0.37097956232908025,0.3681608086142781,0.3921141730608667
1775547423.2234926,952.12,369.48,0.28938818118705106,0.37311102124467205,0.36917912896722777,0.39289424673969586
1775547423.2548923,945.48,368.54,0.2909766201141901,0.37328958316037414,0.3696090075548968,0.39532016919694996
1775547423.2883043,944.2,367.84,0.2895517597602812,0.37223321320920777,0.37091271452061686,0.39706000614169296
1775547423.317823,941.16,366.6,0.2915520917388633,0.37542964855238375,0.37385857415666457,0.3998352001025735
1775547423.352149,938.96,365.52,0.29244057155774467,0.3759658659703304,0.3751009333921521,0.4020650644864966
1775547423.3828976,935.06,365.64,0.2918080468480766,0.37481657887602665,0.37490095300432114,0.40149616844834707
1775547423.4147792,932.32,365.0,0.2912198714842464,0.3740549886209532,0.3740200848129019,0.4039624516374016
1775547423.4473372,934.44,364.74,0.2922811821765434,0.3760528492599803,0.376455256916409,0.40682023459434097
1775547423.4778128,927.74,361.38,0.2927687187733202,0.3785553764894801,0.3762958366072404,0.40874255806450716
1775547423.5105655,923.8,360.82,0.29406370953333577,0.3773110281532287,0.3774993162963824,0.4106937713851066
1775547423.5472867,922.26,360.62,0.294206264500263,0.3814158317979588,0.38072111168879536,0.41238430098188167
1775547423.5763965,920.5,360.48,0.2939462463307184,0.3806580825989405,0.37962373255920306,0.41191667526564496
1775547423.6230114,914.14,359.74,0.2992212716317219,0.38441647653035893,0.3844411901769876,0.41636237269895154
1775547423.6540048,911.34,360.7,0.3014464268877302,0.3864498259553703,0.38716886449732923,0.4181304656155907
1775547423.6872606,910.5,359.08,0.3042073534791572,0.39203250205451506,0.39066634666539213,0.42221947154781964
1775547423.7181911,905.44,359.52,0.30761385044627376,0.39730782689822713,0.39539249321753156,0.4281365007823157
1775547423.7511344,904.64,358.92,0.30617843454275134,0.39693084295727277,0.39684973348451447,0.42931992860047113
1775547423.782755,900.78,358.2,0.30784305486339514,0.39856425375386234,0.3989821281262757,0.4301639226270442
1775547423.8139138,900.44,358.44,0.31158910423671143,0.40167555886969086,0.404846751019507,0.43671233442920826
1775547423.8474119,899.38,360.0,0.31336192796386886,0.4043626133911527,0.40726755208536036,0.4383316809575416
1775547423.8787804,898.9,359.52,0.31420622585184294,0.4043219601073401,0.40697569421220947,0.4390102633500994
1775547423.9108624,895.06,360.42,0.3124545273128654,0.40310164288708117,0.4065863030615219,0.4389718812526092
1775547423.9472969,893.16,360.66,0.31284760514305454,0.40193558108060534,0.4064094402783171,0.4371597094678247
1775547423.9753518,887.4,360.24,0.31223288232382584,0.4029679177222719,0.40419316745137923,0.43625251364739354
1775547424.0082252,883.24,357.54,0.3110588907353369,0.4023206252360484,0.40321993943257073,0.4359574108598897
1775547424.0540788,878.68,357.48,0.31120227625846675,0.4021272017766302,0.40340805039234623,0.43536066944727236
1775547424.0856595,877.14,356.9,0.31147821747735754,0.40075213333578474,0.40462231436738033,0.4349158620087919
1775547424.1187325,874.36,357.42,0.3115231789035353,0.4010594609870221,0.4045684468883547,0.4347735580261474
1775547424.1498392,874.04,356.52,0.3121253867708747,0.4018235334241264,0.40493954663872866,0.4360925025508761
1775547424.1827612,873.24,355.4,0.3119671149287275,0.4009602569656078,0.40631804723976483,0.43766036799177715
1775547424.2146308,869.94,355.54,0.31225838031546216,0.40135595199187896,0.4039710144875824,0.43549323721157823
1775547424.24806,869.78,356.86,0.31169438026139634,0.40043233543052825,0.4046117434757198,0.4361419306091755
1775547424.278926,868.36,355.88,0.31211948856829547,0.4003622344700441,0.40336256732843245,0.43444503784827765
1775547424.3101184,866.98,356.12,0.3128342570242486,0.40202307750402355,0.40520678077783473,0.43597488846318483
1775547424.343192,868.18,357.52,0.3131807002324427,0.402469945231823,0.40451782252161617,0.43566476898336115
1775547424.3739924,865.98,359.18,0.3118178089698085,0.40202892449327965,0.40322566967340145,0.43503606549813334
1775547424.4067476,863.76,358.52,0.311861780634896,0.4020294248265714,0.402868929430272,0.43565351952205245
1775547424.4407666,862.54,358.32,0.3103676002893797,0.4004524865332522,0.4028314497440258,0.4356973037487181
1775547424.4883554,860.46,358.62,0.3109166811956316,0.40083828986648706,0.40178468699900677,0.4321678981271444
1775547424.5172846,858.86,356.98,0.30945337416069596,0.3988303790832334,0.3980606835048293,0.42938166652791876
1775547424.5513408,861.1,356.56,0.3076336582459744,0.3984367689194865,0.39692997027896476,0.42813255360032754
1775547424.5821266,858.58,357.84,0.3067226821221123,0.3960252204352986,0.3955966452286716,0.42749784404695984
1775547424.6162071,856.72,359.06,0.3074283861645064,0.3974085161331347,0.3958245834121603,0.42684666369928875
1775547424.648533,850.4,359.52,0.30647815234062864,0.39700985172490605,0.39367104061009783,0.4270647043266229
1775547424.6778486,851.06,359.24,0.3069548094036091,0.39663527393057096,0.3957984807071798,0.4265326219234158
1775547424.7106373,852.32,360.02,0.3072753606526412,0.39740937511148977,0.39695109115854305,0.42708552479455636
1775547424.7417247,843.92,359.32,0.30702096889931796,0.3970213464148151,0.39748694684498453,0.4274998637985611
1775547424.7738311,845.02,360.56,0.30794299428391997,0.39846717295775574,0.39728092644162977,0.4285999600142222
1775547424.8067808,839.78,362.36,0.3077486970079669,0.39778425483027,0.39812737479481874,0.42771263684731065
1775547424.839585,837.66,362.84,0.3079687090319383,0.3982653785845316,0.39799278899813745,0.4277516607442864
1775547424.886822,837.08,363.02,0.30627075796850045,0.3977910674593183,0.39677340806085815,0.428164245364849
1775547424.9190187,838.4,363.56,0.3077374950309721,0.3990715188903219,0.3982310856649673,0.4289759551519783
1775547424.9504564,834.76,363.4,0.3058519050463979,0.39761225135569794,0.396282152380228,0.4294829565767739
1775547424.9815755,835.0,364.2,0.306981381355087,0.39942877466290105,0.39825779994462335,0.4281928770420487
1775547425.0147595,831.16,364.64,0.3092455555668744,0.3991100965596901,0.39873673754775296,0.42899206319751104
1775547425.0493999,833.14,365.28,0.3091405809507443,0.3994327091739673,0.3975859031746612,0.42927769697052764
1775547425.07866,833.18,363.88,0.3075143273733774,0.39846393596834334,0.39722061869397923,0.42837962722169814
1775547425.1117537,833.36,364.86,0.30717242512911,0.39696792447766105,0.3977649063858759,0.4301101552379273
1775547425.1426623,834.6,370.06,0.3089866268594338,0.3984222953632723,0.3989957775387183,0.4302319660692944
1775547425.1763844,834.24,371.14,0.3081957866090967,0.39820207975191224,0.398730925869003,0.4288737534507777
1775547425.2056892,834.4,368.7,0.3070930606229469,0.39872462025636624,0.39816567094913274,0.42996234793455057
1775547425.2401497,831.8,370.4,0.31051891865049597,0.40078195847159764,0.4004225598632311,0.43134447775641493
1775547425.273851,833.32,370.56,0.3101182912051698,0.4017089447278862,0.4002225225572878,0.43048583440646215
1775547425.3186314,833.38,370.0,0.3094618527333055,0.40096326716741093,0.40072275840742555,0.43219465873253105
1775547425.3511205,829.02,370.16,0.310446201319003,0.39994536448924217,0.4008032159746466,0.4326551668467553
1775547425.3820446,826.98,370.84,0.30930974499663083,0.40061225672941875,0.4019324541184497,0.4345616260542157
1775547425.4139946,825.46,370.64,0.3102820347076966,0.4015241987361119,0.4018763478975538,0.4342076571992219
1775547425.450231,825.84,370.98,0.3096553797079293,0.3996670397124087,0.40057010619266187,0.4323248045432567
1775547425.4787643,824.12,371.92,0.3100372025162228,0.40041683166299474,0.40071416478981575,0.4326390678284122
1775547425.5108392,820.22,370.9,0.31189466220597833,0.40087967686860443,0.4026100117313081,0.43532592562310624
1775547425.5431633,818.9,371.8,0.31195336989359057,0.40193854032127174,0.4011022354548487,0.43248652874313903
1775547425.5738761,818.64,370.26,0.3078248373316506,0.4007559076292817,0.40023134768472896,0.4328059951636624
1775547425.6068954,819.16,368.14,0.3110470889223976,0.401683137918467,0.400312794023997,0.4340438211101517
1775547425.6378481,820.88,368.86,0.31151415398543125,0.40209582886000245,0.403016299008857,0.4345696929563344
1775547425.6713564,823.8,368.34,0.3108002110412383,0.40167732411469276,0.4015437409981254,0.43253251731606834
1775547425.7188745,826.46,368.76,0.3115484776276044,0.4006696842274995,0.40368910023376786,0.43407161463497435
1775547425.751407,825.54,369.72,0.31341766446049685,0.4015575225687581,0.4030030919922605,0.43469902519082904
1775547425.7816257,826.18,368.76,0.31180587982777747,0.402778832604797,0.40252383281194615,0.43291916007101705
1775547425.8163526,825.22,369.34,0.3117862245897461,0.40292911260011377,0.40251437229480663,0.4356176502299276
1775547425.850315,824.58,369.88,0.31201797744739657,0.4029208477652514,0.4034745354776162,0.43445851578024886
1775547425.8801882,824.78,371.92,0.3107935122794634,0.40170922783909074,0.4025191944785359,0.434376223571294
1775547425.9107618,824.08,370.78,0.31125849512249987,0.40467677691565523,0.40319407213353325,0.43355758288151675
1775547425.942794,822.16,372.54,0.3118214073601372,0.4017237081170312,0.40377886910680383,0.43375882708125457
1775547425.9748917,821.88,373.12,0.312758185650988,0.4044489731960564,0.40438945178437624,0.4352698251839132
1775547426.0063736,818.12,372.2,0.31297155233427787,0.4031503311207322,0.4040699565991799,0.43560236206815495
1775547426.0381424,818.64,371.4,0.31330506917351175,0.40431175389057694,0.405002697762296,0.4358556768219168
1775547426.0698721,817.92,372.52,0.31223542184984704,0.40159747266806234,0.4059103420268077,0.43717987249800305
1775547426.102477,818.84,372.56,0.3120096770282056,0.40173647159530207,0.4053631838269137,0.43647484426960664
1775547426.1354933,817.92,372.84,0.312582576741225,0.3986561058449974,0.403394257498834,0.43412402710754183
1775547426.1686049,816.64,374.14,0.31428496843593623,0.40209181624370033,0.40433263039664885,0.43323356431765686
1775547426.2138782,816.36,374.5,0.31146998643692614,0.4006500270844736,0.4026737682574231,0.4316537869075448
1775547426.2507188,818.56,374.02,0.31259158603589954,0.4004258933001729,0.4032402114898078,0.4322161219513351
1775547426.2788405,821.42,373.36,0.3130001678447718,0.4002413033599367,0.4038291420890157,0.43469092461468595
1775547426.3109078,825.54,372.94,0.3116957560496083,0.39944698333311107,0.4027655692528096,0.4346590786620579
1775547426.3428614,822.18,373.9,0.3118058356172658,0.39948976161919564,0.40214001572841995,0.43403745902137236
1775547426.3750885,820.92,372.62,0.31113494011733034,0.39833907692146003,0.4020829962274089,0.43321125046002545
1775547426.4068193,822.8,373.32,0.3084615483313392,0.39750177837365447,0.401681070715737,0.43264765292970003
1775547426.44045,821.26,372.96,0.30941746721069713,0.39755476949315277,0.40132881861329117,0.43412183516378533
1775547426.4702098,821.7,374.16,0.3116486232106203,0.39843056146097866,0.40285612447344404,0.4349664244580789
1775547426.5044,822.48,374.5,0.30929709707098735,0.39749347323790357,0.40058347131816263,0.4336089410300022
1775547426.5388145,822.92,374.74,0.3104302545557763,0.39880420410062695,0.40166131775879305,0.4342866048129054
1775547426.5828776,822.9,374.2,0.31137195379670435,0.3981492666288289,0.4021205640634635,0.43544298424182104
1775547426.6137793,826.6,374.28,0.3111503214827827,0.4002755913042317,0.4029678939276019,0.43366071060201217
1775547426.6456,826.06,373.1,0.30916253956271217,0.39838448396025944,0.40174552642247746,0.432713278177001
1775547426.678804,827.94,372.38,0.31308082863731324,0.40229427837422616,0.40326231137531543,0.43452858342314604
1775547426.7099097,826.02,371.32,0.31114893711451774,0.40045880087317204,0.403142300854721,0.4344722382545164
1775547426.7429032,824.1,371.16,0.3135952064473198,0.40294388357678934,0.4036349578702388,0.4355451685111781
1775547426.7746093,819.86,370.24,0.3119498224059274,0.40298626506762697,0.4025043033709814,0.4334056346588793
1775547426.806665,822.06,366.48,0.3115427502680312,0.4013246586865962,0.40301226544077745,0.4339128639176402
1775547426.8387187,822.12,365.48,0.3127092397719959,0.40218163586096684,0.40263258730145596,0.4343792856336323
1775547426.8707304,821.38,366.26,0.31390322045100333,0.4039149437377082,0.403161152601073,0.4335656315689241
1775547426.90186,819.58,365.58,0.3113280661259841,0.40051532573236964,0.4020646378315776,0.434107232020905
1775547426.9349568,819.66,365.44,0.3131556568397458,0.4014665674257394,0.4024389013032401,0.4340448000431084
1775547426.9684021,821.68,364.88,0.313701467603017,0.4025353872852324,0.40351792381332674,0.43485133443932217
1775547427.0159752,822.52,364.78,0.3137851621075546,0.4022360866637946,0.4036627308527913,0.43454912707146304
1775547427.0513675,821.1,364.1,0.31450464031562814,0.40352319839490186,0.4041601497585124,0.4354958577093702
1775547427.0800772,822.78,364.02,0.31420034072500563,0.40332464353967773,0.40461796390559945,0.43638764851517003
1775547427.1101844,823.26,363.7,0.31541289604562966,0.40580394668372904,0.40612523136182854,0.43731421780060703
1775547427.1441467,822.96,362.24,0.31595974642481367,0.40518234274585874,0.40474195866463375,0.43580630132915105
1775547427.1747415,823.9,361.5,0.31501656179282245,0.4042247724985722,0.4050171774349554,0.43661717560325786
1775547427.205905,823.38,361.06,0.3145638384769514,0.4035792974989368,0.4051719894577853,0.436407095001703
1775547427.238726,823.72,361.94,0.31560699605770537,0.40388379890143916,0.40443121708019936,0.4355603687150185
1775547427.2709992,822.92,363.12,0.3160682929527047,0.4043043788294255,0.40540646836923255,0.43636296009944386
1775547427.3020718,822.44,362.34,0.31714379492217354,0.4080185939048182,0.4059105363712804,0.43717763068043114
1775547427.3337896,824.28,362.22,0.318724428255927,0.40791287233272283,0.4071899384744801,0.4368167660502014
1775547427.3664844,826.1,361.58,0.31834878578422643,0.4067914885852818,0.40521211674598046,0.43561589354942887
1775547427.3996396,825.66,362.2,0.32187733144831876,0.40741212017472905,0.4056854618252507,0.43449803403254383
1775547427.4468997,824.34,362.48,0.33038312058607927,0.41056230802139043,0.4093470516435506,0.43205011617013417
1775547427.4776742,825.9,362.04,0.3298385718093686,0.4057943259975237,0.4055579804487325,0.42312509769067536
1775547427.5107553,826.18,362.06,0.3152376081882748,0.38486568887392886,0.38883266773182334,0.40094899634714776
1775547427.5430763,825.88,359.84,0.3003851305337394,0.3607866516307159,0.37131544034257885,0.3828366754145573
1775547427.574006,823.32,360.24,0.2810011164570275,0.336885673356686,0.34874594260544883,0.362679245248715
1775547427.6059213,826.38,360.66,0.24857642004193492,0.2954155165989612,0.30957527975204224,0.33151775683006934
1775547427.6399355,824.58,359.72,0.21650958010417934,0.25335665652436484,0.2665208277513184,0.30482897400852366
1775547427.6707473,824.1,359.0,0.17739559153148307,0.20786726274312448,0.22861220076916983,0.27384254899302746
1775547427.704145,823.54,358.28,0.14349152801563794,0.16053929630686606,0.18771023217714353,0.2337443680493355
1775547427.734802,823.9,356.66,0.1026464281643422,0.1100592889246234,0.14738408682754492,0.20164349264248302
1775547427.7682772,823.12,355.4,0.08028698157144101,0.07997450200429558,0.10146337232813846,0.1584576305504483
1775547427.8023884,826.02,354.76,0.06325181611018467,0.05808205740112495,0.08122001235660462,0.13016467548707533
1775547427.846656,826.76,355.36,0.05919872683905435,0.046418022014462094,0.0656773037182305,0.10516287572876022
1775547427.8786268,823.86,355.34,0.05735777166435238,0.039115657017056736,0.06486947367965469,0.09893229010674034
1775547427.9098783,820.12,354.42,0.0520491055656684,0.019670884399705497,0.05316730753043852,0.0870577220209621
1775547427.9428685,818.18,354.22,0.054502399179366466,0.0007162353176695399,0.04544477235395153,0.07450564716732863
1775547427.973855,817.54,353.32,0.06834258451187417,0.01693756378254856,0.037342364685074805,0.0593177502707853
1775547428.0067031,818.78,352.68,0.08096913350501639,0.03488539535095844,0.04634367996046219,0.05719721396100748
1775547428.037827,818.3,351.68,0.09025900258841087,0.04248770297838826,0.051318434947796504,0.06373663946768002
1775547428.070962,818.74,351.3,0.10145593590614567,0.05555777550649164,0.06057305133970224,0.06633741648551254
1775547428.1026933,816.02,351.6,0.10674386672003891,0.06284853987579192,0.06496426739358326,0.06460280272177954
1775547428.1338556,817.2,349.64,0.11452430834009933,0.06888694221534629,0.07553760415558171,0.075489383841559
1775547428.1662772,816.68,349.6,0.1203871426700546,0.07463895971547109,0.07486858863793805,0.07921517915831544
1775547428.1981993,815.58,349.38,0.12690639070982274,0.08044765250007663,0.0795013821070923,0.08100026129006051
1775547428.2321007,815.24,348.86,0.12851397190628225,0.08228365349968561,0.08282794120435685,0.08546288206268074
1775547428.2708566,814.46,348.16,0.13117130500984617,0.08157863089873343,0.0803048321578462,0.09180778108024258
1775547428.3108819,814.4,348.5,0.1348336464774654,0.08656621205248907,0.08616959448230828,0.10546749964272133
1775547428.344438,814.84,348.34,0.12838667755723016,0.08008102186070436,0.0845853964913589,0.1040568777235355
1775547428.374881,815.66,347.74,0.12055492460281933,0.07264349051237484,0.07770782988832003,0.09777681502529519
1775547428.4080663,817.16,348.32,0.12100276531315178,0.0730288936783184,0.0756268583277534,0.09656204817856812
1775547428.438581,819.6,347.02,0.11445027019799484,0.06805964835203716,0.07640552435665034,0.09892574396876565
1775547428.4698172,820.48,346.26,0.10627056405661142,0.05882639945217386,0.06718175747558378,0.09001824143899853
1775547428.5028248,818.06,345.14,0.1106811330125784,0.05954319457856053,0.06391262223340546,0.08528141628040466
1775547428.5343695,821.46,345.16,0.10144393599645839,0.05539645920573357,0.06404699593901877,0.08665480238202129
1775547428.5659385,822.54,344.44,0.09113726912264215,0.04457564172994036,0.060123115873659275,0.08491703727106209
1775547428.5987687,822.14,344.26,0.08533061902613914,0.04012518724597206,0.0616198852872673,0.08744467758807109
1775547428.6308782,821.44,343.46,0.08408668718119594,0.03922337399169079,0.06252125404433628,0.08719968272916474
1775547428.664839,823.58,342.88,0.08031038601023208,0.03291860816846028,0.057006081006217645,0.082974137108835
1775547428.7098484,824.34,342.06,0.0783215810231293,0.027150465949177426,0.047194693214152726,0.0754206554368816
1775547428.7417712,822.4,341.4,0.07370333144572476,0.019014990677170537,0.04390174939805623,0.07494372216819735
1775547428.7734118,821.16,340.76,0.07108152091563118,0.014011256791278322,0.042357927897879344,0.07593912268228166
1775547428.8067107,822.6,339.76,0.06579227198559918,0.013179256986391736,0.0501556231766053,0.08016840434617382
1775547428.8378906,822.74,339.2,0.06420976692854885,0.008302886903574178,0.04655924266316567,0.07948153265248693
1775547428.8702044,823.76,338.3,0.06228369858228053,0.00822362092176936,0.04915099803038581,0.08350036563830868
1775547428.9042094,824.14,337.56,0.060461433782618146,0.008947888091112426,0.05183204363943982,0.08542324280925824
1775547428.934724,823.04,336.32,0.05951919018091828,0.0050772873544222665,0.049903491799902666,0.08249792522246088
1775547428.9687476,820.46,335.68,0.059131881346771255,0.005504835481699933,0.04946834532538702,0.08333207049896661
1775547428.99784,819.24,334.84,0.0564973961284892,0.005984483026476386,0.05340969940476605,0.0854254922436558
1775547429.0322433,818.86,335.88,0.057078008513534784,0.008046458123562137,0.0533343249130347,0.08493633189625552
1775547429.0660846,819.32,334.02,0.052848937323775304,0.012048400795220132,0.05774558057143915,0.08873067822255731
1775547429.1108263,818.82,333.88,0.05234213146777196,0.012034718312911296,0.057874076058786125,0.08948335351309866
1775547429.1425643,817.24,333.76,0.05509995990144366,0.010447351353082404,0.05571525337228887,0.08647750661915042
1775547429.1739812,816.34,332.76,0.052957987960952115,0.012229262134188203,0.05785416186202567,0.08909726610884963
1775547429.2065682,816.56,331.98,0.052677450704547046,0.012113675921778689,0.05812043738435,0.08937327530467754
1775547429.237801,817.32,331.12,0.050644129403435434,0.010781223414710548,0.05769545889600059,0.08809532250373701
1775547429.270069,815.72,328.2,0.051302169678161695,0.011932911423288447,0.05789865061672469,0.09045828575015717
1775547429.301889,817.02,327.86,0.047432214978016925,0.016468152766470862,0.06106300294630543,0.09060043866995697
1775547429.3337185,816.98,326.98,0.04369910389961431,0.01792855830204024,0.06395406520927319,0.09498363508261845
1775547429.3667421,818.88,326.62,0.04776080255947449,0.0202169446285839,0.06534753795602767,0.09544694475674953
1775547429.4009826,819.58,326.52,0.04845222981229685,0.013637668932073832,0.060037892814033836,0.09492859891104545
1775547429.4458575,818.44,326.84,0.050727030738131465,0.01552763398691152,0.06006844036452666,0.09591672835331654
1775547429.4778368,817.7,326.1,0.04804109567295403,0.018826523225691075,0.062471477832677855,0.09640764253411979
1775547429.5097773,816.92,324.38,0.045495204748708724,0.019576898599366968,0.06381969414948438,0.09766884525509673
1775547429.5439906,816.34,324.36,0.047707437333619644,0.02297582810196548,0.06796338483819156,0.10183517596670409
1775547429.5770988,816.72,323.9,0.04405090582299625,0.02464440638966195,0.06988291191052498,0.1028901110127979
1775547429.6242542,816.66,323.14,0.04556634419506393,0.019978536529949076,0.06575811247280382,0.09951542770410947
1775547429.6559951,818.64,322.86,0.04081494116157053,0.02362254046339715,0.06850062584002999,0.10367796937582976
1775547429.688424,818.44,323.52,0.041102732974245486,0.02467842708895403,0.07048771985825884,0.10636078330098378
1775547429.7178378,818.64,323.6,0.04237777659348231,0.025468087147546486,0.07041981844339754,0.10564392896593007
1775547429.7497504,819.04,323.6,0.03798503198463442,0.026265862085965815,0.07084768380986543,0.10690387821836167
1775547429.7826762,819.2,322.48,0.040085563917500615,0.02558176843182922,0.07038331963502296,0.10686585955042097
1775547429.8137815,819.16,322.0,0.040707385286277355,0.025708753029984224,0.07036649407099896,0.10663116652687799
1775547429.8457398,819.76,321.3,0.040217317248168405,0.02561027967773017,0.06933693720306679,0.10488372926163005
1775547429.8789003,818.92,320.36,0.0411934219891144,0.026146518140193087,0.07063393226244845,0.10537239524967137
1775547429.9110138,819.0,320.14,0.03655246333969077,0.03056132005011958,0.07396242535455404,0.10721567089650226
1775547429.9420533,817.14,319.26,0.03668580638948109,0.029702815967678577,0.07366061001320093,0.10764599854765972
1775547429.9763606,813.94,319.12,0.038829274540329896,0.026005451820789605,0.07101678297260894,0.10548393163946128
1775547430.0217018,816.44,318.08,0.03996115123750415,0.02619626186183776,0.07043424676516094,0.10420950000182912
1775547430.0568495,817.18,318.98,0.036760746194503,0.03021948539850041,0.074760370534513,0.10908245837699924
1775547430.0879862,817.24,318.72,0.038422575285432206,0.02657873414959138,0.07056255678839589,0.104239668883726
1775547430.1212223,818.16,318.9,0.03474456948484824,0.031661503548945924,0.0751414129267399,0.10783561815383472
1775547430.1509953,820.54,317.78,0.03559551685374776,0.03056423921932193,0.07356545630011485,0.10702354111815891
1775547430.184183,821.38,317.82,0.037374231975878296,0.028697447994240566,0.07181481424961901,0.10594505048520308
1775547430.2138689,819.94,315.88,0.03615732237904569,0.03322101978950581,0.07522665663618888,0.10735483888844298
1775547430.2493644,819.76,316.26,0.038283408088864386,0.030798718107985838,0.07334046453494505,0.10624082663117124
1775547430.2788942,824.28,314.68,0.03780260790328263,0.027324871233717997,0.07073284846855984,0.10619610277685866
1775547430.3123982,822.14,315.0,0.035454306322005885,0.02764099552902581,0.07056773190727812,0.10433333502258245
1775547430.342805,821.18,314.42,0.03133092796702471,0.03058051152985266,0.0742813393327725,0.1088317696256386
1775547430.3747466,821.16,314.02,0.0337333414034553,0.031866387040314345,0.07429249255249741,0.10763062710203916
1775547430.4083424,822.38,313.4,0.0353975963930118,0.03397201563174872,0.0761164709469377,0.10896307082413588
1775547430.4574423,822.28,313.58,0.03398681495679174,0.029176769727786295,0.07072149028427943,0.10514242443373441
1775547430.4857352,822.74,313.4,0.03369847672869746,0.026164658164212973,0.0689089885680403,0.10424131093067696
1775547430.5188053,822.98,313.14,0.03693474224889668,0.030452706901689504,0.07346109873851617,0.10604559757777962
1775547430.5507152,822.86,312.42,0.03372418497815097,0.02950723917851656,0.0712874347949055,0.10437234130917818
1775547430.5829694,819.68,312.78,0.0333599592206963,0.032801942818652195,0.07443487582577218,0.10832204473353518
1775547430.6138263,820.94,312.3,0.034194538770007936,0.030561002786070556,0.07243492576323814,0.10553218237879727
1775547430.6470258,826.14,312.38,0.033371074659127656,0.02951479578100228,0.07208928781396688,0.10538136724139435
1775547430.6787105,826.14,312.26,0.03428994237390254,0.029783639992789022,0.07135308938768033,0.10396414374891469
1775547430.710896,822.9,310.34,0.03364474826278136,0.032238290771929974,0.07366465009397101,0.10635235377154412
1775547430.7417192,824.42,309.64,0.03593817088505325,0.03219342790916434,0.07282290423557522,0.10691040801851927
1775547430.7747486,824.9,309.62,0.03745113072897653,0.029705530211223893,0.07119883359934075,0.10377814659571194
1775547430.808519,825.52,307.68,0.039094618446003614,0.027906665073885797,0.0695390978899785,0.09993761500753577
1775547430.8424373,823.22,308.1,0.03313516250208436,0.028609934927947007,0.07116553580878501,0.10321059813540459
1775547430.8763638,826.16,307.4,0.034951653362821924,0.028937921656040054,0.07009378585213476,0.10157617553901876
1775547430.9179795,825.46,308.08,0.035696676237544335,0.026710210444696396,0.06961778505122888,0.10086483973550742
1775547430.9535198,826.06,307.44,0.03373709289261786,0.029371258837079264,0.07180530369329395,0.10269291334326144
1775547430.9822333,825.72,307.56,0.032044076799253286,0.0313758726959237,0.0731888829311467,0.10509449551334916
1775547431.0140486,827.06,307.16,0.032348798369819944,0.03130337856631601,0.07414011664359806,0.10569786443588103
1775547431.0462134,824.92,307.48,0.036112436637349296,0.028411906082493877,0.06967550292787861,0.10319650359203682
1775547431.0788574,828.96,306.88,0.03313809958116733,0.030192867497770417,0.07300205575912116,0.10441022313560397
1775547431.1098657,826.26,306.88,0.03466169797518746,0.028793070108708328,0.07103921177976082,0.10351166592386676
1775547431.1417077,825.14,306.3,0.03664933659434177,0.027929236488461233,0.06953007265503233,0.10172639111460742
1775547431.1747942,827.76,307.14,0.03549953725961247,0.03013994312362577,0.07182994061127586,0.10407598510515718
1775547431.2069385,829.72,306.78,0.03637926674617638,0.02771750926309282,0.07021872911378654,0.1018709077978186
1775547431.241254,831.5,306.92,0.03500107715841881,0.028827525386690082,0.07230974030698092,0.10406461376068717
1775547431.2769685,832.78,306.18,0.03342179648243174,0.029370426334329985,0.07125508379756919,0.10401663441513778
1775547431.318715,830.7,306.54,0.0368357100311611,0.028392177230302743,0.07030681979486306,0.10324048733815755
1775547431.3497841,831.54,304.7,0.03636898874047954,0.0266454631199393,0.06926122207537865,0.10101404203653162
1775547431.3829718,831.6,305.2,0.039267469973234756,0.02605195514969455,0.06825584844101062,0.09916157167696853
1775547431.413841,833.42,305.2,0.036010306737894154,0.029223380245523758,0.07252757528863372,0.1045990716449883
1775547431.4476545,834.32,305.54,0.034145812294466546,0.0361219175840699,0.07741055530456584,0.10613880579508389
1775547431.4824069,835.92,305.36,0.033824664637300134,0.03384214087822011,0.07739757598086265,0.1074322221611425
1775547431.5282176,835.44,305.84,0.03693655699309549,0.03302788903097192,0.0771331592461608,0.10774375720656795
1775547431.5596266,835.98,306.38,0.03474529641220403,0.0324493019789702,0.07554089852920887,0.10540035698311148
1775547431.5919938,835.02,306.72,0.03305515159400586,0.038252985548358785,0.08055719389341558,0.10816125820459882
1775547431.6253667,835.1,305.84,0.036710088845692664,0.04176712454386919,0.08494497517039751,0.10964579105830409
1775547431.670756,832.36,307.46,0.03595138801896783,0.03704181218389078,0.07960385005630893,0.10501381232128308
1775547431.7029288,830.66,306.92,0.0383717741721405,0.03415375964684074,0.07774610728974972,0.10373376869563769
1775547431.7369063,829.84,306.54,0.03718432842031104,0.03406246554441378,0.07752773781077914,0.10397350549219296
1775547431.780566,831.1,304.94,0.033595108276496734,0.036445651952023136,0.07982262679828891,0.10720773710315624
1775547431.8147595,830.48,305.02,0.03059098744954709,0.03639081772490678,0.07875217978871271,0.10621356537348448
1775547431.8461885,829.12,303.9,0.03698983945817898,0.03697005644159002,0.07960413578167175,0.10608603678115523
1775547431.8790574,828.88,304.88,0.03290745337393428,0.03444350249673466,0.07843775921552866,0.10533025318574772
1775547431.9267113,824.22,304.2,0.03186581871414003,0.0370804869389151,0.07905619265730672,0.10607598408646733
1775547431.9598243,825.44,304.28,0.03145221595318699,0.03619231207231698,0.079388289665679,0.10598294076297333
1775547431.990002,821.8,303.84,0.034092968706588234,0.035298143235095746,0.07903656753473398,0.10643645953830619
1775547432.0238738,825.48,303.38,0.03293775954433715,0.03686689751178609,0.08119953255249922,0.10808757519152218
1775547432.0697737,825.8,302.42,0.03427085982726572,0.03772438467189207,0.08145554182151739,0.10753922804263075
1775547432.1015413,825.88,302.86,0.03293144610440233,0.0382391582236885,0.082095944363653,0.10720950419685073
1775547432.1362495,826.12,302.02,0.03515796011278631,0.03638149990540105,0.08181986570633146,0.10746541302975746
1775547432.1659782,826.02,302.22,0.033676631233121784,0.042070717620855035,0.08519196644872067,0.11005625712227936
1775547432.2003694,826.5,301.54,0.03516548444134855,0.03274981444865769,0.07643370042866109,0.10370389652426949
1775547432.230065,829.3,302.56,0.030378340558717448,0.03787323081365212,0.08088403920925508,0.1090104750586078
1775547432.263773,829.28,301.66,0.029837850917921235,0.03857042271488543,0.0827085903373184,0.10764728675666435
1775547432.297444,830.44,302.22,0.031052719968084674,0.03700183541642627,0.0810529473358425,0.10820004948539833
1775547432.3426907,831.3,301.14,0.02797681741001272,0.03723612885485809,0.08180108703794099,0.10900277057734661
1775547432.374635,828.08,302.12,0.032867744019659605,0.035733639342152755,0.07888055772814831,0.10560053738197099
1775547432.405828,827.4,300.86,0.029383006757193963,0.034392687547426755,0.07904018462018751,0.1047255737319393
1775547432.437335,825.1,301.74,0.0311977781412622,0.035369594936709346,0.07840094133272454,0.10546529524503971
1775547432.4708655,825.48,300.68,0.028992653293154324,0.037070409497890845,0.08071590285018179,0.10664059172330205
1775547432.5019429,827.64,301.2,0.02837128032787814,0.034555689650717696,0.07820097956325836,0.10449831108772697
1775547432.5342247,827.8,300.56,0.030339154465105853,0.03521275402179229,0.07896969881307193,0.1050119198050382
1775547432.5658195,829.4,300.74,0.02443647326047668,0.03863523202762317,0.0827336888419117,0.10879285732025507
1775547432.5976737,828.78,300.08,0.03129204107361408,0.0370294265171785,0.08089834516712485,0.10583122948329998
1775547432.6307032,828.16,300.5,0.02516747750745671,0.03408818793481642,0.07773845496539486,0.10500117017641444
1775547432.662591,829.18,299.92,0.02880097785810099,0.034114123914514044,0.07900217513280705,0.10476402766922026
1775547432.696364,827.32,300.78,0.028896067880991333,0.03412851858104869,0.07830789822536749,0.10521404609867101
1775547432.7420173,826.86,299.78,0.0295860701497887,0.03555943852706994,0.07869030293272566,0.10403986424384358
1775547432.7759376,826.76,300.12,0.02728728589214127,0.03598322161934366,0.07826421841770302,0.10320086689810921
1775547432.805867,825.48,299.28,0.026628235251228347,0.03900473864862474,0.08177652831365331,0.10810371075311695
1775547432.8401654,827.66,300.06,0.02713079378007794,0.03507033319252017,0.07948022355185663,0.1068737767911075
1775547432.870688,827.88,299.08,0.026023976796521277,0.03250604941791917,0.07727349807089688,0.10576391367231772
1775547432.9040296,824.8,299.7,0.02794169609952064,0.03586240483842049,0.08008138865953957,0.1067027892311482
1775547432.93472,822.48,299.38,0.025242846575105563,0.035118764336486606,0.0794000822260481,0.108694034845479
1775547432.9660172,822.4,299.64,0.029653884204350243,0.038120461108215827,0.08184523740419582,0.10735301856317227
1775547432.9988744,821.44,298.78,0.029040717460833174,0.03453476030599586,0.07928323036083108,0.105502661131274
1775547433.031005,821.68,299.38,0.030819109782521482,0.0390168019710943,0.08248131795534887,0.10902469252771285
1775547433.06223,822.02,298.34,0.03011297662370498,0.035115556693811834,0.07914591734501399,0.10751666755592078
1775547433.0961308,819.98,298.98,0.02901690798669001,0.034582723002725975,0.07874085296116083,0.10541380785484963
1775547433.1427867,821.1,298.04,0.03290470498105321,0.0333886890367945,0.07667663727383126,0.10517672329524211
1775547433.173989,820.98,298.52,0.03487121108574831,0.0351960733375935,0.07863606799324122,0.10519027723850563
1775547433.207105,819.5,297.12,0.03501260237597449,0.0327122325666612,0.07908264663325108,0.10717315778908727
1775547433.2381144,818.82,297.38,0.04053853773464152,0.027880710154713502,0.0733525483482671,0.10336624396648779
1775547433.270726,818.84,295.38,0.04445176889270042,0.023750741918617084,0.06935871218457432,0.1018017983620965
1775547433.3025982,819.78,296.1,0.044023442885462456,0.026465333574749672,0.07436385766342148,0.1079782365177371
1775547433.3337712,820.96,295.82,0.04353621070858467,0.029389038267176096,0.07820207058797844,0.11258847621053862
1775547433.365841,825.24,295.5,0.04431078488119856,0.028914386953131824,0.07896825124296775,0.11413820094613454
1775547433.4005027,823.4,294.56,0.040819742656895704,0.030727192274175964,0.08273703397888789,0.11388325924872586
1775547433.4305902,821.32,295.28,0.035795321652554016,0.028217798742586057,0.08343892498605009,0.11598064266771062
1775547433.4639013,819.8,294.96,0.03172192812291796,0.019405853641274312,0.06860090600666388,0.10609398535092834
1775547433.4939451,819.82,295.42,0.053563061846982896,0.049626348163018814,0.07503843684538508,0.12845636011903025
1775547433.5269172,818.62,294.92,0.07581572928818726,0.07957899232824671,0.1162719265956556,0.16293232095459048
1775547433.5628507,818.1,295.22,0.14086300516274827,0.17511550042227167,0.17967547155038788,0.2115630488512597
1775547433.6069517,823.46,294.68,0.213121118422966,0.2626843161638961,0.26734754693024976,0.26590643839118405
1775547433.6387908,822.46,294.9,0.2606417246002727,0.31812147499059934,0.3254654098975856,0.31173030594105555
1775547433.670593,822.96,293.96,0.2882023735343988,0.3505311255481603,0.3529198360535717,0.34348915499359695
1775547433.7026763,820.56,295.12,0.30352741079840906,0.36693301225932284,0.37104133187691446,0.3705397595950997
1775547433.7337778,820.58,294.4,0.3119510125469621,0.37944198120628697,0.38274752341440527,0.39135494986578734
1775547433.7656593,820.1,294.82,0.3181452634355336,0.38345290609651744,0.3920237605114097,0.40600549018687676
1775547433.798776,820.6,294.72,0.3215447379758479,0.39023849122099163,0.398992507165925,0.4188515388026762
1775547433.8298955,821.76,295.34,0.32114029006374883,0.38808883604982664,0.4012542182119337,0.42358353364028234
1775547433.863679,821.76,294.2,0.32387071959847663,0.39144947999086954,0.4029725884971139,0.42779142690252087
1775547433.893963,817.54,294.44,0.32530018198721433,0.3935789917315804,0.404758449547093,0.43096525610907904
1775547433.9266574,818.52,293.76,0.3254866850434944,0.3958716576127487,0.4053628015090092,0.43293364056417316
1775547433.9603724,818.8,295.06,0.32450223132092854,0.394244377259558,0.4058869700225016,0.43518883982101647
1775547434.005881,818.1,294.62,0.32505783344919076,0.39627512101657714,0.4083585238068974,0.4370800008859453
1775547434.0411437,819.08,294.98,0.32400586549273414,0.39686915849568716,0.4046355216934482,0.43612683393018886
1775547434.0704849,819.48,294.02,0.3258110083367697,0.39738149200783973,0.4058695386398377,0.4374710965042596
1775547434.1040215,822.04,294.22,0.32552152621349467,0.39905054103342813,0.40541255858994235,0.435909716405861
1775547434.1352057,821.2,293.72,0.3257570822085949,0.399104195314828,0.4067786585849028,0.43718520353278234
1775547434.1682353,815.9,295.22,0.3232915970892114,0.40008831522306415,0.4058860115884998,0.43594918316496484
1775547434.1989164,817.36,294.48,0.32616767648272593,0.40136868121300623,0.4062155121138294,0.43508571111022554
1775547434.230704,815.48,294.84,0.324734015080927,0.40089233250007206,0.4046962601937789,0.4335409098331544
1775547434.2644298,814.5,294.42,0.3234084892624944,0.39774693898631935,0.40359174325425595,0.43178528645562636
1775547434.2947958,814.46,294.16,0.32253327396923553,0.39881170595483006,0.4030180246263086,0.4339645419238788
1775547434.3257356,814.14,293.02,0.32169840405484146,0.4009047515523906,0.40414391936256294,0.43323250795975154
1775547434.358741,815.7,293.5,0.3216404503619102,0.40099921102989117,0.4048931490374324,0.434267395730781
1775547434.392878,815.34,292.98,0.32215759501109403,0.4009609985887554,0.40340922283670966,0.43237322001660483
1775547434.4389586,813.52,293.5,0.3212397231235303,0.40065318737465855,0.4042941597228137,0.433874750643626
1775547434.4701486,810.88,293.02,0.32132370065872895,0.4004098264976137,0.40376066850148734,0.4327672533012099
1775547434.50266,812.16,293.42,0.32091768378444263,0.40280642147624096,0.4036286082999172,0.4327823762869578
1775547434.5345595,812.94,293.78,0.3193459409722048,0.4007289880046809,0.40282992268450823,0.4329388905615183
1775547434.566388,812.52,293.8,0.31939367417345066,0.40084080277345197,0.40084782519041967,0.4324457493588615
1775547434.5977623,810.42,291.54,0.31783132354628457,0.4003618110559052,0.40139777297610996,0.4302548940724116
1775547434.6311247,809.16,293.18,0.3163298807466778,0.3982435718209775,0.39744769747125547,0.4270433481520597
1775547434.6653259,810.64,292.08,0.3175261240764329,0.40031445732682086,0.3982214119944459,0.42747346795038443
1775547434.6937628,809.72,292.7,0.3159622049207511,0.39962483406082716,0.3972401440461733,0.4270782000065401
1775547434.7284539,810.46,291.96,0.3162720139610312,0.3996173759702015,0.39707877615081427,0.4263561688596883
1775547434.7654452,811.48,292.6,0.3162417506913841,0.4012692447946284,0.3969386541867492,0.42675410147097875
1775547434.7910416,810.56,289.96,0.3146945816182099,0.39817483612785937,0.3962331397271865,0.42763284730842877
1775547434.8253634,809.18,290.52,0.3144807994789387,0.39857655433196937,0.3947445311552004,0.4262417952830855
1775547434.8695538,809.12,289.96,0.3142142042475535,0.3981851037797765,0.3955331248627359,0.4279495258529394
1775547434.9026134,807.68,291.0,0.31410265006267324,0.39779427957340313,0.39652650582930704,0.4278210870190312
1775547434.9365256,807.78,289.98,0.3162355361710958,0.400379231730543,0.397788495163351,0.42879613440707204
1775547434.9828575,807.14,290.66,0.31535246553043517,0.3998556001197759,0.39743775794016434,0.4284580573022566
1775547435.0138388,810.32,289.44,0.31749726353443103,0.4018403947091443,0.3973705398668837,0.4288892859224157
1775547435.046024,811.08,289.86,0.3153765758401484,0.39918118988271256,0.397833001179497,0.4286393995270566
