Timestamp,Inner_Env,Outer_Env,Index_Dist,Mid_Dist,Ring_Dist,Pinky_Dist,Label
1775542597.0754025,0.0,0.0,0.0,0.0,0.0,0.0,1
1775542597.1667826,487.9,582.44,0.0,0.0,0.0,0.0,1
1775542597.1964123,487.2,582.52,0.0,0.0,0.0,0.0,1
1775542597.228546,487.8,583.0,0.0,0.0,0.0,0.0,1
1775542597.2470372,487.74,582.96,0.0,0.0,0.0,0.0,1
1775542597.2908127,485.84,583.46,0.0,0.0,0.0,0.0,1
1775542597.3127816,485.54,583.16,0.0,0.0,0.0,0.0,1
1775542597.333815,485.44,583.82,0.0,0.0,0.0,0.0,1
1775542597.3683054,485.24,583.56,0.0,0.0,0.0,0.0,1
1775542597.4027648,486.02,584.2,0.0,0.0,0.0,0.0,1
1775542597.4308753,485.94,584.06,0.0,0.0,0.0,0.0,1
1775542597.46642,484.6,584.36,0.0,0.0,0.0,0.0,1
1775542597.4934788,484.4,584.06,0.0,0.0,0.0,0.0,1
1775542597.5298843,482.42,584.1,0.0,0.0,0.0,0.0,1
1775542597.5559418,481.88,584.16,0.0,0.0,0.0,0.0,1
1775542597.6046169,481.1,584.42,0.0,0.0,0.0,0.0,1
1775542597.6394477,481.08,584.42,0.0,0.0,0.0,0.0,1
1775542597.674307,479.2,584.3,0.0,0.0,0.0,0.0,1
1775542597.7087376,477.04,584.44,0.0,0.0,0.0,0.0,1
1775542597.7370503,476.6,584.42,0.0,0.0,0.0,0.0,1
1775542597.7643745,476.18,584.62,0.0,0.0,0.0,0.0,1
1775542597.798951,473.42,584.52,0.0,0.0,0.0,0.0,1
1775542597.833707,472.42,584.52,0.0,0.0,0.0,0.0,1
1775542597.861539,472.84,584.7,0.0,0.0,0.0,0.0,1
1775542597.8969066,472.08,584.74,0.0,0.0,0.0,0.0,1
1775542597.9309454,471.44,585.26,0.0,0.0,0.0,0.0,1
1775542597.9587014,471.68,585.24,0.0,0.0,0.0,0.0,1
1775542597.9935622,471.68,585.8,0.0,0.0,0.0,0.0,1
1775542598.0352316,472.6,585.62,0.0,0.0,0.0,0.0,1
1775542598.0703504,472.78,586.06,0.0,0.0,0.0,0.0,1
1775542598.104087,473.76,586.12,0.0,0.0,0.0,0.0,1
1775542598.1270325,473.42,586.36,0.0,0.0,0.0,0.0,1
1775542598.1579535,473.08,586.3,0.0,0.0,0.0,0.0,1
1775542598.1910946,472.24,586.46,0.0,0.0,0.0,0.0,1
1775542598.2231026,471.72,586.36,0.0,0.0,0.0,0.0,1
1775542598.2557676,471.56,586.5,0.0,0.0,0.0,0.0,1
1775542598.2866976,471.28,586.54,0.0,0.0,0.0,0.0,1
1775542598.3214388,471.3,586.84,0.0,0.0,0.0,0.0,1
1775542598.3520584,471.62,586.82,0.0,0.0,0.0,0.0,1
1775542598.3845325,470.76,586.92,0.0,0.0,0.0,0.0,1
1775542598.4322112,469.88,586.86,0.0,0.0,0.0,0.0,1
1775542598.4633725,469.42,587.0,0.0,0.0,0.0,0.0,1
1775542598.4958963,468.86,587.02,0.0,0.0,0.0,0.0,1
1775542598.5271833,468.44,586.9,0.0,0.0,0.0,0.0,1
1775542598.5600612,467.36,586.96,0.0,0.0,0.0,0.0,1
1775542598.5921147,466.16,586.82,0.0,0.0,0.0,0.0,1
1775542598.6242907,465.06,587.0,0.0,0.0,0.0,0.0,1
1775542598.6543255,464.28,586.8,0.0,0.0,0.0,0.0,1
1775542598.688069,464.36,587.06,0.0,0.0,0.0,0.0,1
1775542598.720435,465.98,587.14,0.0,0.0,0.0,0.0,1
1775542598.7513866,465.62,587.04,0.0,0.0,0.0,0.0,1
1775542598.7994993,466.02,587.44,0.3162331464890353,0.4200724216999278,0.4602505775665377,0.4633660132871944,0
1775542598.8466508,465.84,587.24,0.3290608881228736,0.4355516825119577,0.4656685027079119,0.4758418404932778,0
1775542598.8929205,465.52,587.34,0.3406629591631404,0.4451027037904689,0.4664782529304888,0.4742746759658583,0
1775542598.924645,465.4,587.38,0.3418927352121926,0.4429057657579107,0.4631409192457947,0.4689276819108935,0
1775542598.9578853,466.42,587.5,0.3454206696579165,0.4471682619416036,0.4568136207320238,0.4767124050071598,0
1775542598.9888916,466.06,587.7,0.3545019067851728,0.4480291482320032,0.4570503627537772,0.4814539238492519,2
1775542599.0225575,466.02,587.52,0.3587931033213817,0.4621603199420183,0.4674830245551792,0.4852887713296989,2
1775542599.052984,465.82,587.4,0.3620731393855551,0.4708345268412538,0.4806244283294794,0.4957211387028002,2
1775542599.0856507,465.02,587.22,0.3599369403439958,0.4602318690597779,0.4690491363161881,0.5003996091719088,2
1775542599.1170096,464.68,587.04,0.3586449261056827,0.4626448502145988,0.4741331217544771,0.4961243190136941,2
1775542599.1489832,464.68,587.28,0.3556241813265762,0.4588653329011897,0.4757485621107586,0.5118754928926645,2
1775542599.18076,465.32,587.34,0.3553471938574621,0.4572295450912473,0.4790420991072407,0.5048780921554142,2
1775542599.2130904,465.34,587.52,0.3511030162319105,0.4487108348141809,0.4738156139226977,0.5054959645170134,2
1775542599.245121,465.28,587.38,0.3473606989138565,0.4478523122679809,0.4709538636173568,0.509658680152066,0
1775542599.2789638,465.32,587.5,0.3482186151828225,0.4498313425051006,0.4663887253909085,0.4972600375289896,0
1775542599.3249326,465.04,587.42,0.3472621654957481,0.4525171049241019,0.47140067819604,0.5102417429387673,0
1775542599.3559668,466.24,587.8,0.3434333522602372,0.4479217780318174,0.4618223220894996,0.5030775070975508,0
1775542599.389007,467.78,587.7,0.3424543551159947,0.4397734088864248,0.4498601600731717,0.5087571625852516,0
1775542599.4209151,469.4,588.04,0.3454190329874612,0.4416357899714716,0.4539299797211643,0.4864002520089789,0
1775542599.4529195,470.26,587.84,0.334020479797436,0.4350679428345757,0.4559366662947787,0.5076752303988366,0
1775542599.4839623,472.08,588.36,0.3310928603334617,0.428132105659469,0.4454313810816551,0.4920500618922112,0
1775542599.5171804,472.58,588.08,0.3383914752854289,0.4290887114222253,0.4368082248962594,0.4948585052205747,0
1775542599.5488,473.0,588.56,0.3404032756438815,0.4320160731651802,0.4421490609231148,0.5155030994289127,0
1775542599.5824585,472.56,588.56,0.3431301347503968,0.4320490223477564,0.4557431768934071,0.5299822461354375,0
1775542599.6130092,473.16,588.7,0.3385268506656448,0.4260819875331056,0.4546672598721779,0.5351505857438006,0
1775542599.6464522,473.62,588.62,0.3398949880441307,0.4242422584088429,0.4459247064886719,0.5169759609552059,0
1775542599.6796863,472.42,588.64,0.3334733485548456,0.4194845474526704,0.4475625912070167,0.5170414202428152,0
1775542599.7108853,472.4,588.74,0.3326610081930161,0.4174165297662391,0.4415673620672344,0.5113360883778937,0
1775542599.756137,473.16,588.86,0.3247261577778987,0.4138074917441146,0.4289606162358752,0.4948539968267658,0
1775542599.7878942,472.42,588.84,0.3213947461058721,0.4065173931019508,0.4280663523138879,0.4840633397355938,0
1775542599.8210597,472.44,589.06,0.3157672739200117,0.3985890173129874,0.4106616617727785,0.4735490636798412,0
1775542599.8527489,471.94,588.8,0.3165915649922711,0.3990496820813788,0.4164979265438658,0.4717484003235301,0
1775542599.8848855,472.96,588.84,0.3142612377648363,0.3981205811127331,0.4182257713291376,0.476900881010755,0
1775542599.916883,472.96,588.82,0.3136881281483764,0.3981291706916135,0.4178136346821576,0.4754130834248699,0
1775542599.9481869,473.1,588.86,0.3137307742111117,0.3962226755429414,0.4168433422793222,0.4756284980353567,0
1775542599.9811325,473.26,589.06,0.3124306489988844,0.399657032036915,0.4182463187495759,0.4718651727618649,0
1775542600.0125856,473.64,589.12,0.3083318396243295,0.3985638712021055,0.4159466631601385,0.4737863428791319,0
1775542600.044149,473.22,589.08,0.3094596401516189,0.4013138645089535,0.4176754828122562,0.4727335020806854,0
1775542600.080472,474.22,589.36,0.3124696507426833,0.4000533417820066,0.4162447824904842,0.4714932462644075,0
1775542600.1101434,473.12,589.34,0.3121354183879927,0.3992268227534672,0.4136593880731157,0.4741126619427527,0
1775542600.157135,473.8,589.62,0.3099232846617777,0.401497148322622,0.4136993248584303,0.4799707591423978,0
1775542600.1881113,473.32,589.74,0.3146560817384634,0.4069120011912592,0.4170089500270387,0.486109489179846,0
1775542600.222031,473.32,590.08,0.3164729440134703,0.4066516311825088,0.4180156126011253,0.4899922232214949,0
1775542600.253067,474.56,590.16,0.3202334362767696,0.4116619124301354,0.4218124093416493,0.4958133005895448,0
1775542600.2849095,475.68,590.5,0.3192774830424689,0.4118278034986675,0.4222910597725267,0.4962973087516656,0
1775542600.3169036,476.4,590.58,0.316924122473602,0.4112900416929518,0.4228589358514424,0.5030331877370906,0
1775542600.3503573,477.14,590.78,0.3181640405832897,0.4080325940957507,0.4203938401937697,0.4880018224685245,0
1775542600.3813934,478.06,590.72,0.3174223281477366,0.40466536948952,0.4197622941882951,0.4943630492754108,0
1775542600.412946,476.98,590.78,0.3179897765919994,0.4018169076838939,0.4185657158884303,0.4845230182935726,0
1775542600.445197,477.64,590.8,0.3151108313981794,0.4012598360650818,0.4205593582920685,0.4810412380568462,0
1775542600.4810915,477.84,590.86,0.3156132062892995,0.4000290704276991,0.4201518409131777,0.483828655664443,0
1775542600.5079796,477.78,590.94,0.3105697128895181,0.3979538737010882,0.4189588840956455,0.4873855057494129,0
1775542600.5423295,476.18,590.9,0.3136179608461962,0.4002369353487712,0.418665576803623,0.4968991697410618,0
1775542600.5880072,475.92,590.76,0.3213876079476657,0.4084544084787943,0.4329542329224426,0.5056663072745353,0
1775542600.6210053,475.0,590.78,0.3267924797143857,0.4156315057983578,0.4355924962267402,0.5128627528902855,0
1775542600.6529963,474.6,590.58,0.3296217241409938,0.4214608042476755,0.4422982872638171,0.5183651955677916,0
1775542600.6861193,474.2,590.72,0.3353530713414014,0.425858753337588,0.4404627353748316,0.5165907741178208,0
1775542600.7166383,474.54,590.92,0.3391495712668019,0.4317458265779496,0.4459823637854595,0.5193164330428854,0
1775542600.7488506,475.3,591.1,0.3429367541114124,0.435552056533891,0.4574826517759009,0.5321782293448626,0
1775542600.7815852,474.82,591.3,0.3460354146284467,0.4396834031081175,0.465223407531817,0.5367045521730742,0
1775542600.8129754,474.02,591.28,0.3490713030096631,0.4480290090408695,0.4749914331990416,0.5715875696173685,0
1775542600.8461015,473.48,591.1,0.3558742412503662,0.4487411881449583,0.4812667959474947,0.5769131497286611,2
1775542600.8814971,474.36,591.08,0.3526880503588072,0.452315388905984,0.4891263597209105,0.5931550201549542,2
1775542600.910289,473.94,591.2,0.3592417332012439,0.4530522965650561,0.4843199052343134,0.5712329949564423,2
1775542600.939829,474.22,591.18,0.3560101498187387,0.4548783244479487,0.4930992707862396,0.5760841367338265,2
1775542600.9735446,474.36,591.02,0.3596385349779025,0.4568458553563861,0.4947851489986739,0.5747306596397126,2
1775542601.0082653,473.8,590.96,0.3581230462217464,0.4517286341100237,0.4893117358541852,0.5771074925251529,2
1775542601.0532966,473.14,591.12,0.3594474396238024,0.4514414868185067,0.4795123169482344,0.5690624017836666,2
1775542601.0839448,472.7,591.1,0.3630447770500637,0.4560026583951447,0.4887553758839822,0.570934047271056,2
1775542601.1167655,472.0,591.36,0.3687628019776376,0.4633233018546597,0.4914402635314269,0.5612640478268106,2
1775542601.1489244,471.76,591.44,0.3685592819807532,0.4687704925340702,0.5004743101457915,0.5636176476685426,2
1775542601.182402,471.2,591.36,0.368248248861095,0.4666333503661536,0.4988034107089146,0.5678819218043771,2
1775542601.2131228,471.86,591.44,0.3750860965919539,0.4702063697802345,0.5026588783565386,0.5678911363679149,2
1775542601.244052,471.88,591.46,0.3745374809792143,0.4731236400932325,0.5038851025188965,0.5637797968135103,2
1775542601.2771444,472.12,591.6,0.37454659629708,0.4731304384368281,0.5120628459654877,0.601669143027802,2
1775542601.3089733,471.82,591.78,0.3726699786646739,0.4695230407860472,0.4960895423726247,0.5664321167996401,2
1775542601.3399563,472.08,591.9,0.3779335565132787,0.4698657424368447,0.4937461130250702,0.5637090790872306,2
1775542601.3737607,471.94,591.98,0.3760709355505353,0.4751835729150416,0.508433770465886,0.5784921534980466,2
1775542601.4199886,472.2,592.16,0.3776105530895342,0.4737163386232654,0.5076820047839724,0.5819682059508732,2
1775542601.452772,471.42,592.14,0.3876152273039454,0.4836973181246527,0.51551511924205,0.5830356448562549,2
1775542601.48577,470.84,592.08,0.3866534950959441,0.4840519779922155,0.514100988292008,0.5932452025155661,2
1775542601.5162506,469.68,592.26,0.3970034002432223,0.4989269306723521,0.5329412173703368,0.6150151522618842,2
1775542601.5503693,469.54,592.18,0.3959647079900867,0.5033633286954506,0.5346190026453395,0.6369682333315344,2
1775542601.5825214,470.44,592.26,0.3973838713270634,0.499278751404018,0.5306856063322244,0.6214464822637562,2
1775542601.6142423,470.04,592.46,0.4037704612165301,0.515664747406081,0.5372046724677223,0.6200701693458207,2
1775542601.645031,470.42,592.22,0.4023828425451864,0.515047407406767,0.5525849369863178,0.6097029120806279,2
1775542601.6760476,470.06,592.22,0.409337073527773,0.518514894245701,0.5507785466451267,0.6251489205555828,2
1775542601.709055,469.84,592.24,0.4098860264515063,0.5286069062566257,0.5607820771769452,0.6381677856631706,2
1775542601.740847,469.2,592.32,0.4166689715839285,0.5297587055416573,0.5621259222136058,0.6299181900191302,2
1775542601.7729769,470.1,592.24,0.42020341160271,0.5350214940265369,0.5669040393580806,0.625966073180779,2
1775542601.8064902,469.02,592.3,0.4202613719484711,0.5274268396862749,0.5640728152114068,0.6185849550939355,2
1775542601.8526793,469.42,592.14,0.4153201646240783,0.5206441032628754,0.5635940646548712,0.6261042227843917,2
1775542601.8853595,469.22,592.2,0.4199160474987976,0.5165401163974807,0.5590638912319106,0.6353002222988847,2
1775542601.916917,468.76,591.98,0.4190104406104253,0.5180449239932845,0.5578379862685464,0.6081258541620506,2
1775542601.9480884,467.96,592.02,0.4127343397634496,0.5120914504670043,0.5546687967983877,0.6061326856192774,2
1775542601.9833543,467.76,591.94,0.4070812602635954,0.5074992142727014,0.5477034514300052,0.6085139285743963,2
1775542602.014224,466.6,592.06,0.3943165322273563,0.4940674284885315,0.5319120450557893,0.5892463393893106,2
1775542602.061137,465.78,591.94,0.3844650475085618,0.4712029759841728,0.5071530719123096,0.5809983013547857,2
1775542602.0930636,465.3,592.14,0.3680975515236325,0.4559020290470498,0.4940883804602469,0.5638679087848448,2
1775542602.125222,464.62,592.12,0.3568216453890703,0.4464937663328325,0.4636937788430055,0.5170827356433669,2
1775542602.1590614,465.52,592.28,0.3438539996249512,0.4328785712562644,0.4491938453585081,0.5073580668336404,0
1775542602.2056174,465.04,592.3,0.330073799242761,0.4183683504311362,0.439097648537922,0.499449905404561,0
1775542602.2362497,465.88,592.42,0.3234095656691961,0.4114822283517481,0.4294303410276229,0.4852525036793151,0
1775542602.2705395,465.8,592.5,0.3170761737594334,0.405351031112493,0.4197165801627762,0.4794571887339903,0
1775542602.302254,465.72,592.5,0.3091523666123122,0.3945208348003917,0.4120513498167316,0.4749378256937859,0
1775542602.3486843,465.26,592.76,0.3052606354488758,0.3908557760278497,0.4043182565784609,0.4685690393207149,0
1775542602.3842432,465.08,592.76,0.306263730026353,0.3888516426802915,0.4073799355566223,0.4682297080466304,0
1775542602.411867,464.98,592.78,0.299354410037492,0.3823150464288012,0.4005802019426766,0.4637721089617704,0
1775542602.444775,463.8,592.88,0.2967437929314553,0.379591463859954,0.3984961676371929,0.4592222592778325,0
1775542602.4787586,463.42,592.86,0.2907965319959221,0.3712196695025928,0.3905876679288028,0.4506537439838296,0
1775542602.524162,464.3,593.12,0.2860770703208894,0.3664811578619909,0.3855380899813697,0.4461721239122811,0
1775542602.5559402,464.5,593.14,0.2793508586548305,0.3600779425353521,0.3755700668100686,0.4363426894740881,0
1775542602.5878267,463.98,593.24,0.2768897835919595,0.3570007406825961,0.3706038069527415,0.4306124894698247,0
1775542602.6207943,464.28,593.32,0.2736466043489219,0.3526281903823795,0.3675224511267234,0.4279395978718289,0
1775542602.65212,464.18,593.54,0.2725731175932995,0.3514126353720625,0.3650715249776683,0.4268557060352417,0
1775542602.685105,464.26,593.82,0.2716794688568859,0.3477876325820142,0.3621042592727986,0.425503569573973,0
1775542602.7174895,464.26,594.04,0.2731768291513361,0.3497978935198884,0.3659714327293707,0.4268134636393133,0
1775542602.7488306,464.88,594.02,0.271652731460916,0.3502487444674333,0.3657867500284056,0.4276951878282461,0
1775542602.785105,463.82,594.2,0.2731892274846088,0.3512160565949297,0.3666324274466789,0.4285220515460695,0
1775542602.8120818,462.74,594.04,0.2709426309472982,0.3486393895599112,0.3669048258159171,0.4279563918447214,0
1775542602.8463345,462.22,594.14,0.2716510563458882,0.349973989612787,0.3675652126594484,0.429992075656344,0
1775542602.876991,462.76,594.28,0.2715702040270278,0.3499730769408462,0.3682220781533484,0.4284882852202439,0
1775542602.9111435,461.6,594.42,0.2696173234180827,0.347937663603981,0.3648986665882426,0.4279329167760317,0
1775542602.955936,461.92,594.48,0.2705820676285933,0.3480836312749229,0.3642378239067655,0.4250985128982098,0
1775542602.9891095,461.32,594.52,0.2694009874819256,0.3468006342728099,0.3630231878796885,0.4246094258324622,0
1775542603.0199027,460.58,594.42,0.2678295310703203,0.3433649130518467,0.3629569407954818,0.4221489723528923,0
1775542603.0528972,459.62,594.56,0.2675454660483973,0.3429176472605171,0.3595163320707586,0.4197382321334419,0
1775542603.0852976,459.5,594.4,0.2670883711148664,0.3418787663649916,0.3580028889676722,0.4191803774290406,0
1775542603.1159031,456.88,594.8,0.2666064339202078,0.3428192490444429,0.357731252627567,0.4174217136417406,0
1775542603.148996,457.86,594.64,0.2655344031863637,0.3420022763670274,0.3581849058638198,0.4185725336917192,0
1775542603.180049,457.58,594.7,0.2670236765248134,0.3420535144421515,0.3589419553402602,0.4192157741882013,0
1775542603.2119863,458.48,594.84,0.2622161874055555,0.3406623703050476,0.3592876347414109,0.4177367963885036,0
1775542603.245206,458.26,594.98,0.2650626136159786,0.3417143877939456,0.3576156692838649,0.4187560480613028,0
1775542603.2767377,457.58,595.16,0.2646011653694356,0.3401767614957094,0.3574041212477601,0.4175852349478674,0
1775542603.3083413,457.38,595.16,0.2650019731164683,0.341435206903745,0.3582749032360465,0.4164546955562984,0
1775542603.3427894,455.8,595.24,0.2644650806515538,0.3400952221276583,0.3568108723380637,0.4171445227463092,0
1775542603.3879402,455.22,595.28,0.2657246859365274,0.341890927089568,0.3595946728917369,0.4169542660783251,0
1775542603.4225338,455.0,595.2,0.265957604969451,0.3417697752287999,0.3603502169460701,0.4171132350809416,0
1775542603.453038,454.32,595.12,0.2655011459926159,0.3402307201878663,0.3597546426491783,0.4171020320466694,0
1775542603.4864075,454.02,595.12,0.2642694286625519,0.3390744682424991,0.360738463286658,0.4184778668371144,0
1775542603.5163748,454.26,595.26,0.2662543082734516,0.3426465901945631,0.3627467754692394,0.416182186575001,0
1775542603.5502317,453.18,595.4,0.2641647124249569,0.3422994121902103,0.3619736443348609,0.4188175590650438,0
1775542603.586613,452.64,595.24,0.2642331067217015,0.3433700616677985,0.361564133717787,0.4188586476778247,0
1775542603.6120164,452.48,595.42,0.2641275252955271,0.3433423946841525,0.3607968287446687,0.4202191283864077,0
1775542603.6447716,451.46,595.5,0.2649118199751178,0.3429496841783797,0.36154112829772,0.4199480267978821,0
1775542603.6769612,451.04,595.4,0.266490248259334,0.3437016525155489,0.3594583803691575,0.4192164489681268,0
1775542603.7090058,450.84,595.38,0.2672492608686693,0.3439252117407266,0.3599656180596356,0.4211135186225163,0
1775542603.742699,450.96,595.3,0.2668952544025418,0.3453636563192919,0.3581532244859436,0.4195115700882301,0
1775542603.788477,450.32,595.28,0.265958645910695,0.3454497542192605,0.3594767341159248,0.4197256113584148,0
1775542603.820896,449.6,595.16,0.2673520232529651,0.3451638983634325,0.3582467429443596,0.4186514949401052,0
1775542603.8529823,447.88,595.2,0.2655509645440417,0.3423121205705577,0.3572755545485549,0.4186303178826384,0
1775542603.887354,447.92,595.24,0.2652513605868772,0.3417360426383123,0.3592517906562625,0.4192548582586944,0
1775542603.9315684,448.7,595.62,0.2660747605586507,0.3429733134337679,0.3586919075217267,0.4196819050752373,0
1775542603.9648046,447.94,595.74,0.2668292677613791,0.3439550548684886,0.3619462160098983,0.4205154593698036,0
1775542603.996036,447.48,595.82,0.2677794398903473,0.3453410551377647,0.3609908190172494,0.4221090930100155,0
1775542604.0298038,448.06,595.96,0.268052470460676,0.3455243368374719,0.3636411257057965,0.4237288839093817,0
1775542604.0654688,447.8,596.26,0.2707273966806242,0.3492288067825985,0.3682034352142346,0.4267431384001116,0
1775542604.107963,447.26,596.36,0.2717648888992559,0.3501221037213624,0.3661345636078174,0.4264306496828304,0
1775542604.142748,447.14,596.4,0.2720805474629744,0.3498954996203041,0.3662153031690994,0.424521856284458,0
1775542604.1759856,447.16,596.52,0.2693597769310019,0.3493607099596331,0.3698591422241815,0.4270081021871627,0
1775542604.222222,446.48,596.56,0.2703679512081656,0.3486832498556548,0.3659059205423477,0.4249529384509724,0
1775542604.2530391,446.14,596.42,0.2688208920617232,0.3471943047121033,0.3669687129547836,0.422181290554778,0
1775542604.2879343,445.94,596.38,0.2700900596346252,0.3484416981157227,0.3668138850895417,0.423002639575232,0
1775542604.3170955,444.62,596.16,0.2704313423494946,0.3466500387854542,0.3644492503636618,0.420509143438267,0
1775542604.3491032,444.62,596.24,0.2703588608114036,0.3488327699986759,0.3676280001815107,0.4226544592042777,0
1775542604.3801143,444.04,596.2,0.2688486497822178,0.3479737948572516,0.3656166232537109,0.4224431697063717,0
1775542604.4136925,443.46,596.26,0.269987420428497,0.3487166050607067,0.3707915304609113,0.4222555753912927,0
1775542604.4468894,442.72,596.22,0.2705499738546911,0.347077681266222,0.3649707485107041,0.419943956017329,0
1775542604.4918358,442.8,596.34,0.2719164018114713,0.348722196404429,0.3664121155360492,0.4234450012346025,0
1775542604.5250614,443.8,596.38,0.2701976962384528,0.3484100685184167,0.3687087105357082,0.4251420873602877,0
1775542604.5560274,444.4,596.24,0.2694614582255441,0.3458084199807364,0.3657056562435062,0.4244309248792016,0
1775542604.5884497,443.78,596.24,0.2685256090111575,0.3426730764038593,0.3622955819859815,0.4199208431786217,0
1775542604.6204915,445.84,596.34,0.2666529651694135,0.3410232409989497,0.3613567542361408,0.4173008593837347,0
1775542604.6519632,445.48,596.42,0.2643888199134445,0.3357480001619877,0.3588475172876161,0.4178268344613014,0
1775542604.6850564,445.16,596.56,0.2635786897228202,0.3341426687453431,0.3596505367373312,0.4164172803617658,0
1775542604.7185278,444.4,596.64,0.2612086448616266,0.3289429421956891,0.3544237562852682,0.4132691204906872,0
1775542604.7489934,444.54,596.78,0.2569632729415199,0.3210522617359788,0.3489849271619708,0.4083266380854405,0
1775542604.782614,444.72,596.84,0.2495074898862774,0.3112466385270141,0.3395295909267027,0.404009902688171,0
1775542604.8126726,446.24,596.3,0.2350548330740833,0.2874782414408161,0.3254699008420154,0.3965987949919966,0
1775542604.846326,445.76,596.42,0.2253483563762568,0.2706715441078864,0.3151595056329618,0.3893987188676085,0
1775542604.879263,445.88,596.6,0.2053280730739528,0.24797669002592,0.2983486538427385,0.3791909475259467,0
1775542604.9249923,446.04,596.46,0.179883415171153,0.2287541902034171,0.2789720595934288,0.362465472002503,0
1775542604.9567864,445.48,596.68,0.1389726272885672,0.1698312468601615,0.2327711996529468,0.3345901450613192,0
1775542604.9889534,445.22,596.76,0.1163639768490694,0.1604665444784074,0.2257565688181839,0.3208128889742971,0
1775542605.0199604,444.64,596.88,0.1007644889934979,0.1640818907950578,0.2327765296624378,0.3002796528028238,0
1775542605.051868,445.74,597.04,0.0982985145347352,0.1662346546609394,0.2325532812684952,0.286806072448343,0
1775542605.084895,445.78,597.36,0.1084275857525713,0.1694221663079026,0.2296654543447134,0.271710675403616,0
1775542605.115912,446.06,597.54,0.1271798948839131,0.1701228256050714,0.2229493524980051,0.2635825547607766,0
1775542605.147616,446.58,597.72,0.1092626936192255,0.1516324584428129,0.2046542542901013,0.2373652164331874,0
1775542605.1810455,445.86,597.82,0.1019836198865655,0.1400505390624924,0.1931322258705807,0.2299916674179549,1
1775542605.213022,446.7,598.02,0.0862502413655591,0.132556462843102,0.1820649193632894,0.2197889681496964,1
1775542605.2450042,447.72,598.06,0.0909256596439033,0.1316704828388818,0.180055670967259,0.2193108024769895,1
1775542605.278998,447.96,598.4,0.0815197125985883,0.112892484173317,0.1607229177213924,0.2075914093291219,1
1775542605.3248038,447.76,598.62,0.0742462196401637,0.1064674280700812,0.1592559210083932,0.2054319675466261,1
1775542605.3582385,449.2,598.68,0.0716657063414414,0.1036904928264904,0.1540340873490124,0.2033479215576757,1
1775542605.389505,449.18,599.0,0.0681993809136329,0.1014934578161669,0.1473766523411208,0.1987668151407339,1
1775542605.422729,449.42,599.14,0.064492263095921,0.0945292756575207,0.1401896918966114,0.1952129100978923,1
1775542605.4522548,449.78,599.24,0.0616510997550359,0.094476086691883,0.1429854194185098,0.1960786600209954,1
1775542605.486586,449.62,599.28,0.0633182157263574,0.0963264039937853,0.1532478494523934,0.2026181621221694,1
1775542605.5162897,450.02,599.4,0.0653526775758517,0.0972304537064638,0.1504936683191705,0.1968515827893833,1
1775542605.5487552,450.28,599.44,0.0690929735812315,0.0973338727584436,0.1550309072134867,0.2023182439251451,1
1775542605.581189,450.12,599.44,0.0692498318142277,0.1022699519017499,0.1621602162946387,0.2095063352803282,1
1775542605.612331,449.26,599.34,0.0698302767227437,0.1006579018004355,0.1589153721213413,0.2064389035083289,1
1775542605.6442926,450.04,599.32,0.0665983185644817,0.1022054212092446,0.1643541208735969,0.2141164565566115,1
1775542605.6770427,450.32,599.58,0.0717072610872192,0.1021484036894687,0.1606279944075659,0.2116535373370796,1
1775542605.7097118,450.26,599.48,0.0653809351071484,0.0999898145574184,0.1589443758939658,0.2129436024845221,1
1775542605.7554705,451.12,599.6,0.0623580571970569,0.0979201684157324,0.1587553577313005,0.2122232041572364,1
1775542605.7903416,451.32,599.6,0.0638998535602347,0.0909077966423973,0.1523481685183268,0.2053287818595565,1
1775542605.8208573,452.36,599.7,0.0610915160497323,0.0954267361877347,0.1573991043366299,0.2098671090433669,1
1775542605.8527267,452.16,599.7,0.0614380757036889,0.0963555382034642,0.1577622311881328,0.2104700449971305,1
1775542605.885013,453.16,599.72,0.0614737344470116,0.0911060880625663,0.1552975803213535,0.2068632365387021,1
1775542605.9170043,453.22,599.84,0.0619324480927833,0.0905401278241112,0.1543693263010715,0.2045017044338489,1
1775542605.948593,453.46,599.9,0.0592735459441382,0.0954496503687628,0.1594814520923843,0.211374452122845,1
1775542605.9823265,455.44,600.14,0.0672266301647284,0.0965162265707676,0.1531088535705049,0.2050403075258004,1
1775542606.0128667,454.58,600.22,0.0667894512089897,0.0925984164412719,0.1547481981758705,0.2068479600854662,1
1775542606.046702,454.64,600.26,0.0649731596794866,0.0923700283888439,0.1546468804166865,0.2074353192561761,1
1775542606.0770292,454.58,600.28,0.0699315904865141,0.096423669159329,0.1544444446091442,0.2079181883450948,1
1775542606.1092331,454.64,600.34,0.0701430615822741,0.0930510776695299,0.1531790818217044,0.2066648251181976,1
1775542606.1428697,454.12,600.22,0.070394420654016,0.0899424675044892,0.1511194921111107,0.2027713953345306,1
1775542606.19108,454.14,600.3,0.0709855590652327,0.0930501641100983,0.1527662094066,0.2062868803152253,1
1775542606.220065,453.82,600.34,0.0696115132504911,0.0914969151043878,0.1520802062645638,0.2048018428421894,1
1775542606.253199,453.82,600.32,0.0709509541883283,0.0953788469617463,0.1527095390095557,0.2066874086420289,1
1775542606.2869468,451.94,600.24,0.0711124567740328,0.0950027465075842,0.1520216860271131,0.2058044298645038,1
1775542606.333192,451.94,600.16,0.0684867985638332,0.0931902150715589,0.1538192289320487,0.2055778610274317,1
1775542606.363495,450.1,600.16,0.0719699460168945,0.0947756990136593,0.151520987339444,0.2046150365854558,1
1775542606.3968494,451.58,600.18,0.0750793673060673,0.0982970734177106,0.1560267100894917,0.2083769933739923,1
1775542606.429597,451.68,600.16,0.073199270820326,0.0885398219327052,0.1496047241464621,0.2026295010541914,1
1775542606.4634013,451.32,600.14,0.073718953295004,0.0979396627937142,0.1545651251237307,0.2059377161049302,1
1775542606.5091178,450.68,600.64,0.0735016895880994,0.0937813739310807,0.1540828341691763,0.2071750208938245,1
1775542606.5403502,451.0,600.72,0.0706243915538451,0.0938550315981642,0.155919263592049,0.2083894253995946,1
1775542606.5760095,450.92,600.8,0.0734387352851193,0.0936580867304536,0.1511209650326481,0.2026309857784251,1
1775542606.6093953,451.22,600.82,0.0750695309670863,0.0906049180002206,0.1499881474577973,0.2017900455657005,1
1775542606.6532145,450.32,600.76,0.0722601617021152,0.0914051897592494,0.1483536543002291,0.2001478413965924,1
1775542606.683964,450.88,600.7,0.0720809356836176,0.0927069653963783,0.1537728607255427,0.2062281257252469,1
1775542606.7097225,450.98,600.7,0.0745984443873764,0.0948712105176543,0.1492846463807922,0.2017058556419952,1
1775542606.7520783,450.4,600.84,0.0718108364216295,0.0953049215165923,0.1565973364114125,0.2078833760144771,1
1775542606.7975893,450.42,600.54,0.0760278800201641,0.0891555534724623,0.1486567074223002,0.1988732086845876,1
1775542606.828194,450.66,600.46,0.0749601135530951,0.0955386439433008,0.1522982606425452,0.2033630563029885,1
1775542606.861215,450.76,600.36,0.0745835718485849,0.0895901314082424,0.1447064139557807,0.1973107140080131,1
1775542606.8952725,451.48,600.48,0.0711453903008862,0.0827725461443073,0.1450641138877781,0.1992070981928692,1
1775542606.9411314,451.28,600.28,0.0740172650266471,0.0956453692512725,0.1544983370248564,0.2061760924254299,1
1775542606.9716532,451.02,600.16,0.0737130987119013,0.0900382188453483,0.148580616915314,0.1998305852191105,1
1775542607.0049863,450.8,599.94,0.0703173140814141,0.0974227367722255,0.1523629095637828,0.2008304288828911,1
1775542607.0371022,450.46,599.76,0.0717339746411218,0.1016422299062042,0.1544048400881356,0.2055612117247244,1
1775542607.068041,448.7,599.72,0.0753890294233367,0.0846235762473723,0.1477708440068849,0.2003649225992705,1
1775542607.1009316,448.94,599.5,0.0689034082993135,0.0901438044235428,0.1507200641439679,0.2030671459360672,1
1775542607.1345768,448.04,599.36,0.0675584191913999,0.088830036184326,0.1534941107879634,0.2061381409325304,1
1775542607.1807818,447.18,599.5,0.064555326810388,0.0865045835850591,0.1439312335652265,0.2009442886410888,1
1775542607.212937,446.66,599.5,0.0593083932916852,0.0850637944542197,0.145611033272066,0.1970569122096843,1
1775542607.2446826,446.16,599.56,0.0472172708277117,0.0956409046603234,0.1621784528182286,0.2151932174824138,1
1775542607.276014,444.1,599.54,0.0615295485622567,0.1133487082903116,0.1726844605857124,0.2252347843814258,1
1775542607.309404,444.36,599.56,0.0730631817946741,0.1304006706543995,0.1918918993886522,0.2362311796694228,1
1775542607.3401165,443.38,599.44,0.0892489593791626,0.1332611827968882,0.2067853354226936,0.2470454896853263,1
1775542607.3743446,443.86,599.46,0.0708400584023722,0.1240669332506575,0.2006721858360143,0.2475930304470048,1
1775542607.404798,444.12,599.4,0.0659152019057038,0.126212876089018,0.2094935437315513,0.264875174511651,1
1775542607.438565,443.68,599.54,0.0754809249644903,0.1378128941821273,0.2133421949091846,0.2856695709003037,1
1775542607.4693463,442.74,599.34,0.0860911784373826,0.1478146611733001,0.2173385819938947,0.294336609163758,1
1775542607.5009162,442.6,599.2,0.0992130950467611,0.1590119283653812,0.2213302276733782,0.3103729391171512,0
1775542607.5352786,441.56,599.26,0.1472584258599606,0.2124770307436738,0.2643314811939082,0.3333988011084853,0
1775542607.5797107,441.98,599.26,0.1340179383265315,0.2069675994132516,0.2624455646340685,0.3381945852142904,0
1775542607.6133933,440.68,599.24,0.1812495701689703,0.2580904422059653,0.3079425507509523,0.3625544201107954,0
1775542607.644945,440.72,599.34,0.2131679916506321,0.2903811227140567,0.334289740604381,0.4234847386764608,0
1775542607.675985,439.54,599.44,0.2469086558995976,0.3217522943966648,0.3580131638910733,0.4306444899718315,0
1775542607.7090826,437.9,599.32,0.2702853393588555,0.3502296079208157,0.3857482402553254,0.4652892855778715,0
1775542607.740082,437.64,599.16,0.2959895632519309,0.3769226636239618,0.4019861125679783,0.4681203726086531,0
1775542607.7731223,437.88,599.1,0.3094276270605842,0.3898506442087806,0.411582182398538,0.4811251529567177,0
1775542607.8048272,437.24,599.16,0.3155248649393742,0.3953566210529777,0.4185863973562864,0.4893933562578269,0
1775542607.836235,437.72,599.1,0.3175695619199364,0.3972558223255795,0.4194909415334994,0.490563046469363,0
1775542607.8692486,437.18,599.26,0.3144199709378644,0.3948946266781595,0.426377199437097,0.4907711331774644,0
1775542607.8999746,437.16,599.22,0.3178070005077233,0.3978460919201125,0.426932062060694,0.4866226110219891,0
1775542607.9344428,436.6,599.54,0.3175425385999689,0.396603508462209,0.4217539487852884,0.4875441234121875,0
1775542607.9680998,436.08,599.64,0.3161161838677078,0.39571884508144,0.4231070045857344,0.4849747722632138,0
1775542608.013457,435.02,599.74,0.3193043152185099,0.3996548653592274,0.4289974615437975,0.4992053112638189,0
1775542608.0449443,434.28,599.68,0.3197974693324147,0.400777746221912,0.4273555202713202,0.5057262915972205,0
1775542608.0784333,435.9,599.68,0.3202352223291531,0.4026867239203703,0.4322965167761521,0.4966730851710618,0
1775542608.1089146,434.6,599.5,0.3228855232147853,0.403018195440572,0.4314013932419277,0.4919216188741712,0
1775542608.1407752,434.26,599.38,0.3225967941592168,0.4016459266167416,0.4294766303231049,0.4951811412428893,0
1775542608.1721354,433.9,599.4,0.3248444302968649,0.404999869360397,0.4338976158592432,0.4934784847808457,0
1775542608.204162,434.12,599.2,0.3271657195428769,0.4058239857034319,0.4334257433017078,0.4981623165858821,0
1775542608.23689,433.12,599.22,0.3250708670630447,0.4053191423459263,0.4297713302749524,0.4938494405996994,0
1775542608.267888,432.36,599.26,0.3251862091372671,0.4066238210000288,0.4346714114620736,0.5027111782451273,0
1775542608.3009293,431.88,599.38,0.3237653618199049,0.4071881414781513,0.4349666656806753,0.500560430249948,0
1775542608.3321035,432.74,599.44,0.3231736352849815,0.4052802417073222,0.4337296683017708,0.5001135087445981,0
1775542608.3650029,432.16,599.4,0.3269996281167383,0.4072876520034529,0.4388763764963055,0.502241550200022,0
1775542608.3990395,431.44,599.36,0.327386850289682,0.4086736837099028,0.4371763371442737,0.4998437661059858,0
1775542608.4448645,432.02,599.34,0.3271247901545872,0.4078646405941704,0.4361307654081078,0.4934043336381192,0
1775542608.4770231,430.86,599.66,0.3283380098283633,0.4065105163450692,0.4356723732312447,0.49085792391877,0
1775542608.5079966,428.98,599.66,0.3280873207686852,0.4075840243560457,0.4362424161197741,0.5003498075749807,0
1775542608.540558,428.04,599.82,0.3262619757096546,0.4072723257942757,0.4387354197383656,0.5019195412614492,0
1775542608.5742629,427.74,599.68,0.3254888426800448,0.4064966209894518,0.4337864202392071,0.4944059557020911,0
1775542608.6040895,426.62,599.7,0.3274156197940079,0.4073757397706701,0.4353651402899376,0.4924103216978661,0
1775542608.6383245,427.1,599.8,0.326208753298002,0.4053153824757161,0.4364000524901984,0.4900697484277713,0
1775542608.6682367,426.56,599.92,0.3264745769219686,0.4066965068134932,0.4410646356727863,0.4888873533596108,0
1775542608.7014337,426.98,599.96,0.3278436849376113,0.4083389979411376,0.4411080036934876,0.4948023871415082,0
1775542608.7320118,428.3,599.94,0.3229208740504954,0.4066373155289378,0.4410757094304466,0.4967307272309437,0
1775542608.764718,427.7,600.02,0.3256295500403991,0.4060983562468475,0.4397613339896355,0.4972560250519757,0
1775542608.7969298,427.22,600.12,0.3254179797723558,0.4066221716426682,0.4380911668895152,0.4899353270129276,0
1775542608.830618,428.46,600.04,0.3248123619920244,0.4064513111054292,0.4352655668106311,0.4894678152997637,0
1775542608.8760912,427.92,600.36,0.3255953546835807,0.4056594111986272,0.4346800417190254,0.4930950670746152,0
1775542608.9088595,428.74,600.28,0.3269642459676304,0.4068341118382956,0.4361576918082862,0.4889787839477919,0
1775542608.9408553,429.92,600.44,0.3258650071918395,0.4048253522913646,0.4325900952832592,0.4923563783773601,0
1775542608.97298,429.9,600.54,0.3262124947659756,0.403189479784077,0.4336400119148557,0.4885587461273046,0
1775542609.0051053,431.14,600.76,0.3228062101764277,0.4012119846023651,0.4333003420893429,0.4899087754428411,0
1775542609.0387428,430.56,600.76,0.3215121829287155,0.3984132984233943,0.4239348401965253,0.4871717195970388,0
1775542609.0842156,429.88,600.88,0.3215755816684028,0.3980109214464316,0.4206493018141851,0.4862678163881366,0
1775542609.116871,430.78,600.86,0.3216387676221139,0.3997895940984403,0.4231739873965442,0.4839841221534364,0
1775542609.1506195,430.04,601.08,0.3194791669814029,0.3965417429090093,0.4213293688453159,0.4926968728468288,0
1775542609.1972656,430.6,601.12,0.3171071307441993,0.3958516455377684,0.4201268292877755,0.4878715254079792,0
1775542609.229275,430.28,601.32,0.3207107799678953,0.3979740862019145,0.4209134914239079,0.4843050510543601,0
1775542609.2609763,430.36,601.3,0.3221638716963835,0.3991219485666311,0.4268775692485034,0.4864736281565796,0
1775542609.2961974,430.78,601.36,0.3212730492833937,0.3966736070654679,0.4218215264946442,0.4802671245798098,0
1775542609.327144,430.48,601.28,0.3195038807692872,0.3953613534193363,0.4180184441365251,0.4808843251760521,0
1775542609.3735943,429.92,601.5,0.3199955843686557,0.3960047452840382,0.4171886535746298,0.4792470748249692,0
1775542609.4040575,430.32,601.62,0.3202070207728952,0.3950118045464581,0.4215187774912532,0.4808512125191997,0
1775542609.436218,430.92,602.0,0.3201902441385604,0.3962769122595618,0.424073115552847,0.4834860500424471,0
1775542609.4699771,431.56,602.16,0.3163234183121595,0.3911585055990019,0.4141895622278412,0.4768112560640185,0
1775542609.5161366,432.7,602.24,0.316068902387915,0.3915908402276191,0.4163150191820755,0.4814086317116209,0
1775542609.548438,433.04,602.34,0.3159063192128627,0.3940702051882601,0.4191350298109899,0.4816014331117718,0
1775542609.5821366,434.78,602.5,0.3119950943653558,0.3898852298502325,0.4189699422027559,0.4791542823978713,0
1775542609.6293864,436.22,602.48,0.3099410199815759,0.3865210288783908,0.4114732074915109,0.4779648507942393,0
1775542609.660175,438.0,602.34,0.3054618588555681,0.3793427646581945,0.4120912032517134,0.4764822685697193,0
1775542609.6970053,439.02,602.4,0.3044990545894424,0.3752818686577994,0.4103393519697622,0.4650721525552161,0
1775542609.7250817,440.18,602.4,0.3020533929035546,0.3723802183714793,0.4055949606704749,0.4473291598846417,0
1775542609.7571151,441.06,602.52,0.2989876947681107,0.3627643404814522,0.3909097322783114,0.4377840243459475,0
1775542609.7879982,441.24,602.62,0.2912486369707038,0.3477830773542623,0.3798916053627383,0.4332928798084175,0
1775542609.820585,442.08,602.8,0.2795481720306095,0.3311082424101338,0.3684832715894761,0.4232426204704839,0
1775542609.8535178,442.02,602.96,0.2478180839422781,0.2907695651674923,0.3399763689769083,0.4118140369013825,0
1775542609.8868678,442.24,603.0,0.2116269908831048,0.2502258868988603,0.3177339215952833,0.431410159858264,0
1775542609.9319828,441.62,602.92,0.1550448824986972,0.187198813756503,0.2609663890256219,0.3589236083543127,0
1775542609.9652622,442.3,602.88,0.1277120648147963,0.1800759263259556,0.2419356237229817,0.3378689348386258,0
1775542609.9978218,442.8,602.86,0.0992830858682871,0.1605898581756122,0.2300675898253414,0.3165345704045015,0
1775542610.0290318,443.14,602.76,0.0833982428023258,0.1489346062581256,0.212863651175958,0.2646892979213421,1
1775542610.0601292,443.02,603.0,0.0909941193470648,0.1525106496761329,0.2117472376625496,0.254524708714239,0
1775542610.0930564,443.22,603.06,0.0869234203675746,0.1421576826403104,0.2035244042249572,0.2497739492317043,1
1775542610.1240244,444.24,603.34,0.0855837031101573,0.1357218558230682,0.1958238143236405,0.2382206309786863,1
1775542610.1570475,445.28,603.1,0.079219236708244,0.1211847777382036,0.1822736568679235,0.2274523440407975,1
1775542610.1889236,446.68,603.2,0.0736164197125421,0.1101870374234091,0.1680942687224277,0.2172196312274732,1
1775542610.220026,449.08,603.38,0.0644829331270751,0.102475673373963,0.1575914392460873,0.2094785625299038,1
1775542610.253568,449.66,603.64,0.0589649754202102,0.1001199276282069,0.1525630717073848,0.20443755695554,1
1775542610.28677,451.8,603.66,0.0668844338791041,0.0978091215893766,0.149596903931395,0.1980649940832032,1
1775542610.332055,453.04,603.7,0.0728828308427823,0.0940700841211324,0.1463896369936567,0.1940812618930137,1
1775542610.3647797,452.36,603.7,0.0668119249015447,0.0883099377253463,0.1401376962989899,0.1897346248632098,1
1775542610.3986273,452.6,603.8,0.068811728401333,0.0965023419181421,0.1465271833433608,0.1979893495141638,1
1775542610.4278193,452.52,603.76,0.0618087656692379,0.0847399572597766,0.1329399135303255,0.184345954694214,1
1775542610.4602332,452.46,603.68,0.0591819342180989,0.0837059846699541,0.1378189936005075,0.1918671246172803,1
1775542610.4928217,453.66,603.9,0.0611197171030659,0.0852801861660951,0.1390075128654195,0.1893834639962463,1
1775542610.5261693,455.5,604.12,0.0614986632491968,0.0789429508602218,0.1349822197641247,0.1878254313705383,1
1775542610.5567586,455.62,604.1,0.0597993915216311,0.0851067076951792,0.1388362212890026,0.1922865898309436,1
1775542610.590387,457.64,603.92,0.0643172953573943,0.0823470917282624,0.1345305084547103,0.1868838799973864,1
1775542610.6210732,457.74,604.04,0.0611673356237238,0.0854768588548601,0.1408767013462895,0.1940949476533302,1
1775542610.6545713,458.62,603.8,0.0635624504089377,0.0892954588568275,0.141899297633091,0.1935240941006565,1
1775542610.6883752,459.86,603.76,0.0629500129778794,0.0889395361111356,0.1428949509817518,0.1943338513076614,1
1775542610.7323475,460.34,603.66,0.0660824836590995,0.0938985704728954,0.1458132239052446,0.1964325311661791,1
1775542610.7648566,459.48,603.62,0.0634255674151817,0.0962084061125636,0.1501264139807578,0.2017186766738756,1
1775542610.7991736,460.84,603.54,0.0709685983126322,0.1010074548210738,0.1481473566691555,0.1995041752834396,1
1775542610.828122,460.86,603.52,0.0720080603462117,0.1014435785268463,0.1488195282177497,0.2001271668519731,1
1775542610.860928,462.5,603.4,0.0714357166635422,0.1067683392358391,0.1531074199055845,0.2020147262291445,1
1775542610.8930273,462.18,603.28,0.0723552811037457,0.098477235242297,0.1482527060921949,0.1994474283109637,1
1775542610.9249413,463.42,603.12,0.0720425207611822,0.0980441658011153,0.1481634262007579,0.2003202549628584,1
1775542610.956695,464.24,603.14,0.0698739733405388,0.105058610141225,0.1538101069136334,0.2010675363175976,1
1775542610.989185,465.04,603.1,0.0724496854660841,0.1010835283683974,0.1457223293393092,0.1952580026516835,1
1775542611.0210738,465.26,603.16,0.0727738115746228,0.0992052038548502,0.1425741352742105,0.1940543291443949,1
1775542611.052855,466.3,603.06,0.0693988036505956,0.0993723092411837,0.1454470704602588,0.1956092969217304,1
1775542611.0865843,467.46,603.16,0.0708609132580986,0.1000876931186775,0.146036475135744,0.1984828985042221,1
1775542611.1320758,467.52,603.06,0.0701825329206975,0.1034515203744631,0.1490051903821586,0.201212260711584,1
1775542611.1662846,466.5,602.92,0.069182884003265,0.1035928255334749,0.1516993406988213,0.2023818475187175,1
1775542611.1995716,465.82,603.1,0.0717269244719646,0.1035968831148214,0.1473491815602614,0.1998880148211283,1
1775542611.230311,465.72,603.0,0.0768424488731077,0.1080178010324675,0.1505469658113271,0.1971883908990087,1
1775542611.2610774,464.64,602.86,0.0692239895717051,0.0964529175365993,0.1470972310344402,0.1956398549535629,1
1775542611.2945485,464.06,602.84,0.0733640841873891,0.0933123460036752,0.1397823869215403,0.1859353408854189,1
1775542611.3248775,463.38,602.78,0.0720804352199716,0.0876265578659589,0.1350964269850858,0.1819746649259664,1
1775542611.3571787,464.12,602.68,0.0728640721619818,0.0840299089970505,0.1340248306627894,0.1834976810703171,1
1775542611.388202,463.84,602.66,0.0749885573325461,0.0826509172377417,0.1315490307419907,0.1822364244649863,1
1775542611.4209669,464.58,602.56,0.0737572985234871,0.0852575130242439,0.1327886342489036,0.1800228204497294,1
1775542611.4530115,464.52,602.42,0.0765001654854346,0.0900605415206616,0.1365516256499767,0.1845915795335372,1
1775542611.4850008,465.52,602.44,0.0748361971485666,0.0861413868608012,0.1317815917886568,0.1782858204425369,1
1775542611.5180404,466.18,602.44,0.0728040677905306,0.0883717159202267,0.1373850054486846,0.187429028819208,1
1775542611.5642517,466.7,602.5,0.0745130769128649,0.0852462405137169,0.1302403970757947,0.1785163113943015,1
1775542611.6002176,467.16,602.56,0.0772670857982961,0.0796674396718489,0.1288625918616326,0.1769014547892159,1
1775542611.6279757,467.12,602.58,0.0749613865677894,0.0812591216772295,0.1277617123568648,0.1752824325947383,1
1775542611.660911,467.22,602.56,0.0769777588212954,0.0855632191199912,0.1323042564386493,0.1789772887635877,1
1775542611.6921978,467.0,602.62,0.0745365952401298,0.0862194531393831,0.129888534561872,0.1765708843847042,1
1775542611.7248266,466.7,602.68,0.0733723634950061,0.0793206472709243,0.127531146698568,0.1735179956214963,1
1775542611.756168,466.52,602.68,0.0721473376368175,0.0821092007877371,0.1308754239680186,0.177459288488163,1
1775542611.790049,466.26,602.54,0.0714024204608709,0.0838952070168337,0.1301310355888469,0.174836597231589,1
1775542611.819934,465.52,602.7,0.0683408679247672,0.0799493386636804,0.1311126691148636,0.1763055170862477,1
1775542611.8529162,465.74,602.56,0.0677299225694171,0.0838652491213007,0.1321536216971059,0.1793131254372858,1
1775542611.885002,464.62,602.42,0.0653891531197284,0.088783366973323,0.1404204148375847,0.1908905272531624,1
1775542611.9189298,464.6,602.22,0.0619545871814223,0.0903762794994103,0.1462667816019908,0.198989768829319,1
1775542611.9642854,464.04,602.3,0.0647947831595267,0.1128945835323725,0.1705252308322064,0.2217848362479921,1
1775542611.9823728,462.78,602.56,0.0893856316682626,0.1401713959421383,0.2014301901206268,0.2431468244455676,1
1775542612.0139935,463.1,602.64,0.0747915211714142,0.1268996923005442,0.2007866783360227,0.2523598180660817,1
1775542612.044069,462.8,602.58,0.0665750078581237,0.1281076933124369,0.2047928684979751,0.2680078082521056,1
1775542612.0773273,462.8,602.62,0.0826292990124266,0.1468070813603991,0.2205505081058093,0.2961260617806667,1
1775542612.108285,462.44,602.8,0.1153457803164229,0.1881012452342662,0.2644172125503054,0.3320440880129612,0
1775542612.1407502,462.18,602.6,0.1169320820703697,0.1818057450447036,0.2646101093398617,0.3360452936271785,0
1775542612.1744616,460.96,602.78,0.1834007802734758,0.2601421713969367,0.3197207046944615,0.3646170002207896,0
1775542612.221085,460.16,602.84,0.2080140674331785,0.2942308792535337,0.3450570611205754,0.4106612701352515,0
1775542612.25213,459.24,602.9,0.2376692068635363,0.3250731232985344,0.3713584981162505,0.4309258964644652,0
1775542612.284035,458.22,602.9,0.260291451285193,0.3441493053334075,0.3936014195670714,0.4563657685810663,0
1775542612.3175075,456.58,603.2,0.2864157883215141,0.3701897024806523,0.4082796350664824,0.4641660292587462,0
1775542612.363918,455.74,603.08,0.3050526193545526,0.3867134294338274,0.4186641816470177,0.4716519906408434,0
1775542612.3969266,454.72,603.34,0.3202921752846842,0.4032023238648987,0.435223513446406,0.4845667615940318,0
1775542612.4291558,456.04,603.46,0.3244260275685738,0.4085724596640682,0.4417316119203459,0.502224020658835,0
1775542612.4628568,454.58,603.74,0.3334131373540975,0.4209881687487852,0.4636770421290162,0.5255644335523306,0
1775542612.507882,454.36,603.62,0.3335073192059252,0.421712374059742,0.4637719119457449,0.5289387768178209,0
1775542612.542043,453.16,603.72,0.336101959599179,0.4203459475804142,0.4585666949340686,0.5202025780068823,0
1775542612.571963,453.8,603.88,0.3344232304141971,0.4209969303080084,0.4590211196178519,0.5191893397298658,0
1775542612.6052258,453.3,603.94,0.3391290881315732,0.4234675816586713,0.4581748698840755,0.5191743709055561,0
1775542612.641812,453.82,604.04,0.3317738910219463,0.4212453068051797,0.4601824701265182,0.520035590795449,0
1775542612.684937,453.38,604.04,0.3357960766611904,0.4235988804552348,0.4627955082617372,0.5245291749194773,0
1775542612.7172267,454.66,604.08,0.3322586245327224,0.4218297572607971,0.4636942613208801,0.5252033237950752,0
1775542612.7488468,455.24,604.22,0.3371563768426551,0.4250947745920474,0.4636902725261446,0.5278864159904375,0
1775542612.780739,453.64,603.98,0.3366114448191651,0.4245693862379416,0.4644182229321324,0.5280946680710202,0
1775542612.8120356,453.32,604.02,0.3363547299450174,0.4258525189846075,0.4696643076686164,0.5307872552567118,0
1775542612.8438942,454.04,603.98,0.3423605073199506,0.4278405014830415,0.4607794595922048,0.518408902351676,0
1775542612.8769195,454.22,604.04,0.3394579137361452,0.4238568581752953,0.4626430417512741,0.5256002466172742,0
1775542612.908117,455.46,604.14,0.3332648572369977,0.4215990659400673,0.4640079834953493,0.5243257426240524,0
1775542612.9419167,455.3,604.4,0.3392814503136147,0.4244074902381587,0.4641271171114194,0.5235459780797472,0
1775542612.9881897,455.22,604.4,0.3365699236763531,0.4235670521650252,0.4603112885194145,0.5202096492358338,0
1775542613.0211763,454.32,604.74,0.3400069304504546,0.4240257832215995,0.4650584092025729,0.5217046149972845,0
1775542613.0523188,454.46,604.68,0.3393017036731085,0.4233594252562256,0.4627840849042198,0.5129616621602167,0
1775542613.0849695,452.92,605.0,0.3406046980840886,0.4231510827140463,0.4616211979658278,0.5115823536432608,0
1775542613.1183074,453.56,605.06,0.3357172487273289,0.4227673425717423,0.4645812860320303,0.5143804977282551,0
1775542613.1481793,0.0,0.0,0.3432563312861222,0.4243933790334446,0.4626733203010601,0.5149147040502188,0
1775542613.182495,261.04,792.6,0.341601236327905,0.4227633664988078,0.4617425610029246,0.5041627489658621,0
1775542613.2120104,261.46,792.42,0.3419465654371239,0.4252566128206657,0.4685012250980349,0.523002276208535,0
1775542613.246489,266.24,792.4,0.3437991713459603,0.427881001448017,0.4677712467540412,0.5278663461759243,0
1775542613.275878,265.8,792.12,0.3457583594190347,0.4318438161367464,0.4732814649932392,0.5312822855259907,0
1775542613.3079412,264.68,791.7,0.3429303072780266,0.4313853839430367,0.4731852763058201,0.5287261311144629,0
1775542613.34104,264.28,790.66,0.34521847871316,0.4269006171467362,0.4686472040678415,0.5355671624854934,0
1775542613.3748236,264.76,789.12,0.3461870566210041,0.4317342334915117,0.474072723473941,0.5244683946473321,0
1775542613.4200292,261.14,789.96,0.3447721573066706,0.4249765521041721,0.4659121045037112,0.5277641035547203,0
1775542613.4523053,258.58,788.56,0.3440882517717048,0.4281012646198577,0.4677862398166647,0.5256690415986631,0
1775542613.4839196,259.06,789.62,0.3446355401248734,0.4288808312434178,0.4674578493733733,0.5202423414095952,0
1775542613.51683,258.92,789.7,0.3439752111840107,0.4243853534089705,0.465289379409997,0.5170761401942823,0
1775542613.548363,259.88,789.8,0.3427867758453934,0.4211925501756303,0.463466238732542,0.5151494383818518,0
1775542613.5808344,259.48,789.72,0.3398552527733684,0.4195528337682949,0.465669521559529,0.5193030930988654,0
1775542613.614846,257.48,790.02,0.3413145569255102,0.4173598763753962,0.4651535206452171,0.5183740123125791,0
1775542613.6608598,257.36,788.06,0.3338888162871002,0.407114596536108,0.4581773340153576,0.5028936316810388,0
1775542613.6920378,257.94,789.36,0.3277944522508146,0.3943143163546912,0.4555078842476504,0.5027931442801654,0
1775542613.7251794,256.88,789.0,0.3119497266207725,0.3766786498885681,0.4454518475626851,0.5031365026214016,0
1775542613.75881,258.18,789.74,0.2987522587806919,0.3539776197488848,0.4298776441680407,0.5012783405551711,0
1775542613.8046384,257.14,789.9,0.3020942645734316,0.3543464459374466,0.431312099906174,0.5015406582930444,0
1775542613.8384984,256.6,789.06,0.2021043673760076,0.2485206204709621,0.3433803399113748,0.4600760320085962,0
1775542613.868003,252.52,788.6,0.1359468912009029,0.1823362029588915,0.2585164178451947,0.397688876968451,0
1775542613.9047537,252.52,787.66,0.1031398883178975,0.1688113542232091,0.242321037244387,0.3775395524641953,0
1775542613.9355366,252.82,787.6,0.1013823025059626,0.1716169721191092,0.2481842465550739,0.380970301144749,0
1775542613.9809525,252.76,787.68,0.0681330768653003,0.1323221915389631,0.2072618113348109,0.2963956685781211,1
1775542614.0120032,252.24,787.4,0.0442119268006061,0.1070572809539778,0.1812569376157973,0.2436756823169722,1
1775542614.045673,252.12,787.68,0.0137111298578878,0.0895530565402741,0.1613865503084375,0.2230566426865963,1
1775542614.0789917,251.18,786.92,0.0051496068117526,0.0755949937507931,0.1451864062744741,0.2042227801949929,1
1775542614.1248913,254.54,786.34,0.0341765463310991,0.0574076819420613,0.121008894597084,0.1736292427214182,1
1775542614.1587522,252.82,787.84,0.0606552038546757,0.0292210369481213,0.0968592682511404,0.151929941755665,1
1775542614.2054937,253.2,789.64,0.0787271900699906,0.0443275484259154,0.0975792679109174,0.1474604058285441,1
1775542614.236232,247.82,787.9,0.0950190943351954,0.0572490864424789,0.0760029178395333,0.128064100867865,1
1775542614.268051,247.62,789.04,0.1085573073538366,0.0645671757400885,0.0677964638354089,0.11443494093133,1
1775542614.3010163,247.24,788.98,0.1281155047246577,0.0731128037241784,0.072907241584218,0.1188334039065779,1
1775542614.332903,247.1,788.38,0.1355619017469931,0.0831158407224182,0.089384935498986,0.1287391577415032,1
1775542614.364098,247.18,788.7,0.1421218303988006,0.0884978237681128,0.091539711022685,0.1290389775688984,1
1775542614.3959565,249.56,788.4,0.1394357019185306,0.0864073733350974,0.0905740286177783,0.1289751926280592,1
1775542614.4291012,250.24,788.72,0.1417613020739247,0.0893472778894168,0.0947652660972974,0.1297436387699282,1
1775542614.4601178,250.7,787.84,0.1405662915889949,0.0906785195704225,0.1017018333003611,0.1359055574598281,1
1775542614.4943194,251.04,786.7,0.1403620633479709,0.0926200145888483,0.0999291014361719,0.135052767823654,1
1775542614.528371,251.18,786.32,0.1424943906123641,0.0934095086353194,0.0998011690180711,0.1357694769350987,1
1775542614.574411,254.64,786.56,0.1425515020191633,0.0923211904812923,0.0982074566640295,0.1348330591528496,1
1775542614.6060145,253.84,786.24,0.1450475666566718,0.093079397857249,0.0997892179156299,0.1336070112031165,1
1775542614.6367826,252.96,786.18,0.1421421789290432,0.0912352617300205,0.0961666512091561,0.1307380342720527,1
1775542614.66899,251.22,787.52,0.1409481479911435,0.0906331046992605,0.0943812466399338,0.132696178414835,1
1775542614.6999393,250.94,787.58,0.1373027147879501,0.0861757173352933,0.0907037584547444,0.1278871181663926,1
1775542614.7319975,251.78,784.54,0.1414329610415501,0.0913463929374576,0.0935669940266758,0.1306003213154551,1
1775542614.7639637,253.54,780.48,0.1400489808216798,0.0895035978285567,0.0956645541752174,0.1312440441104322,1
1775542614.795784,253.7,779.2,0.1394329713024051,0.0878235026456058,0.0915225569443451,0.128278343805804,1
1775542614.829109,254.34,779.0,0.1422953195456656,0.0913559954125436,0.0938886945061883,0.1269252489922842,1
1775542614.8601215,255.24,779.1,0.1398739901129428,0.0893049382577605,0.0911187636103292,0.1264457210523661,1
1775542614.8925996,253.62,779.3,0.1370729813615335,0.0861013615000887,0.0912491095401636,0.1294570453706806,1
1775542614.9248762,253.46,780.02,0.137527804107942,0.0878349816041351,0.090984878353175,0.1253297840641078,1
1775542614.958528,253.1,779.4,0.1380326138867026,0.0871052595575367,0.0913505667904025,0.1250418528768564,1
1775542615.0069947,253.02,779.2,0.138397479413535,0.0872345610520236,0.089527905066403,0.1236429119243985,1
1775542615.0361152,252.06,779.34,0.1406330778108701,0.0892476505506679,0.0888608884438297,0.1251664758970798,1
1775542615.0715714,251.94,780.9,0.1364597458211755,0.0871470406516899,0.0887212189657507,0.1259871031867673,1
1775542615.1072378,250.36,782.14,0.132246891508261,0.0861034753345052,0.087165401611325,0.1214188205461369,1
1775542615.134627,250.44,779.38,0.134874937527669,0.0880330441081864,0.0889810356400355,0.1247126489236154,1
1775542615.1645598,252.82,778.32,0.136439139630706,0.0878637952758499,0.0846706611214545,0.1222031661377927,1
1775542615.198572,252.3,777.86,0.1357386945798512,0.088222437127992,0.0857196268288114,0.1257004606387693,1
1775542615.2281518,253.64,776.36,0.1343651910163988,0.0868094823949093,0.0863834835940409,0.1275475149041281,1
1775542615.2600317,252.64,777.6,0.1353827566653959,0.0841896955804443,0.0816052083214219,0.12009771129365,1
1775542615.293334,252.66,777.24,0.1368178602729987,0.0883932919643293,0.0895106520880528,0.129734806637496,1
1775542615.3250678,252.56,773.72,0.1326329114435939,0.0846542681415009,0.0882352684527664,0.1309232310116831,1
1775542615.3587794,252.88,777.34,0.1355587604363462,0.0855989147700444,0.0866236904241338,0.1239567020845412,1
1775542615.4081547,252.22,776.88,0.1313608416832083,0.0821310111826019,0.0871484339339819,0.1286723412101002,1
1775542615.4368658,252.96,775.96,0.1345690242693147,0.0864159351599666,0.0911905160992325,0.1263570777173137,1
1775542615.4679585,251.9,775.2,0.1308042894833584,0.0876679289725047,0.0991631269042688,0.139120327704504,1
1775542615.499663,253.44,775.64,0.1151742634376288,0.089001970023934,0.1040678844498873,0.1440153549012102,1
1775542615.532949,253.32,775.12,0.1152353275832092,0.0840360117383767,0.1077745144898901,0.1450982727600924,1
1775542615.5650458,253.6,776.88,0.0950429373891035,0.062373485907683,0.0891770625639663,0.1383886035962913,1
1775542615.5963058,256.12,776.0,0.0509944071002235,0.0528457673382564,0.1054059588336545,0.1652112193598616,1
1775542615.628994,256.08,776.6,0.0472031768287894,0.0287464295656544,0.1034854896618836,0.165877772775892,1
1775542615.6626468,255.96,775.72,0.0056910559304031,0.076715395394696,0.1543575314270757,0.2202571752028938,1
1775542615.7098422,255.9,776.04,0.0470286760787546,0.1106892409018487,0.1838949404250951,0.2619489238525728,1
1775542615.740826,256.4,775.98,0.1269105326483073,0.1931257387735722,0.2637688082049061,0.3352868507717013,0
1775542615.7742517,256.4,776.94,0.127285892570104,0.1983212952619195,0.2737007759122628,0.339024371316421,0
1775542615.8085492,252.96,776.68,0.2383766345065256,0.315649157150587,0.3625519260945387,0.3954080434905373,0
1775542615.8385365,254.74,777.12,0.2785163051366747,0.3590564406617824,0.3940172425115399,0.4341997348725963,0
1775542615.8689408,254.12,776.4,0.3309940084906415,0.4079333795116679,0.4284367804284336,0.477750580653573,0
1775542615.9000366,259.54,778.32,0.3355428975717364,0.4168583244170564,0.4439940001213697,0.4893578362941705,0
1775542615.931894,259.82,777.42,0.3411505712012173,0.4245424055822359,0.4529751257953274,0.5063967202488548,0
1775542615.964771,260.5,776.88,0.3445728428709144,0.4306849205749038,0.4584857523819097,0.5090248140810184,0
1775542615.9984925,260.76,776.64,0.3461165853433802,0.4318934452493304,0.4574854821358791,0.5054857738165509,0
1775542616.0450425,260.56,777.98,0.3454440780909047,0.4322910444964544,0.4574596006482048,0.506977468064817,0
1775542616.07593,259.82,776.76,0.347379535457463,0.4346027858504863,0.4626787997933529,0.5104526181649992,0
1775542616.1084392,260.04,779.92,0.3425966119957607,0.4314751671504149,0.4655815289296814,0.5169651653321612,0
1775542616.1409805,261.72,780.76,0.344675125902864,0.4323240786741847,0.4649978411298995,0.5131104545905679,0
1775542616.1720138,265.04,782.58,0.3446376704806509,0.4322380529143719,0.4645408781568177,0.5145772963362298,0
1775542616.2084315,265.86,782.86,0.3446035816623115,0.4345151594741993,0.4681183119985261,0.5208672917966859,0
1775542616.2362344,262.84,783.46,0.3440603048440036,0.434840525443298,0.4700041562565918,0.5270522080529019,0
1775542616.2680497,263.16,786.0,0.3475487566733158,0.4352187405684399,0.4698691686064254,0.5251387577532738,0
1775542616.3013456,262.58,786.98,0.3459380098288961,0.4359127613016403,0.4733321392681216,0.5267655012008918,0
1775542616.334274,263.74,788.04,0.3513076151175156,0.4398536587312031,0.4746220890717124,0.5269129024163242,2
1775542616.3649795,263.5,787.92,0.3467641053594275,0.4368653939419442,0.4743638157386466,0.5300695533183126,0
1775542616.398353,263.88,787.36,0.3473659741468146,0.4371173712119169,0.4747722678261283,0.5311645213832443,0
1775542616.4315913,261.98,793.64,0.3473771739451721,0.4382155853091236,0.4764031647211901,0.533910969708932,0
1775542616.4783666,262.08,793.5,0.3470307854213408,0.4370598838279791,0.4768317712716493,0.5330035118067973,0
1775542616.508815,259.06,793.94,0.3481351307650083,0.4366221676796622,0.474366547665789,0.5307820661236614,0
1775542616.541079,257.3,795.02,0.3471994196466888,0.4406671677811277,0.4761662068582449,0.5330317835113535,0
1775542616.5721476,256.46,791.46,0.3488127740704096,0.4388181695559322,0.472301103931144,0.5265580698053092,0
1775542616.6087067,256.52,789.4,0.3491371862523802,0.4413939130483552,0.4801757368774334,0.538051773963806,0
1775542616.6387062,255.54,787.44,0.3500851641685986,0.4400619604425249,0.474556045250823,0.5332750395498198,2
1775542616.6841877,257.86,788.58,0.3502033150388929,0.4398192264172046,0.4727036278106682,0.5353927955229162,2
1775542616.7152803,259.64,785.46,0.348636553913132,0.4406528623303256,0.4723498148048006,0.5319895077587805,0
1775542616.7474563,259.88,785.44,0.351981148102036,0.4421079704537637,0.4764939080422141,0.5398565705232775,2
1775542616.7810354,261.04,783.92,0.3510438106961793,0.4396580841416739,0.4762079809501894,0.5344997985408819,2
1775542616.8283584,262.22,786.1,0.3514222232734444,0.4408907557622468,0.4766931394372826,0.5379322950346127,2
1775542616.8601727,260.84,787.6,0.3529296926398945,0.4413455266857304,0.4727114046880024,0.5320220663657312,2
1775542616.8929403,261.78,787.18,0.3552223820910289,0.4465231243159021,0.4796863008360298,0.5394346420375703,2
1775542616.927556,262.86,787.56,0.3571910247772023,0.4484563907642316,0.4804202437837506,0.5353174079228911,2
1775542616.956526,264.44,786.96,0.353371561101085,0.4470631021814516,0.4825150725930978,0.53937992043195,2
1775542616.9895256,262.26,789.16,0.3583871090017194,0.4456493519136253,0.4777074270481597,0.5366884288855422,2
1775542617.023492,262.24,793.18,0.3594817481176173,0.4474128812967763,0.4784310933862062,0.540683734043121,2
1775542617.0522528,262.24,789.08,0.3548390914087772,0.447838220412447,0.4809009709998488,0.5426543468940584,2
1775542617.086543,263.26,789.84,0.3553589439677883,0.447341315132987,0.4797430517042331,0.5441965351019407,2
1775542617.1160777,262.94,792.36,0.3546666816622919,0.4473641681359369,0.4799048861265914,0.5447806778498119,2
1775542617.1503842,263.6,792.26,0.3527169347640916,0.4421890972751305,0.4794218754876334,0.5480763862709351,2
1775542617.1842344,263.82,790.9,0.3552369948329189,0.4472586773986577,0.4830015029737195,0.549542308474267,2
1775542617.2287638,270.12,789.0,0.3560922771834163,0.4511222659595231,0.4834211970832049,0.541907832538682,2
1775542617.2609596,269.7,788.4,0.3571402058751587,0.4476002944514254,0.4820370124297218,0.5433388416183577,2
1775542617.292962,269.58,788.44,0.3574258674083431,0.4449116982738517,0.4793766320240758,0.5478617511951008,2
1775542617.3234923,271.88,788.56,0.3582166055844849,0.4493729271569992,0.4825984369555134,0.5482283417516395,2
1775542617.3573472,272.44,792.7,0.357144022013239,0.448617962341393,0.4806953108662519,0.544528640412671,2
1775542617.3880682,276.56,789.6,0.3537094093796861,0.4439877293130019,0.477192874478303,0.5565656487519988,2
1775542617.4207475,276.02,790.56,0.3545900693128906,0.4487671500757214,0.4855633044052069,0.5481215828150368,2
1775542617.4540489,276.58,785.34,0.3570047084203241,0.4499193251613469,0.4841841593023885,0.5529494733579786,2
1775542617.5009403,276.2,788.12,0.3574364490540085,0.4470433019402363,0.4821012725917157,0.559790714433958,2
1775542617.53205,275.22,786.86,0.3560148586028727,0.4465271279553397,0.4830042093556518,0.5605614466486096,2
1775542617.5649056,276.54,787.2,0.3563289084205329,0.4495353091414317,0.48239683191915,0.5445539245530716,2
1775542617.5968573,272.9,787.88,0.3570504738627185,0.4495344560116825,0.4854573850866721,0.547646146284656,2
1775542617.628946,273.12,789.48,0.3539493348760564,0.4435849430494956,0.4793609983614323,0.5601488089945506,2
1775542617.6622958,275.48,789.28,0.3553608201936753,0.4459214759839094,0.480766027181971,0.5506142144425101,2
1775542617.6929548,277.38,788.6,0.3570566879012012,0.4477184951209056,0.4810693544456063,0.5423860704895768,2
1775542617.7263525,279.84,793.46,0.355251987638205,0.4472737894323701,0.4830698344549585,0.5492690193619512,2
1775542617.7560432,279.74,795.22,0.3541597306205314,0.4453786539315416,0.4798126332318039,0.5628764187431232,2
1775542617.7902734,280.54,794.0,0.3543089399336669,0.444605015190096,0.4820624742150791,0.5457274255047807,2
1775542617.8210227,280.44,795.36,0.3565059716054347,0.4457227078277692,0.4808942897010433,0.5475766615848051,2
1775542617.854755,281.0,795.66,0.3517209801924854,0.4442300340971507,0.4833747228457928,0.5478784727903935,2
1775542617.900282,285.16,792.62,0.3512939259648078,0.4410604322761071,0.475861194033544,0.5422119156968829,2
1775542617.931833,282.56,791.64,0.3470822291758048,0.4354567374966544,0.4738739764784476,0.5308542895576841,0
1775542617.9650116,282.5,790.64,0.3357875311264608,0.4197185995682896,0.4575722160365105,0.5258562893883527,0
1775542617.9959135,283.76,787.14,0.3284470445542206,0.4081064043544628,0.4456089013704555,0.5061230014377958,0
1775542618.029033,283.62,784.5,0.304861995531613,0.393277478957501,0.4313122156673406,0.4873411375538728,0
1775542618.0600896,282.2,787.46,0.2706588145311407,0.3544811612497512,0.3916621003428321,0.4520009134829226,0
1775542618.093072,282.14,792.86,0.1813025943562601,0.2406664419130433,0.3172836149733832,0.3992059530723239,0
1775542618.124709,288.04,793.84,0.1120427085863437,0.1704431305514084,0.2403428128692417,0.3482998603278318,0
1775542618.1560946,289.84,793.88,0.0936368021170704,0.1621365854686385,0.2258453591960845,0.2977549978470959,0
1775542618.187881,288.32,797.5,0.0846143417425498,0.1497503035298186,0.217291198009368,0.2692555648562476,1
1775542618.22099,289.34,796.34,0.0726772604672567,0.1346180880102427,0.1989473774526513,0.2387192497228655,1
1775542618.252235,288.38,799.44,0.05116440661395,0.1092438665718721,0.1749781489107244,0.2147759456347222,1
1775542618.28606,288.36,798.98,0.0200371984460077,0.0825594769094869,0.1449132470338598,0.1890928977146234,1
1775542618.3197062,293.56,798.38,0.0550184295207319,0.0469336082658359,0.1106674408598978,0.1549212628080662,1
1775542618.3665488,291.42,795.54,0.0831338199006883,0.0635800277539973,0.110553189782472,0.1540509606380682,1
1775542618.396896,293.56,800.28,0.1058249936733808,0.0637208687521191,0.0896085230407971,0.1265603025710845,1
1775542618.4304686,294.52,796.44,0.1081093106602921,0.0606462351759867,0.0724856971106084,0.1107630704767855,1
1775542618.460284,293.9,798.48,0.1244961897069334,0.0857429416844528,0.0872105998182708,0.120473582661819,1
1775542618.4928312,293.88,799.32,0.1287542441626492,0.0923455284393294,0.0938579685366396,0.1315844569584072,1
1775542618.5239575,290.9,801.24,0.1324527887271384,0.0948606803742565,0.0992039699957078,0.1387597035209887,1
1775542618.558035,290.78,801.42,0.1431047555735067,0.101542667061321,0.1016465746356803,0.1375210653459473,1
1775542618.591534,287.72,800.74,0.1426212831139807,0.0988145560941375,0.1043416235567029,0.1426149209988008,1
1775542618.6209688,288.48,803.04,0.1485394181203525,0.1025453114112369,0.1053391721698499,0.1391423287578541,1
1775542618.651998,290.46,806.66,0.1467919075939691,0.1030394363561163,0.1071700570040024,0.1411548111859225,1
1775542618.685625,299.0,804.22,0.1448714911058423,0.1027721846880481,0.1110792878431753,0.1472205618820242,1
1775542618.7188065,298.52,808.74,0.1446436724495476,0.0988110651342974,0.1018872371162861,0.136914973919677,1
1775542618.76461,298.7,805.98,0.1446129323329272,0.0983487469406348,0.1041528280783009,0.1379808386024061,1
1775542618.7968144,297.12,806.06,0.1477627884072735,0.1021506414513094,0.1049272272748971,0.1397492883994111,1
1775542618.828311,298.68,808.5,0.14844242670251,0.0974213370191013,0.0996098358722486,0.1345669484135223,1
1775542618.8600576,296.44,810.08,0.146846340977393,0.0965358210036818,0.0967675347327747,0.1308190927468479,1
1775542618.8922763,291.72,816.14,0.1442999732379462,0.0947096055797559,0.0924373179479727,0.1313466892327375,1
1775542618.9264345,305.72,814.66,0.1463552152035629,0.095164426443423,0.0974922528427209,0.1307578943646148,1
1775542618.9571016,304.74,816.6,0.142545169504507,0.0900832661816697,0.0865150683580865,0.1230926335665662,1
1775542618.9896362,302.7,823.08,0.1436969128207453,0.0894114395506355,0.0881519326107334,0.1239834900727847,1
1775542619.0208197,303.3,818.9,0.1467054674784211,0.0940928361435312,0.0882140310005932,0.1245960206754023,1
1775542619.0543368,302.18,817.28,0.145720976927932,0.0943263832624253,0.088130860775538,0.1259276194838635,1
1775542619.0849326,302.86,817.54,0.1501433057329699,0.0997527911379315,0.0921241065601601,0.1311971973442742,0
1775542619.1191108,306.78,821.2,0.148306566946072,0.0987850860424662,0.0928297737042684,0.1316661856931817,1
1775542619.1649354,310.56,816.22,0.1487806366936898,0.0971895644743842,0.0916542131815663,0.127897774856063,1
1775542619.1969974,322.3,816.98,0.1449613055025004,0.0953967679398216,0.0927031413473279,0.1288358860242668,1
1775542619.2279978,322.94,815.92,0.1418955419353757,0.0901615739931033,0.0911946019060535,0.126785004099389,1
1775542619.2598562,321.06,817.14,0.14556416514478,0.0981112002531973,0.0928984442708548,0.1299595216142592,1
1775542619.293007,321.32,821.66,0.1463897127323706,0.0955545446442787,0.0904139618461029,0.1257381576174976,1
1775542619.324124,314.46,819.76,0.1482828826632038,0.0977459856877528,0.0900180541188237,0.1288367810971742,1
1775542619.35613,316.36,816.3,0.1424503332964889,0.0915526379916969,0.0911930949569733,0.1267240508466739,1
1775542619.388092,309.42,810.12,0.1436128808795772,0.0938671516987579,0.0948747676997359,0.1304914293423523,1
1775542619.4201145,308.22,814.2,0.1406560550817938,0.098882485564934,0.1007588574537761,0.1337426138728966,1
1775542619.453206,324.78,811.1,0.1504300475320137,0.1031615830824729,0.1009783904893211,0.1369025363614987,0
1775542619.4850292,326.2,808.52,0.1467204267694499,0.0984533798536213,0.0978795308043684,0.1325290651724128,1
1775542619.5158591,322.16,809.24,0.1395932934499611,0.0897783591829416,0.0921102530797851,0.1296115555667624,1
1775542619.5502467,318.68,814.12,0.1506968952550514,0.1020101051975242,0.0928380115503271,0.1281570440150447,0
1775542619.583183,319.62,822.42,0.1442298759298303,0.0999311535807688,0.1003513966919934,0.1344489419014582,1
1775542619.6307652,319.6,815.16,0.1469630078253573,0.0982537590813344,0.0920384265502726,0.1301721126621305,1
1775542619.6597168,325.2,810.74,0.1463689762387266,0.0954972675665808,0.0944003487759702,0.1304963788524455,1
1775542619.6943831,325.48,811.24,0.1519711602590962,0.0982298540163705,0.0928643114192788,0.1267900660102114,0
1775542619.7252102,325.86,807.2,0.151227066843645,0.1003100479479896,0.0939078811987999,0.1305880979413926,0
1775542619.756842,336.92,802.38,0.1496513202168628,0.1002484639794171,0.1013287124305864,0.1355882915855195,1
1775542619.7887683,328.44,802.16,0.1470884080287348,0.0983905304447049,0.1050133251673787,0.1382972126968012,1
1775542619.8211758,326.48,791.22,0.1349024508202933,0.0865881766679327,0.1034931554827833,0.1409014584643083,1
1775542619.852139,330.18,790.46,0.1266070359211547,0.0880645008856477,0.108935680685436,0.1509288550801308,1
1775542619.8851368,339.48,790.08,0.1184938732134045,0.089671940212589,0.1234425808991282,0.1708155221436529,1
1775542619.9160707,337.14,792.68,0.0750568026759652,0.0889876643697044,0.1421203192597411,0.1910525551928313,1
1775542619.9481375,346.78,794.66,0.0583361241524031,0.0493410074639394,0.1263126569204772,0.1840338749555743,1
1775542619.9821804,337.42,794.42,0.01783168211687,0.0697159541025045,0.1521016201896057,0.2237192675740958,1
1775542620.0289736,338.7,795.88,0.0324603577244387,0.0965345044777299,0.1763386491157601,0.2640714649357852,1
1775542620.060053,335.54,793.96,0.1286251334139501,0.206789909350511,0.2893934763046011,0.354336347987163,0
1775542620.0930834,334.92,797.44,0.2338586167968027,0.327351948391604,0.3883228235672717,0.4164006643410377,0
1775542620.1238515,335.32,786.88,0.3108542779885055,0.3954440133285735,0.438660934123369,0.4847531967999923,0
1775542620.1568122,334.88,788.74,0.3426744899391444,0.4329438788890272,0.4710300522927523,0.5340366445621407,0
1775542620.1904852,339.86,786.36,0.3541212995653027,0.446423953522098,0.4848545195560153,0.5421920774905752,2
1775542620.220079,341.22,786.38,0.3610829347377484,0.4533678990136857,0.4913647796860691,0.5555055660728253,2
1775542620.255663,340.2,788.08,0.3660233474840539,0.4610813186198765,0.5014353309238756,0.569495383460224,2
1775542620.2841587,339.14,786.12,0.3659768356115125,0.4629276211109662,0.5001643819528634,0.5691177485332058,2
1775542620.3185227,338.98,782.82,0.3620770021826794,0.4598383575139118,0.4989515268741064,0.5714561843054419,2
1775542620.3489926,330.5,779.38,0.3653229315272251,0.4608217209503181,0.4981186009338667,0.5576096219506654,2
1775542620.3831878,330.56,780.28,0.3621663066586001,0.4596627519344824,0.4986721584674088,0.5646832773813837,2
1775542620.4278257,331.02,781.66,0.36357161591197,0.4603878521286519,0.5007339432818858,0.563150946862737,2
1775542620.4612596,333.54,781.3,0.3627965634937387,0.4612052295207748,0.4991298918121033,0.5585951586481711,2
1775542620.492272,331.3,778.28,0.363811338985068,0.4602127271125917,0.5024516520347275,0.5643228259152044,2
1775542620.5241258,331.24,777.38,0.3617470764023804,0.4608554702640401,0.5009534841088861,0.563166507738597,2
1775542620.5573292,330.8,773.16,0.3617233191322741,0.4613554489064714,0.5021836621637711,0.5573466721268493,2
1775542620.589108,316.16,773.1,0.3587416070793474,0.4548013812637848,0.4959186117736401,0.5632358386922285,2
1775542620.6200528,315.28,772.46,0.3563185130980592,0.4551564352923199,0.4935259612251679,0.5570025297495608,2
1775542620.6531518,315.44,764.48,0.3594308679417505,0.4582892414242676,0.4993980107134819,0.5611563171165068,2
1775542620.6849885,314.58,761.9,0.3570871829201513,0.4569588013624702,0.497031102937632,0.563170826811509,2
1775542620.7160497,311.62,764.64,0.3612760353119763,0.4603566929967382,0.4972846290145101,0.56094081089929,2
1775542620.748954,311.02,764.18,0.3583691173745267,0.4591066453960674,0.5027507053518352,0.5688001676471734,2
1775542620.780061,306.32,764.8,0.3585186184745675,0.4600626022781952,0.5041130148712214,0.571269199602663,2
1775542620.8147428,302.78,767.94,0.3580076171332288,0.4590173151791428,0.5040918856552651,0.5707584341322526,2
1775542620.846657,290.38,766.52,0.3606104906886851,0.4598468246281741,0.5031058583960963,0.5667041672334314,2
1775542620.8944435,293.46,766.94,0.3601555695729879,0.4598369162764281,0.5024215941150565,0.5697370048151471,2
1775542620.923994,297.04,763.08,0.3618186828055225,0.4609536662669329,0.5028026089868913,0.5635248192728859,2
1775542620.9575288,297.76,758.1,0.3615518529485752,0.4610340059802814,0.5063694046999652,0.5659314182649587,2
1775542620.9878714,304.86,759.24,0.3624904162806091,0.4605932749611812,0.5076626017511557,0.567924411480031,2
1775542621.0200677,302.14,764.74,0.3621178590507442,0.4598855911299655,0.5071665660440486,0.5654908659719053,2
1775542621.0518942,302.96,764.34,0.3614072976690745,0.4595023740755228,0.5057882467499788,0.5672261218603274,2
1775542621.0849292,304.0,760.74,0.3632654512637895,0.4612761408600572,0.5080861130639304,0.5682568514728075,2
1775542621.1166482,288.02,761.48,0.363314354142385,0.4599482764982696,0.5080176041253166,0.5705839365065913,2
1775542621.1491706,284.82,761.84,0.3628944947030081,0.4606421647715486,0.5070341980364167,0.5697220533276094,2
1775542621.1801977,285.26,759.5,0.3641650700059178,0.4624160809307193,0.5050109439239597,0.5678154316567902,2
1775542621.2158306,284.84,757.8,0.3612719274753728,0.4586907444227405,0.5011645043212556,0.5656657381358671,2
1775542621.246764,288.98,749.32,0.3614912188522556,0.456092390201299,0.499769975413814,0.5633862904861,2
1775542621.2813978,289.3,755.92,0.359647342233307,0.4549137982093386,0.4995964493062491,0.5610522822048797,2
1775542621.323737,283.34,763.5,0.3584710191807504,0.45278531688775,0.4968219615204492,0.5600383261106987,2
1775542621.3565917,283.3,764.74,0.3579581591299896,0.4526961670920967,0.4943979906290988,0.5594491664885375,2
1775542621.3895578,285.1,764.94,0.3559601922009912,0.4500922096306531,0.49001166725405,0.5514633903648538,2
1775542621.4227393,273.56,767.38,0.3547182331775779,0.4482995543200418,0.4904442596218714,0.5512763176606842,2
1775542621.4706905,269.88,763.54,0.3581392961483386,0.4489222037975315,0.4919273220345322,0.5533871273093912,2
1775542621.5045028,269.86,774.52,0.3536127576210022,0.4467344004115524,0.4912386766212161,0.556945331595902,2
1775542621.549688,269.58,770.08,0.3500841220234996,0.4429029017370618,0.4837136058872188,0.5499037230929316,2
1775542621.5799496,260.56,771.0,0.349771004399291,0.4429461978500751,0.4899250860208016,0.5521727473293474,0
1775542621.613721,266.62,767.06,0.3493925385113802,0.4433369274872455,0.4859976513285952,0.5497192228846056,0
1775542621.6479745,258.12,766.8,0.3469933940114551,0.4424249774179731,0.4895416620011739,0.5535599549339214,0
1775542621.6920395,260.4,771.5,0.3477387995522756,0.4419491647577274,0.4860957899739943,0.551952629753982,0
1775542621.724219,260.38,771.72,0.3446178294127757,0.4407291753726731,0.4889431034778539,0.5549530011334627,0
1775542621.7562194,259.18,771.76,0.3484591247123474,0.4427100810728377,0.4865399525775454,0.5497556494450331,0
1775542621.788874,260.42,772.64,0.3489762004039632,0.4416907319450592,0.4861402174661149,0.5477737486160807,0
1775542621.8360174,260.0,782.06,0.3451076389649015,0.4365107500054956,0.4797332364780832,0.5511850584338336,0
1775542621.868354,259.52,781.02,0.3397853584688012,0.4270758340117925,0.4686981421396463,0.5383641426891889,0
1775542621.900332,255.92,780.32,0.3315896711019535,0.4134426012752206,0.4552931447356523,0.525062078273043,0
1775542621.933484,256.72,780.96,0.3095310513407005,0.3883323818445569,0.4213241941181279,0.48705440951942,0
1775542621.9663012,259.88,780.04,0.3083408812855305,0.3868943844139229,0.423469174218322,0.4871553812661542,0
1775542622.0164044,259.82,780.44,0.2645544291111323,0.3464963268410204,0.373196811487729,0.4367482754238498,0
1775542622.0449338,254.9,778.68,0.2078411765132472,0.3007903674578607,0.3281618395386809,0.4066584709524058,0
1775542622.076679,256.52,783.8,0.1302504471902636,0.1982546807690147,0.2659725054139714,0.3757526445440486,0
1775542622.1081471,258.72,781.86,0.0858983728134887,0.1607404471383638,0.229927148816623,0.3185596550230157,0
1775542622.1419315,257.2,781.58,0.0744505986691862,0.1396920399995019,0.2040593539826044,0.2662042490068762,1
1775542622.1721728,256.72,779.98,0.0887385229588588,0.1464902526468232,0.2071590514310395,0.2493016004127074,1
1775542622.2050004,257.14,782.38,0.0970447016196401,0.1520122306871092,0.208639449996647,0.2379106658355934,0
1775542622.238247,258.84,779.42,0.0716266377924674,0.122015317835909,0.1765486503776446,0.2176584986094034,1
1775542622.2854416,264.66,780.64,0.0541603313101267,0.0791516035188008,0.1359907631355156,0.1809827745023463,1
1775542622.3173544,264.64,780.06,0.0751903965585498,0.0563866091088779,0.1070617854291272,0.153716304115087,1
1775542622.3488283,264.58,779.7,0.1005378764863586,0.0621735035756608,0.0862131672780176,0.1375655907633865,1
1775542622.380838,262.58,779.38,0.1209395637204537,0.0729065976333828,0.0758383867017063,0.1169662956279289,1
1775542622.417513,266.2,782.24,0.1193712462383536,0.0745072827546151,0.0785682935718135,0.1207935871957406,1
1775542622.4449651,266.74,783.64,0.1304893721208186,0.0900246827144182,0.0936939584187092,0.1321712294345575,1
1775542622.477167,273.12,784.18,0.1322974597245644,0.0903237311088787,0.09469749697267,0.1367718821024472,1
1775542622.508875,273.78,784.42,0.1403695610222151,0.0949625955289239,0.0977060786399061,0.1349909645213264,1
1775542622.5415266,273.84,784.76,0.1401609923282126,0.0892276355264373,0.0988472547830253,0.1397421609257376,1
1775542622.5729144,270.96,784.46,0.1382096227230729,0.0926843664424339,0.102473484864625,0.1424106290144953,1
1775542622.6050365,266.68,784.7,0.1384477836286314,0.0919813525897727,0.1030381977450247,0.1403898075196712,1
1775542622.6370575,267.72,785.68,0.1430607357698481,0.0950091059120214,0.0991711024995142,0.1338046496737135,1
1775542622.6708634,266.5,785.5,0.1443862672262931,0.0945790675980938,0.1000478026386145,0.1329786197977874,1
1775542622.7176833,262.98,786.68,0.1424841321053948,0.0935251704677893,0.0977024648855029,0.1319850030209497,1
1775542622.7480774,262.7,785.4,0.1398792744009226,0.0959457323409807,0.1029057935541575,0.1409141181426777,1
1775542622.7814355,267.2,785.5,0.1442265640167993,0.093219921676668,0.0966295229498273,0.1352415331686382,1
1775542622.8178988,267.4,782.78,0.1412072107199626,0.0922753416661873,0.0947367914460591,0.1344444559429628,1
1775542622.8453038,265.94,782.24,0.1421634411908204,0.089262327459778,0.0875436883656316,0.1256606395397591,1
1775542622.8759503,267.22,781.88,0.1436912626138033,0.0932188064337438,0.092283876880497,0.1332274115077441,1
1775542622.9103763,266.96,781.12,0.1391345496714085,0.0904823975906869,0.089520883181787,0.1314973584132049,1
1775542622.9399674,267.16,781.32,0.139784754539297,0.0902112729403722,0.0869131823407932,0.1330121852539044,1
1775542622.9729955,266.4,781.16,0.1419381589822517,0.091543818684114,0.0904392558547139,0.1346077685341695,1
1775542623.0039272,271.6,780.56,0.1379664174896623,0.0876132285414751,0.0848465732470079,0.1301953650378743,1
1775542623.0361843,271.68,779.5,0.1413334678141641,0.0916725433865814,0.0901751933283092,0.1321886518817754,1
1775542623.0679636,270.74,778.98,0.1449510727560424,0.0978636833925401,0.0956777230756951,0.1405756627137062,1
1775542623.1006088,271.4,780.6,0.1445442568336947,0.0970033198617951,0.094517522040081,0.1402688263705,1
1775542623.133823,270.74,782.02,0.1442875233370476,0.0916603604746272,0.084571292175083,0.128924448744991,1
1775542623.181018,277.24,782.96,0.137502928926848,0.089127180176945,0.0862363853563313,0.1370892238973114,1
1775542623.2180357,277.34,782.74,0.1403519381190004,0.0907729591245823,0.0861473578079665,0.133397609626465,1
1775542623.2439408,277.58,783.14,0.1422478725747703,0.0929375518844978,0.0882466383929812,0.1315176168230652,1
1775542623.2769473,276.66,783.18,0.1384418636899321,0.0895570893003989,0.0874000752259097,0.1337671396248676,1
1775542623.3085518,276.66,784.48,0.1395669171116887,0.0892400559511653,0.086832933194565,0.1324108411756718,1
1775542623.3399854,276.02,784.3,0.1370914335828555,0.0887294679123809,0.0892202909729086,0.1299586526355892,1
1775542623.3719938,278.38,783.0,0.1367757943702663,0.0879688797916372,0.0911857638568743,0.1353703894979979,1
1775542623.4068227,279.54,782.38,0.1357727049734715,0.0874013601918157,0.0878201606670132,0.1285252475489012,1
1775542623.436869,282.38,783.72,0.1363225418547233,0.0870730392607907,0.087107806194081,0.1283074866420739,1
1775542623.4709694,281.16,783.1,0.1404081815613722,0.0903253631952973,0.0876950040416102,0.1292905721684233,1
1775542623.500944,281.66,783.1,0.1371033532976183,0.0876481961622725,0.0840318177920467,0.1293875977288848,1
1775542623.5347252,282.86,781.24,0.1380210739367623,0.0880999600742197,0.0867259751742462,0.130851348082563,1
1775542623.5674736,286.14,781.22,0.1365094413247016,0.0872344371714627,0.0864356841064788,0.1267632991024008,1
1775542623.612323,283.42,781.86,0.1401822220422855,0.0902971703643071,0.088493501520098,0.1292909287762609,1
1775542623.6441386,283.78,782.28,0.1374002430858141,0.0873818123983372,0.0857238318944157,0.1240745516430068,1
1775542623.6759696,283.34,781.0,0.1381229599212279,0.0872526811967047,0.0867228426197385,0.1290186698418339,1
1775542623.7091784,291.28,780.92,0.1389540022232973,0.0910672675121527,0.0894399912969915,0.1304657239417782,1
1775542623.7409835,289.66,781.3,0.1410105335356801,0.0911975171069956,0.0895304964376043,0.1288573648181155,1
1775542623.7737153,286.7,780.08,0.133217513425186,0.0857898808015551,0.0844481812301622,0.1270614928930192,1
1775542623.820294,287.6,781.18,0.1368724811723033,0.0867753696847836,0.0860312640013456,0.1275009355576048,1
1775542623.8528683,289.84,779.7,0.1346305729931697,0.0867214282403476,0.0873196158228926,0.129801307328219,1
1775542623.8849864,289.38,778.82,0.1346894878196638,0.0866402234751249,0.0871161421132399,0.1284532133783311,1
1775542623.919167,288.72,781.82,0.1364687821348817,0.0869865045466378,0.0868481865095614,0.1293810312220639,1
1775542623.9648826,282.98,780.54,0.1337918657933245,0.0830417241695806,0.0838761188815151,0.1286783593228353,1
1775542623.996094,282.94,781.08,0.1339892741149082,0.0826340777307484,0.0787603750584947,0.1256510069167197,1
1775542624.0284903,282.54,781.9,0.137356464141277,0.0883995255178592,0.0842487201518418,0.1266597483459335,1
1775542624.061489,277.62,782.34,0.1396080931326485,0.0895053721254618,0.0895711669352069,0.1276854900457378,1
1775542624.0954275,274.44,782.54,0.1261481617380727,0.0840904246116374,0.0957316209888705,0.1388665386796612,1
1775542624.1403232,275.26,782.5,0.1236151320283699,0.0848128036802171,0.0996983765752325,0.1439472366559087,1
1775542624.1746502,269.56,781.32,0.0959222805178584,0.0618954080634912,0.0904237789937962,0.1431539013842419,1
1775542624.2222393,268.58,780.7,0.058645698450859,0.0593412138105391,0.1219013058808113,0.1837279463055071,1
1775542624.2395654,268.42,780.52,0.0192448561234007,0.0619046593828391,0.1440401266532517,0.2242588887199047,1
1775542624.2851872,271.62,781.3,0.0705686551435018,0.1359976440147151,0.2116774810388518,0.3047099707255889,1
1775542624.3200636,270.68,780.02,0.218520059985677,0.3178067481768366,0.389004690898104,0.4166633440447513,0
1775542624.3648314,272.3,779.28,0.3176816124259072,0.4075681084763011,0.451876134618693,0.4852836880020952,0
1775542624.3958075,273.0,779.06,0.3508890429193214,0.4506584177371802,0.4847254084795169,0.5380426810504156,2
1775542624.4288204,273.04,778.74,0.368253767671196,0.4643344550307415,0.4985376976648212,0.5575629535770672,2
1775542624.4608457,277.58,779.08,0.378152958380772,0.4734850359392891,0.506286251649658,0.5699354427394896,2
1775542624.492968,276.84,779.56,0.3833991449534413,0.4796588933205498,0.5130503679742618,0.5715276049132166,2
1775542624.5265658,275.74,781.62,0.3853892049127218,0.4776717013760515,0.5113449674933975,0.572062745838593,2
1775542624.5723062,274.84,780.72,0.3890157843749591,0.4835677768413588,0.5186927868942921,0.5757513944850899,2
1775542624.6234758,275.72,780.44,0.3864525834060968,0.4802834769307117,0.5160491432634939,0.5810794292324605,2
1775542624.6689446,275.6,779.96,0.3871609218781725,0.4843620514313178,0.5212358416724093,0.5815089409677294,2
1775542624.7007587,274.7,779.6,0.3882650255307451,0.4859652858336378,0.524101052413216,0.5892549740593934,2
1775542624.7340524,273.56,779.7,0.390340809942077,0.4864594317875805,0.5202313880383774,0.5895390217834046,2
1775542624.7641425,268.38,780.18,0.3858779565848944,0.4829543559378131,0.5191241705392121,0.5906797132080532,2
1775542624.7984607,268.96,781.0,0.3879436252815436,0.4855889537480518,0.5230860886116151,0.5993677002696126,2
1775542624.8290374,269.1,780.8,0.3903066976692221,0.4918804342490316,0.5251321238041888,0.5939773364470177,2
1775542624.862378,269.86,780.22,0.389831082473656,0.49065728445427,0.5286941132914179,0.5990715092047753,2
1775542624.8929355,271.54,779.06,0.3879081274936073,0.4870856186409228,0.5244275908054197,0.5988980908308833,2
1775542624.9239202,271.72,778.7,0.3861607342426365,0.4881840814446515,0.5267321677491977,0.6007990591352514,2
1775542624.9575255,273.68,779.96,0.3861107850122804,0.4883312648811075,0.5246353662465173,0.5971287188656815,2
1775542624.990837,273.78,780.52,0.3852839618814924,0.487373762082478,0.5244183411199755,0.6033636850434166,2
1775542625.0359492,275.44,780.82,0.3882825277642672,0.4904596991466137,0.5249264932500355,0.5881115099193905,2
1775542625.0690477,273.72,780.92,0.3856567913796078,0.4850785243728946,0.5228130873685398,0.5995712830311106,2
1775542625.100095,273.42,781.68,0.3851146081385214,0.4861792757101737,0.524762290794763,0.6067782571352003,2
1775542625.1329055,273.88,780.1,0.3834879480052778,0.485891715553699,0.5229735986649955,0.5950474825866249,2
1775542625.1639872,271.86,781.8,0.3831260191761088,0.4851665887630662,0.5203396868501815,0.5958593614006575,2
1775542625.196381,268.06,779.8,0.3847249323572196,0.486513388633059,0.5224164238137653,0.5912722090918207,2
1775542625.2281194,268.56,779.8,0.3848904576945332,0.4859350179059686,0.5196615569033032,0.5946551847244124,2
1775542625.259729,266.96,779.7,0.3841171921592757,0.4844573328555924,0.520534418199191,0.6060516658799252,2
1775542625.2927673,266.58,781.22,0.3838587843342278,0.4858841083510051,0.5213006994654742,0.5955692192648614,2
1775542625.323859,265.22,780.66,0.3862859513779962,0.4884193014380934,0.5227297450034387,0.5964763446658558,2
1775542625.35756,265.88,779.64,0.3877385162463714,0.4933053873022603,0.5279327290394064,0.5917975667588112,2
1775542625.3910117,265.3,779.92,0.3884801409263269,0.4908432294067652,0.5249918775885262,0.5973018618980253,2
1775542625.4384627,265.38,779.64,0.38815840744404,0.4894600362477658,0.5248818717972797,0.6041722070919046,2
1775542625.4678752,261.52,779.54,0.3858099507982452,0.4879604069882083,0.525774238077146,0.6002466600676297,2
1775542625.5024672,261.72,779.16,0.3863853259832098,0.4905956564404519,0.5247924433503192,0.5912991509403975,2
1775542625.5319035,262.96,779.8,0.3867773933179919,0.4893430902436084,0.5250971769798509,0.5998235948251601,2
1775542625.565016,263.52,778.48,0.3849886490468049,0.4873799853703205,0.522239591606108,0.6003497207368798,2
1775542625.59613,262.0,779.9,0.3871809180188161,0.4915298541837649,0.5262732747795089,0.5993376895302976,2
1775542625.6289155,262.98,780.4,0.3845324036132894,0.4908844766940056,0.525148084371892,0.5945803695974675,2
1775542625.6607678,263.18,779.92,0.3864599304321115,0.4874503577586923,0.5215161416700536,0.5941634549045809,2
1775542625.692954,263.58,781.02,0.3824701878408518,0.484033529830918,0.5212570482741131,0.6034813729644557,2
1775542625.7245226,263.7,780.56,0.3800854753925992,0.4835312484824839,0.522369540185698,0.6021756804099833,2
1775542625.7562282,264.22,780.18,0.3811336484230083,0.4856861427279401,0.5235468391332908,0.5988033027120366,2
1775542625.7899675,271.22,779.6,0.3843766643827297,0.4871202415980178,0.5231565102030982,0.6004086677676013,2
1775542625.836236,271.44,779.52,0.3850208787829135,0.4874876473136621,0.5232285096893443,0.5940718649435262,2
1775542625.8674164,268.72,778.74,0.3821639793719535,0.4843907597972406,0.5208820252479246,0.5972107542650842,2
1775542625.9010751,269.22,777.08,0.3795881476756052,0.4823071682089861,0.5197922544719003,0.5800353123099237,2
1775542625.9329422,270.08,777.2,0.37236742534127,0.4728849269089185,0.5115346392799587,0.5824347795025295,2
1775542625.9641,270.46,777.2,0.3554883677092997,0.457741420115772,0.5005748367509157,0.5657350618041228,2
1775542625.9983623,269.6,774.54,0.3329223874604242,0.4241892877209508,0.4666382984333755,0.551134251200483,0
1775542626.0289705,269.78,776.12,0.1963293235145512,0.315420577588507,0.3835581377131947,0.4736630195857553,0
1775542626.0620828,267.7,777.14,0.0983098472872673,0.1654313751400301,0.2323849126630464,0.3353984556809994,0
1775542626.0922418,268.42,776.84,0.037312663008668,0.0765167575908855,0.1519286275427421,0.2251911176144332,1
1775542626.126679,267.96,775.94,0.0676178517357637,0.0149118854609238,0.0917946099876984,0.1523497848987212,1
1775542626.1570847,263.02,777.1,0.1034849583552609,0.0274295966054035,0.0562890767179522,0.1050295844816145,1
1775542626.188006,263.34,776.3,0.1215772650744552,0.0544676362681187,0.0525655634913461,0.0887675057590511,1
1775542626.2235134,263.46,776.54,0.120912572333513,0.0519192899563636,0.0493634199272363,0.0923355986306471,1
1775542626.25639,263.0,777.32,0.1250933360008452,0.0634325317019638,0.0499897098537285,0.0868689994923023,1
1775542626.301211,261.66,778.86,0.1251931464787181,0.0708685102290944,0.0546001071715781,0.09227698223182,1
1775542626.3322463,260.92,779.3,0.129004509181243,0.077977323753809,0.058397129522794,0.1022637913937121,1
1775542626.3656006,261.72,778.7,0.1336815094592404,0.085505223900485,0.0736666810824302,0.114342077461544,1
1775542626.3972666,261.46,779.04,0.1473168369964496,0.0933201501115326,0.0772607399133108,0.1179329274656764,1
1775542626.4278865,261.8,776.64,0.1382229030491072,0.0862560438902371,0.0814181203769761,0.1265192154641606,1
1775542626.4609587,260.84,775.72,0.1354149879110395,0.0848862823827488,0.0861542978259819,0.1325567581182913,1
1775542626.4929836,261.2,775.56,0.1396796376350934,0.0881176896829238,0.0860456428263926,0.1298474889586185,1
1775542626.5239754,257.24,775.08,0.1400636181097977,0.0892511314435305,0.0902359409067194,0.1305561992613283,1
1775542626.5560465,257.44,775.28,0.139293218823265,0.0874331576678021,0.0891228058099581,0.1319587719153506,1
1775542626.5883758,256.62,775.08,0.1417103040179596,0.0850812631393563,0.0827320128601952,0.1257874952391173,1
1775542626.6240878,255.96,774.66,0.1406063738394929,0.0855122253329596,0.0843574086549181,0.1255351282638752,1
1775542626.6562488,256.08,774.56,0.1453536752461096,0.0849033234368298,0.0828907618971373,0.1239501618476242,1
1775542626.7022662,255.28,775.46,0.1422356945956544,0.0834666075443223,0.0817418830786145,0.1214245324961527,1
1775542626.7328684,254.14,774.1,0.1410262561867618,0.0823152741651773,0.0787996636581024,0.1190017001729066,1
1775542626.7664185,254.7,774.32,0.1402419477831232,0.0855988248150594,0.0816892220153487,0.1204922435387866,1
1775542626.7969463,253.86,775.44,0.143599224355608,0.0856111739449525,0.0751075130517936,0.1127609010049457,1
1775542626.8288014,254.2,775.26,0.1414254605961876,0.0802880789204128,0.0698152399527271,0.1104824822257451,1
1775542626.8599615,256.44,775.64,0.1390966563229517,0.0830953086625837,0.0741856108979883,0.114808013379561,1
1775542626.8919709,256.62,775.38,0.1400623612250829,0.0841126006676178,0.0764427650355603,0.1204352038840357,1
1775542626.9249892,258.16,775.42,0.137596162971253,0.081501569780162,0.075527021237507,0.1192572433925468,1
1775542626.9567125,260.78,775.24,0.1385979661134694,0.0810985064341537,0.0775031564863565,0.1191714318183785,1
1775542626.9882362,261.64,775.76,0.1453275024784215,0.0817786003112212,0.0730342583198884,0.1125513963723704,1
1775542627.0200484,261.02,776.68,0.1401259788193848,0.0780077242993817,0.0739354882205001,0.118284720262975,1
1775542627.0527804,260.7,776.16,0.1416228405260406,0.080368677328008,0.0707472759384351,0.1112639511623572,1
1775542627.087744,260.8,777.08,0.1396540539721343,0.0787712292274066,0.0713528575816279,0.1110164663853861,1
1775542627.132937,262.12,776.66,0.135109808749351,0.0824281159031753,0.0822263197436274,0.1228435305972667,1
1775542627.164883,261.7,776.72,0.1344053317202009,0.0802786826924137,0.0786817448710882,0.1197166636443313,1
1775542627.195866,262.92,776.98,0.1346654518259558,0.0812285271975122,0.0792904614207407,0.1205876009139213,1
1775542627.228943,262.32,778.88,0.1344887970428349,0.0843127394315903,0.0846510814759247,0.1248835333106451,1
1775542627.261948,262.12,778.7,0.138317072023746,0.0858949599782805,0.0815590323529801,0.1205622277968302,1
1775542627.2923434,262.34,778.0,0.13586999304563,0.0816128421348179,0.0767242568399874,0.117635143554067,1
1775542627.325782,262.38,777.24,0.1321072919376304,0.078112067440179,0.076883267761915,0.1204353991060117,1
1775542627.357061,262.44,776.76,0.1352082071669693,0.0835259921955471,0.0832515077816467,0.1239878013649601,1
1775542627.39036,262.64,776.98,0.1362031447614351,0.0846920564655454,0.0815849493742958,0.120276558907582,1
1775542627.4260786,265.46,777.0,0.1347854512260068,0.0819741206667118,0.078096104096424,0.1222522640886496,1
1775542627.453055,266.28,777.6,0.1346487424903144,0.0813620768082457,0.0761855056064422,0.1160693575688042,1
1775542627.4859505,266.64,778.18,0.1382838989639972,0.0837601536990905,0.0787997898233151,0.1175841042336828,1
1775542627.5321844,266.3,778.18,0.1324764606105261,0.0821977400615573,0.0832484139011272,0.1237178768909369,1
1775542627.5639138,265.74,780.56,0.1351819486995506,0.0812786927515217,0.0793866059384904,0.1185403117112628,1
1775542627.5961473,266.14,780.6,0.1340847118862334,0.0837538550422808,0.0844636724848025,0.1259114687475748,1
1775542627.627953,266.12,781.36,0.133284293052854,0.0804489017844933,0.0806069901054705,0.1233797672897773,1
1775542627.660998,264.06,782.5,0.1352666849532932,0.081457903969173,0.0789396289720352,0.1216843327517115,1
1775542627.6925912,265.12,782.64,0.130136799630756,0.080206109957784,0.0822925381855654,0.1264944689284562,1
1775542627.7262747,265.2,781.24,0.1276974842400459,0.0747217755289478,0.0765767222866628,0.1212968836562225,1
1775542627.7563095,264.62,781.84,0.1297725130302447,0.0773296078848329,0.0790220813637835,0.1218771867968255,1
1775542627.7881577,265.28,782.74,0.1302066578188066,0.0799801818323986,0.0808446354500238,0.1245662480747092,1
1775542627.8210523,266.1,782.3,0.1324854192248885,0.0800228482888252,0.0786587885012004,0.1196176707563536,1
1775542627.8518686,265.38,782.36,0.1298090025314715,0.0760490054560748,0.0756246687896358,0.1189145681956098,1
1775542627.886511,266.1,782.22,0.1286195228937687,0.0780221842040254,0.0795654738198218,0.1211966720645523,1
1775542627.9201343,265.56,782.42,0.127871241803617,0.0750697082771238,0.0748985541941649,0.1187704317425472,1
1775542627.9675372,265.86,782.18,0.1287684828231668,0.0774522748415837,0.0759429459052046,0.1213905265909,1
1775542627.9970288,266.78,782.42,0.1324214356864726,0.0801887883323772,0.0789753201777338,0.118895584975328,1
1775542628.0306077,267.18,783.2,0.1334784504406286,0.0828088228906531,0.0764561620762359,0.1168907705290711,1
1775542628.065755,266.02,783.54,0.1284771108345499,0.077348378752236,0.0729279705179903,0.1185884001044592,1
1775542628.1088026,265.8,786.52,0.1297051420058743,0.0778052459432628,0.0733665928321226,0.1210430952935448,1
1775542628.1410365,266.18,786.48,0.1254776704789818,0.0803624499754863,0.0754210299032986,0.1189110978222282,1
1775542628.1747203,266.94,786.56,0.1148395416170261,0.0719173212082663,0.0856942535487934,0.1371928582098825,1
1775542628.2201438,268.86,786.86,0.0921246410589321,0.0495959274029717,0.0737383446764306,0.1313955524235821,1
1775542628.2533605,266.7,787.8,0.0523562062028796,0.0478425582036835,0.1146206781769932,0.169560071014307,1
1775542628.2706892,267.64,787.74,0.0358488712583623,0.0356765808215133,0.1159544561251596,0.183817912263464,1
1775542628.303194,267.54,788.2,0.0225233056559204,0.0696929572370686,0.1480019985696641,0.2239920066122823,1
1775542628.33203,270.06,787.54,0.0568927888207751,0.0977706513967804,0.1659597434789846,0.2525793337661524,1
1775542628.364815,270.48,787.16,0.1119674773926756,0.1631178412549549,0.2277653014449862,0.3218627103689317,0
1775542628.3968637,271.26,787.98,0.2299052670516469,0.3179327793671328,0.3543492032749584,0.3925772503611608,0
1775542628.4288232,272.8,788.4,0.3179352519509186,0.3970364745382352,0.4237839333961838,0.4593379367095908,0
1775542628.4600742,272.42,788.28,0.3461920317527048,0.4419658770318492,0.456938625704638,0.4904903688171376,0
1775542628.492002,272.66,787.44,0.3556243931563139,0.4522807219705116,0.4732640083290674,0.524091305500382,2
1775542628.5280368,272.18,787.16,0.3732244693446642,0.4669885443150817,0.4894914974174795,0.5489535197944596,2
1775542628.5581515,272.14,787.52,0.3803262054303324,0.4764647126519206,0.5043544357387727,0.5755950115406477,2
1775542628.5880573,274.14,786.72,0.3800224589755341,0.4769695221620441,0.5044437922741989,0.5821277805928671,2
1775542628.6222308,271.34,787.22,0.3755111750879288,0.4751333513082166,0.5008996414979691,0.5742108923886559,2
1775542628.6562188,270.04,786.7,0.377621335979191,0.4775279395196501,0.5014558132181289,0.5681295837947706,2
1775542628.7022605,270.16,788.38,0.3785181924978937,0.4787346174719254,0.4990222763823814,0.5647391606480375,2
1775542628.732998,270.06,788.2,0.3794400346815335,0.4787454123815595,0.5000658498900596,0.5617696041152795,2
1775542628.764912,270.88,788.34,0.3792851360149487,0.4763944339847432,0.4951527798730489,0.5555731600430752,2
1775542628.7960775,271.12,792.72,0.3796422338157514,0.4770982165860997,0.4978761425463665,0.5529200982745681,2
1775542628.82853,271.1,792.42,0.3804709837272088,0.4782443908901607,0.4958728424582045,0.5516723055860708,2
1775542628.8608572,271.74,794.66,0.3803815927178736,0.4787375687864077,0.4953750361994494,0.5532186748745715,2
1775542628.8930006,271.46,790.86,0.3805705333676362,0.4774664008439375,0.4945844499204379,0.5503296523661874,2
1775542628.9284525,271.04,789.9,0.3794348895683845,0.4771479347862675,0.4944906222996387,0.5506820027439083,2
1775542628.957136,272.52,791.4,0.3764018550786981,0.4742370020700602,0.4920877766215262,0.5486831319008312,2
1775542628.9878843,272.5,791.76,0.3742466625185599,0.4707615792652697,0.4887866577102811,0.547822323808076,2
1775542629.020908,271.94,792.7,0.3754339373353431,0.4719689180148386,0.4883729925495467,0.547243304045752,2
1775542629.0530214,271.56,793.28,0.3759284857789426,0.4709581238824889,0.4850670992093056,0.5477540631779768,2
1775542629.0866375,270.42,794.2,0.3754083021180533,0.4698265154788475,0.4865686937425511,0.5467081569123274,2
1775542629.1320262,268.54,793.6,0.377828854567695,0.4726150874904317,0.4868072897473811,0.5447553198605156,2
1775542629.1638708,267.98,796.62,0.377989000131205,0.4739417734644191,0.4859598668118036,0.5435029012218351,2
1775542629.198378,270.18,796.4,0.376083350040043,0.4708677007069962,0.484481579222314,0.5410018678140734,2
1775542629.2289543,271.12,797.38,0.37697879609761,0.4703531560731409,0.4834956850086851,0.539247598833767,2
1775542629.2622876,270.26,796.76,0.3709070558449029,0.4641433067949633,0.4784383072549852,0.5379384450166762,2
1775542629.295961,270.36,796.82,0.3681294259970347,0.4598945317729644,0.4782083752641134,0.5357525477088828,2
1775542629.342656,273.3,796.5,0.3698948261362451,0.4607366539550102,0.481529687287221,0.5354978493917939,2
1775542629.3721428,273.28,790.22,0.3685799371951244,0.461825621470764,0.4801698161957501,0.5338742985000128,2
1775542629.404288,273.52,791.46,0.3686806252354436,0.4614008907136953,0.4804931457381384,0.5366401915100886,2
1775542629.4376032,273.9,792.84,0.3674315524962183,0.4609636754944426,0.4788593869655571,0.5347115870097656,2
