Timestamp,Inner_Env,Outer_Env,Index_Dist,Mid_Dist,Ring_Dist,Pinky_Dist
1775542597.0754025,0.0,0.0,0.0,0.0,0.0,0.0
1775542597.1667826,487.9,582.44,0.0,0.0,0.0,0.0
1775542597.1964123,487.2,582.52,0.0,0.0,0.0,0.0
1775542597.2285461,487.8,583.0,0.0,0.0,0.0,0.0
1775542597.2470372,487.74,582.96,0.0,0.0,0.0,0.0
1775542597.2908127,485.84,583.46,0.0,0.0,0.0,0.0
1775542597.3127816,485.54,583.16,0.0,0.0,0.0,0.0
1775542597.3338153,485.44,583.82,0.0,0.0,0.0,0.0
1775542597.3683054,485.24,583.56,0.0,0.0,0.0,0.0
1775542597.4027648,486.02,584.2,0.0,0.0,0.0,0.0
1775542597.4308753,485.94,584.06,0.0,0.0,0.0,0.0
1775542597.46642,484.6,584.36,0.0,0.0,0.0,0.0
1775542597.4934788,484.4,584.06,0.0,0.0,0.0,0.0
1775542597.5298843,482.42,584.1,0.0,0.0,0.0,0.0
1775542597.5559418,481.88,584.16,0.0,0.0,0.0,0.0
1775542597.6046169,481.1,584.42,0.0,0.0,0.0,0.0
1775542597.6394477,481.08,584.42,0.0,0.0,0.0,0.0
1775542597.6743073,479.2,584.3,0.0,0.0,0.0,0.0
1775542597.7087376,477.04,584.44,0.0,0.0,0.0,0.0
1775542597.7370505,476.6,584.42,0.0,0.0,0.0,0.0
1775542597.7643745,476.18,584.62,0.0,0.0,0.0,0.0
1775542597.7989507,473.42,584.52,0.0,0.0,0.0,0.0
1775542597.833707,472.42,584.52,0.0,0.0,0.0,0.0
1775542597.861539,472.84,584.7,0.0,0.0,0.0,0.0
1775542597.8969066,472.08,584.74,0.0,0.0,0.0,0.0
1775542597.9309454,471.44,585.26,0.0,0.0,0.0,0.0
1775542597.9587014,471.68,585.24,0.0,0.0,0.0,0.0
1775542597.9935622,471.68,585.8,0.0,0.0,0.0,0.0
1775542598.0352316,472.6,585.62,0.0,0.0,0.0,0.0
1775542598.0703504,472.78,586.06,0.0,0.0,0.0,0.0
1775542598.104087,473.76,586.12,0.0,0.0,0.0,0.0
1775542598.1270323,473.42,586.36,0.0,0.0,0.0,0.0
1775542598.1579535,473.08,586.3,0.0,0.0,0.0,0.0
1775542598.1910946,472.24,586.46,0.0,0.0,0.0,0.0
1775542598.2231026,471.72,586.36,0.0,0.0,0.0,0.0
1775542598.2557676,471.56,586.5,0.0,0.0,0.0,0.0
1775542598.2866976,471.28,586.54,0.0,0.0,0.0,0.0
1775542598.3214388,471.3,586.84,0.0,0.0,0.0,0.0
1775542598.3520584,471.62,586.82,0.0,0.0,0.0,0.0
1775542598.3845325,470.76,586.92,0.0,0.0,0.0,0.0
1775542598.4322112,469.88,586.86,0.0,0.0,0.0,0.0
1775542598.4633725,469.42,587.0,0.0,0.0,0.0,0.0
1775542598.4958963,468.86,587.02,0.0,0.0,0.0,0.0
1775542598.5271833,468.44,586.9,0.0,0.0,0.0,0.0
1775542598.5600612,467.36,586.96,0.0,0.0,0.0,0.0
1775542598.5921147,466.16,586.82,0.0,0.0,0.0,0.0
1775542598.6242907,465.06,587.0,0.0,0.0,0.0,0.0
1775542598.6543257,464.28,586.8,0.0,0.0,0.0,0.0
1775542598.6880693,464.36,587.06,0.0,0.0,0.0,0.0
1775542598.720435,465.98,587.14,0.0,0.0,0.0,0.0
1775542598.7513866,465.62,587.04,0.0,0.0,0.0,0.0
1775542598.7994993,466.02,587.44,0.3162331464890353,0.4200724216999278,0.46025057756653776,0.4633660132871944
1775542598.8466508,465.84,587.24,0.32906088812287365,0.43555168251195775,0.4656685027079119,0.4758418404932778
1775542598.8929205,465.52,587.34,0.3406629591631404,0.4451027037904689,0.46647825293048883,0.4742746759658583
1775542598.924645,465.4,587.38,0.3418927352121926,0.4429057657579107,0.46314091924579476,0.46892768191089357
1775542598.9578853,466.42,587.5,0.34542066965791657,0.44716826194160364,0.4568136207320238,0.47671240500715983
1775542598.9888916,466.06,587.7,0.35450190678517285,0.44802914823200324,0.4570503627537772,0.48145392384925195
1775542599.0225577,466.02,587.52,0.35879310332138176,0.4621603199420183,0.46748302455517926,0.4852887713296989
1775542599.052984,465.82,587.4,0.36207313938555513,0.4708345268412538,0.4806244283294794,0.4957211387028002
1775542599.0856507,465.02,587.22,0.35993694034399587,0.4602318690597779,0.46904913631618816,0.5003996091719088
1775542599.1170096,464.68,587.04,0.35864492610568277,0.46264485021459884,0.4741331217544771,0.4961243190136941
1775542599.1489832,464.68,587.28,0.35562418132657625,0.45886533290118975,0.4757485621107586,0.5118754928926645
1775542599.18076,465.32,587.34,0.35534719385746216,0.45722954509124736,0.47904209910724077,0.5048780921554142
1775542599.2130904,465.34,587.52,0.3511030162319105,0.44871083481418095,0.4738156139226977,0.5054959645170134
1775542599.245121,465.28,587.38,0.34736069891385657,0.44785231226798095,0.47095386361735686,0.509658680152066
1775542599.2789638,465.32,587.5,0.3482186151828225,0.44983134250510065,0.46638872539090853,0.4972600375289896
1775542599.3249326,465.04,587.42,0.3472621654957481,0.45251710492410196,0.47140067819604003,0.5102417429387673
1775542599.3559668,466.24,587.8,0.3434333522602372,0.4479217780318174,0.46182232208949964,0.5030775070975508
1775542599.389007,467.78,587.7,0.3424543551159947,0.43977340888642485,0.4498601600731717,0.5087571625852516
1775542599.4209151,469.4,588.04,0.3454190329874612,0.4416357899714716,0.4539299797211643,0.4864002520089789
1775542599.4529197,470.26,587.84,0.334020479797436,0.4350679428345757,0.4559366662947787,0.5076752303988366
1775542599.4839623,472.08,588.36,0.33109286033346175,0.428132105659469,0.4454313810816551,0.49205006189221123
1775542599.5171804,472.58,588.08,0.33839147528542896,0.4290887114222253,0.4368082248962594,0.4948585052205747
1775542599.5488,473.0,588.56,0.34040327564388156,0.4320160731651802,0.44214906092311484,0.5155030994289127
1775542599.5824583,472.56,588.56,0.3431301347503968,0.4320490223477564,0.45574317689340715,0.5299822461354375
1775542599.6130092,473.16,588.7,0.33852685066564486,0.42608198753310567,0.45466725987217793,0.5351505857438006
1775542599.6464522,473.62,588.62,0.3398949880441307,0.4242422584088429,0.4459247064886719,0.5169759609552059
1775542599.6796863,472.42,588.64,0.33347334855484567,0.41948454745267044,0.44756259120701675,0.5170414202428152
1775542599.7108853,472.4,588.74,0.3326610081930161,0.4174165297662391,0.4415673620672344,0.5113360883778937
1775542599.7561367,473.16,588.86,0.3247261577778987,0.4138074917441146,0.4289606162358752,0.49485399682676584
1775542599.7878942,472.42,588.84,0.32139474610587215,0.40651739310195084,0.4280663523138879,0.4840633397355938
1775542599.8210595,472.44,589.06,0.3157672739200117,0.3985890173129874,0.4106616617727785,0.4735490636798412
1775542599.8527489,471.94,588.8,0.31659156499227115,0.3990496820813788,0.41649792654386586,0.47174840032353016
1775542599.8848855,472.96,588.84,0.3142612377648363,0.39812058111273313,0.41822577132913763,0.47690088101075506
1775542599.916883,472.96,588.82,0.3136881281483764,0.3981291706916135,0.4178136346821576,0.47541308342486993
1775542599.9481869,473.1,588.86,0.31373077421111173,0.3962226755429414,0.4168433422793222,0.47562849803535673
1775542599.9811323,473.26,589.06,0.3124306489988844,0.39965703203691505,0.41824631874957596,0.47186517276186496
1775542600.0125856,473.64,589.12,0.30833183962432953,0.39856387120210557,0.41594666316013856,0.47378634287913196
1775542600.044149,473.22,589.08,0.3094596401516189,0.4013138645089535,0.4176754828122562,0.4727335020806854
1775542600.080472,474.22,589.36,0.31246965074268335,0.40005334178200663,0.4162447824904842,0.47149324626440753
1775542600.1101434,473.12,589.34,0.31213541838799275,0.3992268227534672,0.41365938807311575,0.47411266194275276
1775542600.157135,473.8,589.62,0.30992328466177776,0.401497148322622,0.4136993248584303,0.47997075914239784
1775542600.1881113,473.32,589.74,0.3146560817384634,0.40691200119125925,0.4170089500270387,0.48610948917984603
1775542600.222031,473.32,590.08,0.3164729440134703,0.4066516311825088,0.4180156126011253,0.48999222322149494
1775542600.253067,474.56,590.16,0.32023343627676965,0.4116619124301354,0.4218124093416493,0.4958133005895448
1775542600.2849095,475.68,590.5,0.31927748304246895,0.4118278034986675,0.4222910597725267,0.49629730875166567
1775542600.3169036,476.4,590.58,0.316924122473602,0.4112900416929518,0.4228589358514424,0.5030331877370906
1775542600.3503573,477.14,590.78,0.3181640405832897,0.40803259409575077,0.4203938401937697,0.4880018224685245
1775542600.3813934,478.06,590.72,0.31742232814773663,0.40466536948952003,0.4197622941882951,0.49436304927541086
1775542600.412946,476.98,590.78,0.31798977659199945,0.4018169076838939,0.4185657158884303,0.48452301829357264
1775542600.4451973,477.64,590.8,0.31511083139817947,0.4012598360650818,0.4205593582920685,0.48104123805684623
1775542600.4810917,477.84,590.86,0.3156132062892995,0.40002907042769914,0.4201518409131777,0.483828655664443
1775542600.5079796,477.78,590.94,0.3105697128895181,0.39795387370108826,0.4189588840956455,0.4873855057494129
1775542600.5423295,476.18,590.9,0.31361796084619625,0.40023693534877125,0.41866557680362304,0.4968991697410618
1775542600.5880072,475.92,590.76,0.3213876079476657,0.40845440847879433,0.43295423292244267,0.5056663072745353
1775542600.6210053,475.0,590.78,0.3267924797143857,0.41563150579835784,0.43559249622674023,0.5128627528902855
1775542600.6529965,474.6,590.58,0.32962172414099383,0.42146080424767557,0.4422982872638171,0.5183651955677916
1775542600.6861193,474.2,590.72,0.3353530713414014,0.42585875333758805,0.4404627353748316,0.5165907741178208
1775542600.7166383,474.54,590.92,0.33914957126680195,0.4317458265779496,0.4459823637854595,0.5193164330428854
1775542600.7488506,475.3,591.1,0.34293675411141245,0.435552056533891,0.4574826517759009,0.5321782293448626
1775542600.7815852,474.82,591.3,0.3460354146284467,0.43968340310811754,0.46522340753181707,0.5367045521730742
1775542600.8129754,474.02,591.28,0.3490713030096631,0.4480290090408695,0.47499143319904163,0.5715875696173685
1775542600.8461015,473.48,591.1,0.35587424125036626,0.4487411881449583,0.4812667959474947,0.5769131497286611
1775542600.8814971,474.36,591.08,0.3526880503588072,0.452315388905984,0.48912635972091056,0.5931550201549542
1775542600.910289,473.94,591.2,0.3592417332012439,0.45305229656505613,0.48431990523431345,0.5712329949564423
1775542600.9398293,474.22,591.18,0.3560101498187387,0.45487832444794873,0.4930992707862396,0.5760841367338265
1775542600.9735446,474.36,591.02,0.3596385349779025,0.4568458553563861,0.4947851489986739,0.5747306596397126
1775542601.0082653,473.8,590.96,0.3581230462217464,0.4517286341100237,0.4893117358541852,0.5771074925251529
1775542601.0532966,473.14,591.12,0.3594474396238024,0.45144148681850677,0.47951231694823443,0.5690624017836666
1775542601.0839448,472.7,591.1,0.36304477705006377,0.4560026583951447,0.4887553758839822,0.570934047271056
1775542601.1167657,472.0,591.36,0.3687628019776376,0.4633233018546597,0.4914402635314269,0.5612640478268106
1775542601.1489244,471.76,591.44,0.3685592819807532,0.46877049253407027,0.5004743101457915,0.5636176476685426
1775542601.182402,471.2,591.36,0.368248248861095,0.4666333503661536,0.4988034107089146,0.5678819218043771
1775542601.2131228,471.86,591.44,0.3750860965919539,0.47020636978023456,0.5026588783565386,0.5678911363679149
1775542601.244052,471.88,591.46,0.3745374809792143,0.47312364009323254,0.5038851025188965,0.5637797968135103
1775542601.2771444,472.12,591.6,0.37454659629708,0.47313043843682817,0.5120628459654877,0.601669143027802
1775542601.3089733,471.82,591.78,0.37266997866467394,0.4695230407860472,0.4960895423726247,0.5664321167996401
1775542601.3399565,472.08,591.9,0.37793355651327876,0.46986574243684476,0.49374611302507027,0.5637090790872306
1775542601.3737607,471.94,591.98,0.3760709355505353,0.4751835729150416,0.508433770465886,0.5784921534980466
1775542601.4199886,472.2,592.16,0.37761055308953423,0.4737163386232654,0.5076820047839724,0.5819682059508732
1775542601.452772,471.42,592.14,0.38761522730394543,0.4836973181246527,0.51551511924205,0.5830356448562549
1775542601.48577,470.84,592.08,0.38665349509594416,0.48405197799221555,0.514100988292008,0.5932452025155661
1775542601.5162506,469.68,592.26,0.3970034002432223,0.4989269306723521,0.5329412173703368,0.6150151522618842
1775542601.5503693,469.54,592.18,0.39596470799008676,0.5033633286954506,0.5346190026453395,0.6369682333315344
1775542601.5825214,470.44,592.26,0.39738387132706343,0.499278751404018,0.5306856063322244,0.6214464822637562
1775542601.6142423,470.04,592.46,0.4037704612165301,0.515664747406081,0.5372046724677223,0.6200701693458207
1775542601.645031,470.42,592.22,0.4023828425451864,0.515047407406767,0.5525849369863178,0.6097029120806279
1775542601.6760476,470.06,592.22,0.40933707352777304,0.518514894245701,0.5507785466451267,0.6251489205555828
1775542601.709055,469.84,592.24,0.40988602645150635,0.5286069062566257,0.5607820771769452,0.6381677856631706
1775542601.740847,469.2,592.32,0.41666897158392857,0.5297587055416573,0.5621259222136058,0.6299181900191302
1775542601.7729769,470.1,592.24,0.42020341160271,0.5350214940265369,0.5669040393580806,0.625966073180779
1775542601.8064902,469.02,592.3,0.42026137194847113,0.5274268396862749,0.5640728152114068,0.6185849550939355
1775542601.8526793,469.42,592.14,0.4153201646240783,0.5206441032628754,0.5635940646548712,0.6261042227843917
1775542601.8853595,469.22,592.2,0.41991604749879763,0.5165401163974807,0.5590638912319106,0.6353002222988847
1775542601.916917,468.76,591.98,0.41901044061042536,0.5180449239932845,0.5578379862685464,0.6081258541620506
1775542601.9480884,467.96,592.02,0.41273433976344964,0.5120914504670043,0.5546687967983877,0.6061326856192774
1775542601.9833543,467.76,591.94,0.4070812602635954,0.5074992142727014,0.5477034514300052,0.6085139285743963
1775542602.014224,466.6,592.06,0.39431653222735635,0.4940674284885315,0.5319120450557893,0.5892463393893106
1775542602.061137,465.78,591.94,0.3844650475085618,0.4712029759841728,0.5071530719123096,0.5809983013547857
1775542602.0930636,465.3,592.14,0.3680975515236325,0.4559020290470498,0.4940883804602469,0.5638679087848448
1775542602.125222,464.62,592.12,0.35682164538907035,0.44649376633283255,0.46369377884300556,0.5170827356433669
1775542602.1590614,465.52,592.28,0.3438539996249512,0.4328785712562644,0.4491938453585081,0.5073580668336404
1775542602.2056174,465.04,592.3,0.33007379924276103,0.41836835043113624,0.43909764853792205,0.499449905404561
1775542602.2362497,465.88,592.42,0.3234095656691961,0.41148222835174814,0.4294303410276229,0.48525250367931516
1775542602.2705395,465.8,592.5,0.3170761737594334,0.405351031112493,0.41971658016277624,0.4794571887339903
1775542602.302254,465.72,592.5,0.30915236661231227,0.3945208348003917,0.41205134981673164,0.47493782569378595
1775542602.3486845,465.26,592.76,0.30526063544887583,0.39085577602784977,0.4043182565784609,0.4685690393207149
1775542602.3842432,465.08,592.76,0.30626373002635304,0.38885164268029154,0.40737993555662233,0.4682297080466304
1775542602.4118667,464.98,592.78,0.299354410037492,0.3823150464288012,0.4005802019426766,0.46377210896177046
1775542602.4447753,463.8,592.88,0.2967437929314553,0.379591463859954,0.3984961676371929,0.4592222592778325
1775542602.4787586,463.42,592.86,0.29079653199592215,0.3712196695025928,0.39058766792880284,0.4506537439838296
1775542602.524162,464.3,593.12,0.2860770703208894,0.3664811578619909,0.3855380899813697,0.44617212391228117
1775542602.5559402,464.5,593.14,0.2793508586548305,0.36007794253535214,0.37557006681006866,0.4363426894740881
1775542602.5878267,463.98,593.24,0.2768897835919595,0.35700074068259613,0.3706038069527415,0.4306124894698247
1775542602.6207945,464.28,593.32,0.2736466043489219,0.3526281903823795,0.36752245112672344,0.4279395978718289
1775542602.65212,464.18,593.54,0.27257311759329955,0.3514126353720625,0.36507152497766837,0.4268557060352417
1775542602.685105,464.26,593.82,0.27167946885688593,0.34778763258201423,0.3621042592727986,0.42550356957397306
1775542602.7174895,464.26,594.04,0.2731768291513361,0.34979789351988844,0.36597143272937077,0.42681346363931333
1775542602.7488306,464.88,594.02,0.27165273146091606,0.3502487444674333,0.3657867500284056,0.4276951878282461
1775542602.785105,463.82,594.2,0.2731892274846088,0.3512160565949297,0.3666324274466789,0.42852205154606954
1775542602.8120818,462.74,594.04,0.27094263094729826,0.3486393895599112,0.36690482581591716,0.4279563918447214
1775542602.8463345,462.22,594.14,0.27165105634588826,0.34997398961278703,0.36756521265944847,0.429992075656344
1775542602.876991,462.76,594.28,0.27157020402702786,0.3499730769408462,0.36822207815334845,0.42848828522024396
1775542602.9111435,461.6,594.42,0.2696173234180827,0.34793766360398104,0.3648986665882426,0.42793291677603174
1775542602.955936,461.92,594.48,0.2705820676285933,0.3480836312749229,0.3642378239067655,0.4250985128982098
1775542602.9891095,461.32,594.52,0.2694009874819256,0.3468006342728099,0.3630231878796885,0.42460942583246225
1775542603.0199027,460.58,594.42,0.26782953107032037,0.34336491305184674,0.36295694079548185,0.4221489723528923
1775542603.0528972,459.62,594.56,0.26754546604839735,0.34291764726051716,0.3595163320707586,0.4197382321334419
1775542603.0852976,459.5,594.4,0.26708837111486644,0.34187876636499165,0.3580028889676722,0.4191803774290406
1775542603.1159031,456.88,594.8,0.2666064339202078,0.34281924904444294,0.357731252627567,0.4174217136417406
1775542603.1489959,457.86,594.64,0.26553440318636373,0.3420022763670274,0.35818490586381985,0.4185725336917192
1775542603.180049,457.58,594.7,0.2670236765248134,0.3420535144421515,0.3589419553402602,0.41921577418820133
1775542603.2119865,458.48,594.84,0.2622161874055555,0.3406623703050476,0.35928763474141096,0.41773679638850364
1775542603.245206,458.26,594.98,0.26506261361597866,0.34171438779394564,0.3576156692838649,0.41875604806130284
1775542603.2767375,457.58,595.16,0.2646011653694356,0.3401767614957094,0.35740412124776016,0.4175852349478674
1775542603.3083413,457.38,595.16,0.26500197311646834,0.341435206903745,0.3582749032360465,0.41645469555629844
1775542603.3427894,455.8,595.24,0.2644650806515538,0.3400952221276583,0.35681087233806374,0.4171445227463092
1775542603.3879402,455.22,595.28,0.2657246859365274,0.341890927089568,0.35959467289173697,0.41695426607832514
1775542603.4225338,455.0,595.2,0.26595760496945103,0.3417697752287999,0.36035021694607017,0.41711323508094167
1775542603.453038,454.32,595.12,0.2655011459926159,0.3402307201878663,0.35975464264917834,0.4171020320466694
1775542603.4864075,454.02,595.12,0.26426942866255193,0.33907446824249915,0.360738463286658,0.41847786683711446
1775542603.5163748,454.26,595.26,0.26625430827345165,0.3426465901945631,0.3627467754692394,0.416182186575001
1775542603.5502317,453.18,595.4,0.2641647124249569,0.3422994121902103,0.3619736443348609,0.41881755906504387
1775542603.586613,452.64,595.24,0.2642331067217015,0.34337006166779854,0.361564133717787,0.4188586476778247
1775542603.6120164,452.48,595.42,0.26412752529552713,0.3433423946841525,0.36079682874466873,0.4202191283864077
1775542603.6447716,451.46,595.5,0.26491181997511787,0.3429496841783797,0.36154112829772006,0.4199480267978821
1775542603.6769612,451.04,595.4,0.26649024825933404,0.34370165251554896,0.35945838036915756,0.4192164489681268
1775542603.7090058,450.84,595.38,0.26724926086866935,0.34392521174072666,0.3599656180596356,0.42111351862251634
1775542603.742699,450.96,595.3,0.2668952544025418,0.3453636563192919,0.35815322448594367,0.41951157008823015
1775542603.788477,450.32,595.28,0.26595864591069507,0.34544975421926055,0.3594767341159248,0.4197256113584148
1775542603.820896,449.6,595.16,0.26735202325296514,0.34516389836343253,0.3582467429443596,0.4186514949401052
1775542603.8529825,447.88,595.2,0.2655509645440417,0.3423121205705577,0.3572755545485549,0.41863031788263844
1775542603.887354,447.92,595.24,0.26525136058687726,0.34173604263831237,0.3592517906562625,0.41925485825869446
1775542603.9315684,448.7,595.62,0.2660747605586507,0.3429733134337679,0.3586919075217267,0.41968190507523734
1775542603.9648046,447.94,595.74,0.2668292677613791,0.34395505486848865,0.3619462160098983,0.42051545936980367
1775542603.996036,447.48,595.82,0.2677794398903473,0.34534105513776475,0.36099081901724944,0.4221090930100155
1775542604.0298038,448.06,595.96,0.26805247046067604,0.34552433683747197,0.3636411257057965,0.42372888390938174
1775542604.0654688,447.8,596.26,0.2707273966806242,0.3492288067825985,0.3682034352142346,0.42674313840011163
1775542604.107963,447.26,596.36,0.2717648888992559,0.3501221037213624,0.3661345636078174,0.4264306496828304
1775542604.142748,447.14,596.4,0.27208054746297444,0.3498954996203041,0.36621530316909945,0.424521856284458
1775542604.1759856,447.16,596.52,0.2693597769310019,0.34936070995963314,0.36985914222418154,0.4270081021871627
1775542604.2222219,446.48,596.56,0.2703679512081656,0.34868324985565485,0.3659059205423477,0.42495293845097243
1775542604.2530391,446.14,596.42,0.26882089206172327,0.34719430471210333,0.3669687129547836,0.422181290554778
1775542604.2879345,445.94,596.38,0.2700900596346252,0.3484416981157227,0.3668138850895417,0.423002639575232
1775542604.3170955,444.62,596.16,0.2704313423494946,0.3466500387854542,0.3644492503636618,0.42050914343826706
1775542604.3491032,444.62,596.24,0.2703588608114036,0.3488327699986759,0.3676280001815107,0.42265445920427774
1775542604.3801143,444.04,596.2,0.2688486497822178,0.34797379485725166,0.3656166232537109,0.42244316970637175
1775542604.4136925,443.46,596.26,0.269987420428497,0.34871660506070673,0.37079153046091134,0.42225557539129277
1775542604.4468894,442.72,596.22,0.27054997385469115,0.34707768126622207,0.36497074851070416,0.41994395601732903
1775542604.4918358,442.8,596.34,0.2719164018114713,0.348722196404429,0.36641211553604924,0.42344500123460255
1775542604.5250614,443.8,596.38,0.27019769623845286,0.34841006851841677,0.36870871053570825,0.42514208736028775
1775542604.5560274,444.4,596.24,0.2694614582255441,0.3458084199807364,0.3657056562435062,0.4244309248792016
1775542604.5884497,443.78,596.24,0.2685256090111575,0.3426730764038593,0.36229558198598155,0.41992084317862177
1775542604.6204917,445.84,596.34,0.2666529651694135,0.3410232409989497,0.36135675423614083,0.41730085938373473
1775542604.6519632,445.48,596.42,0.26438881991344454,0.33574800016198775,0.3588475172876161,0.4178268344613014
1775542604.6850564,445.16,596.56,0.2635786897228202,0.33414266874534315,0.3596505367373312,0.41641728036176584
1775542604.7185278,444.4,596.64,0.2612086448616266,0.3289429421956891,0.3544237562852682,0.41326912049068726
1775542604.7489934,444.54,596.78,0.25696327294151994,0.3210522617359788,0.3489849271619708,0.4083266380854405
1775542604.782614,444.72,596.84,0.24950748988627747,0.3112466385270141,0.33952959092670276,0.404009902688171
1775542604.8126726,446.24,596.3,0.23505483307408337,0.28747824144081613,0.32546990084201544,0.39659879499199663
1775542604.8463259,445.76,596.42,0.22534835637625686,0.27067154410788646,0.31515950563296186,0.3893987188676085
1775542604.879263,445.88,596.6,0.2053280730739528,0.24797669002592007,0.29834865384273856,0.3791909475259467
1775542604.9249923,446.04,596.46,0.17988341517115308,0.22875419020341714,0.27897205959342886,0.362465472002503
1775542604.9567864,445.48,596.68,0.13897262728856724,0.1698312468601615,0.23277119965294685,0.3345901450613192
1775542604.9889534,445.22,596.76,0.11636397684906949,0.16046654447840744,0.22575656881818398,0.32081288897429716
1775542605.0199604,444.64,596.88,0.1007644889934979,0.16408189079505783,0.23277652966243784,0.30027965280282387
1775542605.051868,445.74,597.04,0.09829851453473529,0.16623465466093945,0.23255328126849525,0.28680607244834305
1775542605.084895,445.78,597.36,0.10842758575257139,0.1694221663079026,0.22966545434471344,0.27171067540361604
1775542605.115912,446.06,597.54,0.1271798948839131,0.1701228256050714,0.22294935249800515,0.2635825547607766
1775542605.147616,446.58,597.72,0.10926269361922553,0.15163245844281292,0.2046542542901013,0.23736521643318745
1775542605.1810455,445.86,597.82,0.10198361988656555,0.1400505390624924,0.19313222587058076,0.22999166741795496
1775542605.213022,446.7,598.02,0.08625024136555917,0.13255646284310205,0.1820649193632894,0.21978896814969648
1775542605.2450042,447.72,598.06,0.09092565964390334,0.13167048283888186,0.180055670967259,0.21931080247698956
1775542605.278998,447.96,598.4,0.08151971259858838,0.11289248417331708,0.1607229177213924,0.20759140932912193
1775542605.3248038,447.76,598.62,0.07424621964016377,0.10646742807008125,0.15925592100839323,0.20543196754662618
1775542605.3582385,449.2,598.68,0.07166570634144144,0.10369049282649044,0.15403408734901242,0.20334792155767578
1775542605.3895047,449.18,599.0,0.0681993809136329,0.10149345781616699,0.14737665234112088,0.19876681514073394
1775542605.422729,449.42,599.14,0.06449226309592108,0.09452927565752073,0.14018969189661143,0.19521291009789232
1775542605.4522548,449.78,599.24,0.06165109975503591,0.09447608669188304,0.14298541941850987,0.19607866002099542
1775542605.486586,449.62,599.28,0.06331821572635742,0.09632640399378539,0.15324784945239342,0.20261816212216946
1775542605.5162897,450.02,599.4,0.06535267757585173,0.09723045370646385,0.15049366831917052,0.19685158278938336
1775542605.5487552,450.28,599.44,0.0690929735812315,0.09733387275844368,0.15503090721348672,0.20231824392514514
1775542605.581189,450.12,599.44,0.06924983181422772,0.10226995190174998,0.16216021629463875,0.20950633528032825
1775542605.6123307,449.26,599.34,0.06983027672274371,0.10065790180043552,0.15891537212134138,0.20643890350832894
1775542605.6442926,450.04,599.32,0.0665983185644817,0.10220542120924468,0.16435412087359694,0.2141164565566115
1775542605.6770427,450.32,599.58,0.07170726108721927,0.1021484036894687,0.1606279944075659,0.21165353733707964
1775542605.7097118,450.26,599.48,0.0653809351071484,0.09998981455741844,0.15894437589396587,0.21294360248452218
1775542605.7554703,451.12,599.6,0.0623580571970569,0.09792016841573249,0.15875535773130053,0.2122232041572364
1775542605.7903416,451.32,599.6,0.0638998535602347,0.09090779664239737,0.15234816851832686,0.20532878185955655
1775542605.8208573,452.36,599.7,0.06109151604973236,0.09542673618773478,0.15739910433662996,0.20986710904336692
1775542605.8527267,452.16,599.7,0.06143807570368892,0.0963555382034642,0.15776223118813285,0.2104700449971305
1775542605.8850133,453.16,599.72,0.0614737344470116,0.09110608806256636,0.15529758032135355,0.20686323653870217
1775542605.9170043,453.22,599.84,0.06193244809278332,0.09054012782411122,0.15436932630107156,0.20450170443384896
1775542605.948593,453.46,599.9,0.05927354594413829,0.09544965036876285,0.15948145209238437,0.211374452122845
1775542605.9823263,455.44,600.14,0.0672266301647284,0.09651622657076767,0.15310885357050494,0.2050403075258004
1775542606.0128667,454.58,600.22,0.06678945120898974,0.09259841644127198,0.15474819817587057,0.2068479600854662
1775542606.046702,454.64,600.26,0.0649731596794866,0.09237002838884399,0.1546468804166865,0.2074353192561761
1775542606.0770292,454.58,600.28,0.06993159048651414,0.09642366915932901,0.1544444446091442,0.20791818834509482
1775542606.1092331,454.64,600.34,0.07014306158227415,0.09305107766952997,0.15317908182170442,0.20666482511819761
1775542606.1428695,454.12,600.22,0.07039442065401609,0.08994246750448923,0.15111949211111073,0.20277139533453067
1775542606.19108,454.14,600.3,0.07098555906523273,0.09305016411009834,0.15276620940660005,0.20628688031522532
1775542606.220065,453.82,600.34,0.06961151325049118,0.09149691510438782,0.15208020626456384,0.20480184284218944
1775542606.253199,453.82,600.32,0.07095095418832835,0.09537884696174638,0.1527095390095557,0.20668740864202897
1775542606.2869468,451.94,600.24,0.07111245677403288,0.09500274650758422,0.1520216860271131,0.2058044298645038
1775542606.333192,451.94,600.16,0.06848679856383327,0.09319021507155899,0.15381922893204877,0.20557786102743178
1775542606.363495,450.1,600.16,0.07196994601689452,0.09477569901365938,0.151520987339444,0.20461503658545582
1775542606.3968494,451.58,600.18,0.07507936730606739,0.09829707341771061,0.15602671008949173,0.2083769933739923
1775542606.429597,451.68,600.16,0.07319927082032607,0.0885398219327052,0.14960472414646214,0.20262950105419145
1775542606.4634013,451.32,600.14,0.07371895329500401,0.09793966279371423,0.15456512512373072,0.20593771610493022
1775542606.5091178,450.68,600.64,0.07350168958809948,0.09378137393108074,0.15408283416917637,0.2071750208938245
1775542606.5403502,451.0,600.72,0.0706243915538451,0.0938550315981642,0.15591926359204902,0.20838942539959468
1775542606.5760095,450.92,600.8,0.07343873528511938,0.09365808673045367,0.1511209650326481,0.20263098577842517
1775542606.6093953,451.22,600.82,0.07506953096708638,0.09060491800022069,0.1499881474577973,0.20179004556570057
1775542606.6532145,450.32,600.76,0.07226016170211529,0.0914051897592494,0.14835365430022912,0.2001478413965924
1775542606.683964,450.88,600.7,0.07208093568361763,0.09270696539637832,0.15377286072554272,0.2062281257252469
1775542606.7097225,450.98,600.7,0.07459844438737649,0.09487121051765435,0.14928464638079222,0.20170585564199522
1775542606.7520783,450.4,600.84,0.07181083642162953,0.09530492151659235,0.15659733641141255,0.20788337601447712
1775542606.7975893,450.42,600.54,0.07602788002016413,0.08915555347246237,0.14865670742230025,0.19887320868458766
1775542606.828194,450.66,600.46,0.0749601135530951,0.09553864394330086,0.15229826064254526,0.20336305630298857
1775542606.861215,450.76,600.36,0.07458357184858498,0.08959013140824242,0.14470641395578074,0.19731071400801312
1775542606.8952723,451.48,600.48,0.07114539030088624,0.0827725461443073,0.14506411388777815,0.19920709819286922
1775542606.9411314,451.28,600.28,0.07401726502664713,0.09564536925127251,0.1544983370248564,0.2061760924254299
1775542606.9716532,451.02,600.16,0.07371309871190136,0.09003821884534831,0.148580616915314,0.1998305852191105
1775542607.0049865,450.8,599.94,0.07031731408141419,0.09742273677222558,0.15236290956378287,0.20083042888289115
1775542607.0371022,450.46,599.76,0.07173397464112188,0.10164222990620424,0.15440484008813565,0.20556121172472444
1775542607.0680413,448.7,599.72,0.07538902942333676,0.08462357624737239,0.14777084400688495,0.20036492259927058
1775542607.1009316,448.94,599.5,0.06890340829931352,0.0901438044235428,0.15072006414396796,0.20306714593606728
1775542607.1345768,448.04,599.36,0.06755841919139993,0.08883003618432608,0.1534941107879634,0.2061381409325304
1775542607.1807818,447.18,599.5,0.06455532681038802,0.08650458358505915,0.14393123356522658,0.2009442886410888
1775542607.212937,446.66,599.5,0.05930839329168522,0.08506379445421974,0.14561103327206604,0.19705691220968438
1775542607.2446826,446.16,599.56,0.047217270827711724,0.09564090466032343,0.16217845281822865,0.21519321748241382
1775542607.276014,444.1,599.54,0.061529548562256724,0.11334870829031167,0.1726844605857124,0.22523478438142588
1775542607.309404,444.36,599.56,0.07306318179467411,0.1304006706543995,0.1918918993886522,0.23623117966942284
1775542607.3401163,443.38,599.44,0.08924895937916269,0.13326118279688823,0.20678533542269364,0.2470454896853263
1775542607.3743446,443.86,599.46,0.07084005840237223,0.1240669332506575,0.20067218583601437,0.2475930304470048
1775542607.404798,444.12,599.4,0.06591520190570382,0.126212876089018,0.20949354373155132,0.26487517451165105
1775542607.438565,443.68,599.54,0.07548092496449033,0.13781289418212733,0.21334219490918468,0.28566957090030376
1775542607.4693463,442.74,599.34,0.08609117843738268,0.14781466117330017,0.21733858199389475,0.294336609163758
1775542607.5009162,442.6,599.2,0.09921309504676112,0.15901192836538122,0.2213302276733782,0.31037293911715125
1775542607.5352786,441.56,599.26,0.14725842585996066,0.21247703074367383,0.26433148119390826,0.33339880110848535
1775542607.5797107,441.98,599.26,0.13401793832653153,0.2069675994132516,0.26244556463406854,0.33819458521429047
1775542607.6133933,440.68,599.24,0.1812495701689703,0.25809044220596533,0.30794255075095234,0.3625544201107954
1775542607.6449447,440.72,599.34,0.2131679916506321,0.29038112271405675,0.334289740604381,0.42348473867646086
1775542607.675985,439.54,599.44,0.24690865589959768,0.3217522943966648,0.35801316389107335,0.4306444899718315
1775542607.7090826,437.9,599.32,0.27028533935885557,0.3502296079208157,0.38574824025532545,0.4652892855778715
1775542607.740082,437.64,599.16,0.29598956325193093,0.3769226636239618,0.4019861125679783,0.46812037260865313
1775542607.7731225,437.88,599.1,0.3094276270605842,0.3898506442087806,0.41158218239853805,0.4811251529567177
1775542607.8048272,437.24,599.16,0.31552486493937426,0.39535662105297775,0.4185863973562864,0.48939335625782693
1775542607.836235,437.72,599.1,0.31756956191993646,0.39725582232557954,0.4194909415334994,0.49056304646936305
1775542607.8692486,437.18,599.26,0.31441997093786445,0.39489462667815955,0.426377199437097,0.49077113317746446
1775542607.8999746,437.16,599.22,0.3178070005077233,0.3978460919201125,0.42693206206069406,0.4866226110219891
1775542607.9344428,436.6,599.54,0.3175425385999689,0.396603508462209,0.42175394878528844,0.4875441234121875
1775542607.9680998,436.08,599.64,0.31611618386770785,0.39571884508144,0.4231070045857344,0.4849747722632138
1775542608.013457,435.02,599.74,0.3193043152185099,0.39965486535922745,0.42899746154379753,0.4992053112638189
1775542608.0449445,434.28,599.68,0.3197974693324147,0.400777746221912,0.42735552027132023,0.5057262915972205
1775542608.0784333,435.9,599.68,0.32023522232915314,0.4026867239203703,0.43229651677615216,0.49667308517106185
1775542608.1089146,434.6,599.5,0.32288552321478536,0.403018195440572,0.4314013932419277,0.4919216188741712
1775542608.1407752,434.26,599.38,0.3225967941592168,0.40164592661674164,0.42947663032310496,0.49518114124288937
1775542608.1721354,433.9,599.4,0.32484443029686494,0.40499986936039706,0.43389761585924325,0.4934784847808457
1775542608.204162,434.12,599.2,0.32716571954287693,0.4058239857034319,0.43342574330170786,0.4981623165858821
1775542608.23689,433.12,599.22,0.3250708670630447,0.4053191423459263,0.42977133027495246,0.49384944059969943
1775542608.267888,432.36,599.26,0.3251862091372671,0.40662382100002886,0.43467141146207366,0.5027111782451273
1775542608.3009293,431.88,599.38,0.32376536181990495,0.40718814147815136,0.4349666656806753,0.500560430249948
1775542608.3321037,432.74,599.44,0.3231736352849815,0.40528024170732224,0.43372966830177084,0.5001135087445981
1775542608.3650029,432.16,599.4,0.3269996281167383,0.40728765200345296,0.4388763764963055,0.502241550200022
1775542608.3990395,431.44,599.36,0.327386850289682,0.40867368370990287,0.43717633714427373,0.49984376610598585
1775542608.4448645,432.02,599.34,0.3271247901545872,0.40786464059417044,0.4361307654081078,0.49340433363811925
1775542608.4770231,430.86,599.66,0.32833800982836336,0.40651051634506924,0.4356723732312447,0.49085792391877
1775542608.5079966,428.98,599.66,0.3280873207686852,0.4075840243560457,0.43624241611977416,0.5003498075749807
1775542608.5405579,428.04,599.82,0.3262619757096546,0.4072723257942757,0.43873541973836566,0.5019195412614492
1775542608.5742629,427.74,599.68,0.32548884268004485,0.4064966209894518,0.4337864202392071,0.49440595570209117
1775542608.6040897,426.62,599.7,0.32741561979400796,0.40737573977067015,0.4353651402899376,0.49241032169786614
1775542608.6383243,427.1,599.8,0.326208753298002,0.4053153824757161,0.4364000524901984,0.4900697484277713
1775542608.6682367,426.56,599.92,0.3264745769219686,0.40669650681349323,0.44106463567278636,0.48888735335961087
1775542608.7014337,426.98,599.96,0.3278436849376113,0.4083389979411376,0.4411080036934876,0.4948023871415082
1775542608.7320118,428.3,599.94,0.3229208740504954,0.4066373155289378,0.4410757094304466,0.4967307272309437
1775542608.764718,427.7,600.02,0.3256295500403991,0.40609835624684754,0.4397613339896355,0.4972560250519757
1775542608.7969298,427.22,600.12,0.3254179797723558,0.4066221716426682,0.4380911668895152,0.48993532701292763
1775542608.8306181,428.46,600.04,0.3248123619920244,0.4064513111054292,0.43526556681063117,0.48946781529976374
1775542608.8760912,427.92,600.36,0.32559535468358075,0.4056594111986272,0.43468004171902547,0.4930950670746152
1775542608.9088595,428.74,600.28,0.32696424596763046,0.40683411183829565,0.43615769180828623,0.48897878394779193
1775542608.9408553,429.92,600.44,0.3258650071918395,0.4048253522913646,0.4325900952832592,0.4923563783773601
1775542608.97298,429.9,600.54,0.3262124947659756,0.40318947978407704,0.43364001191485574,0.4885587461273046
1775542609.0051053,431.14,600.76,0.32280621017642774,0.4012119846023651,0.4333003420893429,0.4899087754428411
1775542609.0387428,430.56,600.76,0.32151218292871553,0.39841329842339435,0.42393484019652533,0.48717171959703887
1775542609.0842156,429.88,600.88,0.3215755816684028,0.39801092144643163,0.42064930181418514,0.4862678163881366
1775542609.116871,430.78,600.86,0.32163876762211396,0.39978959409844034,0.42317398739654427,0.4839841221534364
1775542609.1506195,430.04,601.08,0.3194791669814029,0.3965417429090093,0.42132936884531597,0.4926968728468288
1775542609.1972656,430.6,601.12,0.3171071307441993,0.39585164553776847,0.4201268292877755,0.4878715254079792
1775542609.229275,430.28,601.32,0.3207107799678953,0.39797408620191455,0.4209134914239079,0.48430505105436017
1775542609.2609763,430.36,601.3,0.3221638716963835,0.3991219485666311,0.42687756924850345,0.48647362815657963
1775542609.2961974,430.78,601.36,0.3212730492833937,0.39667360706546795,0.4218215264946442,0.4802671245798098
1775542609.3271441,430.48,601.28,0.3195038807692872,0.3953613534193363,0.4180184441365251,0.4808843251760521
1775542609.3735943,429.92,601.5,0.3199955843686557,0.3960047452840382,0.41718865357462986,0.47924707482496925
1775542609.4040575,430.32,601.62,0.3202070207728952,0.3950118045464581,0.4215187774912532,0.48085121251919977
1775542609.436218,430.92,602.0,0.32019024413856045,0.3962769122595618,0.42407311555284705,0.48348605004244716
1775542609.4699771,431.56,602.16,0.31632341831215954,0.3911585055990019,0.4141895622278412,0.47681125606401853
1775542609.5161366,432.7,602.24,0.316068902387915,0.39159084022761914,0.4163150191820755,0.4814086317116209
1775542609.548438,433.04,602.34,0.3159063192128627,0.3940702051882601,0.4191350298109899,0.4816014331117718
1775542609.5821366,434.78,602.5,0.31199509436535583,0.38988522985023255,0.41896994220275596,0.47915428239787133
1775542609.6293864,436.22,602.48,0.30994101998157597,0.38652102887839085,0.4114732074915109,0.47796485079423934
1775542609.6601753,438.0,602.34,0.30546185885556815,0.37934276465819455,0.41209120325171344,0.47648226856971937
1775542609.6970053,439.02,602.4,0.30449905458944243,0.37528186865779944,0.41033935196976223,0.46507215255521617
1775542609.7250817,440.18,602.4,0.3020533929035546,0.3723802183714793,0.40559496067047496,0.4473291598846417
1775542609.7571151,441.06,602.52,0.29898769476811077,0.3627643404814522,0.3909097322783114,0.43778402434594754
1775542609.7879982,441.24,602.62,0.29124863697070386,0.34778307735426234,0.3798916053627383,0.4332928798084175
1775542609.820585,442.08,602.8,0.27954817203060955,0.33110824241013387,0.3684832715894761,0.42324262047048394
1775542609.8535178,442.02,602.96,0.24781808394227814,0.29076956516749236,0.33997636897690836,0.4118140369013825
1775542609.8868678,442.24,603.0,0.21162699088310485,0.2502258868988603,0.31773392159528335,0.431410159858264
1775542609.9319828,441.62,602.92,0.1550448824986972,0.18719881375650305,0.26096638902562197,0.3589236083543127
1775542609.9652622,442.3,602.88,0.12771206481479633,0.18007592632595568,0.24193562372298175,0.33786893483862585
1775542609.9978218,442.8,602.86,0.09928308586828717,0.1605898581756122,0.23006758982534148,0.3165345704045015
1775542610.0290318,443.14,602.76,0.08339824280232581,0.14893460625812563,0.21286365117595807,0.2646892979213421
1775542610.0601292,443.02,603.0,0.0909941193470648,0.1525106496761329,0.21174723766254966,0.254524708714239
1775542610.0930564,443.22,603.06,0.08692342036757468,0.1421576826403104,0.20352440422495727,0.24977394923170437
1775542610.1240244,444.24,603.34,0.08558370311015735,0.13572185582306825,0.19582381432364057,0.23822063097868632
1775542610.1570475,445.28,603.1,0.07921923670824406,0.12118477773820369,0.1822736568679235,0.22745234404079753
1775542610.1889236,446.68,603.2,0.0736164197125421,0.11018703742340914,0.16809426872242772,0.2172196312274732
1775542610.220026,449.08,603.38,0.06448293312707513,0.10247567337396309,0.15759143924608734,0.2094785625299038
1775542610.253568,449.66,603.64,0.05896497542021029,0.10011992762820698,0.15256307170738487,0.20443755695554006
1775542610.2867699,451.8,603.66,0.06688443387910416,0.0978091215893766,0.14959690393139502,0.19806499408320324
1775542610.3320553,453.04,603.7,0.07288283084278234,0.09407008412113246,0.14638963699365679,0.19408126189301372
1775542610.3647795,452.36,603.7,0.0668119249015447,0.08830993772534633,0.14013769629898992,0.1897346248632098
1775542610.3986273,452.6,603.8,0.06881172840133307,0.09650234191814214,0.14652718334336087,0.19798934951416383
1775542610.4278193,452.52,603.76,0.06180876566923796,0.0847399572597766,0.1329399135303255,0.184345954694214
1775542610.4602332,452.46,603.68,0.059181934218098975,0.08370598466995412,0.13781899360050756,0.19186712461728037
1775542610.4928217,453.66,603.9,0.0611197171030659,0.08528018616609513,0.13900751286541957,0.18938346399624637
1775542610.5261693,455.5,604.12,0.06149866324919681,0.07894295086022181,0.13498221976412478,0.18782543137053836
1775542610.5567586,455.62,604.1,0.059799391521631176,0.08510670769517922,0.13883622128900266,0.19228658983094363
1775542610.5903873,457.64,603.92,0.06431729535739433,0.08234709172826245,0.13453050845471035,0.18688387999738643
1775542610.6210732,457.74,604.04,0.061167335623723826,0.08547685885486016,0.14087670134628955,0.19409494765333024
1775542610.6545713,458.62,603.8,0.06356245040893774,0.08929545885682755,0.14189929763309106,0.1935240941006565
1775542610.6883752,459.86,603.76,0.06295001297787949,0.08893953611113567,0.14289495098175184,0.19433385130766145
1775542610.7323475,460.34,603.66,0.06608248365909951,0.09389857047289542,0.14581322390524462,0.1964325311661791
1775542610.7648566,459.48,603.62,0.06342556741518178,0.09620840611256365,0.15012641398075785,0.20171867667387564
1775542610.7991736,460.84,603.54,0.07096859831263225,0.10100745482107389,0.14814735666915554,0.1995041752834396
1775542610.828122,460.86,603.52,0.07200806034621172,0.10144357852684632,0.14881952821774977,0.20012716685197313
1775542610.860928,462.5,603.4,0.07143571666354222,0.1067683392358391,0.1531074199055845,0.2020147262291445
1775542610.8930273,462.18,603.28,0.07235528110374578,0.09847723524229705,0.14825270609219496,0.19944742831096376
1775542610.9249413,463.42,603.12,0.07204252076118223,0.09804416580111532,0.14816342620075793,0.20032025496285846
1775542610.956695,464.24,603.14,0.06987397334053884,0.10505861014122507,0.15381010691363348,0.20106753631759766
1775542610.9891853,465.04,603.1,0.0724496854660841,0.10108352836839749,0.1457223293393092,0.1952580026516835
1775542611.0210738,465.26,603.16,0.07277381157462286,0.09920520385485022,0.1425741352742105,0.1940543291443949
1775542611.052855,466.3,603.06,0.06939880365059566,0.0993723092411837,0.1454470704602588,0.19560929692173043
1775542611.0865843,467.46,603.16,0.07086091325809864,0.10008769311867753,0.14603647513574403,0.1984828985042221
1775542611.1320758,467.52,603.06,0.07018253292069757,0.1034515203744631,0.14900519038215862,0.201212260711584
1775542611.1662846,466.5,602.92,0.06918288400326504,0.10359282553347496,0.15169934069882132,0.20238184751871757
1775542611.1995716,465.82,603.1,0.07172692447196462,0.10359688311482149,0.14734918156026142,0.19988801482112836
1775542611.2303107,465.72,603.0,0.07684244887310772,0.1080178010324675,0.1505469658113271,0.19718839089900875
1775542611.2610774,464.64,602.86,0.06922398957170516,0.0964529175365993,0.1470972310344402,0.19563985495356295
1775542611.2945485,464.06,602.84,0.07336408418738917,0.0933123460036752,0.13978238692154032,0.18593534088541896
1775542611.3248775,463.38,602.78,0.07208043521997168,0.0876265578659589,0.1350964269850858,0.1819746649259664
1775542611.3571787,464.12,602.68,0.0728640721619818,0.08402990899705054,0.13402483066278945,0.18349768107031714
1775542611.388202,463.84,602.66,0.0749885573325461,0.08265091723774175,0.13154903074199079,0.18223642446498636
1775542611.4209669,464.58,602.56,0.07375729852348714,0.08525751302424395,0.13278863424890366,0.1800228204497294
1775542611.4530115,464.52,602.42,0.07650016548543462,0.09006054152066165,0.13655162564997678,0.18459157953353725
1775542611.4850008,465.52,602.44,0.07483619714856667,0.08614138686080122,0.13178159178865684,0.17828582044253694
1775542611.5180404,466.18,602.44,0.07280406779053061,0.08837171592022676,0.13738500544868462,0.18742902881920806
1775542611.5642517,466.7,602.5,0.0745130769128649,0.08524624051371697,0.1302403970757947,0.17851631139430157
1775542611.6002176,467.16,602.56,0.07726708579829616,0.07966743967184897,0.12886259186163268,0.17690145478921598
1775542611.6279755,467.12,602.58,0.07496138656778946,0.08125912167722958,0.12776171235686487,0.17528243259473833
1775542611.6609113,467.22,602.56,0.07697775882129543,0.08556321911999128,0.13230425643864938,0.17897728876358773
1775542611.6921978,467.0,602.62,0.07453659524012986,0.0862194531393831,0.12988853456187202,0.17657088438470428
1775542611.7248266,466.7,602.68,0.07337236349500613,0.07932064727092433,0.12753114669856808,0.17351799562149633
1775542611.7561681,466.52,602.68,0.07214733763681756,0.08210920078773717,0.1308754239680186,0.17745928848816306
1775542611.790049,466.26,602.54,0.07140242046087092,0.0838952070168337,0.13013103558884695,0.17483659723158904
1775542611.819934,465.52,602.7,0.0683408679247672,0.07994933866368041,0.1311126691148636,0.17630551708624778
1775542611.8529162,465.74,602.56,0.06772992256941715,0.08386524912130075,0.13215362169710598,0.17931312543728584
1775542611.8850021,464.62,602.42,0.06538915311972843,0.08878336697332309,0.14042041483758477,0.19089052725316244
1775542611.9189298,464.6,602.22,0.06195458718142235,0.09037627949941031,0.14626678160199086,0.198989768829319
1775542611.9642854,464.04,602.3,0.0647947831595267,0.11289458353237256,0.1705252308322064,0.2217848362479921
1775542611.9823728,462.78,602.56,0.08938563166826269,0.14017139594213834,0.20143019012062685,0.24314682444556762
1775542612.0139937,463.1,602.64,0.07479152117141424,0.1268996923005442,0.20078667833602276,0.2523598180660817
1775542612.044069,462.8,602.58,0.06657500785812374,0.12810769331243696,0.20479286849797518,0.2680078082521056
1775542612.0773273,462.8,602.62,0.08262929901242667,0.1468070813603991,0.2205505081058093,0.29612606178066675
1775542612.108285,462.44,602.8,0.11534578031642295,0.18810124523426627,0.2644172125503054,0.3320440880129612
1775542612.1407502,462.18,602.6,0.11693208207036972,0.18180574504470365,0.26461010933986173,0.3360452936271785
1775542612.1744616,460.96,602.78,0.18340078027347587,0.2601421713969367,0.31972070469446157,0.36461700022078963
1775542612.221085,460.16,602.84,0.20801406743317852,0.29423087925353375,0.3450570611205754,0.4106612701352515
1775542612.25213,459.24,602.9,0.23766920686353635,0.3250731232985344,0.37135849811625055,0.4309258964644652
1775542612.284035,458.22,602.9,0.26029145128519304,0.3441493053334075,0.39360141956707145,0.4563657685810663
1775542612.3175075,456.58,603.2,0.28641578832151415,0.3701897024806523,0.4082796350664824,0.4641660292587462
1775542612.363918,455.74,603.08,0.3050526193545526,0.38671342943382747,0.4186641816470177,0.47165199064084345
1775542612.3969266,454.72,603.34,0.3202921752846842,0.4032023238648987,0.43522351344640603,0.4845667615940318
1775542612.4291558,456.04,603.46,0.3244260275685738,0.4085724596640682,0.44173161192034593,0.502224020658835
1775542612.4628568,454.58,603.74,0.33341313735409756,0.42098816874878525,0.4636770421290162,0.5255644335523306
1775542612.5078819,454.36,603.62,0.3335073192059252,0.421712374059742,0.4637719119457449,0.5289387768178209
1775542612.542043,453.16,603.72,0.336101959599179,0.4203459475804142,0.45856669493406865,0.5202025780068823
1775542612.571963,453.8,603.88,0.33442323041419714,0.4209969303080084,0.4590211196178519,0.5191893397298658
1775542612.6052258,453.3,603.94,0.3391290881315732,0.4234675816586713,0.4581748698840755,0.5191743709055561
1775542612.641812,453.82,604.04,0.3317738910219463,0.4212453068051797,0.46018247012651825,0.520035590795449
1775542612.684937,453.38,604.04,0.33579607666119043,0.4235988804552348,0.46279550826173727,0.5245291749194773
1775542612.7172267,454.66,604.08,0.3322586245327224,0.42182975726079713,0.46369426132088015,0.5252033237950752
1775542612.7488468,455.24,604.22,0.33715637684265515,0.4250947745920474,0.46369027252614464,0.5278864159904375
1775542612.780739,453.64,603.98,0.3366114448191651,0.42456938623794166,0.4644182229321324,0.5280946680710202
1775542612.8120356,453.32,604.02,0.3363547299450174,0.4258525189846075,0.46966430766861644,0.5307872552567118
1775542612.8438942,454.04,603.98,0.3423605073199506,0.4278405014830415,0.46077945959220484,0.518408902351676
1775542612.8769197,454.22,604.04,0.3394579137361452,0.42385685817529534,0.46264304175127413,0.5256002466172742
1775542612.908117,455.46,604.14,0.3332648572369977,0.4215990659400673,0.46400798349534933,0.5243257426240524
1775542612.9419167,455.3,604.4,0.33928145031361473,0.4244074902381587,0.4641271171114194,0.5235459780797472
1775542612.9881895,455.22,604.4,0.33656992367635313,0.4235670521650252,0.4603112885194145,0.5202096492358338
1775542613.0211763,454.32,604.74,0.3400069304504546,0.4240257832215995,0.46505840920257296,0.5217046149972845
1775542613.0523188,454.46,604.68,0.3393017036731085,0.42335942525622566,0.46278408490421985,0.5129616621602167
1775542613.0849695,452.92,605.0,0.3406046980840886,0.42315108271404633,0.46162119796582785,0.5115823536432608
1775542613.1183074,453.56,605.06,0.3357172487273289,0.4227673425717423,0.4645812860320303,0.5143804977282551
1775542613.1481793,0.0,0.0,0.34325633128612226,0.4243933790334446,0.4626733203010601,0.5149147040502188
1775542613.182495,261.04,792.6,0.341601236327905,0.4227633664988078,0.46174256100292466,0.5041627489658621
1775542613.2120104,261.46,792.42,0.34194656543712393,0.42525661282066574,0.4685012250980349,0.523002276208535
1775542613.246489,266.24,792.4,0.3437991713459603,0.427881001448017,0.46777124675404125,0.5278663461759243
1775542613.275878,265.8,792.12,0.3457583594190347,0.4318438161367464,0.4732814649932392,0.5312822855259907
1775542613.3079412,264.68,791.7,0.34293030727802665,0.43138538394303677,0.47318527630582013,0.5287261311144629
1775542613.3410401,264.28,790.66,0.34521847871316,0.42690061714673627,0.46864720406784155,0.5355671624854934
1775542613.3748236,264.76,789.12,0.3461870566210041,0.43173423349151174,0.474072723473941,0.5244683946473321
1775542613.4200292,261.14,789.96,0.34477215730667066,0.4249765521041721,0.46591210450371123,0.5277641035547203
1775542613.4523053,258.58,788.56,0.3440882517717048,0.4281012646198577,0.4677862398166647,0.5256690415986631
1775542613.4839196,259.06,789.62,0.3446355401248734,0.42888083124341786,0.4674578493733733,0.5202423414095952
1775542613.51683,258.92,789.7,0.3439752111840107,0.42438535340897054,0.465289379409997,0.5170761401942823
1775542613.548363,259.88,789.8,0.34278677584539347,0.4211925501756303,0.46346623873254206,0.5151494383818518
1775542613.5808344,259.48,789.72,0.3398552527733684,0.4195528337682949,0.465669521559529,0.5193030930988654
1775542613.614846,257.48,790.02,0.34131455692551027,0.4173598763753962,0.46515352064521714,0.5183740123125791
1775542613.6608598,257.36,788.06,0.3338888162871002,0.40711459653610804,0.45817733401535765,0.5028936316810388
1775542613.6920378,257.94,789.36,0.3277944522508146,0.3943143163546912,0.4555078842476504,0.5027931442801654
1775542613.7251794,256.88,789.0,0.3119497266207725,0.3766786498885681,0.4454518475626851,0.5031365026214016
1775542613.75881,258.18,789.74,0.2987522587806919,0.35397761974888486,0.42987764416804075,0.5012783405551711
1775542613.8046384,257.14,789.9,0.3020942645734316,0.35434644593744663,0.43131209990617403,0.5015406582930444
1775542613.8384984,256.6,789.06,0.20210436737600765,0.2485206204709621,0.3433803399113748,0.4600760320085962
1775542613.868003,252.52,788.6,0.13594689120090292,0.1823362029588915,0.25851641784519475,0.397688876968451
1775542613.9047537,252.52,787.66,0.10313988831789758,0.1688113542232091,0.24232103724438706,0.3775395524641953
1775542613.9355366,252.82,787.6,0.10138230250596261,0.17161697211910926,0.2481842465550739,0.380970301144749
1775542613.9809525,252.76,787.68,0.06813307686530035,0.13232219153896319,0.20726181133481092,0.2963956685781211
1775542614.0120032,252.24,787.4,0.04421192680060617,0.1070572809539778,0.18125693761579734,0.24367568231697223
1775542614.0456727,252.12,787.68,0.01371112985788785,0.08955305654027412,0.16138655030843754,0.22305664268659633
1775542614.0789917,251.18,786.92,0.0051496068117526245,0.07559499375079316,0.14518640627447413,0.20422278019499293
1775542614.1248913,254.54,786.34,0.03417654633109917,0.05740768194206139,0.12100889459708405,0.17362924272141825
1775542614.1587522,252.82,787.84,0.06065520385467576,0.029221036948121306,0.09685926825114047,0.15192994175566504
1775542614.2054937,253.2,789.64,0.0787271900699906,0.044327548425915415,0.09757926791091741,0.1474604058285441
1775542614.236232,247.82,787.9,0.09501909433519544,0.05724908644247894,0.07600291783953333,0.12806410086786502
1775542614.2680507,247.62,789.04,0.10855730735383666,0.06456717574008858,0.06779646383540898,0.11443494093133001
1775542614.3010163,247.24,788.98,0.1281155047246577,0.0731128037241784,0.07290724158421805,0.11883340390657797
1775542614.3329027,247.1,788.38,0.1355619017469931,0.08311584072241822,0.08938493549898609,0.1287391577415032
1775542614.364098,247.18,788.7,0.1421218303988006,0.08849782376811284,0.09153971102268503,0.12903897756889848
1775542614.3959565,249.56,788.4,0.1394357019185306,0.08640737333509749,0.09057402861777833,0.12897519262805926
1775542614.4291012,250.24,788.72,0.14176130207392473,0.0893472778894168,0.09476526609729745,0.12974363876992825
1775542614.4601178,250.7,787.84,0.14056629158899497,0.09067851957042251,0.1017018333003611,0.13590555745982813
1775542614.4943194,251.04,786.7,0.14036206334797097,0.09262001458884835,0.09992910143617191,0.13505276782365405
1775542614.528371,251.18,786.32,0.14249439061236419,0.09340950863531942,0.0998011690180711,0.13576947693509872
1775542614.574411,254.64,786.56,0.1425515020191633,0.09232119048129239,0.09820745666402952,0.13483305915284963
1775542614.6060145,253.84,786.24,0.14504756665667184,0.09307939785724902,0.09978921791562999,0.13360701120311658
1775542614.6367826,252.96,786.18,0.14214217892904327,0.09123526173002051,0.0961666512091561,0.1307380342720527
1775542614.6689901,251.22,787.52,0.1409481479911435,0.09063310469926052,0.09438124663993387,0.13269617841483505
1775542614.6999393,250.94,787.58,0.13730271478795014,0.08617571733529339,0.09070375845474445,0.12788711816639264
1775542614.7319975,251.78,784.54,0.14143296104155015,0.09134639293745764,0.0935669940266758,0.1306003213154551
1775542614.7639635,253.54,780.48,0.1400489808216798,0.08950359782855677,0.09566455417521749,0.1312440441104322
1775542614.795784,253.7,779.2,0.13943297130240517,0.08782350264560583,0.09152255694434516,0.12827834380580408
1775542614.829109,254.34,779.0,0.14229531954566568,0.09135599541254362,0.09388869450618832,0.1269252489922842
1775542614.8601215,255.24,779.1,0.13987399011294288,0.08930493825776055,0.09111876361032928,0.12644572105236618
1775542614.8925996,253.62,779.3,0.13707298136153354,0.08610136150008872,0.09124910954016369,0.1294570453706806
1775542614.9248762,253.46,780.02,0.137527804107942,0.08783498160413515,0.09098487835317506,0.12532978406410783
1775542614.958528,253.1,779.4,0.1380326138867026,0.08710525955753674,0.09135056679040258,0.12504185287685649
1775542615.0069947,253.02,779.2,0.13839747941353503,0.08723456105202367,0.08952790506640308,0.12364291192439854
1775542615.0361152,252.06,779.34,0.14063307781087017,0.08924765055066791,0.08886088844382978,0.12516647589707983
1775542615.0715714,251.94,780.9,0.1364597458211755,0.08714704065168997,0.08872121896575073,0.1259871031867673
1775542615.1072378,250.36,782.14,0.13224689150826108,0.08610347533450528,0.08716540161132501,0.12141882054613691
1775542615.1346273,250.44,779.38,0.13487493752766908,0.08803304410818648,0.0889810356400355,0.12471264892361546
1775542615.1645598,252.82,778.32,0.13643913963070606,0.08786379527584993,0.08467066112145454,0.12220316613779271
1775542615.198572,252.3,777.86,0.13573869457985124,0.08822243712799202,0.08571962682881148,0.12570046063876936
1775542615.2281518,253.64,776.36,0.1343651910163988,0.08680948239490933,0.08638348359404092,0.1275475149041281
1775542615.2600317,252.64,777.6,0.1353827566653959,0.08418969558044437,0.0816052083214219,0.12009771129365006
1775542615.293334,252.66,777.24,0.13681786027299872,0.08839329196432932,0.08951065208805288,0.129734806637496
1775542615.3250678,252.56,773.72,0.13263291144359396,0.08465426814150098,0.08823526845276643,0.13092323101168316
1775542615.3587794,252.88,777.34,0.13555876043634624,0.08559891477004442,0.08662369042413384,0.12395670208454121
1775542615.4081547,252.22,776.88,0.13136084168320838,0.08213101118260194,0.08714843393398197,0.1286723412101002
1775542615.4368658,252.96,775.96,0.13456902426931475,0.08641593515996669,0.09119051609923257,0.12635707771731378
1775542615.4679585,251.9,775.2,0.13080428948335848,0.08766792897250478,0.0991631269042688,0.13912032770450408
1775542615.499663,253.44,775.64,0.11517426343762885,0.08900197002393406,0.10406788444988738,0.14401535490121026
1775542615.532949,253.32,775.12,0.11523532758320926,0.08403601173837671,0.1077745144898901,0.14509827276009246
1775542615.5650458,253.6,776.88,0.09504293738910352,0.062373485907683046,0.08917706256396636,0.13838860359629135
1775542615.5963058,256.12,776.0,0.0509944071002235,0.05284576733825646,0.10540595883365456,0.16521121935986166
1775542615.628994,256.08,776.6,0.04720317682878944,0.028746429565654447,0.10348548966188365,0.16587777277589208
1775542615.6626468,255.96,775.72,0.005691055930403181,0.07671539539469602,0.15435753142707576,0.22025717520289384
1775542615.7098422,255.9,776.04,0.04702867607875464,0.11068924090184878,0.18389494042509513,0.26194892385257285
1775542615.7408261,256.4,775.98,0.12691053264830734,0.19312573877357225,0.26376880820490617,0.3352868507717013
1775542615.7742515,256.4,776.94,0.12728589257010406,0.19832129526191952,0.27370077591226283,0.339024371316421
1775542615.8085492,252.96,776.68,0.2383766345065256,0.315649157150587,0.36255192609453873,0.3954080434905373
1775542615.8385363,254.74,777.12,0.27851630513667475,0.3590564406617824,0.39401724251153997,0.4341997348725963
1775542615.8689408,254.12,776.4,0.33099400849064153,0.4079333795116679,0.42843678042843364,0.477750580653573
1775542615.9000366,259.54,778.32,0.33554289757173644,0.41685832441705645,0.44399400012136975,0.48935783629417057
1775542615.931894,259.82,777.42,0.3411505712012173,0.42454240558223594,0.4529751257953274,0.5063967202488548
1775542615.964771,260.5,776.88,0.34457284287091444,0.4306849205749038,0.45848575238190975,0.5090248140810184
1775542615.9984925,260.76,776.64,0.3461165853433802,0.43189344524933043,0.4574854821358791,0.5054857738165509
1775542616.0450423,260.56,777.98,0.34544407809090477,0.4322910444964544,0.4574596006482048,0.506977468064817
1775542616.07593,259.82,776.76,0.34737953545746303,0.4346027858504863,0.46267879979335297,0.5104526181649992
1775542616.1084392,260.04,779.92,0.3425966119957607,0.43147516715041495,0.4655815289296814,0.5169651653321612
1775542616.1409805,261.72,780.76,0.344675125902864,0.43232407867418476,0.4649978411298995,0.5131104545905679
1775542616.1720138,265.04,782.58,0.34463767048065097,0.43223805291437195,0.4645408781568177,0.5145772963362298
1775542616.2084317,265.86,782.86,0.3446035816623115,0.4345151594741993,0.46811831199852616,0.5208672917966859
1775542616.2362344,262.84,783.46,0.3440603048440036,0.434840525443298,0.47000415625659187,0.5270522080529019
1775542616.2680495,263.16,786.0,0.34754875667331586,0.43521874056843995,0.4698691686064254,0.5251387577532738
1775542616.3013456,262.58,786.98,0.34593800982889616,0.43591276130164036,0.4733321392681216,0.5267655012008918
1775542616.334274,263.74,788.04,0.3513076151175156,0.4398536587312031,0.4746220890717124,0.5269129024163242
1775542616.3649797,263.5,787.92,0.3467641053594275,0.43686539394194424,0.4743638157386466,0.5300695533183126
1775542616.3983533,263.88,787.36,0.34736597414681464,0.4371173712119169,0.4747722678261283,0.5311645213832443
1775542616.4315913,261.98,793.64,0.34737717394517215,0.4382155853091236,0.4764031647211901,0.533910969708932
1775542616.4783666,262.08,793.5,0.3470307854213408,0.4370598838279791,0.4768317712716493,0.5330035118067973
1775542616.508815,259.06,793.94,0.3481351307650083,0.4366221676796622,0.474366547665789,0.5307820661236614
1775542616.541079,257.3,795.02,0.3471994196466888,0.44066716778112774,0.4761662068582449,0.5330317835113535
1775542616.5721476,256.46,791.46,0.3488127740704096,0.4388181695559322,0.472301103931144,0.5265580698053092
1775542616.6087067,256.52,789.4,0.3491371862523802,0.44139391304835524,0.4801757368774334,0.538051773963806
1775542616.6387062,255.54,787.44,0.3500851641685986,0.4400619604425249,0.474556045250823,0.5332750395498198
1775542616.6841877,257.86,788.58,0.3502033150388929,0.43981922641720467,0.4727036278106682,0.5353927955229162
1775542616.7152803,259.64,785.46,0.348636553913132,0.4406528623303256,0.47234981480480065,0.5319895077587805
1775542616.7474563,259.88,785.44,0.35198114810203607,0.44210797045376377,0.47649390804221414,0.5398565705232775
1775542616.7810354,261.04,783.92,0.3510438106961793,0.4396580841416739,0.47620798095018946,0.5344997985408819
1775542616.8283584,262.22,786.1,0.35142222327344447,0.4408907557622468,0.4766931394372826,0.5379322950346127
1775542616.8601727,260.84,787.6,0.3529296926398945,0.44134552668573046,0.47271140468800243,0.5320220663657312
1775542616.8929403,261.78,787.18,0.3552223820910289,0.4465231243159021,0.4796863008360298,0.5394346420375703
1775542616.927556,262.86,787.56,0.3571910247772023,0.4484563907642316,0.48042024378375064,0.5353174079228911
1775542616.956526,264.44,786.96,0.353371561101085,0.4470631021814516,0.48251507259309784,0.53937992043195
1775542616.9895256,262.26,789.16,0.3583871090017194,0.4456493519136253,0.47770742704815977,0.5366884288855422
1775542617.023492,262.24,793.18,0.35948174811761735,0.4474128812967763,0.4784310933862062,0.540683734043121
1775542617.0522528,262.24,789.08,0.3548390914087772,0.447838220412447,0.48090097099984885,0.5426543468940584
1775542617.0865433,263.26,789.84,0.3553589439677883,0.447341315132987,0.4797430517042331,0.5441965351019407
1775542617.1160777,262.94,792.36,0.3546666816622919,0.4473641681359369,0.47990488612659143,0.5447806778498119
1775542617.1503842,263.6,792.26,0.35271693476409166,0.44218909727513056,0.4794218754876334,0.5480763862709351
1775542617.1842344,263.82,790.9,0.35523699483291893,0.4472586773986577,0.4830015029737195,0.549542308474267
1775542617.2287638,270.12,789.0,0.3560922771834163,0.45112226595952315,0.4834211970832049,0.541907832538682
1775542617.2609596,269.7,788.4,0.35714020587515877,0.44760029445142546,0.4820370124297218,0.5433388416183577
1775542617.292962,269.58,788.44,0.3574258674083431,0.4449116982738517,0.4793766320240758,0.5478617511951008
1775542617.3234923,271.88,788.56,0.3582166055844849,0.4493729271569992,0.4825984369555134,0.5482283417516395
1775542617.3573472,272.44,792.7,0.357144022013239,0.448617962341393,0.48069531086625195,0.544528640412671
1775542617.3880682,276.56,789.6,0.35370940937968615,0.44398772931300196,0.47719287447830305,0.5565656487519988
1775542617.4207475,276.02,790.56,0.3545900693128906,0.44876715007572143,0.4855633044052069,0.5481215828150368
1775542617.4540489,276.58,785.34,0.35700470842032417,0.4499193251613469,0.4841841593023885,0.5529494733579786
1775542617.5009403,276.2,788.12,0.3574364490540085,0.44704330194023634,0.4821012725917157,0.559790714433958
1775542617.5320501,275.22,786.86,0.3560148586028727,0.4465271279553397,0.48300420935565186,0.5605614466486096
1775542617.5649056,276.54,787.2,0.3563289084205329,0.44953530914143175,0.48239683191915006,0.5445539245530716
1775542617.5968573,272.9,787.88,0.35705047386271854,0.44953445601168257,0.4854573850866721,0.547646146284656
1775542617.628946,273.12,789.48,0.3539493348760564,0.4435849430494956,0.47936099836143237,0.5601488089945506
1775542617.6622958,275.48,789.28,0.3553608201936753,0.4459214759839094,0.480766027181971,0.5506142144425101
1775542617.6929548,277.38,788.6,0.3570566879012012,0.4477184951209056,0.4810693544456063,0.5423860704895768
1775542617.7263525,279.84,793.46,0.35525198763820504,0.4472737894323701,0.4830698344549585,0.5492690193619512
1775542617.7560432,279.74,795.22,0.35415973062053147,0.4453786539315416,0.47981263323180395,0.5628764187431232
1775542617.7902734,280.54,794.0,0.35430893993366697,0.44460501519009604,0.4820624742150791,0.5457274255047807
1775542617.8210227,280.44,795.36,0.3565059716054347,0.44572270782776924,0.4808942897010433,0.5475766615848051
1775542617.854755,281.0,795.66,0.35172098019248543,0.4442300340971507,0.4833747228457928,0.5478784727903935
1775542617.9002821,285.16,792.62,0.3512939259648078,0.4410604322761071,0.475861194033544,0.5422119156968829
1775542617.931833,282.56,791.64,0.34708222917580484,0.4354567374966544,0.47387397647844764,0.5308542895576841
1775542617.9650116,282.5,790.64,0.33578753112646087,0.41971859956828966,0.4575722160365105,0.5258562893883527
1775542617.9959135,283.76,787.14,0.3284470445542206,0.4081064043544628,0.44560890137045556,0.5061230014377958
1775542618.029033,283.62,784.5,0.304861995531613,0.393277478957501,0.4313122156673406,0.48734113755387287
1775542618.0600896,282.2,787.46,0.2706588145311407,0.3544811612497512,0.39166210034283216,0.4520009134829226
1775542618.093072,282.14,792.86,0.18130259435626012,0.2406664419130433,0.3172836149733832,0.3992059530723239
1775542618.124709,288.04,793.84,0.1120427085863437,0.17044313055140842,0.24034281286924172,0.3482998603278318
1775542618.1560946,289.84,793.88,0.0936368021170704,0.16213658546863857,0.22584535919608456,0.2977549978470959
1775542618.187881,288.32,797.5,0.08461434174254989,0.1497503035298186,0.21729119800936805,0.26925556485624763
1775542618.22099,289.34,796.34,0.07267726046725674,0.13461808801024275,0.19894737745265131,0.2387192497228655
1775542618.252235,288.38,799.44,0.05116440661395,0.10924386657187213,0.17497814891072447,0.21477594563472227
1775542618.2860599,288.36,798.98,0.020037198446007775,0.08255947690948696,0.1449132470338598,0.18909289771462345
1775542618.3197062,293.56,798.38,0.05501842952073191,0.046933608265835924,0.11066744085989787,0.1549212628080662
1775542618.3665488,291.42,795.54,0.0831338199006883,0.06358002775399732,0.11055318978247208,0.15405096063806822
1775542618.396896,293.56,800.28,0.10582499367338088,0.06372086875211917,0.08960852304079717,0.12656030257108453
1775542618.4304686,294.52,796.44,0.10810931066029213,0.06064623517598674,0.07248569711060843,0.11076307047678555
1775542618.460284,293.9,798.48,0.12449618970693341,0.08574294168445283,0.08721059981827085,0.12047358266181908
1775542618.4928312,293.88,799.32,0.1287542441626492,0.09234552843932943,0.0938579685366396,0.13158445695840723
1775542618.5239575,290.9,801.24,0.13245278872713842,0.09486068037425656,0.09920396999570781,0.13875970352098876
1775542618.5580347,290.78,801.42,0.1431047555735067,0.10154266706132108,0.1016465746356803,0.1375210653459473
1775542618.5915341,287.72,800.74,0.1426212831139807,0.09881455609413752,0.10434162355670294,0.14261492099880085
1775542618.6209688,288.48,803.04,0.1485394181203525,0.10254531141123696,0.1053391721698499,0.13914232875785412
1775542618.651998,290.46,806.66,0.14679190759396912,0.10303943635611634,0.10717005700400245,0.14115481118592257
1775542618.685625,299.0,804.22,0.1448714911058423,0.10277218468804816,0.11107928784317539,0.14722056188202426
1775542618.7188065,298.52,808.74,0.1446436724495476,0.0988110651342974,0.1018872371162861,0.13691497391967705
1775542618.76461,298.7,805.98,0.14461293233292727,0.09834874694063489,0.10415282807830094,0.13798083860240612
1775542618.7968144,297.12,806.06,0.14776278840727358,0.10215064145130949,0.10492722727489719,0.13974928839941117
1775542618.828311,298.68,808.5,0.14844242670251007,0.09742133701910131,0.09960983587224868,0.13456694841352232
1775542618.8600576,296.44,810.08,0.14684634097739305,0.09653582100368185,0.09676753473277476,0.1308190927468479
1775542618.8922763,291.72,816.14,0.1442999732379462,0.09470960557975594,0.0924373179479727,0.1313466892327375
1775542618.9264343,305.72,814.66,0.14635521520356295,0.09516442644342309,0.09749225284272096,0.13075789436461488
1775542618.9571016,304.74,816.6,0.14254516950450707,0.09008326618166977,0.08651506835808656,0.12309263356656629
1775542618.9896362,302.7,823.08,0.14369691282074532,0.08941143955063556,0.08815193261073347,0.12398349007278471
1775542619.0208197,303.3,818.9,0.1467054674784211,0.09409283614353121,0.08821403100059329,0.12459602067540237
1775542619.0543368,302.18,817.28,0.145720976927932,0.09432638326242537,0.08813086077553807,0.12592761948386355
1775542619.0849326,302.86,817.54,0.1501433057329699,0.0997527911379315,0.09212410656016017,0.13119719734427426
1775542619.1191108,306.78,821.2,0.14830656694607208,0.09878508604246626,0.09282977370426844,0.1316661856931817
1775542619.1649354,310.56,816.22,0.14878063669368982,0.09718956447438427,0.09165421318156636,0.12789777485606302
1775542619.1969974,322.3,816.98,0.14496130550250044,0.09539676793982166,0.09270314134732799,0.1288358860242668
1775542619.2279978,322.94,815.92,0.1418955419353757,0.09016157399310334,0.09119460190605358,0.12678500409938906
1775542619.2598562,321.06,817.14,0.14556416514478004,0.09811120025319736,0.09289844427085488,0.12995952161425922
1775542619.2930067,321.32,821.66,0.1463897127323706,0.09555454464427875,0.0904139618461029,0.12573815761749768
1775542619.324124,314.46,819.76,0.14828288266320386,0.09774598568775283,0.0900180541188237,0.12883678109717422
1775542619.35613,316.36,816.3,0.14245033329648898,0.09155263799169693,0.09119309495697339,0.12672405084667399
1775542619.388092,309.42,810.12,0.14361288087957721,0.09386715169875791,0.0948747676997359,0.1304914293423523
1775542619.4201143,308.22,814.2,0.14065605508179382,0.09888248556493401,0.10075885745377619,0.13374261387289665
1775542619.453206,324.78,811.1,0.1504300475320137,0.10316158308247292,0.10097839048932118,0.1369025363614987
1775542619.4850292,326.2,808.52,0.14672042676944996,0.09845337985362136,0.09787953080436845,0.13252906517241284
1775542619.5158591,322.16,809.24,0.13959329344996113,0.08977835918294169,0.09211025307978514,0.12961155556676243
1775542619.5502467,318.68,814.12,0.1506968952550514,0.10201010519752429,0.09283801155032716,0.1281570440150447
1775542619.583183,319.62,822.42,0.1442298759298303,0.09993115358076882,0.10035139669199349,0.13444894190145823
1775542619.6307652,319.6,815.16,0.14696300782535734,0.09825375908133449,0.09203842655027263,0.13017211266213055
1775542619.6597168,325.2,810.74,0.1463689762387266,0.09549726756658085,0.09440034877597023,0.13049637885244553
1775542619.6943831,325.48,811.24,0.15197116025909627,0.09822985401637058,0.09286431141927887,0.1267900660102114
1775542619.7252102,325.86,807.2,0.151227066843645,0.1003100479479896,0.09390788119879993,0.1305880979413926
1775542619.756842,336.92,802.38,0.14965132021686284,0.10024846397941711,0.10132871243058644,0.13558829158551952
1775542619.7887685,328.44,802.16,0.1470884080287348,0.09839053044470494,0.10501332516737877,0.13829721269680129
1775542619.8211758,326.48,791.22,0.13490245082029334,0.08658817666793271,0.10349315548278334,0.1409014584643083
1775542619.852139,330.18,790.46,0.12660703592115471,0.08806450088564773,0.10893568068543605,0.15092885508013082
1775542619.8851368,339.48,790.08,0.11849387321340456,0.08967194021258906,0.12344258089912827,0.17081552214365292
1775542619.9160707,337.14,792.68,0.07505680267596526,0.08898766436970444,0.1421203192597411,0.19105255519283132
1775542619.9481375,346.78,794.66,0.058336124152403156,0.049341007463939435,0.12631265692047722,0.18403387495557436
1775542619.9821804,337.42,794.42,0.017831682116870067,0.06971595410250458,0.15210162018960577,0.2237192675740958
1775542620.0289736,338.7,795.88,0.0324603577244387,0.09653450447772995,0.17633864911576014,0.26407146493578526
1775542620.060053,335.54,793.96,0.12862513341395015,0.20678990935051103,0.2893934763046011,0.354336347987163
1775542620.0930834,334.92,797.44,0.23385861679680275,0.32735194839160403,0.3883228235672717,0.41640066434103773
1775542620.1238515,335.32,786.88,0.3108542779885055,0.3954440133285735,0.43866093412336904,0.48475319679999235
1775542620.1568122,334.88,788.74,0.34267448993914446,0.43294387888902724,0.47103005229275235,0.5340366445621407
1775542620.1904852,339.86,786.36,0.35412129956530275,0.446423953522098,0.48485451955601533,0.5421920774905752
1775542620.220079,341.22,786.38,0.36108293473774844,0.45336789901368574,0.4913647796860691,0.5555055660728253
1775542620.2556627,340.2,788.08,0.3660233474840539,0.46108131861987656,0.5014353309238756,0.569495383460224
1775542620.2841587,339.14,786.12,0.36597683561151256,0.46292762111096625,0.5001643819528634,0.5691177485332058
1775542620.3185227,338.98,782.82,0.36207700218267946,0.4598383575139118,0.49895152687410643,0.5714561843054419
1775542620.3489926,330.5,779.38,0.36532293152722517,0.4608217209503181,0.49811860093386673,0.5576096219506654
1775542620.3831878,330.56,780.28,0.36216630665860017,0.4596627519344824,0.4986721584674088,0.5646832773813837
1775542620.4278255,331.02,781.66,0.36357161591197007,0.46038785212865196,0.5007339432818858,0.563150946862737
1775542620.4612596,333.54,781.3,0.36279656349373873,0.46120522952077486,0.4991298918121033,0.5585951586481711
1775542620.492272,331.3,778.28,0.363811338985068,0.46021272711259176,0.5024516520347275,0.5643228259152044
1775542620.5241258,331.24,777.38,0.3617470764023804,0.4608554702640401,0.5009534841088861,0.563166507738597
1775542620.5573292,330.8,773.16,0.3617233191322741,0.46135544890647145,0.5021836621637711,0.5573466721268493
1775542620.589108,316.16,773.1,0.3587416070793474,0.45480138126378483,0.49591861177364016,0.5632358386922285
1775542620.6200528,315.28,772.46,0.3563185130980592,0.45515643529231997,0.4935259612251679,0.5570025297495608
1775542620.6531518,315.44,764.48,0.3594308679417505,0.45828924142426763,0.49939801071348194,0.5611563171165068
1775542620.6849885,314.58,761.9,0.3570871829201513,0.45695880136247025,0.497031102937632,0.563170826811509
1775542620.7160497,311.62,764.64,0.3612760353119763,0.4603566929967382,0.49728462901451015,0.56094081089929
1775542620.748954,311.02,764.18,0.35836911737452676,0.45910664539606744,0.5027507053518352,0.5688001676471734
1775542620.780061,306.32,764.8,0.3585186184745675,0.46006260227819523,0.5041130148712214,0.571269199602663
1775542620.8147428,302.78,767.94,0.3580076171332288,0.4590173151791428,0.5040918856552651,0.5707584341322526
1775542620.846657,290.38,766.52,0.3606104906886851,0.4598468246281741,0.5031058583960963,0.5667041672334314
1775542620.8944435,293.46,766.94,0.3601555695729879,0.45983691627642814,0.5024215941150565,0.5697370048151471
1775542620.923994,297.04,763.08,0.3618186828055225,0.4609536662669329,0.5028026089868913,0.5635248192728859
1775542620.9575288,297.76,758.1,0.3615518529485752,0.4610340059802814,0.5063694046999652,0.5659314182649587
1775542620.9878714,304.86,759.24,0.3624904162806091,0.4605932749611812,0.5076626017511557,0.567924411480031
1775542621.0200677,302.14,764.74,0.3621178590507442,0.4598855911299655,0.5071665660440486,0.5654908659719053
1775542621.0518942,302.96,764.34,0.36140729766907453,0.45950237407552286,0.5057882467499788,0.5672261218603274
1775542621.0849292,304.0,760.74,0.3632654512637895,0.46127614086005725,0.5080861130639304,0.5682568514728075
1775542621.1166482,288.02,761.48,0.363314354142385,0.4599482764982696,0.5080176041253166,0.5705839365065913
1775542621.1491706,284.82,761.84,0.36289449470300816,0.4606421647715486,0.5070341980364167,0.5697220533276094
1775542621.1801975,285.26,759.5,0.3641650700059178,0.46241608093071934,0.5050109439239597,0.5678154316567902
1775542621.2158306,284.84,757.8,0.36127192747537284,0.4586907444227405,0.5011645043212556,0.5656657381358671
1775542621.246764,288.98,749.32,0.3614912188522556,0.45609239020129905,0.499769975413814,0.5633862904861
1775542621.2813978,289.3,755.92,0.359647342233307,0.45491379820933864,0.49959644930624914,0.5610522822048797
1775542621.3237367,283.34,763.5,0.3584710191807504,0.45278531688775,0.4968219615204492,0.5600383261106987
1775542621.3565915,283.3,764.74,0.35795815912998963,0.45269616709209676,0.4943979906290988,0.5594491664885375
1775542621.3895578,285.1,764.94,0.3559601922009912,0.4500922096306531,0.49001166725405,0.5514633903648538
1775542621.4227393,273.56,767.38,0.35471823317757795,0.4482995543200418,0.4904442596218714,0.5512763176606842
1775542621.4706903,269.88,763.54,0.3581392961483386,0.4489222037975315,0.49192732203453227,0.5533871273093912
1775542621.5045028,269.86,774.52,0.3536127576210022,0.44673440041155243,0.4912386766212161,0.556945331595902
1775542621.549688,269.58,770.08,0.35008412202349964,0.4429029017370618,0.4837136058872188,0.5499037230929316
1775542621.5799496,260.56,771.0,0.34977100439929104,0.4429461978500751,0.4899250860208016,0.5521727473293474
1775542621.613721,266.62,767.06,0.3493925385113802,0.44333692748724557,0.48599765132859524,0.5497192228846056
1775542621.6479743,258.12,766.8,0.3469933940114551,0.44242497741797315,0.4895416620011739,0.5535599549339214
1775542621.6920397,260.4,771.5,0.34773879955227566,0.4419491647577274,0.4860957899739943,0.551952629753982
1775542621.724219,260.38,771.72,0.34461782941277574,0.44072917537267314,0.4889431034778539,0.5549530011334627
1775542621.7562194,259.18,771.76,0.34845912471234747,0.4427100810728377,0.4865399525775454,0.5497556494450331
1775542621.788874,260.42,772.64,0.34897620040396327,0.4416907319450592,0.48614021746611497,0.5477737486160807
1775542621.8360174,260.0,782.06,0.3451076389649015,0.43651075000549566,0.4797332364780832,0.5511850584338336
1775542621.868354,259.52,781.02,0.33978535846880126,0.4270758340117925,0.4686981421396463,0.5383641426891889
1775542621.900332,255.92,780.32,0.33158967110195353,0.41344260127522064,0.45529314473565236,0.525062078273043
1775542621.933484,256.72,780.96,0.3095310513407005,0.3883323818445569,0.42132419411812794,0.48705440951942003
1775542621.9663012,259.88,780.04,0.30834088128553055,0.3868943844139229,0.423469174218322,0.4871553812661542
1775542622.0164044,259.82,780.44,0.2645544291111323,0.3464963268410204,0.37319681148772904,0.43674827542384986
1775542622.0449338,254.9,778.68,0.2078411765132472,0.30079036745786075,0.3281618395386809,0.4066584709524058
1775542622.076679,256.52,783.8,0.13025044719026366,0.1982546807690147,0.2659725054139714,0.3757526445440486
1775542622.1081471,258.72,781.86,0.0858983728134887,0.16074044713836383,0.22992714881662302,0.3185596550230157
1775542622.1419315,257.2,781.58,0.07445059866918621,0.13969203999950194,0.20405935398260447,0.2662042490068762
1775542622.1721728,256.72,779.98,0.08873852295885881,0.14649025264682325,0.20715905143103955,0.24930160041270744
1775542622.2050004,257.14,782.38,0.09704470161964014,0.15201223068710923,0.20863944999664702,0.2379106658355934
1775542622.2382467,258.84,779.42,0.07162663779246742,0.12201531783590908,0.17654865037764464,0.21765849860940348
1775542622.2854416,264.66,780.64,0.05416033131012677,0.0791516035188008,0.13599076313551567,0.1809827745023463
1775542622.3173544,264.64,780.06,0.0751903965585498,0.056386609108877946,0.10706178542912724,0.15371630411508705
1775542622.3488283,264.58,779.7,0.10053787648635865,0.06217350357566085,0.08621316727801764,0.13756559076338656
1775542622.380838,262.58,779.38,0.12093956372045372,0.07290659763338281,0.07583838670170633,0.11696629562792896
1775542622.4175127,266.2,782.24,0.11937124623835363,0.07450728275461513,0.07856829357181352,0.12079358719574064
1775542622.4449651,266.74,783.64,0.13048937212081865,0.09002468271441828,0.09369395841870921,0.13217122943455759
1775542622.4771667,273.12,784.18,0.13229745972456441,0.09032373110887872,0.09469749697267009,0.13677188210244723
1775542622.5088747,273.78,784.42,0.1403695610222151,0.09496259552892397,0.0977060786399061,0.13499096452132642
1775542622.5415266,273.84,784.76,0.1401609923282126,0.08922763552643732,0.09884725478302539,0.13974216092573763
1775542622.5729144,270.96,784.46,0.13820962272307297,0.09268436644243398,0.10247348486462507,0.14241062901449533
1775542622.6050363,266.68,784.7,0.13844778362863144,0.09198135258977276,0.10303819774502476,0.1403898075196712
1775542622.6370575,267.72,785.68,0.14306073576984815,0.09500910591202143,0.09917110249951426,0.13380464967371358
1775542622.6708634,266.5,785.5,0.14438626722629314,0.09457906759809387,0.10004780263861458,0.13297861979778747
1775542622.7176833,262.98,786.68,0.14248413210539482,0.09352517046778933,0.09770246488550295,0.1319850030209497
1775542622.7480774,262.7,785.4,0.1398792744009226,0.09594573234098074,0.10290579355415756,0.1409141181426777
1775542622.7814355,267.2,785.5,0.14422656401679934,0.093219921676668,0.09662952294982738,0.1352415331686382
1775542622.8178988,267.4,782.78,0.14120721071996262,0.09227534166618735,0.09473679144605912,0.13444445594296286
1775542622.8453038,265.94,782.24,0.14216344119082042,0.08926232745977801,0.08754368836563162,0.12566063953975912
1775542622.8759503,267.22,781.88,0.14369126261380333,0.09321880643374388,0.09228387688049702,0.13322741150774414
1775542622.9103763,266.96,781.12,0.1391345496714085,0.09048239759068694,0.08952088318178705,0.1314973584132049
1775542622.9399674,267.16,781.32,0.139784754539297,0.09021127294037223,0.08691318234079327,0.13301218525390446
1775542622.9729955,266.4,781.16,0.1419381589822517,0.09154381868411404,0.09043925585471392,0.13460776853416956
1775542623.0039272,271.6,780.56,0.13796641748966235,0.08761322854147516,0.08484657324700794,0.13019536503787432
1775542623.0361843,271.68,779.5,0.14133346781416412,0.0916725433865814,0.09017519332830921,0.13218865188177545
1775542623.0679636,270.74,778.98,0.1449510727560424,0.0978636833925401,0.09567772307569515,0.14057566271370622
1775542623.1006088,271.4,780.6,0.14454425683369473,0.09700331986179515,0.09451752204008103,0.1402688263705
1775542623.1338227,270.74,782.02,0.1442875233370476,0.0916603604746272,0.08457129217508308,0.12892444874499104
1775542623.181018,277.24,782.96,0.13750292892684807,0.089127180176945,0.08623638535633132,0.13708922389731146
1775542623.2180357,277.34,782.74,0.14035193811900046,0.0907729591245823,0.08614735780796652,0.13339760962646507
1775542623.2439408,277.58,783.14,0.1422478725747703,0.09293755188449786,0.08824663839298129,0.13151761682306526
1775542623.2769473,276.66,783.18,0.1384418636899321,0.08955708930039895,0.08740007522590974,0.13376713962486764
1775542623.3085518,276.66,784.48,0.13956691711168875,0.08924005595116531,0.08683293319456506,0.13241084117567184
1775542623.3399854,276.02,784.3,0.13709143358285553,0.08872946791238091,0.08922029097290869,0.12995865263558926
1775542623.3719938,278.38,783.0,0.1367757943702663,0.0879688797916372,0.09118576385687435,0.1353703894979979
1775542623.4068227,279.54,782.38,0.13577270497347158,0.0874013601918157,0.08782016066701323,0.12852524754890127
1775542623.436869,282.38,783.72,0.1363225418547233,0.0870730392607907,0.08710780619408105,0.12830748664207392
1775542623.4709694,281.16,783.1,0.14040818156137228,0.09032536319529737,0.08769500404161025,0.12929057216842335
1775542623.500944,281.66,783.1,0.1371033532976183,0.08764819616227253,0.08403181779204673,0.12938759772888486
1775542623.5347252,282.86,781.24,0.1380210739367623,0.0880999600742197,0.08672597517424623,0.13085134808256305
1775542623.5674736,286.14,781.22,0.13650944132470166,0.08723443717146277,0.08643568410647884,0.12676329910240086
1775542623.612323,283.42,781.86,0.1401822220422855,0.09029717036430716,0.08849350152009808,0.12929092877626092
1775542623.6441386,283.78,782.28,0.13740024308581417,0.08738181239833728,0.08572383189441572,0.12407455164300688
1775542623.6759696,283.34,781.0,0.13812295992122797,0.08725268119670476,0.08672284261973859,0.12901866984183394
1775542623.7091784,291.28,780.92,0.13895400222329735,0.0910672675121527,0.08943999129699155,0.13046572394177827
1775542623.7409837,289.66,781.3,0.1410105335356801,0.09119751710699567,0.08953049643760431,0.12885736481811552
1775542623.7737153,286.7,780.08,0.133217513425186,0.0857898808015551,0.08444818123016223,0.12706149289301927
1775542623.820294,287.6,781.18,0.1368724811723033,0.08677536968478362,0.08603126400134566,0.12750093555760483
1775542623.8528683,289.84,779.7,0.13463057299316974,0.08672142824034766,0.08731961582289265,0.129801307328219
1775542623.8849864,289.38,778.82,0.13468948781966383,0.08664022347512496,0.08711614211323998,0.12845321337833113
1775542623.919167,288.72,781.82,0.13646878213488173,0.08698650454663784,0.08684818650956148,0.12938103122206396
1775542623.9648826,282.98,780.54,0.13379186579332458,0.08304172416958064,0.08387611888151514,0.12867835932283533
1775542623.996094,282.94,781.08,0.1339892741149082,0.08263407773074845,0.07876037505849474,0.1256510069167197
1775542624.0284905,282.54,781.9,0.13735646414127703,0.08839952551785928,0.08424872015184187,0.12665974834593358
1775542624.0614893,277.62,782.34,0.1396080931326485,0.08950537212546181,0.08957116693520692,0.12768549004573782
1775542624.0954275,274.44,782.54,0.12614816173807275,0.08409042461163743,0.09573162098887057,0.13886653867966126
1775542624.1403232,275.26,782.5,0.12361513202836992,0.08481280368021714,0.09969837657523252,0.14394723665590872
1775542624.1746502,269.56,781.32,0.09592228051785842,0.061895408063491295,0.09042377899379626,0.1431539013842419
1775542624.2222393,268.58,780.7,0.05864569845085903,0.059341213810539105,0.12190130588081138,0.18372794630550712
1775542624.2395654,268.42,780.52,0.019244856123400742,0.06190465938283911,0.14404012665325178,0.22425888871990474
1775542624.2851872,271.62,781.3,0.07056865514350184,0.13599764401471515,0.2116774810388518,0.3047099707255889
1775542624.3200636,270.68,780.02,0.21852005998567706,0.3178067481768366,0.389004690898104,0.4166633440447513
1775542624.3648314,272.3,779.28,0.31768161242590726,0.40756810847630115,0.451876134618693,0.4852836880020952
1775542624.3958075,273.0,779.06,0.35088904291932144,0.45065841773718024,0.48472540847951695,0.5380426810504156
1775542624.4288204,273.04,778.74,0.36825376767119605,0.4643344550307415,0.49853769766482126,0.5575629535770672
1775542624.4608455,277.58,779.08,0.37815295838077206,0.4734850359392891,0.506286251649658,0.5699354427394896
1775542624.492968,276.84,779.56,0.3833991449534413,0.4796588933205498,0.5130503679742618,0.5715276049132166
1775542624.5265658,275.74,781.62,0.38538920491272183,0.4776717013760515,0.5113449674933975,0.572062745838593
1775542624.5723062,274.84,780.72,0.3890157843749591,0.4835677768413588,0.5186927868942921,0.5757513944850899
1775542624.6234758,275.72,780.44,0.38645258340609684,0.4802834769307117,0.5160491432634939,0.5810794292324605
1775542624.6689446,275.6,779.96,0.3871609218781725,0.48436205143131783,0.5212358416724093,0.5815089409677294
1775542624.7007587,274.7,779.6,0.3882650255307451,0.48596528583363785,0.524101052413216,0.5892549740593934
1775542624.7340524,273.56,779.7,0.39034080994207704,0.48645943178758055,0.5202313880383774,0.5895390217834046
1775542624.7641423,268.38,780.18,0.38587795658489443,0.48295435593781316,0.5191241705392121,0.5906797132080532
1775542624.7984607,268.96,781.0,0.3879436252815436,0.48558895374805183,0.5230860886116151,0.5993677002696126
1775542624.8290374,269.1,780.8,0.3903066976692221,0.4918804342490316,0.5251321238041888,0.5939773364470177
1775542624.862378,269.86,780.22,0.38983108247365605,0.49065728445427004,0.5286941132914179,0.5990715092047753
1775542624.8929355,271.54,779.06,0.3879081274936073,0.48708561864092287,0.5244275908054197,0.5988980908308833
1775542624.9239202,271.72,778.7,0.3861607342426365,0.48818408144465153,0.5267321677491977,0.6007990591352514
1775542624.9575255,273.68,779.96,0.38611078501228047,0.4883312648811075,0.5246353662465173,0.5971287188656815
1775542624.990837,273.78,780.52,0.3852839618814924,0.487373762082478,0.5244183411199755,0.6033636850434166
1775542625.0359492,275.44,780.82,0.38828252776426725,0.49045969914661375,0.5249264932500355,0.5881115099193905
1775542625.0690477,273.72,780.92,0.38565679137960784,0.4850785243728946,0.5228130873685398,0.5995712830311106
1775542625.100095,273.42,781.68,0.3851146081385214,0.4861792757101737,0.524762290794763,0.6067782571352003
1775542625.1329057,273.88,780.1,0.3834879480052778,0.485891715553699,0.5229735986649955,0.5950474825866249
1775542625.1639872,271.86,781.8,0.3831260191761088,0.4851665887630662,0.5203396868501815,0.5958593614006575
1775542625.196381,268.06,779.8,0.38472493235721966,0.486513388633059,0.5224164238137653,0.5912722090918207
1775542625.2281194,268.56,779.8,0.38489045769453323,0.48593501790596866,0.5196615569033032,0.5946551847244124
1775542625.259729,266.96,779.7,0.38411719215927576,0.48445733285559245,0.520534418199191,0.6060516658799252
1775542625.2927673,266.58,781.22,0.3838587843342278,0.48588410835100515,0.5213006994654742,0.5955692192648614
1775542625.323859,265.22,780.66,0.3862859513779962,0.4884193014380934,0.5227297450034387,0.5964763446658558
1775542625.35756,265.88,779.64,0.38773851624637146,0.49330538730226037,0.5279327290394064,0.5917975667588112
1775542625.3910115,265.3,779.92,0.38848014092632693,0.4908432294067652,0.5249918775885262,0.5973018618980253
1775542625.4384627,265.38,779.64,0.38815840744404007,0.48946003624776585,0.5248818717972797,0.6041722070919046
1775542625.4678752,261.52,779.54,0.3858099507982452,0.4879604069882083,0.525774238077146,0.6002466600676297
1775542625.5024672,261.72,779.16,0.38638532598320985,0.4905956564404519,0.5247924433503192,0.5912991509403975
1775542625.5319037,262.96,779.8,0.38677739331799194,0.48934309024360845,0.5250971769798509,0.5998235948251601
1775542625.565016,263.52,778.48,0.38498864904680496,0.48737998537032057,0.522239591606108,0.6003497207368798
1775542625.59613,262.0,779.9,0.38718091801881616,0.49152985418376494,0.5262732747795089,0.5993376895302976
1775542625.6289155,262.98,780.4,0.38453240361328944,0.49088447669400564,0.525148084371892,0.5945803695974675
1775542625.6607678,263.18,779.92,0.3864599304321115,0.48745035775869233,0.5215161416700536,0.5941634549045809
1775542625.692954,263.58,781.02,0.3824701878408518,0.484033529830918,0.5212570482741131,0.6034813729644557
1775542625.7245226,263.7,780.56,0.38008547539259924,0.4835312484824839,0.522369540185698,0.6021756804099833
1775542625.7562282,264.22,780.18,0.3811336484230083,0.48568614272794014,0.5235468391332908,0.5988033027120366
1775542625.7899675,271.22,779.6,0.3843766643827297,0.4871202415980178,0.5231565102030982,0.6004086677676013
1775542625.836236,271.44,779.52,0.3850208787829135,0.4874876473136621,0.5232285096893443,0.5940718649435262
1775542625.8674164,268.72,778.74,0.3821639793719535,0.4843907597972406,0.5208820252479246,0.5972107542650842
1775542625.9010751,269.22,777.08,0.3795881476756052,0.48230716820898617,0.5197922544719003,0.5800353123099237
1775542625.9329422,270.08,777.2,0.37236742534127,0.47288492690891853,0.5115346392799587,0.5824347795025295
1775542625.9641001,270.46,777.2,0.3554883677092997,0.45774142011577207,0.5005748367509157,0.5657350618041228
1775542625.9983623,269.6,774.54,0.3329223874604242,0.4241892877209508,0.46663829843337556,0.551134251200483
1775542626.0289705,269.78,776.12,0.19632932351455123,0.31542057758850706,0.38355813771319475,0.47366301958575535
1775542626.0620828,267.7,777.14,0.09830984728726734,0.16543137514003015,0.23238491266304645,0.3353984556809994
1775542626.0922418,268.42,776.84,0.037312663008668,0.07651675759088551,0.1519286275427421,0.2251911176144332
1775542626.126679,267.96,775.94,0.06761785173576376,0.014911885460923893,0.0917946099876984,0.1523497848987212
1775542626.1570847,263.02,777.1,0.10348495835526095,0.02742959660540357,0.05628907671795223,0.1050295844816145
1775542626.188006,263.34,776.3,0.12157726507445529,0.05446763626811874,0.05256556349134612,0.08876750575905114
1775542626.2235134,263.46,776.54,0.12091257233351305,0.05191928995636368,0.04936341992723632,0.09233559863064719
1775542626.2563899,263.0,777.32,0.12509333600084524,0.06343253170196383,0.049989709853728505,0.08686899949230234
1775542626.301211,261.66,778.86,0.12519314647871818,0.07086851022909442,0.05460010717157818,0.09227698223182006
1775542626.3322463,260.92,779.3,0.129004509181243,0.07797732375380909,0.05839712952279408,0.1022637913937121
1775542626.3656006,261.72,778.7,0.13368150945924048,0.08550522390048501,0.07366668108243024,0.114342077461544
1775542626.3972666,261.46,779.04,0.14731683699644965,0.09332015011153268,0.07726073991331084,0.11793292746567643
1775542626.4278865,261.8,776.64,0.13822290304910725,0.08625604389023715,0.08141812037697611,0.12651921546416062
1775542626.4609587,260.84,775.72,0.1354149879110395,0.0848862823827488,0.08615429782598194,0.13255675811829137
1775542626.4929836,261.2,775.56,0.13967963763509345,0.08811768968292381,0.0860456428263926,0.12984748895861856
1775542626.5239754,257.24,775.08,0.1400636181097977,0.08925113144353053,0.09023594090671941,0.1305561992613283
1775542626.5560465,257.44,775.28,0.13929321882326504,0.08743315766780213,0.08912280580995817,0.1319587719153506
1775542626.5883758,256.62,775.08,0.14171030401795967,0.08508126313935638,0.08273201286019528,0.12578749523911734
1775542626.6240878,255.96,774.66,0.14060637383949295,0.0855122253329596,0.08435740865491817,0.12553512826387522
1775542626.6562488,256.08,774.56,0.14535367524610965,0.08490332343682987,0.08289076189713733,0.12395016184762428
1775542626.7022662,255.28,775.46,0.1422356945956544,0.08346660754432231,0.08174188307861455,0.12142453249615275
1775542626.7328684,254.14,774.1,0.14102625618676187,0.08231527416517737,0.07879966365810245,0.11900170017290662
1775542626.7664185,254.7,774.32,0.14024194778312324,0.08559882481505944,0.08168922201534877,0.12049224353878661
1775542626.7969465,253.86,775.44,0.14359922435560807,0.08561117394495256,0.07510751305179363,0.11276090100494575
1775542626.8288014,254.2,775.26,0.14142546059618766,0.08028807892041286,0.06981523995272719,0.1104824822257451
1775542626.8599617,256.44,775.64,0.1390966563229517,0.08309530866258372,0.07418561089798836,0.11480801337956101
1775542626.8919709,256.62,775.38,0.14006236122508292,0.08411260066761783,0.07644276503556038,0.12043520388403575
1775542626.9249892,258.16,775.42,0.137596162971253,0.08150156978016204,0.07552702123750703,0.11925724339254683
1775542626.9567125,260.78,775.24,0.13859796611346947,0.08109850643415378,0.07750315648635654,0.11917143181837855
1775542626.9882362,261.64,775.76,0.1453275024784215,0.08177860031122124,0.0730342583198884,0.11255139637237042
1775542627.0200484,261.02,776.68,0.1401259788193848,0.07800772429938178,0.0739354882205001,0.11828472026297507
1775542627.0527804,260.7,776.16,0.14162284052604066,0.08036867732800806,0.07074727593843516,0.11126395116235724
1775542627.087744,260.8,777.08,0.1396540539721343,0.0787712292274066,0.07135285758162799,0.11101646638538615
1775542627.132937,262.12,776.66,0.13510980874935108,0.08242811590317539,0.08222631974362744,0.12284353059726676
1775542627.164883,261.7,776.72,0.1344053317202009,0.08027868269241377,0.07868174487108825,0.11971666364433133
1775542627.195866,262.92,776.98,0.13466545182595585,0.08122852719751228,0.07929046142074074,0.12058760091392137
1775542627.228943,262.32,778.88,0.13448879704283498,0.08431273943159033,0.08465108147592475,0.12488353331064515
1775542627.261948,262.12,778.7,0.13831707202374602,0.08589495997828052,0.08155903235298016,0.1205622277968302
1775542627.2923434,262.34,778.0,0.13586999304563,0.0816128421348179,0.07672425683998745,0.11763514355406701
1775542627.325782,262.38,777.24,0.1321072919376304,0.07811206744017908,0.076883267761915,0.12043539910601178
1775542627.357061,262.44,776.76,0.13520820716696938,0.0835259921955471,0.0832515077816467,0.12398780136496015
1775542627.3903599,262.64,776.98,0.1362031447614351,0.08469205646554541,0.08158494937429582,0.12027655890758208
1775542627.4260786,265.46,777.0,0.13478545122600682,0.08197412066671181,0.07809610409642405,0.12225226408864966
1775542627.4530547,266.28,777.6,0.1346487424903144,0.08136207680824575,0.07618550560644223,0.11606935756880424
1775542627.4859505,266.64,778.18,0.1382838989639972,0.08376015369909054,0.07879978982331515,0.11758410423368286
1775542627.5321844,266.3,778.18,0.13247646061052615,0.08219774006155735,0.08324841390112724,0.12371787689093698
1775542627.5639138,265.74,780.56,0.13518194869955066,0.08127869275152177,0.07938660593849048,0.11854031171126286
1775542627.5961473,266.14,780.6,0.1340847118862334,0.08375385504228083,0.08446367248480256,0.1259114687475748
1775542627.627953,266.12,781.36,0.13328429305285402,0.08044890178449336,0.08060699010547051,0.12337976728977734
1775542627.6609979,264.06,782.5,0.13526668495329322,0.081457903969173,0.07893962897203526,0.12168433275171155
1775542627.6925912,265.12,782.64,0.13013679963075603,0.08020610995778406,0.08229253818556545,0.12649446892845628
1775542627.7262747,265.2,781.24,0.12769748424004593,0.07472177552894782,0.07657672228666289,0.12129688365622253
1775542627.7563097,264.62,781.84,0.12977251303024473,0.07732960788483298,0.07902208136378357,0.12187718679682552
1775542627.7881577,265.28,782.74,0.1302066578188066,0.07998018183239868,0.08084463545002389,0.12456624807470926
1775542627.8210523,266.1,782.3,0.13248541922488855,0.08002284828882524,0.07865878850120044,0.11961767075635363
1775542627.8518686,265.38,782.36,0.1298090025314715,0.07604900545607488,0.0756246687896358,0.11891456819560989
1775542627.8865113,266.1,782.22,0.12861952289376874,0.07802218420402549,0.07956547381982185,0.12119667206455233
1775542627.9201343,265.56,782.42,0.127871241803617,0.07506970827712385,0.07489855419416494,0.11877043174254728
1775542627.9675372,265.86,782.18,0.12876848282316686,0.07745227484158376,0.07594294590520463,0.1213905265909
1775542627.9970288,266.78,782.42,0.1324214356864726,0.08018878833237728,0.07897532017773386,0.118895584975328
1775542628.0306077,267.18,783.2,0.1334784504406286,0.08280882289065311,0.07645616207623597,0.11689077052907115
1775542628.0657547,266.02,783.54,0.1284771108345499,0.077348378752236,0.07292797051799038,0.1185884001044592
1775542628.1088026,265.8,786.52,0.12970514200587435,0.07780524594326285,0.07336659283212267,0.12104309529354482
1775542628.1410363,266.18,786.48,0.1254776704789818,0.08036244997548639,0.07542102990329864,0.11891109782222829
1775542628.1747205,266.94,786.56,0.11483954161702611,0.07191732120826631,0.08569425354879344,0.13719285820988258
1775542628.2201438,268.86,786.86,0.09212464105893219,0.049595927402971765,0.0737383446764306,0.13139555242358214
1775542628.2533603,266.7,787.8,0.05235620620287964,0.04784255820368359,0.11462067817699328,0.16956007101430706
1775542628.2706892,267.64,787.74,0.03584887125836235,0.03567658082151336,0.11595445612515966,0.18381791226346406
1775542628.303194,267.54,788.2,0.022523305655920412,0.06969295723706863,0.14800199856966412,0.22399200661228233
1775542628.33203,270.06,787.54,0.05689278882077516,0.0977706513967804,0.16595974347898465,0.2525793337661524
1775542628.364815,270.48,787.16,0.11196747739267567,0.16311784125495493,0.22776530144498625,0.32186271036893177
1775542628.3968635,271.26,787.98,0.2299052670516469,0.3179327793671328,0.3543492032749584,0.3925772503611608
1775542628.4288232,272.8,788.4,0.31793525195091865,0.3970364745382352,0.4237839333961838,0.4593379367095908
1775542628.4600742,272.42,788.28,0.3461920317527048,0.44196587703184925,0.456938625704638,0.4904903688171376
1775542628.492002,272.66,787.44,0.3556243931563139,0.4522807219705116,0.47326400832906745,0.524091305500382
1775542628.5280368,272.18,787.16,0.37322446934466424,0.4669885443150817,0.4894914974174795,0.5489535197944596
1775542628.5581515,272.14,787.52,0.38032620543033246,0.4764647126519206,0.5043544357387727,0.5755950115406477
1775542628.5880573,274.14,786.72,0.38002245897553416,0.4769695221620441,0.5044437922741989,0.5821277805928671
1775542628.6222308,271.34,787.22,0.37551117508792886,0.4751333513082166,0.5008996414979691,0.5742108923886559
1775542628.6562188,270.04,786.7,0.377621335979191,0.47752793951965017,0.5014558132181289,0.5681295837947706
1775542628.7022603,270.16,788.38,0.3785181924978937,0.47873461747192547,0.49902227638238145,0.5647391606480375
1775542628.732998,270.06,788.2,0.37944003468153353,0.47874541238155954,0.5000658498900596,0.5617696041152795
1775542628.7649121,270.88,788.34,0.37928513601494873,0.47639443398474324,0.49515277987304895,0.5555731600430752
1775542628.7960777,271.12,792.72,0.3796422338157514,0.47709821658609974,0.4978761425463665,0.5529200982745681
1775542628.82853,271.1,792.42,0.3804709837272088,0.4782443908901607,0.49587284245820457,0.5516723055860708
1775542628.8608572,271.74,794.66,0.3803815927178736,0.4787375687864077,0.4953750361994494,0.5532186748745715
1775542628.8930006,271.46,790.86,0.38057053336763624,0.4774664008439375,0.4945844499204379,0.5503296523661874
1775542628.9284523,271.04,789.9,0.3794348895683845,0.4771479347862675,0.4944906222996387,0.5506820027439083
1775542628.957136,272.52,791.4,0.3764018550786981,0.4742370020700602,0.4920877766215262,0.5486831319008312
1775542628.9878843,272.5,791.76,0.3742466625185599,0.47076157926526974,0.4887866577102811,0.547822323808076
1775542629.0209079,271.94,792.7,0.3754339373353431,0.47196891801483865,0.48837299254954675,0.547243304045752
1775542629.0530214,271.56,793.28,0.3759284857789426,0.4709581238824889,0.48506709920930563,0.5477540631779768
1775542629.0866375,270.42,794.2,0.3754083021180533,0.4698265154788475,0.4865686937425511,0.5467081569123274
1775542629.1320262,268.54,793.6,0.377828854567695,0.47261508749043174,0.4868072897473811,0.5447553198605156
1775542629.1638708,267.98,796.62,0.37798900013120507,0.4739417734644191,0.4859598668118036,0.5435029012218351
1775542629.198378,270.18,796.4,0.37608335004004306,0.47086770070699624,0.484481579222314,0.5410018678140734
1775542629.2289543,271.12,797.38,0.37697879609761004,0.4703531560731409,0.4834956850086851,0.539247598833767
1775542629.2622876,270.26,796.76,0.3709070558449029,0.46414330679496335,0.47843830725498526,0.5379384450166762
1775542629.295961,270.36,796.82,0.36812942599703474,0.4598945317729644,0.47820837526411347,0.5357525477088828
1775542629.342656,273.3,796.5,0.3698948261362451,0.46073665395501023,0.481529687287221,0.5354978493917939
1775542629.3721428,273.28,790.22,0.3685799371951244,0.461825621470764,0.48016981619575017,0.5338742985000128
1775542629.404288,273.52,791.46,0.3686806252354436,0.46140089071369533,0.48049314573813845,0.5366401915100886
1775542629.4376032,273.9,792.84,0.3674315524962183,0.46096367549444267,0.47885938696555713,0.5347115870097656
