Timestamp,Inner_Env,Outer_Env,Index_Dist,Mid_Dist,Ring_Dist,Pinky_Dist
1775544752.5127447,0.0,0.0,0.21241592619885513,0.2916368651745445,0.307436054727729,0.3411568622406865
1775544752.576214,258.2,819.42,0.21443079516376634,0.2859353434790777,0.3030230856065361,0.3407723112750321
1775544752.6012273,254.26,819.38,0.20815280214554258,0.28431111864472564,0.30030134416479326,0.3431376465405803
1775544752.637418,256.62,819.78,0.20951013510731428,0.2838433119522838,0.3040221273028493,0.3428696146340853
1775544752.6883557,252.82,819.32,0.2084857257949821,0.2838616686212061,0.30281556534695725,0.34542851298842414
1775544752.720322,255.04,819.96,0.20974952482179382,0.286583527343756,0.30480081940997505,0.3433789689963564
1775544752.7570395,251.26,819.58,0.21112520904308288,0.28756392014342247,0.3055940789210339,0.3446460462884367
1775544752.7846375,253.62,819.76,0.21162036922223998,0.28590256511200274,0.30538589786309606,0.3458168974659434
1775544752.822175,251.14,819.54,0.21023127291009905,0.28469347534939693,0.30118715565821325,0.3430598000686893
1775544752.8473184,252.32,819.78,0.20972074541054805,0.2838410420851954,0.30317186020509546,0.34170130912672075
1775544752.8801394,248.96,819.66,0.21080447295063434,0.28706411592717357,0.30547042620756926,0.3450712691313933
1775544752.911257,250.74,819.96,0.21205439616098692,0.2863781022688826,0.3043200232118488,0.3434606698041236
1775544752.943122,246.64,819.72,0.208901574589239,0.28433988914384567,0.30395023862034054,0.3428445290762604
1775544752.976215,249.24,820.34,0.21372213991608502,0.2887447300155942,0.30660671724536953,0.3462877261310289
1775544753.008031,245.3,819.94,0.21232838803998377,0.28788431078192805,0.3066876957015017,0.3469925480453417
1775544753.0415816,246.68,820.02,0.21183071295817751,0.28824142082222254,0.30741422130433327,0.3457866061897354
1775544753.087212,241.62,819.98,0.21301686195546027,0.2880861293901351,0.30620440735692356,0.345463038481438
1775544753.1221318,275.64,820.54,0.2137866977409023,0.2907872257526623,0.30917787792834334,0.3466362134725044
1775544753.1514578,315.76,820.2,0.21523758637477286,0.2916796472748411,0.3103441403130883,0.35017214671622776
1775544753.1843386,349.62,820.46,0.21670597485645962,0.29286753403685856,0.3103106258282126,0.35055426097526
1775544753.2164352,390.08,820.54,0.2171241628150814,0.2931827529728484,0.3118098571479153,0.353679482718033
1775544753.2493966,423.68,820.26,0.21714637581705165,0.2924545736665101,0.313208748900741,0.3518531756513725
1775544753.2804503,466.34,820.54,0.2156478918287611,0.2954366346821719,0.3135635646854756,0.35150094706127505
1775544753.3120904,499.84,820.2,0.2159133170926078,0.2976258742125576,0.314964589043528,0.35328065113460716
1775544753.3434489,542.22,820.64,0.22038742466764347,0.30122439662497835,0.31853619131045546,0.35452362804998827
1775544753.376201,574.76,820.38,0.2199028778038344,0.3030018723224461,0.3228791567494055,0.35942200089182963
1775544753.4072392,618.02,821.02,0.22566024288070952,0.30635920644677955,0.325204435716063,0.36639090427700993
1775544753.44125,650.88,821.08,0.22383667620843414,0.307707122449391,0.32566163853862834,0.36704973947427744
1775544753.4869854,694.56,821.38,0.23261794108469633,0.3166101004768918,0.33450369020761467,0.3714663623246971
1775544753.5214741,727.34,821.16,0.23204446343927027,0.3213631717153638,0.339214575135185,0.37621216894499976
1775544753.5576417,770.02,821.16,0.23633651381075563,0.32287097752544025,0.33804952390082943,0.38190456251265137
1775544753.5832756,801.74,821.14,0.2295029006611224,0.3199947167176453,0.3400119427105753,0.38480335156023443
1775544753.6182,844.44,821.22,0.2369332218534821,0.3278874855720279,0.34773035239307865,0.3918758500647022
1775544753.6418426,876.4,821.18,0.2414277689287797,0.33028848436955593,0.3499886979307002,0.3919071109493487
1775544753.7147098,919.4,821.54,0.24887033670097003,0.33487961832744767,0.354389515610644,0.39535383634457033
1775544753.7440927,949.6,821.22,0.24900398361915219,0.33574160374518236,0.3553056554389235,0.3939784796841685
1775544753.7774632,993.78,821.7,0.24750010456798202,0.3364815879981619,0.3544241674533047,0.39354386081142484
1775544753.808688,993.78,821.52,0.24581743889255728,0.33370967427075976,0.3528160733370865,0.39316760838855297
1775544753.8425322,993.78,822.26,0.24802727375056122,0.33648695903268594,0.3555927539267496,0.3962917007837118
1775544753.8884413,1023.54,822.16,0.2523831412012394,0.34185461978927384,0.3610255359373277,0.3990010453573346
1775544753.921421,1066.54,822.34,0.2537826546325793,0.34017982619978726,0.35506715386166243,0.3929987520334693
1775544753.9522536,1098.64,821.88,0.25471427197437657,0.34329233574863754,0.3572223554720253,0.39242348044477193
1775544753.9840422,1141.28,822.58,0.2516993980185626,0.33943071361444777,0.3540790995467351,0.38954034350311884
1775544754.0164757,1172.7,822.84,0.24983793839767288,0.33357125854396086,0.34893348864808543,0.3859801628798554
1775544754.0501022,1215.94,818.64,0.25143257785768236,0.3354592711203158,0.3493735472823188,0.3878359182875316
1775544754.096303,1248.52,822.24,0.24564889909779578,0.33284913050590265,0.34717073851842417,0.38451925158384603
1775544754.1281707,1291.14,814.76,0.2447160121654643,0.3330876837699711,0.34424912614121767,0.3817509970317107
1775544754.160104,1323.0,818.2,0.24715317861082037,0.33576694484044706,0.3463977019667191,0.38454336042134324
1775544754.1921737,1365.94,810.74,0.2486142477201549,0.3310355747431335,0.34499747742429565,0.381494725232296
1775544754.2241642,1398.24,814.66,0.24844525962684455,0.3336834313518221,0.34591031625896046,0.38326366214481267
1775544754.25619,1441.16,807.4,0.25029523933202286,0.33511642649091106,0.34666911252156996,0.3831382897111749
1775544754.288371,1476.42,811.3,0.2503123685679236,0.3394557178548673,0.34524627296529536,0.38471266600814064
1775544754.3202536,1519.74,803.82,0.24837261994225657,0.33610842633511623,0.34374992443903235,0.38397661118858195
1775544754.3521721,1551.24,808.46,0.2476354440776858,0.33623644285741966,0.3408411621494483,0.38201640943360066
1775544754.384082,1594.62,800.12,0.24927694775214942,0.33651597537002287,0.34269434398570625,0.38367678677123956
1775544754.4175282,1625.98,804.54,0.24781632351528396,0.33768990137791155,0.3429101122697684,0.3841478812444396
1775544754.4483035,1669.84,796.28,0.24912267681902017,0.3359122711099734,0.3418283928014713,0.38409411006301203
1775544754.4819977,1701.54,800.16,0.24855010164248106,0.3349702893177604,0.34251127866306263,0.3839228391518899
1775544754.5282006,1743.26,792.82,0.24916388696116554,0.33906375844137326,0.34444488888241825,0.3873646293763939
1775544754.561787,1776.1,796.26,0.24947416191162927,0.33796448209142776,0.3426305656026737,0.3856623182284921
1775544754.5923002,1819.36,788.6,0.25137070079421653,0.3404395972456831,0.34542732417895117,0.3881078579241096
1775544754.6242235,1851.0,792.28,0.2512488798459338,0.33980880473133745,0.3433054993250051,0.3899566040339715
1775544754.655314,1894.46,785.34,0.2496077613386285,0.3392812589153392,0.34186646236063933,0.3894859044457555
1775544754.6885707,1926.36,788.76,0.2526652677317302,0.3419501977093793,0.34221146888308906,0.3897376924165929
1775544754.7194448,1970.1,782.3,0.2545071667679561,0.3449878588352735,0.3434316913211047,0.390943206398535
1775544754.7522683,2002.42,785.8,0.2549491080709232,0.34956115473462485,0.3459177528167072,0.3922095724496827
1775544754.7844858,2047.0,778.54,0.2520999513434026,0.34673755510179083,0.34568583771768446,0.39329221689875926
1775544754.8162935,2047.0,782.04,0.2514980824781482,0.346601938357983,0.34427451471503184,0.3886650941590294
1775544754.8499033,2047.0,774.58,0.2495832282111149,0.33902860481845276,0.3420439343054753,0.38956271000266135
1775544754.8952086,2047.0,778.46,0.24786370465366492,0.34148979712882244,0.3422858734517924,0.3868757814486844
1775544754.928561,2047.0,770.56,0.2525468908053934,0.34686607869236,0.34834433639267104,0.39112208796913256
1775544754.9606924,2047.0,774.74,0.24984798771077818,0.34056176166857055,0.34220241468894513,0.3902570019429027
1775544754.994335,2047.0,766.02,0.2488196300750603,0.34400806672065026,0.3436912399512533,0.3875065123339716
1775544755.0407145,2047.0,771.0,0.2486825566230369,0.3437316629714579,0.34199910761410085,0.3902611749194661
1775544755.0737755,2047.0,762.26,0.25019002541288404,0.3455213743660901,0.3416952009779893,0.38809018308675813
1775544755.1044202,2047.0,767.52,0.2515348615673814,0.3489047393295632,0.3448084180543952,0.391449616154952
1775544755.1407502,2047.0,758.56,0.25458418792835824,0.34722377042023406,0.34481290511759716,0.3896487663421861
1775544755.171521,2047.0,763.12,0.25707389878837233,0.3491598872547004,0.3482446878834966,0.3923809253477538
1775544755.2176535,2047.0,754.76,0.25185357898046606,0.3472236294218443,0.3436537972204415,0.38938784173098456
1775544755.24821,2047.0,759.66,0.25420410478722816,0.35000802782120005,0.3463283472676495,0.3917716533312151
1775544755.2819502,2047.0,750.72,0.25674947935770354,0.34969431582221133,0.3485514837678665,0.3914657140075156
1775544755.328327,2047.0,755.6,0.24982180011923222,0.34645970568015105,0.348623156551694,0.395319222655538
1775544755.359335,2047.0,746.16,0.2499577051401547,0.3457802168979101,0.34857408059867223,0.3933457243397258
1775544755.3924036,2047.0,751.48,0.24860756886738883,0.3452995325511918,0.3480625485646098,0.39569305193120147
1775544755.42624,2047.0,741.54,0.24824164443478966,0.346732199353294,0.34984993010700177,0.3906256016413095
1775544755.4715688,2047.0,747.14,0.24766396377781844,0.34513395670227887,0.3513933131478073,0.39326991525534616
1775544755.5044086,2047.0,737.26,0.2523184501826774,0.3461313935078807,0.3502535337024787,0.3966963375653949
1775544755.5408645,2047.0,742.88,0.24949518726462722,0.3461835189129178,0.35256508182754226,0.39515562111451524
1775544755.5698013,2047.0,732.84,0.24857360930598862,0.3433811394781908,0.3503183339928519,0.3938331405402098
1775544755.6163278,2047.0,738.5,0.24668780322899084,0.3442233330465757,0.3507673530751124,0.3930094794155256
1775544755.6475086,2047.0,728.52,0.23963256370779007,0.33735787403666434,0.34871187204161624,0.3903583873494869
1775544755.6803749,2047.0,734.16,0.24433614856022107,0.33957054396429187,0.3491657990986184,0.3885958522736403
1775544755.7114356,2047.0,724.06,0.24444038924711695,0.3413686676391962,0.34781517258723693,0.38649525346278396
1775544755.7458012,2047.0,728.88,0.24382804866733446,0.3388782858204954,0.3490705433131068,0.38385669633265984
1775544755.776198,2047.0,724.96,0.24522919323094372,0.33687616753103655,0.3484442022625435,0.38016424630397505
1775544755.8100078,2047.0,726.48,0.24715205909978522,0.33862353697855097,0.35198882988088653,0.38274383885613344
1775544755.8433514,2047.0,725.16,0.24732301041435323,0.33892423105774666,0.3524343035057955,0.38399689491626315
1775544755.8736334,2047.0,726.72,0.24451388661601944,0.3365175571353081,0.35292520345771544,0.38214850022021496
1775544755.9072363,2047.0,724.96,0.24583622960188892,0.3362906073563756,0.3549545297976686,0.3854018613678419
1775544755.9524093,2047.0,726.38,0.24805648557542354,0.3376419912505983,0.35685598835416904,0.3866858995554286
1775544755.9832811,2027.1,724.48,0.2552346221113578,0.3425833166692786,0.35999121101402687,0.38953163251522516
1775544756.0166047,1997.38,725.7,0.2538350210717209,0.3431833776510328,0.359698346701678,0.39039005903013146
1775544756.04739,1980.88,724.28,0.25797411074997195,0.34478109834104503,0.36185208048167555,0.3926913615036621
1775544756.0792294,1950.42,725.06,0.25926378353430474,0.34738140559245717,0.3660540026337613,0.3979187267490822
1775544756.112206,1936.88,724.42,0.26408922120413636,0.3494101873153677,0.3683978655346936,0.39936676728055265
1775544756.1433682,1906.94,725.08,0.26357187150695804,0.3506189494888026,0.3684321922310429,0.40152101703680365
1775544756.1764293,1887.54,724.26,0.2649685607607985,0.35203729431150893,0.3719351509700674,0.4066437597992348
1775544756.207778,1857.3,725.74,0.27133940292890885,0.3583109223914983,0.3775299749530118,0.4107970103642486
1775544756.2417955,1839.36,724.18,0.27583375946510763,0.36093567850989033,0.3803416942789914,0.41525083792004713
1775544756.2726567,1809.8,726.04,0.2765950828446067,0.3624882139903141,0.3799554187942112,0.41489939447969043
1775544756.3032665,1795.58,724.3,0.2778457677036534,0.3636502492814023,0.38192063100892043,0.41636074879943424
1775544756.3369582,1765.8,726.14,0.2800308763914022,0.36467252823796786,0.3852174550332442,0.4163828756037368
1775544756.3867931,1747.72,724.22,0.2791563328007867,0.36380982724008004,0.3824380298827996,0.41699664598644737
1775544756.4160364,1719.0,726.1,0.2787665499840598,0.3634068861330326,0.38307385268939226,0.4157488277954042
1775544756.4498658,1698.9,723.38,0.2807266884237145,0.36600971891601924,0.38274165012353434,0.41769907521066485
1775544756.480374,1665.78,725.54,0.2802096571063059,0.365951370623847,0.38439968381263157,0.41551940766262735
1775544756.5138953,1652.08,723.88,0.2802704524535058,0.3642778533415501,0.38591457402430573,0.4180368128275768
1775544756.5436156,1623.04,725.44,0.28009301400943737,0.3639927891698464,0.3862913339372687,0.4166777197859737
1775544756.5764563,1599.96,723.94,0.2810974125224339,0.3659792243843866,0.3865662970084087,0.41797064753075125
1775544756.6083121,1569.58,724.22,0.2795903631354391,0.3659143231971222,0.3866990189056396,0.41794699644195965
1775544756.6427464,1543.56,726.42,0.27996472849788734,0.36616611895726586,0.3864897836425218,0.4192681273973115
1775544756.6746697,1516.68,724.9,0.2804294149833915,0.36639094573530256,0.3854291373777614,0.41876623738342
1775544756.7197232,1516.68,729.02,0.28020345415197173,0.36650972508078483,0.38572340494054025,0.41931245584938626
1775544756.752361,1516.68,726.64,0.2803448173147603,0.36529621962716896,0.3839226098648596,0.4217939187734231
1775544756.7833176,1516.68,728.0,0.2799493892065839,0.36707029482793835,0.38625595754616554,0.42148245739614515
1775544756.8162634,1516.68,728.44,0.2789869085771113,0.3642373072264104,0.38156742585829784,0.41924878729189957
1775544756.862912,1495.24,727.94,0.27966964050803067,0.36432251014570116,0.38671860008162606,0.4194863449933351
1775544756.9151518,1463.16,729.02,0.2817884438802037,0.3668880554071683,0.387737129211517,0.42106248298637644
1775544756.9627228,1448.26,727.6,0.28005124469823023,0.3658195772216019,0.38690603729949485,0.41980789029625665
1775544757.0073874,1418.34,728.42,0.27978193399812895,0.36585277183664083,0.38662551705379433,0.41983427426781134
1775544757.042708,1398.58,727.64,0.279444752412907,0.3642017644971587,0.3853827771951172,0.4188431971311573
1775544757.0752463,1369.28,728.78,0.2788381784325836,0.36619513168179557,0.38278285086422925,0.4179409661414501
1775544757.121617,1346.74,728.04,0.28047698802815024,0.3651809431854008,0.38552905438693635,0.41971895939025355
1775544757.1522174,1318.38,728.74,0.2787661179871119,0.36482592919085927,0.3848199006796229,0.41900617910792665
1775544757.1855576,1303.52,728.78,0.27871319281084167,0.36510603586376345,0.3840593950756558,0.41891146905050924
1775544757.2193885,1276.52,729.36,0.27992501724778296,0.3640245787211198,0.3864662241686541,0.4194227883727819
1775544757.2632449,1261.38,729.18,0.2792091806963046,0.366273568738087,0.38651953116541166,0.41827904576282166
1775544757.296242,1230.02,729.4,0.2803786682396942,0.36498288525883377,0.3864101285475142,0.4196024414552447
1775544757.328156,1209.72,729.66,0.27875709966849216,0.36397801613327796,0.38486107803640895,0.4178434536092602
1775544757.360803,1181.84,730.04,0.278378828428621,0.364331968097132,0.3843137373504735,0.41825061660173096
1775544757.3941784,1164.18,729.82,0.2778817067915809,0.36223027837550664,0.3823890700903465,0.41772152551801633
1775544757.4430788,1136.8,730.28,0.27762587371869657,0.36474238845743034,0.38220691485330416,0.4172106463870697
1775544757.4723558,1119.34,730.6,0.2782417004882634,0.36424434240088555,0.3830460909259937,0.41830227720620916
1775544757.5042975,1092.8,731.4,0.27987802865148553,0.3669584543462599,0.3838507587482709,0.4183267260070217
1775544757.5363934,1074.82,730.76,0.2786639365892899,0.3647379730680846,0.38226954418505676,0.41874863170372784
1775544757.5673397,1046.28,731.56,0.2775660618123655,0.3643352715213328,0.3825682564459211,0.41821547931234293
1775544757.6001942,1027.1,731.12,0.2779440278085897,0.36370060716314323,0.3824785510505619,0.41837974989583904
1775544757.6313038,997.68,731.5,0.27634723224682506,0.36286405107281167,0.38211160777321934,0.41675934235949896
1775544757.664549,981.56,731.32,0.27568181343120846,0.361190505180206,0.38083210459055356,0.4142860393369266
1775544757.6983416,954.04,731.68,0.27765818565524186,0.36359449665675536,0.38241535654163944,0.4164087982957558
1775544757.7282653,958.16,731.64,0.2774969538185863,0.36267345858260763,0.3826791840085012,0.41640882980838745
1775544757.7607577,959.4,732.28,0.27609478995044434,0.36230643172825344,0.3807380906693541,0.4163059391161744
1775544757.7941725,956.88,732.08,0.2758415097857959,0.36163570631652775,0.38200156974898886,0.4169653216465322
1775544757.8429766,957.04,732.9,0.27544544343777966,0.362023473186832,0.38187546646422316,0.4157604583155761
1775544757.8715239,952.58,732.64,0.27602777864427397,0.3611763178485706,0.38126606362907084,0.4163309187915614
1775544757.904377,954.06,732.36,0.2758495015141526,0.36092797960065237,0.3813365878887633,0.41552389756939273
1775544757.9362223,954.14,732.14,0.2748379947074035,0.3617980572944046,0.3800852704146798,0.4156742805647812
1775544757.9682798,955.4,733.16,0.27626879726128106,0.361782950085161,0.3819998160031855,0.4178069113699406
1775544758.0002224,956.38,731.86,0.2771925503369975,0.36234486378242897,0.38233911097590056,0.4171629263238041
1775544758.032406,958.82,732.8,0.2746330453438168,0.36127817632057146,0.38217256401853494,0.4178798960620214
1775544758.0642228,954.16,732.02,0.27350330001642287,0.3600852394056704,0.38012705078392917,0.41645579003032007
1775544758.096478,954.06,732.84,0.2754026839632469,0.3595144852593479,0.3814156107143952,0.41508759839684645
1775544758.1273727,954.74,731.68,0.2747232913699263,0.3594739533637053,0.3803812030992075,0.4169294778893104
1775544758.1602125,953.86,732.58,0.27325049069895857,0.3588399234100248,0.38073974846204145,0.4149965468098199
1775544758.193838,956.26,731.34,0.2754946723446848,0.3588624681429908,0.381800779702829,0.4159229106302593
1775544758.2437592,960.08,732.34,0.27395911299067066,0.35863181665143057,0.3804058741165167,0.4147335898931753
1775544758.2718754,955.46,730.94,0.27397649862231427,0.3599398880093301,0.3817469345474372,0.41537174772727326
1775544758.3034248,958.6,732.26,0.27369857672026326,0.3587473500117644,0.3810689697618604,0.4143194407740621
1775544758.3375387,964.82,730.66,0.27291845070998794,0.3592633645072373,0.38200570145601326,0.41584658649759976
1775544758.3684452,965.14,733.2,0.2757174671746414,0.358815414794593,0.38268511840186364,0.41522131963461395
1775544758.4018445,973.46,728.22,0.2736142282652973,0.35915857920549404,0.381997568359283,0.4168047335403646
1775544758.431684,973.26,732.4,0.27319717369441526,0.3587164452095892,0.38108487325814533,0.41584496087755585
1775544758.4660504,957.48,726.0,0.2730644289479204,0.3598086846550049,0.38146457789828864,0.4170230333237799
1775544758.4965303,928.18,730.6,0.27397393685393584,0.35990677427525464,0.3824094862520061,0.416533844465841
1775544758.5286498,908.48,727.04,0.27516444423398906,0.3604961218712624,0.38173392367580716,0.41786780230372544
1775544758.5769162,880.74,728.68,0.27377884902281235,0.35882651603421756,0.3807600949933837,0.41590410417058593
1775544758.6073284,883.54,727.24,0.2742119775696888,0.35953031273117764,0.38107753358634033,0.4157466938605621
1775544758.6443148,886.38,728.1,0.27478365134698346,0.35894259224277436,0.38197641497561313,0.4164407269554023
1775544758.6718576,881.34,728.6,0.27483557085416926,0.3586559941183541,0.38190956123383546,0.41705685984876095
1775544758.7041385,881.56,727.22,0.27444781786553807,0.35791739829285546,0.380886852472736,0.41576286210848445
1775544758.7363205,881.1,731.9,0.2736175498433073,0.35865492093153584,0.3815674140674535,0.4161004397219183
1775544758.7684624,874.9,727.4,0.27441285737410015,0.35892224078211826,0.3818499859442305,0.4165488613390632
1775544758.8003397,869.8,735.54,0.27317569790727275,0.35901291277033753,0.381222021459699,0.4143672704217233
1775544758.8314795,861.28,729.78,0.27428173115690324,0.3602697000094642,0.3819566010616206,0.415337210565146
1775544758.8642035,845.76,738.26,0.2735407562020176,0.35892417201197047,0.3804048704418943,0.4162210122497891
1775544758.8963187,836.34,732.48,0.2760487892868108,0.3591130012889363,0.38195203799334926,0.4162586374805035
1775544758.9275165,821.54,741.3,0.27426315835071857,0.35877287729374363,0.38065028293758546,0.4161687275342179
1775544758.9617746,817.48,735.66,0.2740754983461286,0.3608007000860379,0.3825418734008908,0.4184464427516571
1775544758.9911883,806.6,744.36,0.2753990568983952,0.3621499759279546,0.3801309634209775,0.4162084938866466
1775544759.025009,800.8,738.2,0.2757095809078434,0.36234747309113124,0.3829969635406009,0.41881939325637413
1775544759.059366,784.84,747.34,0.2751505473993294,0.3628024807032869,0.3816313286689469,0.4172478603457012
1775544759.1056068,777.66,741.54,0.2754677481920317,0.36177228194583705,0.38194506111710713,0.4177589564202262
1775544759.1362572,760.0,750.26,0.27537751131963906,0.36013372290202017,0.3823165290967982,0.4169382203625209
1775544759.1672843,751.88,744.06,0.2743699373906469,0.36073828742593195,0.3825743260867869,0.4179739905283193
1775544759.1993613,735.46,753.0,0.27496893876389544,0.3608758266586618,0.38173272908312567,0.4171718933662796
1775544759.2324252,731.36,747.02,0.27665457207080174,0.3617729337324039,0.38429057344182244,0.4210563486851331
1775544759.2643797,715.26,755.64,0.2751118985850461,0.36069751225522695,0.3821777302839108,0.41685578082863867
1775544759.2966444,710.6,750.2,0.2765214340252759,0.360830851758178,0.3829508417219035,0.41922006542867885
1775544759.3285117,690.48,758.96,0.27514832918295706,0.36092085178361627,0.38080932839037906,0.41754392388237804
1775544759.3592753,684.9,753.26,0.27493859058529785,0.3617438630439842,0.3817732215083907,0.41751779024517816
1775544759.391297,665.38,762.0,0.27560212183465127,0.36149151805453333,0.38356368456912826,0.4201561110128474
1775544759.4243789,659.62,756.14,0.27709256869123156,0.3613119248879607,0.3844740822510351,0.419737412941905
1775544759.4584525,643.02,764.48,0.2774047824285215,0.36151379079162616,0.384551650636524,0.4197792954159339
1775544759.5039985,640.22,758.4,0.2771252174900711,0.36100850327349004,0.3835426618176793,0.42040113236375265
1775544759.5362358,622.16,767.22,0.2758619231851015,0.36152556704569794,0.3840737298723651,0.4209486243926366
1775544759.56815,618.18,762.1,0.27620452735593976,0.36187859840817854,0.38366736647898564,0.420338113390395
1775544759.601409,601.24,770.54,0.27616252996557134,0.3606314488096282,0.38442418211716317,0.4203942499361761
1775544759.6312609,597.52,764.18,0.2751764449566646,0.3616420949006071,0.3839443234367094,0.42044235356796206
1775544759.6649437,577.88,773.74,0.272010992729306,0.3558589880356953,0.37833765286150006,0.41763810879077456
1775544759.6964495,572.22,767.26,0.26609198441497867,0.34584258311975385,0.36847114181455043,0.4126176110541168
1775544759.7296782,555.14,776.22,0.25300757542138713,0.32350039101455286,0.34981725118658885,0.4050974943808475
1775544759.758978,552.16,770.34,0.17919058062049528,0.2339605907782433,0.29519259625990585,0.3706125956754842
1775544759.7922533,533.08,779.08,0.12446316858596052,0.1830881309986754,0.24614572773547114,0.33113754118245975
1775544759.823258,532.28,773.24,0.10480031979713636,0.16569498193356633,0.2215430447869326,0.28822042656432817
1775544759.856357,514.76,781.38,0.10892897347756773,0.16999005426728378,0.22144699651476069,0.26215292446528293
1775544759.8900752,510.32,775.76,0.11872131632917739,0.17619612426055148,0.22076053630401604,0.25054780394800524
1775544759.936155,494.26,783.68,0.11084789434379222,0.17138672468925684,0.2147943439863306,0.24580791011732075
1775544759.968331,487.56,777.94,0.10688788429263488,0.1557984711438624,0.20084159641782684,0.23459493425394076
1775544759.9994106,469.52,786.42,0.08980772375404267,0.12759857920217796,0.16980426982695618,0.20307283111879
1775544760.031271,466.16,781.06,0.09411114039488233,0.12424640329058508,0.1651440751711357,0.20179385202840427
1775544760.064512,449.84,788.04,0.09055367740036668,0.11533572064323966,0.16371328305350666,0.19711691343753948
1775544760.0963194,442.98,783.78,0.09729241893564348,0.09811144105582946,0.14651720826378783,0.18400103592913924
1775544760.1280391,425.18,788.64,0.11070610252344784,0.10220710120184467,0.14196939769342934,0.1763937458749812
1775544760.1603937,419.06,785.86,0.13928707633226214,0.12771472084339122,0.16628927443980893,0.19780817184280236
1775544760.191636,406.38,788.08,0.13346608832091858,0.12783158476481482,0.16821383234659054,0.20366796114622276
1775544760.224898,399.52,786.42,0.13041159103974287,0.1196351551912383,0.16353765502653997,0.20083656613854553
1775544760.256562,388.54,788.78,0.1272761019957556,0.11203657665386095,0.1544293876545048,0.19339561772656436
1775544760.289167,382.06,787.0,0.12100100867872958,0.10653707024921268,0.14928715550753024,0.18983430093610565
1775544760.3230884,369.58,789.2,0.12263430156600022,0.09945506157350369,0.13953592216930624,0.17625363172810357
1775544760.3688166,364.44,788.68,0.11865728576596928,0.10024057603976161,0.13843895949443,0.177959878021239
1775544760.400129,352.12,787.02,0.11610611171977402,0.09454559775305432,0.1307136623006004,0.1707739148374613
1775544760.4323974,352.18,788.8,0.11528399848295887,0.09312083844061549,0.12855986433400032,0.16959470220109552
1775544760.4641511,347.32,785.54,0.1133238386346733,0.08928667205894707,0.11715028226927139,0.159784050065708
1775544760.4961913,351.3,787.96,0.11628128144590308,0.08761319006554777,0.11278374990168026,0.15343566362228886
1775544760.5272162,346.36,784.54,0.11079837440330827,0.08457684736607302,0.11138784361088026,0.15480793964776624
1775544760.5592182,346.88,786.96,0.11027850020828323,0.0873933698917001,0.11523699181871257,0.15667496928816702
1775544760.5921931,343.16,784.54,0.10963808701668502,0.08468035641232681,0.11204836352136328,0.1528013048410361
1775544760.6233747,344.6,785.44,0.11116518045488744,0.08579130344373107,0.11131646196279851,0.15087508850420764
1775544760.6552012,340.46,783.54,0.11319206654193639,0.08656229618715604,0.10888990982982846,0.14792992364418095
1775544760.688459,340.48,785.02,0.11183510722200561,0.08766864796029565,0.11167276016302997,0.15058459188561973
1775544760.722185,337.82,783.34,0.11292977916682047,0.08722063439823662,0.11052242969180386,0.14922009937465286
1775544760.7684793,339.42,784.28,0.10712569958788166,0.0846099798306418,0.11198215972415543,0.152787008647444
1775544760.8004217,337.02,782.68,0.10955125905720144,0.08348514508129834,0.10949857166611347,0.1479221997168279
1775544760.832421,339.0,783.86,0.11355154393568365,0.08590425966199805,0.11081328827681695,0.14815917005751963
1775544760.8654416,334.66,782.26,0.11239954487689478,0.08666066336416732,0.11007692377003887,0.14738995098612376
1775544760.8960812,333.76,783.08,0.11012042633736997,0.08346253860925927,0.10761220679833126,0.1455623840449036
1775544760.9297438,330.5,782.02,0.11302722435259925,0.0850414147705798,0.10795456056787692,0.1457125347847654
1775544760.9604046,332.12,782.86,0.11141055860745443,0.08475974555634018,0.10563612193813224,0.1417985098735815
1775544760.9939046,329.2,781.46,0.11723968883502543,0.08811820085609809,0.1105694131914617,0.14788074537335408
1775544761.024246,329.08,782.4,0.11088349692854271,0.08201838546340419,0.10314607595393427,0.14027675593449676
1775544761.056325,325.42,779.84,0.11164404311993378,0.08362316079404428,0.10595367498068564,0.14392166773959866
1775544761.088286,327.34,781.06,0.11552070972505336,0.08606187841581056,0.10815908554040064,0.1445091055165636
1775544761.1203158,322.46,778.74,0.11229108725126355,0.08365884112142336,0.10545116549354189,0.14235681650897575
1775544761.1539974,322.72,780.48,0.11498666027386983,0.08654733282923381,0.11030035170147746,0.14795161601099185
1775544761.2004242,319.98,777.74,0.11120232282671563,0.08462993960093462,0.10976968243893798,0.14594001661447017
1775544761.2322774,319.92,779.92,0.10950505767418056,0.08526454075693593,0.10878636998653507,0.14662671838024766
1775544761.2642734,316.84,777.0,0.10979601263139933,0.08289573356350767,0.10768925482597433,0.14593595893723652
1775544761.2962403,316.76,779.12,0.11478146715529115,0.08352646644681323,0.10328420743424599,0.14132693644043381
1775544761.3274808,313.56,775.56,0.11262809105253227,0.08518303846782617,0.11117197422135701,0.14910253339376098
1775544761.3602283,314.0,778.32,0.10811505712181192,0.08184893105883624,0.10339060521040476,0.14370648488003485
1775544761.3923178,310.76,774.42,0.10833112376050272,0.08324516256750798,0.10258816153793483,0.1429338516632425
1775544761.426061,311.34,776.18,0.10998355673079796,0.08133975692992154,0.09965688882449912,0.1406407920080919
1775544761.4701545,308.14,773.68,0.10934295535046412,0.08285629217160456,0.1012508687436764,0.14223918367002553
1775544761.5058587,338.54,775.66,0.10878601281882118,0.0828572059626704,0.10055271245991583,0.14241681339634912
1775544761.5364318,373.76,773.88,0.1112284008924174,0.08364055976495331,0.10182380212558628,0.14196958859287553
1775544761.5654209,407.5,775.16,0.10743994749902228,0.08279679281642614,0.10430105128137258,0.14481147069241354
1775544761.6021378,441.88,773.3,0.10849915613012136,0.0819337340742941,0.10200273598223512,0.14330961676811144
1775544761.6493714,474.48,774.62,0.11001195938938656,0.08222513913843489,0.09945126472907655,0.1400758238213626
1775544761.6830256,509.38,772.62,0.1108978961319948,0.08563087544399321,0.10511042422590565,0.14423452439808068
1775544761.728314,542.8,773.74,0.10732890888972307,0.08236780274737632,0.10179409689164799,0.14073811905581116
1775544761.7605374,576.82,772.82,0.10849203412263198,0.08195700178810601,0.09841052965587012,0.13748857800313885
1775544761.7922935,610.76,772.48,0.10956174070450608,0.08262769673907529,0.10162849938121941,0.14081496483810052
1775544761.8259246,644.34,774.08,0.10750430152313267,0.08068892752236288,0.09764437499901076,0.1385497212880127
1775544761.8700478,676.54,772.2,0.10897477032637745,0.08369888427121423,0.10192754191917276,0.1406232533648196
1775544761.904316,708.92,776.28,0.10405356368619692,0.07679272924774262,0.09484900584498177,0.13598979447060186
1775544761.936261,710.22,773.22,0.10596298697445769,0.08146083512303987,0.09787940165005402,0.13805602633789094
1775544761.9704475,700.02,777.34,0.1090316334955762,0.08107738601828514,0.09881948461294279,0.13952020952458757
1775544762.015598,703.42,774.8,0.108995915104168,0.08281950426080179,0.10344780126628601,0.14340236921444624
1775544762.0490572,695.68,777.9,0.10463499284350848,0.08136608818452858,0.10253306311481368,0.142404605930897
1775544762.0801928,730.52,776.72,0.10635361447681568,0.08082031001000599,0.10491938132704995,0.14279317582942164
1775544762.1125338,763.06,778.78,0.10759340804950814,0.08451502362634991,0.11465969802422317,0.1528621524054461
1775544762.1489587,766.04,777.74,0.10587854143216367,0.08232313414952688,0.1185779155778323,0.15736716089965472
1775544762.1933153,759.1,778.74,0.10611080023485649,0.09100427294066077,0.13507537801300865,0.17325375150538658
1775544762.22356,759.68,778.34,0.10477954095024966,0.09432045169241426,0.14546731187548037,0.18304296980859963
1775544762.2577846,755.24,778.64,0.09605638675236952,0.08259773429275855,0.13524179425556035,0.18068342459046788
1775544762.2883341,758.44,778.34,0.09219850337101414,0.08916073563422336,0.1534428799601545,0.18824860404998459
1775544762.3203142,752.34,777.2,0.08564467864201955,0.09667594331916647,0.16661012708525885,0.1943307120403221
1775544762.3513882,754.32,778.52,0.07594862016076584,0.0828213898583201,0.15848880314996452,0.1861061226728081
1775544762.3846903,750.12,776.9,0.05631823861516272,0.07221899588874323,0.14155448895770734,0.17726025149774755
1775544762.416275,752.22,778.22,0.05105251767337375,0.07759176191785365,0.13914956638375964,0.1854650466058058
1775544762.4497252,749.52,776.78,0.03599490998204752,0.08151240460225162,0.14136702357128295,0.1991999595331721
1775544762.480456,751.16,778.06,0.019646132934649174,0.0764487355055978,0.13395886681061334,0.20492896960513718
1775544762.511639,748.7,775.92,0.04462348461639899,0.09003152658627471,0.1497192601619335,0.22309641150195372
1775544762.5438817,749.2,777.66,0.04900300485366245,0.09828817248213645,0.16193711989871912,0.24025160760454928
1775544762.578037,748.14,775.74,0.08526108165102296,0.13721172877097088,0.19823006066865345,0.2802341871642762
1775544762.6242876,748.14,777.3,0.16313590862368924,0.19428386307721726,0.2419676949761613,0.3207647777228452
1775544762.6563418,747.1,775.08,0.22191015281442716,0.2639236713085279,0.30780262491002214,0.3674274472294437
1775544762.6954486,747.14,776.7,0.24829956343968665,0.29680364386278896,0.33529599329649634,0.39838453251981354
1775544762.7200398,745.98,774.48,0.2739470172257231,0.3337428600225767,0.37231209077934563,0.42271532685566215
1775544762.7513814,746.86,775.74,0.29262449103690924,0.3600924881136412,0.400531438827629,0.4488720700932998
1775544762.7842135,745.44,774.58,0.3076421704584645,0.3808334573246855,0.41942486241465865,0.47019441742237644
1775544762.8177648,745.46,775.66,0.31668359921832,0.39785665430690176,0.43435850497930756,0.4848183166510753
1775544762.849808,745.94,774.9,0.3269674355452038,0.410988451134846,0.44791969008969373,0.4974021302709837
1775544762.8817363,746.14,775.52,0.33325546103311104,0.41661345993162296,0.4555962592897305,0.5074838748264127
1775544762.911419,744.16,774.72,0.335324164481486,0.41992048539481136,0.45581372523956365,0.5053838517221155
1775544762.949746,743.7,774.76,0.3362493147529458,0.4211125173713945,0.4541937990237995,0.5055805591659145
1775544762.976319,742.98,774.68,0.33627481774919776,0.42194005523935796,0.4584685924899938,0.5126972584996988
1775544763.010108,743.44,775.08,0.33924499629819094,0.42456775538260466,0.4620485510495489,0.5141820814570522
1775544763.0562148,743.72,775.02,0.34000001290282583,0.42407261338856433,0.4604388562236079,0.5113009809222033
1775544763.0880187,744.06,774.74,0.3394606982327343,0.42325331126259347,0.4623819126757686,0.5110740326516101
1775544763.1207035,743.02,775.34,0.34080990856094817,0.42447039047037766,0.4635092327985131,0.5070807722533265
1775544763.1514678,742.88,775.4,0.3397595329397623,0.42501386629047166,0.46276660830709493,0.5031069024157457
1775544763.1842704,740.72,775.0,0.3372583258323653,0.4227238802542361,0.4662369716460544,0.5021143249484371
1775544763.2160196,708.4,775.1,0.33825355329757917,0.42115589866639475,0.46596726067002037,0.49440361335775035
1775544763.249793,669.1,774.32,0.33768796998710027,0.4210186108923382,0.4639928692641958,0.49065251466315907
1775544763.2804546,635.12,774.36,0.3393845533850937,0.4229077256573485,0.46682267603783517,0.49908274881640763
1775544763.311389,595.22,774.6,0.34150714949435607,0.42122215756215187,0.46476873959293824,0.4949221548029458
1775544763.3443067,562.9,774.88,0.3445549802681457,0.4235856418498782,0.46209145309423794,0.4905342454691147
1775544763.3763697,523.06,774.56,0.34525607436079503,0.42704882083955903,0.4678786343086807,0.49724655038399185
1775544763.4083405,490.4,774.76,0.34517891541972234,0.42755299051559775,0.4703413649745152,0.498652813276907
1775544763.441958,450.64,774.8,0.34645412213660676,0.4260522257753969,0.4650399655323765,0.49168284104259036
1775544763.4884534,418.1,775.4,0.34818411764323853,0.4280989891327892,0.46448373378823987,0.4941767967376481
1775544763.5216005,378.48,775.14,0.34806594005216207,0.4260670018035828,0.46506689806999063,0.4995557762627743
1775544763.5523474,349.5,775.74,0.3503746632270156,0.42888069760452524,0.4657265615111484,0.4998959936219673
1775544763.5862143,310.6,775.64,0.35179498453365166,0.42961263797894655,0.46669213476171456,0.49754708650972534
1775544763.6200733,310.9,776.04,0.3488299772848294,0.4286699674047274,0.46614826543354826,0.49756573839602614
1775544763.6635647,310.98,775.94,0.3483929048181465,0.4288375081096022,0.46615643423266173,0.49881736005186195
1775544763.6962957,311.08,776.6,0.3492153186008766,0.427327418618817,0.46692699702066726,0.4981822678557436
1775544763.7282283,310.58,776.34,0.35052568356285263,0.4292128521059776,0.4674667665665128,0.49669273153172916
1775544763.762001,278.54,776.38,0.35059568682111897,0.42859852728682135,0.467956146112649,0.4985568236401572
1775544763.8074296,237.78,776.44,0.35180945975088096,0.4299873116997558,0.46787986129287396,0.4981815643095956
1775544763.8393006,237.56,776.88,0.350598044923421,0.42911901918008316,0.46930663277442153,0.4998516653992377
1775544763.872385,237.44,776.56,0.3501013319641217,0.42944074170801255,0.46863222932069454,0.49830192347146984
1775544763.9060466,236.78,777.06,0.3510036453369457,0.4287731112282064,0.4677324598029154,0.49679848644185026
1775544763.951759,236.78,776.72,0.35090266552661786,0.42964630349253524,0.4681168525014128,0.4972083908121435
1775544763.9842622,236.84,777.02,0.3493222394297192,0.4282269700337852,0.47005077180003696,0.4974197826609648
1775544764.016451,236.94,777.24,0.35071384039819953,0.4286113429493597,0.4686686778701668,0.49782812021395373
1775544764.051119,235.56,777.28,0.34915998788597563,0.42793480222690294,0.46701929482837623,0.49589728369084035
1775544764.0801935,235.5,777.02,0.3502666708641091,0.42796753809375304,0.4658391015137506,0.49594079385570816
1775544764.113846,234.64,777.42,0.35036326847009125,0.4278823319364019,0.4679050502941459,0.4965578740909818
1775544764.1513975,233.86,776.62,0.3476323112485717,0.4265113995049451,0.46879534289907004,0.49461575125030427
1775544764.1784554,232.22,776.86,0.34986125081329905,0.42803114979672957,0.4692994292047355,0.49160084307966084
1775544764.2116733,232.42,776.98,0.34702686373983205,0.42590620963679493,0.4685238833870897,0.4920543817081233
1775544764.2575743,231.64,777.0,0.3487784194695744,0.4274252376118956,0.46789227369219194,0.49373113796930035
1775544764.2882297,231.0,776.68,0.3480574247148654,0.4266549163296198,0.46813725974896675,0.4948370477131931
1775544764.3193636,231.68,777.12,0.3486025950592038,0.427190907086137,0.468252139949225,0.4936738857614051
1775544764.3519082,231.6,776.5,0.3507797159139249,0.4283442857475631,0.47004224580597087,0.4943963660331911
1775544764.384427,232.02,776.46,0.34931761406956735,0.4278551582439068,0.47113497242417723,0.49413322618203354
1775544764.415449,232.8,776.04,0.3492269776303428,0.4288899359459232,0.47014072039057636,0.49253830074430766
1775544764.4521246,232.92,775.72,0.3499689220265392,0.4303830573318206,0.46836528592297305,0.4930472777516578
1775544764.4794612,234.14,775.66,0.34920847663055116,0.4270947089726873,0.4679272160326528,0.49347931002010836
1775544764.5114505,233.48,775.98,0.346480326074392,0.4259565953623983,0.46804662549567216,0.49074798961435345
1775544764.543655,232.4,775.46,0.34757659439714167,0.42493121306332,0.4673470438309647,0.4871364367888774
1775544764.5764616,230.86,776.0,0.34820482978457845,0.42574133713018947,0.4675400926253853,0.4857126754604104
1775544764.6102433,232.28,775.76,0.3475150668571651,0.4255667941261816,0.46761839138116035,0.48578155049697047
1775544764.6562023,232.92,776.06,0.34970600668340934,0.4264826167826804,0.46584254846042333,0.48434857276124077
1775544764.6883523,233.82,775.68,0.34877159487207604,0.4260877809133258,0.46738203869752065,0.48498890867296185
1775544764.7204356,233.28,775.6,0.3482681162187922,0.42396393100248014,0.4649577800553675,0.48057674133154826
1775544764.7533543,233.32,775.5,0.343721416529966,0.4211787027411452,0.4624104529508975,0.4783983070383301
1775544764.7840698,233.02,776.14,0.34246529565779815,0.4207512694503092,0.4613859291112942,0.4754960043160774
1775544764.8177829,233.84,775.9,0.3396977822867485,0.41573266732231273,0.45492711815941556,0.4722161555965886
1775544764.8523302,233.8,776.52,0.33761115989049234,0.4115734861010649,0.4496802668100512,0.46661584623578445
1775544764.8814251,236.12,776.2,0.3295911915609458,0.4006826400291541,0.43518605885832634,0.4521064312455262
1775544764.9151595,235.86,776.66,0.3180903311187731,0.39100796532313314,0.42708114182200935,0.44594620060840523
1775544764.960188,236.42,776.66,0.3076950288111116,0.37749594609847253,0.4161656499973533,0.43362074367120446
1775544764.9921775,237.44,777.2,0.29464756130220987,0.3628614769538909,0.4010615745315157,0.42196523338526304
1775544765.024322,237.94,776.4,0.28074391470498833,0.34436399519972266,0.38419261304809577,0.4094011502523434
1775544765.0580492,236.66,776.72,0.2558719254554286,0.3079047589730122,0.3529152178093402,0.39332899453694103
1775544765.104154,236.14,776.66,0.22855004202630824,0.2709535906530789,0.3146318076158002,0.36735135251961193
1775544765.1360748,236.06,776.9,0.22840490262006138,0.2697133103134598,0.3145181878004423,0.3646987540857616
1775544765.1674268,236.62,776.62,0.19146755058579235,0.2283577391037685,0.2843526356774115,0.337978563218099
1775544765.2013257,236.02,776.74,0.1609031027703916,0.2079802809671287,0.2647965879105683,0.32356893429402045
1775544765.2480774,236.18,776.5,0.13604612565264834,0.18693497180784246,0.24747876440777486,0.30861446427222033
1775544765.279374,235.64,776.78,0.12363998788658907,0.1772153697422422,0.23038371499005963,0.3053438626276391
1775544765.3126512,235.1,776.58,0.11217502403913424,0.16891198263894064,0.22450512804477313,0.29039534676203527
1775544765.3444743,235.5,776.74,0.115374579929629,0.17620152123478494,0.22947348614720522,0.2837453373636207
1775544765.3770516,234.48,776.4,0.11259047565155376,0.17835462973436328,0.2270855599243015,0.27489742556860597
1775544765.4097884,234.92,776.26,0.12429583484348282,0.19500052688965136,0.2410153135139808,0.27122250654483393
1775544765.440319,236.1,775.92,0.13919026672757767,0.20134540312504165,0.23859875787015974,0.25800393954036255
1775544765.4739869,235.76,776.12,0.14681309395042147,0.19988797957479718,0.23309300779007816,0.246348939601578
1775544765.503289,236.72,775.72,0.14099797319579616,0.18660012556792593,0.22454013536169734,0.22404439025352219
1775544765.5373495,236.86,775.92,0.12263719673110271,0.1653783644277055,0.20003830056836064,0.20113325846248187
1775544765.5682418,237.48,775.6,0.118089735108848,0.1535512101327539,0.18946832605375052,0.20280583682140743
1775544765.6003351,237.84,775.8,0.11130078955830715,0.14144496417868213,0.17762257607911341,0.19249348418709955
1775544765.6340349,238.8,775.68,0.10421132502304632,0.10806887753474251,0.14821950665900188,0.16836400734989002
1775544765.6718981,238.28,776.02,0.11051135950614638,0.10541523469471772,0.14351649202382713,0.1635707470109627
1775544765.7123241,238.36,775.76,0.12059018392753809,0.11125304715176419,0.14377483900754656,0.1545917214810058
1775544765.744438,238.24,776.16,0.1307285911235125,0.11959593440097907,0.1490019270886503,0.1620380297820267
1775544765.776029,239.24,775.9,0.13212637194888033,0.11980011384921865,0.1477572453094016,0.1623965782854438
1775544765.8084788,239.68,775.86,0.13252621836646825,0.11397668486854216,0.14002790005484222,0.15623411120812533
1775544765.8393955,239.64,775.98,0.12895038387018776,0.11281555509305195,0.14142217508037125,0.15969071261675058
1775544765.8714569,239.54,776.4,0.12417165479443672,0.09933013332588375,0.12808321653295385,0.15365142343192192
1775544765.9043794,239.16,776.08,0.12816333257063672,0.09512290792134803,0.12672215662795092,0.15327231385684767
1775544765.9362524,239.58,775.9,0.12409971866997559,0.08993402096933976,0.12357785643701062,0.1502426213866152
1775544765.9684262,240.72,775.9,0.12246222380499396,0.09235115944499368,0.12604761196732336,0.1518625445013889
1775544766.0002851,241.26,776.28,0.11660297275590767,0.0856206915988616,0.12054998630195672,0.149603358799261
1775544766.0334098,241.76,775.96,0.11333537788758963,0.08506318942510378,0.11955341589983648,0.1489745815323849
1775544766.0673926,241.18,776.48,0.11018642071174055,0.08148148692012522,0.11532072530153127,0.14596308533906957
1775544766.1138785,241.56,776.2,0.10898346081358344,0.08037053656446783,0.11548385203279833,0.14617847313103613
1775544766.143236,241.16,777.22,0.10531424300996892,0.07792884321664095,0.11490424291487078,0.14715844210372067
1775544766.175899,240.54,777.08,0.10583407700846686,0.07702785173470204,0.1125827559046979,0.14443987176759815
1775544766.2082005,240.4,777.32,0.10736081946716611,0.07916200325912895,0.11430946169282306,0.14735240932086224
1775544766.240345,241.56,776.72,0.10731811273940983,0.07711204085449429,0.11200461737337962,0.14443684564940673
1775544766.272196,242.42,777.3,0.10526403085768513,0.07575281169939914,0.10988626356316925,0.1428407536367846
1775544766.3044257,242.68,776.86,0.10813530739062047,0.07694098633740923,0.1119875294309452,0.14481390206051814
1775544766.3365993,242.22,777.24,0.1063856327601936,0.07745162261590946,0.1124018223848714,0.14625137051432358
1775544766.3682623,242.6,777.16,0.10707658141976023,0.07743680550376492,0.1116490137237765,0.14507003193731588
1775544766.3993373,243.0,777.94,0.10849911918006645,0.07657854718315801,0.1093471813531024,0.14189872377988003
1775544766.4323385,243.3,777.54,0.10883200838988757,0.07715757517230816,0.11066202558732768,0.14399753201881504
1775544766.4660413,241.92,777.52,0.11112308279081401,0.07729309977836572,0.1082668772389578,0.14131693355153332
1775544766.5122225,241.54,777.36,0.10869876560111452,0.07590802153450614,0.10911290664113554,0.1434881131047603
1775544766.5439115,241.64,777.42,0.1104312787165279,0.07585818321458189,0.10820290462566592,0.14278666807266863
1775544766.5763752,241.9,776.9,0.11147707211609713,0.07671702373571256,0.10973186331896241,0.14333696534625695
1775544766.608233,241.32,777.04,0.10952169469925757,0.0740356666054584,0.10715527422203021,0.14070076349335997
1775544766.6394565,240.9,776.98,0.10990691216000632,0.07487817932093745,0.10848049449109322,0.14186968684447615
1775544766.6735692,240.38,777.16,0.10763461887003747,0.07501202185367312,0.10947883498357133,0.14456711359472468
1775544766.707237,241.8,777.04,0.10972455208852228,0.07673321426200701,0.1102421299601996,0.14298840498303858
1775544766.755182,242.66,777.34,0.10914142573070873,0.07363105578706157,0.10755677655317425,0.14215698310382308
1775544766.784052,245.2,777.62,0.11093221668017643,0.07529700496889859,0.10823191686667212,0.14169577047487064
1775544766.8177507,245.3,777.54,0.10780283202590558,0.0698421621483231,0.10272282276169138,0.1376573786928014
1775544766.851558,245.32,777.46,0.11065596849044383,0.07364611521343836,0.10404760623870525,0.13739375576497084
1775544766.9148457,245.5,778.18,0.10931265141843859,0.07213061913808014,0.10280986455012642,0.13803735089141805
1775544766.9594688,245.64,777.98,0.10882100377739523,0.07336819778172116,0.10606553495525362,0.14028106796673734
1775544766.993313,245.74,778.26,0.10986657939170882,0.07440542564344596,0.10772096358313246,0.141678611357946
1775544767.0401897,246.14,778.0,0.109421289860643,0.07341398749394028,0.10616331044770325,0.14043442385117064
1775544767.0722506,245.52,778.3,0.11205107573580494,0.07332660762062745,0.10558191611389357,0.13949356612950126
1775544767.1042106,249.6,778.06,0.11160517042380287,0.07432257851846219,0.10556989459373611,0.13815672427332412
1775544767.1379867,248.42,778.52,0.10768480685228819,0.07344425552994319,0.10667520226833714,0.14044627061939338
1775544767.1733196,248.68,778.34,0.10685791311214414,0.07328018613827258,0.10648493786302934,0.14028207588119487
1775544767.2163324,248.5,778.34,0.10789551342140578,0.07305106803133762,0.1057608630065197,0.13943683827274092
1775544767.2482798,288.3,778.2,0.11101713869743172,0.07291660733563926,0.10283686515993992,0.13650443820294783
1775544767.282351,320.84,778.66,0.10789174744093244,0.07310376976307835,0.10476540407356347,0.13948937906263573
1775544767.327522,359.78,778.58,0.10812826459039636,0.07315511648536929,0.10341165180057527,0.13765304108234563
1775544767.3614635,392.4,778.56,0.10840781699384919,0.07087368501209211,0.10023020254246355,0.13471889018753055
1775544767.392416,431.2,778.48,0.1077399533981042,0.06979879656936808,0.10097661666271074,0.13691258014708937
1775544767.4258425,464.36,779.1,0.10851651823160754,0.06947751513905873,0.09985240668836334,0.13588457153534406
1775544767.4557748,503.94,778.94,0.10546809278658796,0.07116406151852193,0.10267522169655109,0.13899230174923216
1775544767.4894674,537.44,779.48,0.10696319014783504,0.07197503891194695,0.10257953937387498,0.1372598783424273
1775544767.5235486,576.02,779.46,0.10603272825381117,0.07131728669477944,0.1024379670189356,0.1383930073864977
1775544767.568188,608.0,779.82,0.1042558886364367,0.07011590179578582,0.10148000137477028,0.13798828444189976
1775544767.6002834,647.8,780.02,0.10672847782624838,0.07246877210100536,0.1036633224362465,0.13876531482011895
1775544767.6323442,680.86,780.18,0.1089618362083735,0.07146813043057458,0.10176922763371749,0.13495205128589838
1775544767.6634464,721.02,780.6,0.10715622344452623,0.07278743521719074,0.10514465965817583,0.13872417980946283
1775544767.6963181,720.86,780.94,0.10651099315487617,0.07440044641439432,0.10836050503692303,0.14167092267031256
1775544767.7282434,721.52,780.88,0.10084575163501687,0.07252432100495533,0.10955713154818798,0.14216519508794748
1775544767.759223,721.66,780.82,0.09317978684662495,0.07179224343010149,0.1135218131922946,0.14574115223063888
1775544767.7924175,721.54,781.4,0.09408179686363126,0.07796304270971709,0.12494554539748322,0.15759737624464643
1775544767.824143,721.84,781.04,0.09588352518833143,0.08435223795129579,0.136988381240191,0.16879705315514895
1775544767.8570821,722.84,781.82,0.092388874081,0.08006116898925807,0.136248517434716,0.17376358696768668
1775544767.8875415,722.6,781.9,0.0891078052851679,0.0850121006333099,0.14452201867531422,0.18301116193491213
1775544767.9204865,722.84,782.22,0.0834324785983116,0.08709721561501144,0.14911921289270488,0.18018604316861192
1775544767.9565208,722.12,782.12,0.08443997899057903,0.0884112336419618,0.1524038440194481,0.18360955353980926
1775544768.0016565,722.48,783.0,0.06717034147013701,0.07504957485994154,0.14257856705647667,0.17376817977722087
1775544768.032357,723.68,782.28,0.06247843026357525,0.0700489899645463,0.12665665123677994,0.16716458275952875
1775544768.0657952,723.04,782.92,0.04346445697418159,0.07923154505002745,0.13778769511839314,0.18927055098867474
1775544768.095474,722.86,782.56,0.0039061538488557525,0.06585015094446882,0.1278594707022691,0.19267970305110352
1775544768.1297398,721.84,782.82,0.03261290332219277,0.06617493229005308,0.12564785798434833,0.1987508751790058
1775544768.1598892,721.62,782.34,0.059986338853943624,0.086577805241543,0.14667302739851998,0.22579969377257758
1775544768.192231,721.6,782.98,0.07155776686216328,0.11540766999697447,0.17507622293425912,0.25395035672248606
1775544768.224243,722.32,782.66,0.13144580173726733,0.17953336216320137,0.21560757320891333,0.27636224544049554
1775544768.2572823,723.06,783.22,0.18459112134815858,0.24046897396783043,0.27400994000505763,0.31345993720164295
1775544768.2873275,723.42,782.48,0.2254571871698934,0.2913436883326229,0.3146394822084889,0.3485574001958639
1775544768.3208287,0.0,0.0,0.25039052026003195,0.32281975150556447,0.3418391668684152,0.3722365381413575
1775544768.3532474,0.0,0.0,0.25092975521995003,0.31993342523805773,0.34020328505560926,0.37108053102201033
1775544768.4000654,2047.0,806.14,0.2744779282270711,0.3479788900917189,0.3625570709253594,0.38863860677468104
1775544768.432167,2047.0,805.44,0.28786776090985655,0.3654254036257678,0.3793284759657628,0.401924303495831
1775544768.4630206,2047.0,806.9,0.30709247932787104,0.38504497144737654,0.3955122373854671,0.41494183898271153
1775544768.4963648,2047.0,805.66,0.31447419601385235,0.3904019759431363,0.40605660854745973,0.4266000332102604
1775544768.5282698,2047.0,808.54,0.3255482608874371,0.40071072505051286,0.41776342418633494,0.43700316849734105
1775544768.5602956,2047.0,808.68,0.33888056042132464,0.41559729278968616,0.4311824546306727,0.45162619044882396
1775544768.5912106,2047.0,809.08,0.34008419745618357,0.4180203442928834,0.4362161901700821,0.45898750222220386
1775544768.625383,2047.0,810.68,0.34105839168362934,0.42060341927119327,0.4390067491972396,0.4648030644350072
1775544768.6572764,2047.0,811.96,0.3459760583096196,0.4247179579170334,0.44476350424557176,0.46957468927089724
1775544768.68993,2047.0,811.56,0.347768226173415,0.4275219397803787,0.44885226353884483,0.47173423549194615
1775544768.71918,2047.0,812.92,0.3475329934827336,0.42660464011266996,0.4506431742817793,0.47575637046954056
1775544768.7529466,2047.0,813.6,0.3472471247150351,0.42665002414922276,0.4486109214109186,0.4731880103896386
1775544768.7861543,2047.0,813.32,0.3466725636890376,0.4268501292279428,0.4484524887739912,0.4728612469638005
1775544768.8323553,2047.0,814.6,0.34537377826792054,0.4251234001801611,0.4494047627442884,0.4744055577549517
1775544768.8643646,2047.0,813.78,0.3509516633532679,0.43041107023491226,0.45494694822943305,0.47610905621881794
1775544768.8963814,2047.0,812.9,0.3506827999791472,0.4308739131367085,0.4557595324728519,0.4775705445045314
1775544768.928194,2047.0,816.64,0.3509632336977331,0.4309854352145221,0.4553466134603491,0.4762630694683649
1775544768.959631,2047.0,816.2,0.35468412557160633,0.4360501888365745,0.4561327456045218,0.4788301681529624
1775544768.991265,2047.0,817.42,0.3520859566679011,0.43254270604807055,0.4555947411724983,0.4762727760409378
1775544769.0232513,2047.0,818.4,0.3542341439081841,0.43263299180179327,0.4581446421934878,0.47677572850964217
1775544769.0578358,2047.0,819.28,0.35611147682243327,0.4349074889842313,0.45929774286570585,0.4774849794078493
1775544769.1042697,2047.0,822.02,0.35495611924501014,0.4340403079740494,0.4576593053209082,0.4779036196919348
1775544769.1353788,2047.0,822.62,0.3536619081764967,0.43436728700894917,0.4568252476042836,0.4772478380509475
1775544769.1682644,2047.0,822.5,0.35473502954973846,0.43477108254614155,0.45643543342412307,0.47790060814687185
1775544769.199383,2047.0,823.14,0.354479894064902,0.4359895226804272,0.4577184575197094,0.47909771819574337
1775544769.2319949,2047.0,823.76,0.35497519047734205,0.4359943150413411,0.45887750737607724,0.47907094115901494
1775544769.264934,2047.0,825.08,0.35451783783929947,0.4339062043305143,0.4572280084490289,0.4769945061897461
1775544769.298238,2047.0,826.3,0.3542596093782455,0.43414877762457976,0.4580351607615708,0.47687398776188206
1775544769.3457124,2047.0,829.56,0.35427069647762977,0.4327515462835495,0.45850431330928443,0.4781441628754185
1775544769.3763275,2047.0,830.04,0.3563431140053569,0.43699858439097433,0.4613057146466355,0.47850817835776205
1775544769.409763,2047.0,834.78,0.35661487394314156,0.4374476985742231,0.4606788669553387,0.4787681520216325
1775544769.4392807,2047.0,836.1,0.35848204567497866,0.4393626711320364,0.46183751934493755,0.4789233079092734
1775544769.4724777,2047.0,836.28,0.3580057065226482,0.43930139156050163,0.4590512958608378,0.47822881043402926
1775544769.5031793,2047.0,837.68,0.35614509301506136,0.4353050610493797,0.45764064557402057,0.4771235412249103
1775544769.5362823,2047.0,836.54,0.35458054755517077,0.4348739801262794,0.45589635233897813,0.47704627227331337
1775544769.5683413,2047.0,836.62,0.353734435410196,0.4339903197322241,0.4560839824744387,0.47412099053823803
1775544769.6003292,2047.0,836.56,0.35608812652538707,0.43525169501307875,0.4573182783771857,0.47435557029328723
1775544769.630716,2047.0,834.76,0.3538729904661275,0.4347600583461227,0.4558381908167843,0.47265546545665627
1775544769.6638834,2047.0,836.04,0.3565948411882146,0.4354149254194218,0.4574468380842171,0.4743818956518627
1775544769.69702,2047.0,834.16,0.35543717177831813,0.4353250991205535,0.457590143015699,0.47405948000330544
1775544769.7444901,2047.0,835.42,0.354216078809836,0.4336606867116528,0.45757985289373665,0.47444136882186716
1775544769.7762008,2047.0,835.02,0.3550547409198175,0.4346742859565208,0.4578723863392516,0.4729098196886298
1775544769.8074005,2047.0,835.26,0.35376728327857615,0.4346717114371263,0.4558425649905326,0.47190045653013435
1775544769.8402007,2046.16,834.38,0.3539607278911281,0.434358158947254,0.4538460629960854,0.4733820995239199
1775544769.871216,2046.16,833.98,0.3535379384719553,0.43513298664705735,0.45407452788930314,0.4726527531973707
1775544769.9054394,2042.96,833.04,0.3524105354447257,0.4348300527772732,0.4527508756361922,0.4717174985884279
1775544769.9365907,2042.96,832.18,0.3542414790940106,0.4345468286739809,0.4535376852427963,0.47229110651028494
1775544769.9697413,2039.08,831.42,0.3529844905824087,0.4350066525676716,0.4535928410415188,0.4679844628390738
1775544770.0002024,2039.08,831.6,0.351631915538105,0.43240666128677346,0.4497185413954453,0.46917945291156465
1775544770.0338,2034.62,830.96,0.35215785344367057,0.434449958199032,0.44947907763056266,0.4670676641524791
1775544770.0632865,2034.62,831.72,0.3495781129261213,0.4339019872780731,0.45190669553475604,0.4672785499190017
1775544770.096897,2029.22,832.1,0.3521685695760003,0.43399655422301875,0.4513092380566441,0.4673885689634564
1775544770.1300879,2029.22,830.84,0.35223847930501373,0.433897979280543,0.4503418318041074,0.4673142329333276
1775544770.1757114,2022.26,831.7,0.3523960796027116,0.4331417825246238,0.44970117166900886,0.4673457750529385
1775544770.2095242,2022.26,831.14,0.3530952432811765,0.4344221861550139,0.45068271175043667,0.46638459001378674
1775544770.2600217,2014.26,830.46,0.35203864509005,0.4338961041809173,0.44927740726241744,0.46682641245675377
1775544770.2874014,2014.26,831.06,0.35071004261346606,0.4315542302837247,0.4479052847564782,0.4672987334968374
1775544770.3208694,2004.62,829.96,0.35047365469287245,0.4339592281711059,0.44819509777016175,0.46800559706671313
1775544770.3546598,2004.62,830.64,0.348828121279078,0.43152671552974536,0.4457562822447486,0.4642090491899393
1775544770.4003685,1994.38,831.62,0.3454993903415946,0.42891532183115916,0.44278904827786764,0.4633006207821816
1775544770.4324024,1994.38,831.98,0.35047955383965373,0.4321021559566984,0.44663485222565297,0.4668094356938567
1775544770.4633749,1982.58,832.38,0.34881659642999735,0.43187523113960946,0.4467839434940388,0.4645924215452225
1775544770.5313427,1982.58,833.64,0.3501562283329748,0.43189554494391824,0.4479203663795765,0.4650785870252479
1775544770.5780613,1969.84,834.36,0.3504410721472738,0.4313092827361011,0.4464480285458749,0.46723106893939415
1775544770.6083927,1969.84,836.24,0.34840985438009286,0.43117614512118985,0.4471572742902554,0.4641393510156009
1775544770.6421235,1956.44,835.88,0.3500526471813317,0.4302366431104531,0.44750707570107084,0.4650204869577437
1775544770.674761,1956.44,834.4,0.3494588287531169,0.4298176800935768,0.4466527249713724,0.46437563511139524
1775544770.7216017,1942.6,834.38,0.34981932039734204,0.4300064447979017,0.44462400721731454,0.4619919895093062
1775544770.7523396,1942.6,833.8,0.349701841585067,0.42849727978684454,0.4455771271261973,0.46138519365140884
1775544770.7794027,1927.58,833.9,0.3485184904208248,0.4278300951916717,0.44538321307949286,0.4599318277273917
1775544770.815015,1927.58,834.3,0.34878993503122924,0.4283848453514294,0.44490383041700354,0.4593475561210404
1775544770.848208,1912.06,831.6,0.3490707585422006,0.42787576715896386,0.44343592786126096,0.46005320023649193
1775544770.8967378,1912.06,831.64,0.3498478657048716,0.4282372904684393,0.4439593813384152,0.460401069946638
1775544770.927628,1895.8,832.04,0.350053123704233,0.42784668969169415,0.44661028288163573,0.4587479425416048
1775544770.9619794,1895.8,832.88,0.349102997513502,0.42826380462262625,0.4464891179922802,0.45874413343592474
1775544770.991403,1880.08,833.18,0.34951093147684964,0.42635142478310645,0.4440624462800499,0.4589572206862623
1775544771.023205,1880.08,833.12,0.34946227375532873,0.42766154059164607,0.44373813181790883,0.45764366230653897
1775544771.0564125,1863.7,830.54,0.34941746517434413,0.42303845097516085,0.43955909450357855,0.4530393943111418
1775544771.0904956,1863.7,830.44,0.3400509336999062,0.41542387671212794,0.4336887381034948,0.44725861530442634
1775544771.136033,1847.2,830.3,0.34072117522212353,0.4147471057266149,0.4334400588607821,0.44631242416791805
1775544771.1672118,1847.2,830.7,0.331634257349469,0.40611477796591733,0.42540204357500727,0.437260052528617
1775544771.2002008,1828.64,829.8,0.3189755806585696,0.3889657272010914,0.4068520098574338,0.4211014973687135
1775544771.233356,1828.64,829.62,0.30208687932585326,0.35610342875938933,0.38039107247327625,0.4035004101943211
1775544771.26424,1808.78,825.38,0.2804619360310517,0.3232563434333051,0.3423681528783835,0.37204304090541174
1775544771.2976549,1808.78,827.36,0.21315002269787822,0.2468246501125756,0.28257192943778825,0.33172046937059735
1775544771.3284845,1789.4,827.1,0.12671282510196769,0.12846108618576116,0.17910702985083216,0.2912131421603555
1775544771.3622108,1789.4,826.14,0.09079363474508624,0.07121936125204635,0.09009279830750036,0.1426504549495757
1775544771.3910358,1769.34,827.2,0.09855391804472495,0.05990433167005455,0.06127708103825745,0.11033509460613468
1775544771.4243433,1769.34,827.42,0.10760588331367325,0.059318566344481946,0.04584440534591252,0.08501036763830028
1775544771.4559512,1749.48,829.12,0.11446539706173163,0.0648130465589024,0.027739071137852175,0.055816921333453465
1775544771.4885201,1749.48,828.64,0.1202543697964195,0.07207622919719378,0.0291110996631495,0.04608559407787897
1775544771.5222037,1729.76,828.1,0.13113200699160926,0.08109611659283296,0.037425382461076906,0.037772210432850215
1775544771.5681703,1729.76,826.44,0.13371507547822156,0.08305290206592204,0.03335206744229966,0.03260148853947873
1775544771.5994978,1710.46,828.28,0.13142818370265555,0.08052283935973549,0.04130326962550902,0.04526467816903444
1775544771.6323128,1710.46,828.64,0.1357872305879363,0.08239859579608498,0.04286740204521139,0.051234314012655414
1775544771.663743,1692.76,829.86,0.13914870052629594,0.08646496665853338,0.04745151124359878,0.049528066274617484
1775544771.6964228,1692.76,829.58,0.14522212394834055,0.09131067705405652,0.04602319541907276,0.04704937316008875
1775544771.7283196,1673.92,827.38,0.14778847362833417,0.09418816541174518,0.04542962533394795,0.04907059022020935
1775544771.7625768,1673.92,827.72,0.14728665999544385,0.09457770322332858,0.04182738558510037,0.05018468214198472
1775544771.7913716,1657.26,826.68,0.14732760090865257,0.09497179962987284,0.04382741429672711,0.05334119589092217
1775544771.824362,1657.26,826.9,0.14220091548792224,0.08984550176812105,0.03753006815829859,0.04896492498674897
1775544771.8578804,1641.32,827.42,0.1415798787721191,0.08879877438453326,0.040665462793313956,0.05166447438200954
1775544771.888137,1641.32,828.94,0.13948737351001844,0.08768131011738933,0.0411115205181356,0.053702569731508824
1775544771.9217403,1626.76,828.68,0.14274374975735976,0.08872652141741394,0.04039174341512108,0.05344185050479987
1775544771.9556682,1626.76,828.74,0.139879849097541,0.08636674574859518,0.03870428877251315,0.056273532150245754
1775544772.0018504,1612.04,828.04,0.14106728367218374,0.08788372252930311,0.03706596588339248,0.05387195185463956
1775544772.032063,1612.04,828.2,0.1407203478300118,0.08849407046397596,0.0377066847384214,0.054621077198284934
1775544772.0642045,1598.34,828.12,0.13727852030356782,0.085229249204101,0.03875280159004284,0.05584752789211685
1775544772.0960908,1598.34,827.5,0.13477148678780018,0.08348190205581205,0.034450415141597815,0.05372604954435672
1775544772.1284878,1584.28,826.18,0.13487717807347788,0.08338765011114924,0.03381349708321588,0.053582135415245744
1775544772.1631842,1584.28,825.5,0.13182597885510916,0.08068966527995135,0.031644740960992984,0.054968712934484944
1775544772.1922996,1571.24,824.14,0.12847491240682202,0.07604277215769288,0.029188429273283707,0.057063354212297863
1775544772.2234557,1571.24,823.9,0.132068026580971,0.0789564724143017,0.03172705048606466,0.05545332952470755
1775544772.2564752,1558.98,823.6,0.13061375802759675,0.07929149495768249,0.02991341055911879,0.05509987078906023
1775544772.2873435,1558.98,821.96,0.13181646390579926,0.07959483053806854,0.029951395258971336,0.05338656058710709
1775544772.320432,1547.5,822.82,0.13108225536436177,0.08010612556670389,0.029474360652036163,0.05405474113998141
1775544772.354083,1547.5,820.56,0.12780360527810017,0.07595301163044715,0.0277383296502322,0.05672185940006053
1775544772.4003115,1536.08,821.46,0.13028244090773816,0.07978035138507829,0.02990057192837373,0.05546039571594975
1775544772.4320612,1536.08,821.24,0.1317700252558114,0.07981258957036544,0.02961077272694817,0.05552158243872276
1775544772.4637644,1525.94,821.62,0.13092746551028897,0.08159949665229183,0.03352607405273852,0.05750783407140191
1775544772.4975,1525.94,822.34,0.12661505204561294,0.07196873983169771,0.024318257926449188,0.05817406964787143
1775544772.5283773,1515.3,822.62,0.12473483289756286,0.07193227337056991,0.02826256548632607,0.05845687932717136
1775544772.5638902,1515.3,822.4,0.12271065114290533,0.06743357789108984,0.01831145540186986,0.05340383237697613
1775544772.5926015,1504.84,821.94,0.12984554966798645,0.07617903888359877,0.029396129776388575,0.0567286906851646
1775544772.6257422,1504.84,821.66,0.12967332330635098,0.07982122577082876,0.02893787750845029,0.05670539947466603
1775544772.6563406,1493.3,822.14,0.12564413411856892,0.07356811096782719,0.02473502499020892,0.05610545390904388
1775544772.6903574,1493.3,821.74,0.1313847613288542,0.08000573443971941,0.02868124669801764,0.058162423893439966
1775544772.7362518,1481.76,822.14,0.12483225365353093,0.07352568517929413,0.028435748009666435,0.060445885110387766
1775544772.7672622,1481.76,820.68,0.1242966172914298,0.07109616636777318,0.024806337604875977,0.05767102035467175
1775544772.8003416,1469.22,819.4,0.1300023122393302,0.0785405642966257,0.030086021171009353,0.05503319937381946
1775544772.8340185,1469.22,818.2,0.13175995877336485,0.0823840293266805,0.0345714839830648,0.06057733423941744
1775544772.879286,1457.02,817.44,0.12845053003587673,0.0768073811564261,0.02671393856042197,0.058035076979790864
1775544772.9124653,1457.02,818.14,0.1312878267710692,0.07992517342303719,0.03246746006852015,0.05747957886204107
1775544772.9434328,1446.16,820.8,0.12837915604275205,0.0749651733955779,0.028873797626045115,0.05964934200743777
1775544772.9774146,1446.16,820.64,0.1254601687086086,0.0734954975973504,0.03001085527976929,0.06128251354767293
1775544773.0245397,1435.86,820.34,0.1299396987280227,0.0774377800459803,0.029213869931363476,0.0588698898479955
1775544773.0553708,1435.86,821.36,0.12337813834911383,0.06925682197732459,0.023925659235294935,0.0591590736478629
1775544773.0895493,1427.1,821.52,0.131735316487239,0.07868816272052474,0.027762260805599192,0.05735624089240482
1775544773.1361868,1427.1,821.64,0.12798140922395762,0.07443520864982417,0.025061125100508383,0.05694306814603207
1775544773.1696389,1418.28,821.36,0.12755609450855823,0.07556199892888488,0.02711885507043467,0.05784445449699931
1775544773.200055,1418.28,818.5,0.127224798677632,0.07498383764781352,0.02634772383543529,0.05685275181747842
1775544773.2338269,1409.18,819.08,0.12704728657274547,0.07414668672011833,0.029159358647172093,0.06045518540124751
1775544773.2674546,1409.18,820.32,0.1257869666776412,0.07341261257928251,0.026106996875550282,0.058848364353923745
1775544773.313923,1400.22,819.28,0.1250100940295862,0.07226058832289685,0.02580942871338383,0.06067082912512617
1775544773.3442078,1400.22,819.34,0.12449790432763376,0.06965813005273462,0.02473605922080827,0.05884640158774735
1775544773.377882,1390.4,819.76,0.12285257101653561,0.0685547065992762,0.02369522482925846,0.0610887414351052
1775544773.4244158,1390.4,819.64,0.12535395056627147,0.07244128770503908,0.027127818340116138,0.058740103458398765
1775544773.4557788,1381.56,822.56,0.12545985217954816,0.07278624774850137,0.026688776971113215,0.05851312157335296
1775544773.487775,1381.56,822.46,0.1278027591867025,0.07492435106658929,0.02563104371697131,0.05828636166446621
1775544773.5203993,1370.32,822.76,0.12891748579418003,0.07641633614344112,0.027787961629949898,0.06021396008717367
1775544773.5520618,1370.32,823.38,0.1282805601552517,0.07731794725803874,0.029890807672481562,0.06138580735181512
1775544773.5842063,1358.72,822.84,0.12713757186972777,0.07547261437141363,0.03135482131599252,0.06197317276424197
1775544773.6163707,1358.72,821.02,0.12877574937517935,0.07690194434787553,0.02934820909172202,0.05981922292412989
1775544773.648168,1347.64,820.6,0.1276339534154671,0.07558620880919582,0.02840540357959052,0.05923827571021343
1775544773.6803253,1347.64,819.34,0.13009507334765041,0.07848522568576204,0.03056741994107124,0.056991620633735814
1775544773.711194,1337.32,819.28,0.133878535889667,0.08161079395875454,0.029371499340374422,0.05425636700216722
1775544773.7443433,1337.32,819.32,0.12964026736777867,0.07666488408458876,0.029026206266472933,0.05696659638343635
1775544773.777369,1327.4,818.96,0.12844490192228017,0.07648020762544806,0.030917286186045098,0.05844042773724487
1775544773.825395,1327.4,819.7,0.131774532445988,0.07848280831927526,0.033650172462614834,0.05728628427952888
1775544773.8564992,1318.44,820.0,0.13391657891286676,0.08279359161555046,0.03757126054495346,0.052441659153525604
1775544773.8900852,1318.44,820.98,0.13824989332068102,0.08967064671210756,0.04521608947324676,0.0508237600425646
1775544773.9203036,1309.28,819.16,0.13031815945311442,0.07918945547239864,0.04119845760568162,0.05567938841650849
1775544773.9537277,1309.28,819.24,0.11457255656373111,0.06668537718083123,0.03671912288036106,0.06395946249337896
1775544773.9842753,1300.82,818.16,0.08897690024738239,0.04996765401251269,0.035324189984056065,0.08252541151132352
1775544774.0166025,1300.82,819.88,0.07229531916371831,0.04665371672948375,0.0525531818216756,0.09913260840145356
1775544774.04753,1291.94,818.58,0.07533730373214953,0.057711037603898445,0.06553317816825767,0.11593462170154306
1775544774.080256,1291.94,819.94,0.08118627265554458,0.08030461444488954,0.09210426535540521,0.1423279194177783
1775544774.112509,1282.98,819.3,0.0859750442241351,0.09746165018658778,0.13529739921082118,0.18856092649800588
1775544774.1444798,1282.98,821.76,0.12514290010123372,0.14750350909258453,0.170787520326815,0.22432699619084534
1775544774.175538,1274.02,821.0,0.2018896676408735,0.22820297691708843,0.2391630665216516,0.25494973036340435
1775544774.2084186,1274.02,821.24,0.22699864391623967,0.28481305935895157,0.2812666526066473,0.2904127285234414
1775544774.256489,1264.56,819.42,0.24787036976115495,0.3104906075171941,0.31760108656880565,0.3417496231975426
1775544774.2884731,1264.56,820.1,0.2645260740737919,0.33208473925468507,0.34417582617694065,0.36913373192284576
1775544774.320242,1255.28,818.86,0.26736056944977976,0.34178929909433425,0.357201596735529,0.39720454348586137
1775544774.3520715,1255.28,819.38,0.27458027026030657,0.35485662278785746,0.37477317346331784,0.42340228409685704
1775544774.3843553,1245.98,818.66,0.2802593505373528,0.36115698146973807,0.38752634647013995,0.4374655660288536
1775544774.416182,1245.98,819.18,0.2860147719235793,0.36826884970128526,0.3963946401657581,0.4477593060638487
1775544774.4496896,1235.86,819.56,0.2899245927099425,0.37441962499088843,0.4034479010511427,0.45775350560676004
1775544774.4792683,1235.86,821.9,0.2970761810211619,0.38379921907581493,0.4114881001590177,0.46424878653246127
1775544774.513713,1226.28,822.58,0.30040503559493237,0.3848229709548632,0.4138054331087209,0.46376048844007745
1775544774.5431664,1226.28,824.28,0.3018726930173874,0.3871906507683159,0.41472551631119775,0.4619163282625202
1775544774.5778844,1219.0,825.52,0.30396608928568536,0.3898629053665338,0.41803579056093687,0.46949231346182496
1775544774.6081588,1219.0,825.16,0.3056327130992405,0.3915264070676076,0.42204805930584577,0.4704763194680931
1775544774.641845,1213.88,824.82,0.3064281401147611,0.3932630421821243,0.42183217103683074,0.4723977399239241
1775544774.6872215,1213.88,825.22,0.30617403826297307,0.393987890603938,0.4236021373454197,0.474784148083118
1775544774.7201664,1207.4,824.76,0.30624877637108217,0.3927307764528168,0.4224106742086838,0.4726601634293251
1775544774.7523663,1207.4,825.4,0.30842838428034963,0.39385004334732643,0.4226534738979755,0.47553185687908484
1775544774.7843974,1199.78,825.0,0.3085467026852283,0.39542862032986753,0.42404699084916664,0.4755138062940876
1775544774.8162386,1199.78,825.08,0.312137747046249,0.3987018610172807,0.4276020493071746,0.4778840320819697
1775544774.8484387,1190.38,825.08,0.3159892944731292,0.4015846970275437,0.42991627335582155,0.4789165953918417
1775544774.880082,1190.38,826.4,0.3152774767348491,0.40089010566844524,0.4302294162973019,0.4799572344193481
1775544774.9124882,1181.24,826.02,0.31596740841519383,0.4007883181710233,0.4291494909206417,0.4775478413003709
1775544774.943551,1181.24,826.0,0.31441561987686495,0.3998050866300804,0.42859545549281974,0.47720123416006377
1775544774.977576,1171.94,826.54,0.3161931894473952,0.4009874740722368,0.42895863113585814,0.4784794603933245
1775544775.0244544,1171.94,825.24,0.3162018285095012,0.40180015839765354,0.4293991246143843,0.478122986057898
1775544775.0564027,1163.62,824.24,0.3165615844312313,0.4014760304984875,0.4302637056242647,0.47797691816784554
1775544775.0885522,1163.62,824.98,0.31717139284392576,0.4017302342051334,0.43148326605177656,0.4779383216702947
1775544775.122748,1155.84,823.26,0.31446990253644264,0.39887450674995817,0.4271843606032379,0.47780899106493646
1775544775.1697562,1155.84,823.34,0.3155619915632348,0.39874436012862663,0.4267321984756865,0.47574228831532833
1775544775.2002244,1148.28,823.44,0.3154599537898218,0.40192037988602314,0.43155880104671124,0.4779028648788655
1775544775.2335575,1148.28,823.98,0.3134116288624699,0.40102159767787976,0.43051880134929826,0.4786636098454082
1775544775.267787,1141.62,823.12,0.3125951210869769,0.4011104096474347,0.4295616671063263,0.47753072242661937
1775544775.3122408,1141.62,825.9,0.31579639823457634,0.40318351954641696,0.4329705667916949,0.4795832313457308
1775544775.3442762,1134.28,824.9,0.31474641898339206,0.4022928539077054,0.43108916296509825,0.4787494542820879
1775544775.3764431,1134.28,826.18,0.3154008879477995,0.40103555610330793,0.4295367633146765,0.47947202358279806
1775544775.4101527,1127.98,825.66,0.3178830484200098,0.4047740684736163,0.4333397459371263,0.4811668787605508
1775544775.455317,1127.98,826.5,0.31678342957510736,0.4039469491871597,0.4322976748462157,0.48047380098648634
1775544775.4874995,1121.9,826.58,0.31552119931785055,0.4002801421306617,0.4307393555566425,0.48262736487644126
1775544775.5193813,1121.9,826.84,0.31740066644701254,0.40552845543165,0.434138186450588,0.48160279541441997
1775544775.553008,1115.62,826.54,0.31632951156093514,0.40412828814637025,0.432671228894276,0.48291097344724654
1775544775.5862622,1115.62,826.42,0.31796560418339503,0.4037070221594046,0.43247209736196296,0.48218217169242744
1775544775.6323304,1108.64,828.14,0.3175428260819686,0.40322561349388886,0.4322335848460285,0.4827762394772608
1775544775.6683857,1108.64,829.08,0.31768765051115627,0.4034219975852057,0.4325848888710427,0.4804422326681145
1775544775.6961758,1099.84,829.38,0.32061019576678834,0.4061136504686398,0.4348622097671405,0.48163447190223674
1775544775.7287438,1099.84,829.66,0.32044767636362115,0.40408876406219923,0.4342346066821686,0.4802060258524506
1775544775.7776184,1091.88,829.72,0.3212693709569279,0.40520105592300776,0.4340697481090142,0.48153893026297473
1775544775.8082776,1091.88,830.36,0.31929632809271336,0.4040544267421357,0.4330127440158646,0.47978698206754483
1775544775.8418312,1086.12,830.6,0.31926602162759626,0.40493012530441935,0.43310521248315137,0.4819431308278515
1775544775.8723924,1086.12,829.28,0.3209887338648993,0.40827975078618234,0.437103585715555,0.4819437547281026
1775544775.9058814,1081.02,828.86,0.32068957059995973,0.407771430131194,0.43621583714083845,0.4813705598673897
1775544775.9363651,1081.02,830.56,0.32006127992444616,0.40669472913609817,0.435012677986487,0.47916518255878393
1775544775.9688418,1076.78,830.88,0.3185892846433828,0.40511087560135184,0.4333967141972171,0.47913601831984565
1775544776.0005188,1076.78,831.04,0.3221395005741569,0.40703032174271614,0.43519737011828374,0.47966502307419295
1775544776.0323021,1071.52,831.66,0.32356818389765957,0.4083410413128349,0.43533471771440935,0.4792233859852645
1775544776.0690453,1071.52,831.48,0.32108204412099395,0.40588028644233043,0.433264080572217,0.4777317017353408
1775544776.1123025,1064.28,831.92,0.3230865303332749,0.4073531244218206,0.435435719752231,0.4784120147303796
1775544776.1431568,1064.28,831.8,0.32348181436758533,0.40785367245266374,0.4367635149010125,0.47885113058096873
1775544776.1763315,1058.68,830.44,0.32284814795492045,0.40650105682784315,0.43505465392324627,0.4774614313904541
1775544776.208346,1058.68,829.88,0.3245388364043449,0.40681149304537007,0.435626536461634,0.4790214927993156
1775544776.2393513,1053.98,829.2,0.32182790546741014,0.4045818412225194,0.43333487295228484,0.4778257345862525
1775544776.2710505,1053.98,830.16,0.32010441703219084,0.4032451780167194,0.4320399862675933,0.47550012090726834
1775544776.304416,1048.1,830.46,0.3184211420247111,0.40059797945020453,0.42941546288480437,0.4733779551559339
1775544776.3365934,1048.1,831.3,0.31689833809534895,0.398000383434195,0.4278470584353986,0.470280292072793
1775544776.3698785,1039.54,829.44,0.31704151407199527,0.3976790327575279,0.4243604476054962,0.46575678482082195
1775544776.402401,1039.54,831.16,0.31425126714663565,0.3919295627400747,0.4194799397488741,0.4597318207500157
1775544776.4324708,1031.16,831.36,0.31084621066544155,0.38515174797600227,0.4123873673737729,0.4557091192599935
1775544776.469217,1031.16,831.5,0.30198616148315155,0.37072576333209617,0.40007908303241185,0.44789300155668915
1775544776.50027,1023.72,831.28,0.2920398455099007,0.35022223407804204,0.38210777616185687,0.42745527191641164
1775544776.5455205,1023.72,832.2,0.27483892134285404,0.312795668567886,0.3446703363677998,0.3992866668880911
1775544776.5750556,1017.54,831.7,0.24565711451797043,0.27611922134891387,0.3076756475460215,0.37634316117099526
1775544776.6082218,1017.54,833.9,0.21464028894361128,0.24300258930021335,0.2761323499968495,0.34593494421797993
1775544776.639581,1011.22,833.94,0.18612924969053782,0.19939413878240556,0.23357875090107755,0.2998748630630161
1775544776.6724904,1011.22,834.74,0.16354311467615065,0.15781384005911114,0.21170967305512794,0.2723735550115368
1775544776.7043834,1007.3,832.62,0.1421447883069821,0.14885226129946882,0.18005141758305301,0.24273316640208734
1775544776.7364473,1007.3,834.54,0.11228696188270455,0.11579474049218995,0.1429114211848921,0.2175742884069385
1775544776.7692497,1005.32,834.54,0.09773697885835204,0.08503946743353664,0.12148203474647705,0.1860725328220463
1775544776.8004773,1005.32,834.04,0.09320385126021559,0.06541665344873827,0.10047302961847003,0.1547757562792087
1775544776.8322418,1002.76,834.42,0.08507540798931365,0.05599341844605603,0.0808900326740923,0.12605272999760683
1775544776.869303,1002.76,835.12,0.08553804922479455,0.05516165394243373,0.07198517780906005,0.11069975838301725
1775544776.8965435,1000.14,834.58,0.09639335947433922,0.05681839489586342,0.06614215112816159,0.09686314414318421
1775544776.9303205,1000.14,835.24,0.0949611387481123,0.057825669482528,0.0533544031541544,0.07442983997915496
1775544776.976442,996.74,835.26,0.09788051736898083,0.057378418156309334,0.042533506179563065,0.06105146041939297
1775544777.0075228,996.74,834.66,0.10451237856698338,0.06001576919359444,0.03239897944615594,0.05125768284714022
1775544777.0416324,993.5,835.38,0.10899068155527285,0.0652498670792976,0.03044190942461298,0.04438319627285873
1775544777.07132,993.5,837.16,0.11197746694210095,0.06606057624086693,0.028104253062593423,0.037898879549550735
1775544777.1059566,989.54,837.28,0.12475829108671717,0.07886432377220039,0.0397434287811391,0.03447808465129559
1775544777.1362555,989.54,837.5,0.1324356324974616,0.08156310693280078,0.042804227167222354,0.033028561323440155
1775544777.1700106,986.4,837.08,0.12916929768403704,0.07963902875967507,0.041025146939423406,0.035542409938281505
1775544777.2003765,986.4,837.12,0.13801876067957297,0.08637211024062763,0.04427173604242298,0.03165133657265003
1775544777.232262,984.86,834.9,0.13954973789164993,0.08820585134273504,0.04428415497605248,0.03533665047070417
1775544777.2643104,984.86,835.92,0.13654124348910318,0.08397033890691424,0.03983269003253831,0.03952896670789335
1775544777.2962158,985.38,835.94,0.1315296585621291,0.08444950818965084,0.04656642816130689,0.04563890092388365
1775544777.3298893,985.38,834.52,0.13391541731163967,0.08612403953728487,0.04524145756115002,0.04558909350195626
1775544777.3753338,988.6,834.34,0.1290938474413154,0.08281222244010822,0.0438217469682271,0.050617478240642236
1775544777.4083233,988.6,837.74,0.13086962412654843,0.08168785579734658,0.03745501542289131,0.04998967168641005
1775544777.439248,990.32,837.64,0.13425357704593702,0.08522362460453492,0.03922268597474363,0.05067373369186583
1775544777.4722126,990.32,838.36,0.13542162777316666,0.08480274281163952,0.039186713948675636,0.0510647431509291
1775544777.5044396,990.7,837.74,0.13496765357424795,0.08380321732263588,0.038397006047111736,0.054245581652361534
1775544777.5359101,990.7,838.1,0.13688328114234527,0.08445885983170086,0.03664321157697745,0.05257687949860798
1775544777.5702918,990.12,837.24,0.1376088739377423,0.08547098079958577,0.037306796168893784,0.05418467033211477
1775544777.6003573,990.12,834.66,0.13545899441440054,0.08187861963770922,0.03614947347208416,0.05613524873595743
1775544777.6325412,989.54,835.84,0.1328030600642457,0.07922982644357805,0.03517002685781637,0.05770679411346674
1775544777.6655211,989.54,836.7,0.13146103420285854,0.07897496952537945,0.033537089262379534,0.05781182945655242
1775544777.6963525,991.42,835.8,0.13024784436173506,0.07714658875483002,0.03440616277919143,0.05982455265708262
1775544777.729528,991.42,838.08,0.13728376576863038,0.08498328191592941,0.03551200181216413,0.05414608545403949
1775544777.763406,996.48,835.7,0.13046342911243117,0.0774481453947115,0.0337081474330074,0.05936100462371193
1775544777.809698,996.48,836.9,0.13318018132554976,0.08089203475271897,0.03542019369003303,0.05733909215539802
1775544777.840255,1002.24,836.9,0.13139618466084094,0.07740054833136573,0.032675388468481587,0.05700961921135857
1775544777.871774,1002.24,837.4,0.1302561337082623,0.07897447145742849,0.03538151014031481,0.059873904977821656
1775544777.9044065,1006.02,838.9,0.13100891056756553,0.0772729137754882,0.03238512187061456,0.0589051079275933
1775544777.936241,1006.02,836.26,0.13166124322996198,0.07959132744143492,0.03499186055098943,0.0579027111584436
1775544777.9709811,1012.0,834.66,0.13303076796612878,0.08309210779993514,0.03873197572549393,0.06012949231675142
1775544778.016448,1012.0,830.5,0.13097536811934607,0.07975551643641889,0.03676363509645284,0.05952320787706514
1775544778.0482602,1018.96,830.66,0.13132009715375678,0.07933984564132722,0.03610844578021344,0.057854155213793376
1775544778.0819771,1018.96,832.2,0.1296076896432433,0.07806898373327355,0.03448746500466259,0.0606886309240263
1775544778.127517,1026.58,831.88,0.12772189821712776,0.0751994176409386,0.03192770247217868,0.05903384637477025
1775544778.159257,1026.58,831.78,0.131099950294655,0.07829078076609572,0.03352503803465897,0.058602925690947556
1775544778.1921687,1035.6,830.48,0.12951009871945332,0.07755410496399939,0.03468896526376551,0.06020873977769919
1775544778.225747,1035.6,829.34,0.12781979550272687,0.07520079508216171,0.03431382539440223,0.061996104714568116
1775544778.272079,1044.24,829.44,0.14257600635264683,0.08525424066524859,0.028971339980031013,0.0539379313456967
1775544778.3032014,1044.24,827.78,0.1187205545160905,0.06506369380069049,0.02082494173569243,0.06440400604096702
1775544778.3377798,1053.66,827.5,0.1308819589435263,0.07621693652434973,0.023231919926820176,0.048607552854129536
1775544778.372346,1053.66,827.36,0.1326337340379402,0.08002260267332474,0.03447261519698007,0.0587654670679612
1775544778.4175434,1061.92,824.34,0.13436481096849143,0.08281921542835217,0.036028697458677234,0.05839118750893918
1775544778.4474292,1061.92,823.98,0.12624066235423032,0.07241154427254631,0.02902671325862768,0.06014023767254154
1775544778.4817631,1069.08,820.78,0.12986479357398523,0.07853002083784087,0.03246853349686042,0.05982725901070419
1775544778.5156298,1069.08,825.5,0.1295040088043522,0.07621528183396274,0.03220684757433177,0.05885702954978604
1775544778.5592449,1076.56,824.92,0.1292637255417108,0.07458729507090622,0.02837621261031936,0.06010261907806727
1775544778.592384,1076.56,827.66,0.1282366513997769,0.07367775470286402,0.028285359403694636,0.058889202315773145
1775544778.6233826,1084.12,827.96,0.12896791422061277,0.07585901455032558,0.030981724799648672,0.060008219555136764
1775544778.6562917,1084.12,827.66,0.1292912912879312,0.07370093999758767,0.026553531129340176,0.059244375426405614
1775544778.6885474,1092.02,830.46,0.12876629273322213,0.0741953679496041,0.03151095825209258,0.06356636070744143
1775544778.7203143,1092.02,832.88,0.12730389510884674,0.07344254491684393,0.032653892835358585,0.0631113522948143
1775544778.7539132,1100.82,834.22,0.1318768878179385,0.07693135333385356,0.029178083046701882,0.058132034023553936
1775544778.7901366,1100.82,833.72,0.13140477951920454,0.07693964015540128,0.0293270376389257,0.057986351501018135
1775544778.8311691,1110.04,833.48,0.13153583960144144,0.07798331486584838,0.03351218079130374,0.06002444943104344
1775544778.86431,1110.04,836.7,0.1291883618910177,0.07553682903609502,0.030965963396213794,0.0604281970349692
1775544778.8962035,1119.12,835.22,0.12762020622476603,0.07262217712965433,0.030029042041015853,0.061941715216150064
1775544778.9283593,1119.12,840.78,0.1274047068489812,0.0733257850745284,0.02970347524979673,0.061779544524556675
1775544778.9603126,1126.9,836.84,0.13067971111766832,0.07647532944374504,0.03154319159190169,0.06163568675775825
1775544778.9934597,1126.9,839.32,0.12739951585331635,0.07369554382234131,0.030643791987894707,0.0626482330949653
1775544779.0241868,1133.32,839.02,0.12839551197490956,0.07542322794724808,0.030499715608714804,0.06227443066178916
1775544779.0578957,1133.32,842.58,0.12912533170042398,0.07611103718177152,0.031018437236929475,0.06158257432590086
1775544779.0881584,1139.64,841.52,0.1295153889397646,0.07586460777831662,0.029896828692119744,0.0604951841344078
1775544779.1218152,1139.64,838.42,0.13168541896291405,0.07872258461195054,0.03190430816222655,0.060606683919483824
1775544779.1523314,1147.24,837.36,0.1371433650817122,0.08370376570759608,0.03858297666529279,0.05664744662444987
1775544779.1864011,1147.24,837.88,0.1337878575705041,0.08261512454647221,0.036645285991431624,0.056140327308140184
1775544779.232358,1153.58,840.46,0.13101288498547084,0.07691335540582708,0.031432421470544175,0.05493206035211308
1775544779.2642634,1153.58,840.82,0.13547069710486012,0.08349676065654815,0.04111871779354182,0.05394102942683378
1775544779.2962675,1162.0,841.26,0.12963733086572157,0.0808919225104646,0.04352339772655653,0.05767808890400626
1775544779.3281698,1162.0,840.18,0.09500513604354961,0.06596532769448728,0.040572274050886196,0.07821952509895433
1775544779.3600414,1169.16,840.38,0.08478705723164404,0.0644872663763199,0.05530428213910651,0.0953768204118359
1775544779.3923652,1169.16,842.42,0.09084221117566262,0.07195982229465309,0.07313347109146646,0.11455246137885663
1775544779.4243731,1175.8,841.16,0.0907405582006559,0.08861677959619807,0.09686676927134473,0.14284347690618268
1775544779.4563031,1175.8,841.8,0.09417498339490908,0.10279980813674665,0.12896766879253807,0.18681776235739245
1775544779.488512,1183.0,836.34,0.1130196526789049,0.12542316002456222,0.15325388297019746,0.20063736859519796
1775544779.5204763,1183.0,835.24,0.12370091276551126,0.15138769801517146,0.17819961974259077,0.22451461547608928
1775544779.5524287,1190.0,835.0,0.19172630947227395,0.20934545123453704,0.22524643660010488,0.24861812761205307
1775544779.5843394,1190.0,835.98,0.22154767951432536,0.2745849190090556,0.2782991560692693,0.2758165492212612
1775544779.6180556,1198.98,836.22,0.22401917652663053,0.2779411906072064,0.2831264711070375,0.2845778638009393
1775544779.6641998,1198.98,838.54,0.26167807717897384,0.31528690304053814,0.3074839486163046,0.3105006782093127
1775544779.6978252,1207.3,839.3,0.2823348744561346,0.3331823181843522,0.32506275419983743,0.32320245926063773
1775544779.7272356,1207.3,845.64,0.2943082049101173,0.35566459518489635,0.35164628385259444,0.3582485860545049
1775544779.7615795,1215.42,849.6,0.29139400698252077,0.3553563755573071,0.35775636182461784,0.3724198710095536
1775544779.7914345,1215.42,848.78,0.29112474301322433,0.3576991653228805,0.3644071116722069,0.3829324264666353
1775544779.8241372,1222.06,850.04,0.28928144290009206,0.3595287579943605,0.36936707010691044,0.39115541580832025
1775544779.8562915,1222.06,849.36,0.28992085371820725,0.360554465371177,0.37422371723234044,0.4006924470007356
1775544779.8897347,1227.68,847.68,0.2943459400806499,0.36625444670362933,0.3815009366298939,0.41317274937280934
1775544779.921895,1227.68,850.16,0.2979746534140124,0.37188777589260363,0.3875268048442952,0.4234870640278331
1775544779.9512765,1233.1,852.28,0.29539834608440957,0.3708233829151615,0.39007963018077657,0.4329121860458799
1775544779.9830816,1233.1,852.24,0.2930183420424931,0.3718275164611624,0.3915561523885327,0.4372443416603775
1775544780.0162997,1238.44,856.1,0.2903662617665678,0.3679064171394831,0.3873320971920976,0.4381304713444088
1775544780.0489738,1238.44,857.38,0.2904077964882066,0.36770473281086774,0.38756444699243986,0.43705068702973543
1775544780.0819461,1244.32,865.4,0.29103330907905467,0.3698922719913707,0.3907214180377722,0.4407311329402274
1775544780.128209,1244.32,865.0,0.299764062994131,0.3775396545547869,0.3970791474220178,0.4436985210186081
1775544780.1602247,1250.76,868.24,0.3015045464042893,0.38074644610414216,0.4007406549194124,0.4460172161931785
1775544780.1921003,1250.76,865.12,0.3034244365464822,0.38512853456205215,0.40715766382039853,0.4528744607003664
1775544780.2244902,1258.02,861.02,0.3041643610988397,0.3869102297993958,0.40854240644843126,0.45437022443716635
1775544780.25753,1258.02,857.3,0.3060922285709726,0.38838031630869835,0.40936651758730264,0.45408662991325033
1775544780.2882595,1268.16,853.2,0.3046499964255231,0.3881656553507768,0.4098076320488373,0.4533575300411239
1775544780.321911,1268.16,854.04,0.30484588345592634,0.3893617139388822,0.4122293124491377,0.45432489687265293
1775544780.3512225,1277.22,845.96,0.3062432609705161,0.38975167824929824,0.41226312166687257,0.4553405145194279
1775544780.3858879,1277.22,843.38,0.308727300899502,0.39336084478470357,0.4147137611472088,0.4576737166249374
1775544780.4161594,1285.12,843.06,0.30870883759047046,0.3934477846513449,0.4143729018757381,0.45845643253158186
1775544780.4498565,1285.12,840.14,0.3101220007340127,0.39604445894940676,0.41547317652216653,0.46134928037761747
1775544780.4960346,1292.48,841.24,0.3087725599551878,0.3947496908143363,0.4156492320232658,0.4611044572291347
1775544780.5281,1292.48,835.76,0.3092766048696162,0.3948638430676096,0.4159000629327358,0.4601260443447922
1775544780.5602586,1299.7,834.26,0.3105573181802738,0.3956505822270378,0.4152053203577403,0.45940206266055483
1775544780.592381,1299.7,828.56,0.31224012668068996,0.3968815494451207,0.4150532501072812,0.4600723219398262
1775544780.624013,1307.26,835.2,0.3118266159553104,0.395858756637168,0.4167946716471954,0.4598393350998246
1775544780.6561663,1307.26,833.58,0.31070384200364315,0.3948666019138285,0.41520288727786275,0.4601917949397997
1775544780.6882348,1316.0,835.76,0.3100489612779409,0.39516822719468847,0.4151933754266833,0.45941503424518043
1775544780.7193933,1316.0,832.6,0.3110429057462684,0.3951240519287719,0.41385216961018434,0.4591675417406237
1775544780.752288,1324.54,832.28,0.31018971639701926,0.3941111477281577,0.4143345471201728,0.45869081635514153
1775544780.783403,1324.54,834.16,0.31129742118716064,0.3944809629957984,0.41540951085213634,0.45897224122658553
1775544780.8172023,1331.16,832.16,0.3112345623394762,0.39607278003451785,0.41437880714597736,0.4586565556247463
1775544780.8642054,1331.16,831.88,0.3111368509956368,0.39537789328759415,0.41382050708084533,0.4585661182857316
1775544780.8979268,1340.0,828.68,0.31042445031895793,0.3942094255836711,0.4124333361688695,0.45906017975973673
1775544780.931703,1339.86,829.98,0.310187058009929,0.39374417835466363,0.4117687089671884,0.4575634204666405
1775544780.9781022,1346.4,829.2,0.3097759589603738,0.3940310671136291,0.4125248867974811,0.4584110654309161
1775544781.0083084,1345.64,833.12,0.30955391012647027,0.3940055119488362,0.41274138352415046,0.45756304889706123
1775544781.0427597,1355.1,832.06,0.3109803708750343,0.39560887778013776,0.41334862052503546,0.4577110495125098
1775544781.0780795,1355.1,828.98,0.3111907772280659,0.3946512374646543,0.4134145777488427,0.45700928760125964
1775544781.1207616,1364.78,829.86,0.3105338770598134,0.39503350078623073,0.4133930072932911,0.45698480855528384
1775544781.1524534,1363.98,831.12,0.30895760190791033,0.39266315284806813,0.4116534114024723,0.4569222471188736
1775544781.1847475,1371.18,837.82,0.3101897436869627,0.3931834502674196,0.41206457638686617,0.45491783142086023
1775544781.2184327,1370.04,840.24,0.31043459547927005,0.3922518078966605,0.41090557310926923,0.4546525933525414
1775544781.2641895,1378.76,839.92,0.30867172818002775,0.3908450942752903,0.4096784473337028,0.4539067958314965
1775544781.296218,1376.42,839.82,0.3062576787426216,0.38817679884700296,0.4063945216200537,0.4500641876673317
1775544781.3285675,1383.82,840.42,0.3063603193029392,0.38723292978276513,0.40505129399064643,0.449407007591747
1775544781.3623204,1379.62,842.36,0.3030354305743461,0.3793060565867001,0.3985816790449641,0.4434909617385867
1775544781.3961482,1387.68,842.98,0.3035784691644899,0.37302223705911086,0.39074875731256914,0.44049099791643
1775544781.4393563,1382.1,844.44,0.3026701387629172,0.37002435097914504,0.3884217928939422,0.43684855894137814
1775544781.473669,1390.64,840.32,0.30164509666645606,0.36691412448434313,0.3863568470442177,0.43518765012156074
1775544781.5062554,1384.22,837.9,0.29430930893551394,0.35237780166374744,0.3763575537387224,0.42844095669405874
1775544781.5404415,1394.22,832.42,0.28606225534425045,0.33427410909956046,0.3640999861668971,0.4205017865935094
1775544781.5854661,1386.82,834.86,0.2826108882596137,0.3029212906749987,0.33156455596571405,0.38938319735104404
1775544781.6162713,1394.84,836.22,0.2960530245714913,0.2718952378744012,0.30117768274036827,0.35563231733514045
1775544781.6495714,1387.72,835.28,0.26653660390713724,0.23496148441105807,0.26714190619761147,0.3283334696038652
1775544781.6796288,1397.14,831.58,0.2216722411796154,0.1822072844307582,0.22570260262363706,0.2982578722563856
1775544781.7138162,1388.62,834.48,0.18447121372012174,0.14372544869040713,0.18592125824507227,0.2814321220959332
1775544781.744381,1398.82,822.24,0.14863512175785518,0.12541146298702713,0.14958050520438868,0.2491913346111762
1775544781.778891,1390.36,824.14,0.1025442958155349,0.0889527326533874,0.13724965778962434,0.23595010272611194
1775544781.80831,1398.24,818.48,0.08561102858113698,0.05820810282871341,0.10447859628327053,0.19324213305546964
1775544781.8393905,1390.26,817.32,0.07167162418516411,0.047149947153394524,0.09188056144730207,0.16536793276630005
1775544781.8712451,1397.18,819.64,0.05854874891659396,0.03443192813003865,0.08002363617243166,0.1427590508423953
1775544781.9054146,1386.08,823.24,0.06230364253931278,0.033298339438750664,0.07033834361850852,0.127845787594516
1775544781.952265,1392.94,828.04,0.06496380361471454,0.029244371821955058,0.063089605056868,0.11279008285536718
1775544781.9833608,1385.16,824.26,0.07102731211338197,0.027099457833946364,0.04696571802596091,0.0934388610852372
1775544782.0163083,1391.06,828.34,0.0794294986496687,0.0326264350270519,0.03398017095607991,0.07861968483705936
1775544782.0484169,1380.86,830.46,0.08486055351809639,0.0319497272370647,0.026367566136566094,0.07189578069704909
1775544782.0799356,1388.86,830.12,0.09199813731162737,0.03674157052970149,0.01999946739118881,0.06514249046848633
1775544782.1122513,1378.38,827.2,0.09755582541099109,0.03940228877789539,0.01861367674197229,0.06015115898960963
1775544782.1440594,1386.2,827.78,0.10615002832723483,0.04311008987981666,0.017230410210085867,0.05879577822990653
1775544782.1790817,1373.84,831.96,0.11200200757741119,0.04995943031453545,0.02376444136612337,0.05768439829781773
1775544782.2088382,1380.18,831.24,0.12287483627645777,0.06327947966445323,0.03091549638375684,0.06426871441031368
1775544782.239696,1367.16,834.6,0.12411220826448256,0.06566162515712291,0.032673046974591745,0.05859870558926485
1775544782.2736738,1374.14,835.84,0.1321857406030249,0.07402624744821018,0.0372964193810167,0.05607175565605649
1775544782.307845,1360.72,830.76,0.13513619701233087,0.07793684714443863,0.03938433260325907,0.05945142334886508
1775544782.353685,1367.14,829.12,0.1372580421394868,0.08082753263998942,0.04075853253122993,0.0581206341426943
1775544782.3842287,1352.4,830.0,0.13643002910879218,0.08030098698643479,0.04319103316785774,0.05502833312970607
1775544782.415879,1358.62,828.78,0.13562688237695678,0.0813392810347331,0.04532852792974443,0.05291937194226629
1775544782.4484568,1344.08,830.16,0.13569583178801037,0.08048195452857573,0.041822584250014026,0.04911855959639251
1775544782.4793801,1350.12,832.8,0.1396068507645275,0.08324544128344691,0.04232041787445817,0.04752962904731218
1775544782.5113285,1336.36,832.9,0.1422602496620752,0.08430035460231765,0.04264238247192567,0.043328931804102744
1775544782.5438213,1344.62,832.82,0.14285710903451745,0.08533901336510467,0.043628522442465005,0.043035739780005244
1775544782.5794375,1332.08,834.3,0.14111311621740077,0.08290755326965682,0.03883278696184514,0.040124181644548715
1775544782.607445,1339.64,833.38,0.1458621926754729,0.08503958978451032,0.041040561768737854,0.0392999027658651
1775544782.6403584,1326.66,837.02,0.14577441013677486,0.08590922623028414,0.0412133782524449,0.036344132928618225
1775544782.6720977,1334.48,836.76,0.14437836664050194,0.0860043260108335,0.043720599514581696,0.03961257545902895
1775544782.7043817,1323.06,834.24,0.14785913803793307,0.08768463912263545,0.04424343919616822,0.03798453756529132
1775544782.738011,1329.18,834.58,0.15185917459579798,0.09079410641901546,0.043596855684254275,0.033385431863977716
1775544782.7848485,1316.06,836.02,0.14936480697610416,0.08744554788934211,0.04274535349691136,0.03631334722226028
1775544782.8163092,1322.72,836.78,0.14824979335156374,0.08714266859377451,0.04033805671036383,0.03628387576121609
1775544782.8495255,1309.12,835.42,0.14933693812709545,0.08666637590038491,0.036056803483584386,0.03149031307187001
1775544782.8797,1315.94,836.92,0.14659681697348553,0.0850863769391818,0.03996287760129075,0.038755187553702476
1775544782.9136176,1302.34,836.7,0.14912901106257245,0.08743712783884743,0.03884806245233206,0.03457176109452026
1775544782.9444041,1306.46,838.64,0.14839741112245639,0.08671890162478868,0.041140403044506696,0.0392443048676255
1775544782.979737,1294.26,839.5,0.14457249950934412,0.08356919694579193,0.03784900201959036,0.03931919107422828
1775544783.0081017,1300.7,836.58,0.14205411925012892,0.07888514463285355,0.03357228956933667,0.03993725497746499
1775544783.040166,1289.52,837.08,0.13953482686075272,0.07620690702153662,0.03516602011252054,0.04391383806491775
1775544783.0721936,1294.96,835.88,0.13730734031819844,0.07500261974983981,0.03353048622130307,0.04377571633509597
1775544783.104313,1284.0,834.8,0.1387913875391876,0.07467067977811716,0.029492974320821805,0.04289011397658
1775544783.1362627,1289.6,834.4,0.1374550435320128,0.07668769768874092,0.03324226301506429,0.04206195201269829
1775544783.169886,1278.94,836.76,0.1402203505906074,0.07751428711159442,0.03307953193875507,0.04168281294631658
1775544783.2163284,1283.54,842.28,0.1399592801890596,0.07776980548428543,0.03745742401205225,0.043870116450771886
1775544783.2482443,1274.0,841.66,0.14108806229864643,0.07707783655613447,0.03475409445921895,0.042609968847080085
1775544783.2818627,1278.74,842.44,0.1388892681771547,0.07707241282582969,0.034735836574790555,0.043474005352217356
1775544783.3275056,1267.6,845.94,0.14198476269263396,0.07978908689421398,0.03667617875583963,0.04184866658300256
1775544783.3601942,1270.32,847.52,0.13962377068889387,0.07595198985452044,0.03418505218886079,0.04172810290961292
1775544783.3923173,1260.72,845.2,0.14080760184703334,0.07873316251399343,0.036430203855458726,0.04163135553355419
1775544783.4260933,1262.42,853.4,0.13839513715770715,0.07572718852901551,0.03423565816317568,0.04195304576925657
1775544783.4713058,1252.86,845.14,0.1347480738369562,0.07164932403939696,0.032956394897504356,0.04681227708811742
1775544783.5058556,1255.88,849.3,0.13420616075224426,0.07168606326145709,0.03118097178403352,0.047121788551377754
1775544783.5361712,1244.26,856.3,0.14273793138025612,0.07710335211469056,0.03029729241272278,0.03749384317660713
1775544783.569989,1248.82,854.78,0.13679875047673287,0.07447465261470482,0.03396940327400893,0.045542106728876264
1775544783.6163542,1239.46,852.52,0.13691383505520557,0.07459882462928043,0.0324843624555171,0.04335422289577838
1775544783.6489186,1245.74,852.12,0.13391218980673475,0.0720227961566496,0.02726470732765904,0.042067727733422496
1775544783.6800418,1232.08,857.92,0.13440761809277446,0.07181897553666493,0.03145712852105096,0.04451176651470464
1775544783.712704,1237.04,856.54,0.1356521920988066,0.07298527136792202,0.02970108880964743,0.043388510601869316
1775544783.7460136,1225.24,856.4,0.13418963085773733,0.07014438330890128,0.0270676663572811,0.04735471103394605
1775544783.7916148,1230.14,860.5,0.13673632419909487,0.07351338058916654,0.03148008348299065,0.04416388061748172
1775544783.8231966,1216.4,864.9,0.13746110430672973,0.07506597852086265,0.034050337788265994,0.04432473190062782
1775544783.857074,1220.22,864.18,0.13689734006732557,0.07620364051055155,0.03652143712297283,0.04785858152401181
1775544783.89017,1208.22,865.4,0.13641560910365563,0.0740459470704428,0.03576294930088387,0.04760865924528565
1775544783.9361522,1213.96,865.68,0.1351368306913985,0.07607961917033557,0.03596466706139893,0.046322104608044805
1775544783.9681635,1202.34,866.46,0.13347069691034527,0.0741896383413344,0.03884402246167335,0.0547890484742431
1775544784.0004003,1206.48,868.12,0.13147805958409378,0.07519698773760175,0.040687149008357716,0.05706422352655513
1775544784.0313451,1195.26,875.54,0.1231030251006147,0.06856144180766933,0.05119503379260815,0.07416242766822208
1775544784.0645158,1200.12,872.22,0.11377117305970665,0.059891921218845054,0.050015907965481964,0.0869637414423556
1775544784.0961826,1188.94,873.04,0.09578652007161939,0.03828062622990975,0.05085247321881717,0.09451826666937298
1775544784.1275127,1193.88,873.14,0.0641076098816952,0.021852108261616432,0.05306769048379176,0.10916879548540286
1775544784.1611018,1181.84,876.62,0.05003425335023696,0.01599004114878352,0.06628916294073377,0.12136139958846394
1775544784.1955066,1186.38,873.04,0.04684804632431873,0.03882863821526987,0.07943153570116866,0.13925883805213676
1775544784.2401311,1173.58,873.6,0.061617902701952554,0.06894582752964334,0.10835326519752812,0.16765613555559367
1775544784.2712681,1177.54,876.3,0.07051367173378699,0.08903058794748703,0.1352012305680684,0.19786163938957535
1775544784.3056912,1163.8,872.22,0.09180373825537756,0.12061872505185685,0.15618815542613007,0.21785122208974525
1775544784.3351233,1166.72,874.4,0.1506024963624982,0.1944460178999941,0.22494468597885525,0.26157244125110063
1775544784.3685632,1151.58,872.4,0.19277955883774892,0.2558004766408108,0.2654825488424053,0.2868779825366935
1775544784.4004514,1154.22,874.48,0.21889618169550207,0.28902282228117354,0.29395771277425636,0.3250174071833199
1775544784.4323945,1137.6,877.26,0.2463972014382534,0.31802850250316916,0.3175626064175963,0.34544545881752
1775544784.4632082,1142.38,873.2,0.2647776103831172,0.3428416593415262,0.3429199213748294,0.36860138153056776
1775544784.5029473,1126.02,875.28,0.2827344077407634,0.36070905148261634,0.36266304719191317,0.385224784184554
1775544784.5275545,1129.5,875.38,0.3060406003142463,0.38567158300682886,0.38961829431832257,0.4150590964581634
1775544784.5594952,1113.5,876.1,0.30957334937970205,0.3886750133392408,0.3935263559711847,0.41913563007781224
1775544784.593595,1119.64,873.96,0.30903511707316267,0.38727641009843833,0.3922187035152495,0.4185774465541012
1775544784.640102,1103.98,875.78,0.31173469318238856,0.3892206388908586,0.39518253025202543,0.4241663635063834
1775544784.6723802,1110.54,870.72,0.3154143371025144,0.39222285804238877,0.39892847792375263,0.4300500522122564
1775544784.7031152,1093.6,870.96,0.3165109749677633,0.3928820354651499,0.4008690544248535,0.43554714029768127
1775544784.7363534,1097.78,869.98,0.31916080215175574,0.39707941411357667,0.40759408894126686,0.44350978175510847
1775544784.767327,1081.76,869.48,0.31891864335042097,0.3983163575052112,0.41358158708044174,0.44841337301569345
1775544784.8017602,1085.18,869.74,0.3199166961745319,0.40115333748478654,0.4141486721565163,0.45387989197000983
1775544784.8313837,1069.98,869.28,0.32170651393971156,0.40330793326422787,0.41863355013831377,0.4595356654382657
1775544784.865798,1073.58,869.3,0.32142702455620165,0.40555220121077,0.4196052836884227,0.4614438958713751
1775544784.8962164,1059.1,869.16,0.3210290831674113,0.4039932480122976,0.4210992310113387,0.46281351213686234
1775544784.929675,1063.16,867.92,0.3231636519021452,0.40610271648517376,0.42228595741486236,0.4611654979597579
1775544784.9604332,1047.1,869.84,0.3235269256056226,0.4075548264759119,0.4209041405375832,0.46418028113243126
1775544784.9920983,1052.26,870.34,0.3229916231894887,0.40687727278419766,0.4205663422325921,0.46424022035551066
1775544785.0258117,1038.62,862.62,0.3221109554987536,0.40579019641846187,0.42286730235622183,0.46433211476526287
1775544785.0722826,1044.84,861.84,0.3203148395784882,0.4043137141793172,0.42129238976454547,0.4642588716382242
1775544785.1042583,1029.22,864.92,0.32195774640369906,0.40531118470789873,0.4225415629615306,0.4668151523469754
1775544785.1363401,1035.52,862.72,0.3216332699341477,0.4061912155469399,0.42307563497393574,0.46646302149342
1775544785.1682782,1019.3,869.58,0.32310666009503525,0.4073174679484927,0.42187253502838307,0.46310680738420607
1775544785.2002778,1025.32,867.28,0.32251994731968614,0.4066101598517594,0.4221930217468817,0.4618357761700571
1775544785.2322376,1009.1,865.88,0.32485552404043905,0.4097623238114066,0.4247286595019879,0.465628165478677
1775544785.2633128,1013.38,865.36,0.32623486779370886,0.41128274431737577,0.42754013130527413,0.468664143219286
1775544785.2964008,998.32,865.3,0.32579019266841586,0.4106939928243157,0.4260671294346376,0.46870623950586626
1775544785.328538,1001.0,864.96,0.3286205005906843,0.412736645517523,0.4284656173870467,0.4701362876068959
1775544785.3602023,985.9,865.28,0.32698938923588605,0.4121782931679679,0.4255202728910379,0.466247228449488
1775544785.3924823,989.1,866.82,0.3263906704447856,0.41154274142348124,0.4266764933547191,0.467058691101378
1775544785.4264855,974.26,865.38,0.32794342958147354,0.4126481143986829,0.4274098477103463,0.4691487403995891
1775544785.4713075,977.12,866.94,0.32710812894760405,0.4120237218421796,0.42766062920948156,0.46897589186351313
1775544785.5034654,964.48,869.5,0.32627702019577604,0.4117587764437984,0.42724253599033934,0.4685522097010781
1775544785.5368528,969.04,868.56,0.32508156524687004,0.4105042656104784,0.42693752913617516,0.4694550038890023
1775544785.5697331,957.82,868.76,0.3249143499452438,0.4087991171335245,0.42670268598609784,0.4678911296088499
1775544785.6001933,962.46,867.82,0.32458526715715774,0.40979548281031153,0.42733931512790374,0.4685993246821885
1775544785.6313782,950.74,866.46,0.32490716290552296,0.40915375957212335,0.4262883665946107,0.466597891717746
1775544785.6644073,956.22,862.32,0.3243872871549393,0.41031116838958975,0.4250313341999368,0.4673518276912311
1775544785.6964493,945.74,863.92,0.325737022097786,0.4116830778607958,0.42855254330641734,0.46939849070261697
1775544785.728246,950.34,867.06,0.3232438414618619,0.4090942123159893,0.4228798091107862,0.4663484337133305
1775544785.7595532,940.18,865.92,0.3230499452181788,0.40852012522354586,0.42448562970369935,0.46708747625471164
1775544785.7914724,944.5,861.72,0.32434901231762914,0.41014924569196,0.4265557075063693,0.4686778666616474
1775544785.8244784,936.02,860.82,0.3243605882644653,0.40889779078568755,0.42568684290419484,0.46676175273006737
1775544785.858284,940.58,861.66,0.32489985645539127,0.41127946273105825,0.4273107210889978,0.4699744158770092
1775544785.9034176,930.88,859.74,0.32589002026074093,0.41131066795463783,0.4263757439054422,0.4677076361690035
1775544785.9361637,935.62,854.6,0.32590959776231054,0.4111836689297199,0.4264248128429467,0.46873234651363804
1775544785.967342,925.86,856.22,0.3268912770993329,0.4128533729156945,0.4253470203788494,0.46747736052819605
1775544786.0003052,930.4,856.04,0.32649098515033054,0.41282911555348223,0.4285231764622824,0.4715659654077991
1775544786.03226,924.24,856.6,0.32409066183173085,0.4112388212955136,0.42644427578436006,0.46915048889862593
1775544786.064367,929.08,857.1,0.3257224215835041,0.4115078367385275,0.4251905788198226,0.4660238226283003
1775544786.0960753,924.72,857.72,0.3268173572937413,0.4127960224199147,0.42722252843864705,0.4678595998015235
1775544786.1296155,928.74,855.54,0.32671496570628467,0.4120959047442816,0.4283669491729854,0.4691457596584161
1775544786.1602979,925.28,854.34,0.325751868982999,0.4100897643855022,0.42468620152753767,0.4661600115801701
1775544786.193662,928.54,853.16,0.329078041788665,0.41435172329437087,0.42875145608038084,0.46877112289235834
1775544786.2244434,925.82,853.96,0.32675121010915026,0.41185188358693475,0.4276781691246045,0.4670548421654664
1775544786.2562861,928.28,851.12,0.3275127909962354,0.413576591330904,0.42849494481962425,0.4675862989531802
1775544786.2905228,925.2,850.2,0.3282214643162855,0.41416139843047073,0.42869054852002514,0.46810252210162434
1775544786.3365033,927.56,853.56,0.3261480759564502,0.41243954137994115,0.427407520902065,0.47000816065640366
1775544786.368279,925.56,854.1,0.32618725057335046,0.4130816524271333,0.42763322998773434,0.46877854352973247
1775544786.400306,928.66,853.28,0.3268785604331465,0.41324997860013113,0.42725769991272045,0.4668501620909874
1775544786.4325218,926.74,851.86,0.32701354266868493,0.4126863596481322,0.4268034534976362,0.4672478285239203
1775544786.4642775,930.14,852.22,0.3254147183368608,0.4120799089159482,0.42462531584186264,0.4656776776226621
1775544786.4962568,928.2,850.62,0.3291316859047101,0.41507445685592986,0.42923873129709844,0.469151285911914
1775544786.5281467,930.74,850.9,0.3268780126596656,0.41221292667826026,0.4267092021102482,0.46590519381878737
1775544786.5602949,929.84,852.98,0.3288599879543611,0.41409353850473846,0.42720098906551884,0.46555306298406657
1775544786.591376,932.36,852.54,0.32709783051876384,0.4129227181855381,0.42579618185279666,0.46580434039136726
1775544786.6241975,934.72,851.56,0.32668925373308044,0.4119705908323862,0.4266030066018538,0.46880180412339345
1775544786.6562564,937.28,849.86,0.32542721158755405,0.41062391809193366,0.4252692183319225,0.4678911299270692
1775544786.6893067,938.48,854.7,0.3229394068297733,0.40762851786015386,0.4215506513092449,0.4657840103629167
1775544786.7230182,941.9,853.26,0.320573620973122,0.4052019951764579,0.4210575689796126,0.46539347965902716
1775544786.7694888,946.78,853.8,0.3155753475328328,0.397728396283654,0.41276823648997263,0.45777704624810234
1775544786.8004448,949.66,855.48,0.30643873705874325,0.38060738739014266,0.3994518386070213,0.4460407891597522
1775544786.8335044,955.54,856.7,0.28925250172530526,0.3451020811797462,0.36663569798307194,0.42115709980391636
1775544786.8643498,958.26,856.12,0.23725800643909814,0.28288949969061017,0.31803656387145135,0.3826992617346855
1775544786.8961723,966.84,856.26,0.17907148586678526,0.20872010603549862,0.2570469417230716,0.3391439372661662
1775544786.9282017,970.5,853.04,0.08712667084215103,0.10674510812606282,0.15881627248381466,0.25458194745080814
1775544786.9595375,979.46,855.14,0.06520041139433495,0.061539354895508123,0.10541124892349102,0.16488003682923916
1775544786.9924989,982.46,853.96,0.06096119665895636,0.044663553410692114,0.08591230341478982,0.133821914277797
1775544787.0242128,993.36,855.78,0.058338463855333894,0.026408321995686462,0.06668386863056322,0.11209621017356229
1775544787.0562224,996.02,855.08,0.06914967193438833,0.03223360055575783,0.05559586511007251,0.09547679148537525
1775544787.0873477,1007.4,855.34,0.07321401854886607,0.025857196100039365,0.03609122933822024,0.07893358616603387
1775544787.120963,1009.92,855.18,0.08225210507596613,0.02550619916060462,0.02833128086473315,0.07377762826492616
1775544787.1685107,1021.22,852.98,0.08463171418123218,0.03418973758452118,0.023955985484449282,0.06797190248268697
1775544787.1992261,1023.76,852.26,0.09679566152250652,0.03638019024856756,0.019964190829465007,0.06212589035632832
1775544787.232289,1034.52,852.1,0.10700684104555679,0.04452022364217335,0.02813461051037151,0.06241853817818016
1775544787.2630801,1036.7,852.16,0.1120213585069137,0.05305578373981512,0.030777866998197633,0.06770454710829268
1775544787.296333,1048.64,854.96,0.12047812029575132,0.06178053185139937,0.04325612447931842,0.07309475315469098
1775544787.3297064,1050.28,857.78,0.12801301619131608,0.07314831738043186,0.046054373146242236,0.06814637920892141
1775544787.360295,1060.9,856.26,0.13265524273201817,0.07804909246941309,0.04553203171033862,0.06977437031600592
1775544787.3937757,1063.16,856.74,0.13674701826135355,0.08387402038872736,0.05340421223444885,0.07093445865559397
1775544787.4243522,1075.88,857.52,0.13720997814856029,0.08247578690046835,0.05288061573349032,0.06991282640193174
1775544787.457515,1078.08,860.36,0.1372763263809071,0.08417389486533049,0.05158585824278747,0.06227678887224825
1775544787.4883585,1089.9,860.9,0.13634373886246473,0.08151714565772934,0.04777490196961257,0.059538195169840595
1775544787.5202463,1091.34,861.32,0.14014873295106384,0.08455650094218711,0.04925226677805095,0.060220639827963274
1775544787.5539386,1106.26,863.68,0.14017832291946192,0.0844661625609495,0.04941225620536202,0.06014222510624627
1775544787.600258,1107.54,868.72,0.14272861059287406,0.08565084638981027,0.047596413824389984,0.051985708596682896
1775544787.631228,1122.26,873.9,0.14130792819166133,0.0841599615834299,0.04558767884989614,0.054364740042911475
1775544787.6642547,1124.18,873.88,0.14584830701614424,0.08843022210021052,0.046003384883958415,0.05264558421278513
1775544787.6962693,1137.62,872.96,0.14388503449799972,0.08546783903419124,0.04170555734862336,0.048974894290923214
1775544787.7282188,1139.4,870.6,0.13584438672973376,0.0759293650608312,0.034033934292962316,0.0569362665850508
1775544787.7601151,1151.94,871.08,0.14472130445105283,0.08284052885103557,0.042992021274031955,0.051847099378896026
1775544787.7910054,1153.36,876.18,0.14101535328635492,0.07839349570662212,0.039036426446947145,0.05343122468576524
1775544787.8236394,1166.18,876.92,0.1370619024944807,0.07466025252757699,0.03208139443288541,0.05449016654681903
1775544787.8554044,1168.36,875.32,0.1365646791088619,0.07348484926472434,0.029756672229999916,0.055452880525795986
1775544787.887903,1182.48,875.98,0.1358481298303275,0.07269696053510316,0.028983126731938633,0.053983803263379544
1775544787.9201806,1183.92,879.0,0.12983439128199312,0.06719312646972457,0.023273562200798473,0.05871366270622075
1775544787.9545274,1198.6,879.98,0.12773528838658232,0.06520310340443225,0.021990901997836893,0.06136757622436766
1775544787.988173,1200.24,878.76,0.12726605670597604,0.06488527981825867,0.02082946792107329,0.060688186816294835
1775544788.0334237,1215.48,880.14,0.13083735462358537,0.06703624877764712,0.021844350474015273,0.059449543025832906
1775544788.063468,1217.44,880.6,0.13284283403461453,0.06906635621160226,0.022895145941968044,0.058002929379618325
1775544788.0977333,1233.5,884.44,0.12580191278634234,0.0614014864503972,0.022284473974485436,0.06355330501977552
1775544788.1283278,1235.32,884.92,0.13074723761524953,0.06782943338549118,0.026777307036737318,0.06203193738752127
1775544788.160304,1251.82,886.94,0.12788333311455674,0.06535669225820775,0.024561254993912443,0.06210933545076017
1775544788.191218,1253.38,888.18,0.12822889104395385,0.06626749000079772,0.022087829223716233,0.06136845508916545
1775544788.223733,1268.94,886.84,0.1297376642691381,0.06775527913340557,0.02280991992158836,0.05937060233635191
1775544788.2563176,1270.56,885.24,0.1275231235876967,0.06696827123529445,0.02218455988611566,0.05996652728054796
1775544788.2882068,1284.38,883.76,0.13131004432418422,0.06972962635688759,0.02103298628123296,0.05665183576992702
1775544788.3202877,1285.66,882.56,0.12591867405132595,0.06564945154077759,0.01721719811287015,0.06243737957951712
1775544788.3514347,1301.36,885.4,0.12815435244991458,0.06724008330046914,0.022277620176443958,0.05983669277587922
1775544788.3872914,1302.3,887.18,0.12804919681164298,0.06815962551327316,0.019416217484660308,0.06138409825848014
1775544788.417446,1316.88,887.12,0.12810013436777715,0.06815526383688118,0.020284300317644197,0.05987584726743762
1775544788.464257,1317.84,886.82,0.12780580576981326,0.06726002069283311,0.01943066410135063,0.06001194156900787
1775544788.4957411,1332.6,886.2,0.12861873262607407,0.06735815957595988,0.022133253164231318,0.06284821450886878
1775544788.5282207,1333.66,885.7,0.12887475220212988,0.06896987194388687,0.024019700201159826,0.05962113154641593
1775544788.5601594,1348.2,882.84,0.12673653445446825,0.06668280583223486,0.021224501413670244,0.05993942135714712
1775544788.5932102,1348.72,883.52,0.12768674181194756,0.06900130227006535,0.02187378883764303,0.061061171416829416
1775544788.6236043,1363.2,882.56,0.1259469359390017,0.06573420231788506,0.024456171652345843,0.0644657987549083
1775544788.6577988,1364.06,881.58,0.12591568823314886,0.06525376290484662,0.02353735182551757,0.06382262403669477
1775544788.696359,1377.6,881.48,0.12456782389175104,0.06445638999250611,0.025632266657806317,0.06651883721352131
1775544788.7218084,1378.24,881.36,0.12743488506196757,0.06645918853467286,0.02234653046017583,0.06139262911177483
1775544788.752347,1392.06,881.34,0.12775703307193417,0.06699953305455233,0.022355452350344775,0.06210434311992728
1775544788.7879055,1392.34,879.88,0.12838083433612268,0.06830951586247463,0.022517727980932656,0.060819943073635536
1775544788.8179023,1407.34,882.78,0.12561997869409613,0.065058198415061,0.022014395648605332,0.06475174691942547
1775544788.864387,1407.6,880.42,0.1264339600820522,0.06571426045679762,0.021798114316069532,0.06371642453398133
1775544788.8963196,1422.2,878.4,0.12498891154320634,0.06445667170854122,0.022242896579674393,0.06469725310016534
1775544788.9283483,1422.54,877.98,0.12526104428665652,0.06408274236707502,0.022674852187159547,0.0634207334296897
1775544788.9595866,1437.88,877.48,0.1254577183039437,0.06476171157337472,0.022056541553208558,0.06450454146758008
1775544788.9912622,1438.34,875.64,0.12434597893187559,0.0634072398879637,0.024142057957046884,0.06754782914229568
1775544789.0243068,1452.92,876.16,0.12287966904730838,0.06291979835510733,0.024639734278340007,0.06602212278614995
1775544789.0562673,1453.04,876.44,0.12190873671872994,0.06080585520510421,0.024988017522819247,0.06990184018738411
1775544789.088712,1467.88,876.36,0.12309561579959186,0.06307424873136198,0.024183404493610422,0.0658389166987043
1775544789.1203084,1468.02,876.08,0.12322316490249553,0.06210203125837897,0.023149265809240132,0.06721437050830525
1775544789.152286,1483.04,875.7,0.12439303393166828,0.06368024715978599,0.021879118580076715,0.06755668936139358
1775544789.1887796,1483.16,875.38,0.12021599479490848,0.060064388295964874,0.023464939026964924,0.07069747098710627
1775544789.2167406,1496.44,875.58,0.12010822004323012,0.059169096505757635,0.02461605218226835,0.07094767355402737
1775544789.2503252,1496.5,875.64,0.1203055333286025,0.059906888831889535,0.02374451624221476,0.06975447855463124
1775544789.2976294,1511.74,874.84,0.1177830643526832,0.05655750639565656,0.02698905783540409,0.07465282817940991
1775544789.3282793,1511.74,874.44,0.11891411013790895,0.060024189857873056,0.03131406509805277,0.0766261129339902
1775544789.36157,1526.92,874.34,0.12230653721569415,0.06482190240718544,0.04385113164274104,0.08282221162608759
1775544789.3913815,1527.2,874.06,0.1204119042843199,0.06366256674195675,0.044818967879784594,0.08740030397271684
1775544789.4242613,1541.38,873.58,0.1167555287093161,0.0615083341421772,0.047710605494798164,0.08914520034699364
1775544789.4559762,1541.38,873.76,0.11282254612824733,0.0570638119958492,0.04043763674119533,0.08996973602809873
1775544789.4893143,1556.9,873.92,0.10209619907589643,0.04449870985754391,0.04384694281084449,0.09011032330745536
1775544789.5202277,1556.9,877.32,0.08511831968015393,0.028756062004864198,0.03889970545744336,0.09237924624606393
1775544789.55229,1570.54,874.62,0.06855296627585772,0.026728666237708646,0.04711003432898854,0.10464048728920194
1775544789.589391,0.0,0.0,0.06244553893410802,0.026494945785017262,0.05565315971899049,0.11237364469589854
1775544789.6162338,2047.0,871.62,0.05458655176368097,0.043123276822117015,0.076187112325786,0.13317555457225072
1775544789.6483269,2047.0,872.98,0.05902949698846362,0.059892384508592286,0.09379644737166118,0.1585221382144267
1775544789.6821115,2047.0,873.72,0.06243897209977121,0.0554094813778361,0.0894973702403277,0.15257745448184074
1775544789.7287683,2047.0,877.28,0.07119939061031783,0.08441104175297515,0.1280870410946147,0.19135723148373937
1775544789.7618496,2047.0,881.06,0.0987333792243038,0.11615094704992038,0.15152853907611064,0.22305687006537797
1775544789.7926347,2047.0,877.12,0.15818673895743843,0.19578286781699863,0.2310912789193083,0.2678206168981506
1775544789.8242419,2047.0,875.2,0.19689829360667926,0.2597731566638365,0.27808768123640104,0.3015570045109465
1775544789.8578515,2047.0,870.76,0.22743264371825891,0.29395480186854717,0.3042409933827403,0.33689939031141153
1775544789.8899899,2047.0,871.18,0.2533586261219405,0.3147814640583049,0.32541552520381706,0.3587391947547592
1775544789.9218135,2047.0,871.32,0.26879132060579386,0.33285952598953067,0.34040694650814246,0.37292750437381056
1775544789.9523158,2047.0,873.36,0.28164962396373194,0.3491302130824147,0.3576914749157725,0.3912819110844416
1775544789.9900198,2047.0,867.04,0.2885609171269871,0.35732432508515993,0.3673453701766497,0.4060049868270847
1775544790.015415,2047.0,866.02,0.29335089461346303,0.36453193937620404,0.3748596987860518,0.4181380234589949
1775544790.0485814,2047.0,863.82,0.3031014434852827,0.3725883077263944,0.38396385271849515,0.42923827942937
1775544790.0804267,2047.0,865.54,0.31140676286326235,0.3792968444855319,0.39090926167471496,0.4369233889175223
1775544790.1139357,2047.0,859.7,0.313504628397631,0.38300823540858436,0.39637832016842756,0.444877175870053
1775544790.1603656,2047.0,859.5,0.31349779541084144,0.386634308153933,0.4028432818391564,0.4531376528019553
1775544790.1912189,2047.0,855.5,0.31327130307490636,0.3889872864880821,0.4085199199529938,0.4582494712564019
1775544790.2236948,2047.0,858.24,0.3157764227412301,0.3929492680268768,0.4119934568369611,0.462833815357569
1775544790.2563443,2047.0,854.08,0.3196750891885833,0.3939243468518357,0.4124737033431238,0.46501393768755583
1775544790.290354,2047.0,855.64,0.3229471058682674,0.3966995200087117,0.4150524926795919,0.46642030804060786
1775544790.3203573,2047.0,850.48,0.32040389034899897,0.39710946438312317,0.4171354934339142,0.46766105960544035
1775544790.3678205,2047.0,851.12,0.31912333752365,0.39639877003235746,0.41579732948268694,0.46830919140081384
1775544790.4018927,2047.0,845.32,0.3220026428058673,0.39628765418291134,0.41480381004299754,0.46744694648392016
1775544790.4483137,2047.0,849.32,0.3190068885537599,0.3964131366449651,0.41459224224912483,0.46837814937389827
1775544790.4814832,2047.0,841.48,0.3245220032402309,0.3991900530358805,0.4177427927723591,0.47013880684069026
1775544790.5150967,2009.96,845.16,0.3250044644495201,0.401255184623498,0.41956092922282195,0.47099287319026967
1775544790.5616298,1972.74,838.12,0.32635185533212213,0.4013066907581272,0.4202886078678338,0.47217084551976485
1775544790.591848,1937.12,840.8,0.32529347849596557,0.39978377799540915,0.41741192112626135,0.47027837654360366
1775544790.6256027,1901.34,833.9,0.3234736316425156,0.3981376210599288,0.4162120113038185,0.470904433062647
1775544790.6562226,1868.92,841.08,0.32448612588026526,0.3973584580924864,0.4159357636910947,0.4708523396066885
1775544790.69102,1829.98,835.1,0.32141425308152627,0.3983259529327815,0.4173541920995336,0.4698107435361124
1775544790.735974,1795.74,838.46,0.32010883662720047,0.39710854878831225,0.4161618954599587,0.46879414966178595
1775544790.767491,1754.96,829.84,0.3209513451737278,0.39882258742596205,0.4171249742249854,0.46900444836699323
1775544790.8004313,1720.06,832.58,0.3230427086850009,0.39899379291485265,0.4177881389933119,0.4710976287291022
1775544790.8343894,1680.58,828.4,0.3216362478103017,0.397019579888079,0.4167279071199557,0.4690250711166217
1775544790.8802838,1644.66,831.96,0.32014459158200603,0.3962069381170526,0.4153916682967353,0.46857155399892186
1775544790.912381,1607.92,826.12,0.3228002036242371,0.39977940959315583,0.4158178188919196,0.47133029038560637
1775544790.9442363,1570.94,828.32,0.3208271988190117,0.39914387939495555,0.4165252541685694,0.47103969789780203
1775544790.9780035,1534.66,823.56,0.3237604830678049,0.4010570902158718,0.4183382881308031,0.47002207142416796
1775544791.024378,1499.14,826.34,0.31858645913126177,0.3974255443062574,0.41535634374895264,0.4689027196915532
1775544791.0562198,1463.14,821.42,0.3227738169900446,0.3979795767575328,0.416274023721485,0.4696226214364825
1775544791.0914373,1427.96,824.92,0.3205332360588388,0.3978874761601499,0.41446104438998593,0.46987003835732577
1775544791.1224732,1391.02,819.96,0.3219391978646519,0.4027201269340465,0.41661322287017744,0.4701937360523906
1775544791.1700623,1356.32,822.32,0.32174183166994896,0.4013795461190926,0.4159209226060369,0.46975799122185596
1775544791.1994646,1319.14,819.16,0.3211625673050777,0.4012329318383853,0.4157991724350657,0.47036836898820683
1775544791.2336245,1285.28,824.2,0.322396717147285,0.40310947133072994,0.4169989713716304,0.47077368636909317
1775544791.267362,1250.06,819.42,0.322550604541938,0.4021893000519847,0.41693267124950595,0.4721103759119529
1775544791.3130047,1215.62,821.4,0.32240989019024485,0.4017369143777719,0.41723614618698995,0.47208463344153573
1775544791.3432508,1178.18,818.0,0.32211723654660845,0.4026665253294883,0.4172386945313905,0.47192928350127117
1775544791.3762953,1143.42,820.14,0.3233851139980177,0.4028853742739103,0.4174518988283769,0.46811381756154974
1775544791.408294,1108.4,815.42,0.32074085874555425,0.4015206647377057,0.415858117535488,0.4713957930214407
1775544791.4402888,1072.24,817.06,0.3217431561454803,0.40115374586582986,0.4148694572886273,0.46896774512870165
1775544791.47131,1031.34,812.76,0.32016324687746917,0.40194884730561015,0.4157661904445932,0.4718783143027023
1775544791.5032227,996.4,815.58,0.32110192242995084,0.4044199505736922,0.41423538068866206,0.4707837704983718
1775544791.5366542,958.22,811.48,0.3237800868233621,0.4041162363939083,0.41697831639771077,0.4705229022405847
1775544791.570755,922.9,816.34,0.3244197614728763,0.4052404808129267,0.41739088036742455,0.47101680128968876
1775544791.610468,885.58,810.3,0.3226998096015232,0.4043892018842437,0.4168431630009099,0.4710412370161412
1775544791.647195,851.34,812.68,0.32392377508552056,0.4040340461637565,0.4195402735662682,0.4723946912177157
1775544791.6804006,814.1,808.96,0.3242403175118547,0.40417109690710945,0.4179162532510058,0.47082706197316
1775544791.7121716,778.8,810.64,0.32222421605282764,0.4034931140729335,0.4185604374581054,0.4705564979536188
1775544791.7441595,740.78,807.32,0.3208327699543124,0.40186993628995965,0.4151131005196049,0.471566590490736
1775544791.7755187,704.44,809.62,0.3220536652050254,0.40278641818254407,0.41744907658513897,0.47120899812882955
1775544791.8095448,666.4,806.62,0.32060178471216466,0.40342336865735545,0.4165238650920305,0.4708266271986831
1775544791.8403811,630.44,808.12,0.3236320011573624,0.40407910308063555,0.4175359759927611,0.47057555608012935
1775544791.873636,592.66,806.04,0.32242767602397154,0.40520994246565045,0.4175649601103506,0.4728855457154486
1775544791.904328,558.14,808.5,0.3220308546816252,0.4042939307983048,0.4182456782159793,0.4722639428462287
1775544791.9377484,520.52,806.8,0.32163084044285356,0.40276849298661566,0.4170739519629738,0.47073788945530903
1775544791.9715078,486.3,807.02,0.3197314312691096,0.4006263280999736,0.4152753435955788,0.47149628585198383
1775544792.0140736,447.78,804.86,0.31999837481010973,0.4024977129019316,0.4159217690675742,0.47188452631058425
1775544792.0484276,411.98,803.46,0.3200883879361066,0.40185261966558744,0.4152220870070034,0.47051487028854566
1775544792.0803044,376.72,803.68,0.3212227228473963,0.40306676548982096,0.41525070217036164,0.47037159503078785
1775544792.1122072,341.9,805.86,0.320425055068527,0.40211938433063893,0.41641983698928253,0.47108595520042196
1775544792.1441782,305.64,807.2,0.32028007461854446,0.40342052454616656,0.41573734614989405,0.4709195570761479
1775544792.1754043,269.32,806.08,0.3221740454961787,0.40257182607573305,0.4163508146052452,0.4691022778721023
1775544792.2084563,233.04,808.86,0.3209107334191459,0.4019900608265236,0.41620362701353547,0.4694560238597034
1775544792.2402341,233.64,806.82,0.3208760652586549,0.40051224211349523,0.4152061428925701,0.4690861949185982
1775544792.2723286,234.68,808.2,0.32208372966893845,0.40302592888140537,0.41533762023523446,0.4707885631459211
1775544792.3043084,236.16,806.84,0.3202233522246723,0.40267666880866115,0.41417874029574336,0.4702703208823133
1775544792.3364613,228.26,807.0,0.32148232366615104,0.40320026375938434,0.41530941969229096,0.4719481125098983
1775544792.3703158,226.42,806.64,0.3203679467793298,0.4013908646076389,0.41501535732110006,0.4704920707257563
1775544792.4150784,228.34,807.62,0.31883989437222127,0.4012140016380138,0.4148896591331494,0.47074542781492035
1775544792.4497821,227.32,807.28,0.318840087531695,0.4012914592490601,0.4154440297031724,0.4701040709888249
1775544792.4805412,233.48,810.06,0.31963483254669883,0.40098453330514244,0.4154105706103814,0.47007683943659573
1775544792.5128398,231.46,809.36,0.32238741032458335,0.40183774134082284,0.4169956668223672,0.47259308648129567
1775544792.5448205,237.4,808.34,0.3204703987645183,0.4014413338585854,0.4142256535263043,0.46974932458298274
1775544792.5778484,238.3,806.86,0.31642757569590196,0.39404086811757366,0.40695899905284166,0.4609832323113259
1775544792.6083882,238.34,808.16,0.301729851113412,0.3670693016231703,0.3848059032716132,0.4437728530163391
1775544792.6402216,239.54,807.5,0.25662308085540353,0.2913771935115105,0.3282174110828338,0.4133009608390195
1775544792.6723824,239.0,807.74,0.18824672767766346,0.214066813191364,0.2657659153535079,0.3665794135013851
1775544792.7044587,238.88,806.32,0.1121692224740483,0.1425884448010137,0.20073499237435558,0.32937761418131656
1775544792.7364166,239.3,806.68,0.09239444163210288,0.11624821351104751,0.17007893683863493,0.28655568495535466
1775544792.7683697,238.4,806.98,0.06188864346963333,0.07202246221215783,0.12499396292469861,0.19321246380535248
1775544792.8019915,239.96,807.6,0.053724212029900194,0.039564901077745504,0.09004813513476487,0.14265844195163294
1775544792.8482742,240.2,806.06,0.051541450972091396,0.03194775430376381,0.07783166982975052,0.1280383628912342
1775544792.8800683,240.98,807.02,0.06978955694309814,0.023096253559204707,0.053003054353009234,0.09846992752632658
1775544792.9120653,238.32,803.58,0.08585708174793334,0.03543118356073985,0.029845785255901966,0.07599016867767805
1775544792.9443328,236.92,802.4,0.09651601475397009,0.03863654393733159,0.022710323076559336,0.06637177202061438
1775544792.9761665,235.48,802.34,0.10987536372606425,0.05269613956325464,0.022037141496739365,0.05866798060031952
1775544793.0085156,234.74,801.86,0.12327292231260746,0.06950866864071999,0.04056492657060927,0.06718116843165965
1775544793.0401495,234.04,801.6,0.132761488994709,0.08371162481268439,0.050792799367615216,0.07018120456210207
1775544793.0735283,231.84,802.76,0.13848010421801363,0.08604693336854026,0.0538905733815943,0.0719829186821733
1775544793.1041322,232.48,802.18,0.1407186528141982,0.09021437016239456,0.05428899366572966,0.07049284921169453
1775544793.137616,234.64,802.18,0.13845091297414672,0.09058889543033938,0.06017333309146333,0.07853982194875013
1775544793.1685476,233.58,802.14,0.13573014918652063,0.08918617509736616,0.0641600955549617,0.08030364569827587
1775544793.201838,235.28,802.6,0.13763079609361328,0.09085350289762345,0.062418710054965534,0.08166008648187666
1775544793.2355957,235.08,801.54,0.14061348838761922,0.09263235096061725,0.06674285830207886,0.07680952535532491
1775544793.2793787,232.84,803.32,0.13601553413018094,0.08670503465350268,0.06259162742279097,0.07830755787715384
1775544793.3124459,231.92,803.68,0.13852165868390218,0.09003978197178893,0.06961770710386017,0.08178532157285588
1775544793.3431435,232.56,802.94,0.1291073184135953,0.0780900498230069,0.058911152592395814,0.0822510241627607
1775544793.3761203,232.64,802.66,0.12606981203882267,0.07840666134588108,0.06844808563017082,0.08925551898192723
1775544793.407402,235.56,803.38,0.12285069539471391,0.07565776069622775,0.07139902023391399,0.09586595182662913
1775544793.4404593,237.06,803.02,0.12406296626043581,0.07248342173185801,0.06535501314616296,0.09209759436143732
1775544793.4721951,238.88,802.96,0.11846320892275394,0.0703429836637578,0.06470734242731188,0.09404546609419394
1775544793.5035136,238.78,802.78,0.12059992205522783,0.07007504763373912,0.06255632912082049,0.09247619082641871
1775544793.5359797,241.04,802.62,0.11919226399979027,0.06698073390561672,0.056071465321484,0.09135237152680051
1775544793.568295,239.6,801.66,0.11759515718737368,0.06612423156092406,0.05520043155531132,0.09578000925307867
1775544793.5993302,239.52,800.68,0.11828178940407508,0.0646357198381863,0.049777781734896866,0.09040511489832288
1775544793.6323853,237.58,800.24,0.11812059829412688,0.06191481608415058,0.04950385388274856,0.08951891729389556
1775544793.6660872,240.44,800.24,0.11478002927888935,0.0626364549230268,0.04949638290261089,0.09125469863315402
1775544793.713829,240.74,803.92,0.11448387029374624,0.0630247428484479,0.05093629356890679,0.09440660860591642
1775544793.7444112,237.38,802.72,0.11966737637966764,0.06708271411558735,0.04832970676094946,0.08938073373184434
1775544793.777675,236.56,802.96,0.11348553152937871,0.060104355497413275,0.0464273556629154,0.09222503774029904
1775544793.807259,235.94,801.62,0.11045871242600512,0.05866545253783349,0.04992070317533909,0.09647503486560143
1775544793.8419278,237.2,802.42,0.11437476011376414,0.06138502666879021,0.049297503021114845,0.0954515188908121
1775544793.871157,236.36,799.86,0.11271542159196614,0.05960888766616145,0.04777499899664757,0.09580678267485414
1775544793.9044206,237.46,800.44,0.10996241457357092,0.05779609818686385,0.04726763302399459,0.09757173953180066
1775544793.936128,237.48,800.06,0.1135856196523808,0.0605079641378251,0.049579210978158796,0.09714358494418633
1775544793.9681518,237.24,801.06,0.11368423483098374,0.05985574585246686,0.04924177500592052,0.09624789568560967
1775544793.9991157,243.8,801.84,0.11333682430826797,0.05930057445639352,0.046296108804142304,0.09291286535993025
1775544794.032331,242.24,801.2,0.1119326062820225,0.05847686057558285,0.04818338598735352,0.09675001979230101
1775544794.0660138,242.98,801.2,0.11154909810304514,0.05851688582704765,0.04705827198271839,0.09532497655042893
1775544794.1123219,243.14,800.56,0.11000900353158805,0.05662021922954112,0.050181696696298135,0.09848347959454024
1775544794.1440623,240.32,801.02,0.11235949202508666,0.060640558836820124,0.04733885566494239,0.09494822417864933
1775544794.1764982,241.02,800.46,0.11035865849018493,0.05882110194383388,0.05202261785650923,0.09998842353274294
1775544794.2104475,238.78,801.74,0.11073406880223254,0.05681584352514371,0.047805223509671854,0.09712366788830962
1775544794.2563984,238.78,801.88,0.10792278693158502,0.054460521843963335,0.04822872475202021,0.09885002947824993
1775544794.2882695,238.84,802.0,0.10899553088840028,0.05806702198886844,0.04948954409188502,0.09690078036746329
1775544794.320341,238.88,801.38,0.10804767151688346,0.058179682584116266,0.05386613270005054,0.10233664174473163
1775544794.354117,240.06,801.88,0.10988513462785843,0.05874592587282909,0.051502777372202234,0.09797935635200129
1775544794.3888912,239.32,802.12,0.10975607859540552,0.05852374310931625,0.0486878035804818,0.09500353386500344
1775544794.4337497,238.64,803.0,0.11030567486181941,0.058341281689756504,0.04901627058307829,0.0954398172160532
1775544794.4643114,239.24,802.52,0.10952483073593822,0.058459415080596995,0.05282421425712034,0.10060740448692469
1775544794.4978838,239.4,803.42,0.10920654841431238,0.05861998899047367,0.05164796042322687,0.10136163523116926
1775544794.5326874,237.62,803.82,0.11103184787590473,0.05841289239931356,0.045880155316646215,0.09758167397890387
1775544794.5748312,237.42,803.66,0.11103920771253745,0.05844060475131201,0.045718986389066886,0.09771553559799544
1775544794.6082869,237.72,803.94,0.10768515993865634,0.056763277025397366,0.048317080138176774,0.10159351903478463
1775544794.642003,239.24,805.32,0.10924033820758293,0.057734236562940175,0.04950219895542115,0.10026634639798493
1775544794.6874983,239.6,806.66,0.1101627604458957,0.05962783508177057,0.0491246409343776,0.09910456202974278
1775544794.7203414,241.12,807.66,0.10729706813935103,0.05616699563478518,0.04922379262226316,0.0997148470136499
1775544794.7521832,241.8,808.12,0.10894826821074279,0.05885895199934451,0.05057955563953918,0.10019155698493298
1775544794.7857804,242.44,807.96,0.1078917999105745,0.05707044461423891,0.05235169694798556,0.1021442863520352
1775544794.8322716,242.3,808.82,0.10975850414913063,0.05910508860301215,0.05259743559230218,0.10095267621541633
1775544794.8643425,244.78,808.52,0.1102852834519281,0.06049317250008094,0.05321211938891781,0.10045869029512891
1775544794.8958447,245.26,808.72,0.10785753408402733,0.056879861429688684,0.04978557214781088,0.09925867850595531
1775544794.9275596,245.2,807.34,0.10793639631117906,0.056365594969680306,0.04752624167268581,0.09863104977362082
1775544794.9602711,244.28,809.0,0.10680783137912149,0.05656927413289526,0.050409122440355746,0.1027627176596112
1775544794.9960105,245.66,807.8,0.11028823656601694,0.05972318114791038,0.04965460207732975,0.09816015485855936
1775544795.0261152,245.04,808.94,0.10732753828486634,0.05546881341827865,0.04685528148119162,0.0987364779602271
1775544795.0562153,246.58,808.32,0.10885302326151368,0.05761802719821417,0.04680045162615685,0.09890678376298434
1775544795.089947,246.02,809.92,0.10903400412368301,0.05772989790890449,0.047517776473594335,0.09841656980253392
1775544795.1352324,244.78,807.88,0.10814108563702197,0.057962893659622566,0.05013410895963284,0.10153739955538373
1775544795.1695743,242.72,808.88,0.11015760958035477,0.0580480296682143,0.045985659425990255,0.09819372659060177
1775544795.1989572,241.88,807.36,0.10731025718250396,0.054988398309044985,0.046372582113681934,0.1004956835261929
1775544795.2315185,242.16,807.44,0.10687989421725325,0.05646501069033726,0.050707016979564055,0.10267535002791071
1775544795.263384,242.08,805.28,0.1077926196869759,0.055915259420945176,0.045029612353415356,0.09838227815159098
1775544795.296856,241.22,806.26,0.10917825503500864,0.057393552806587485,0.04806619120581882,0.09916532860715432
1775544795.3286269,242.34,805.4,0.10604993667572396,0.05528630360281998,0.04712598772487997,0.10042611601384696
1775544795.360567,242.64,807.36,0.1065193308453905,0.056652771921014526,0.04876009687387706,0.10153946997347886
1775544795.3963263,242.28,805.96,0.10678018819067793,0.05626046419432635,0.047007039870769464,0.09934920757516001
1775544795.4236422,241.4,806.28,0.10738822774207028,0.055868525419771116,0.048409850041115234,0.10129951144119322
1775544795.4550717,243.92,804.48,0.10725173100609697,0.05611070036143539,0.0500615298084259,0.10131534113611863
1775544795.4889388,243.52,805.08,0.10269455043576041,0.05465662133252902,0.05413471451420248,0.10574991873739137
1775544795.5222414,243.84,803.72,0.1036324057125959,0.057839266335363085,0.05885918821323674,0.1064652171039057
1775544795.567431,241.86,805.36,0.1027071979493639,0.05666248196500095,0.057394324621675916,0.10590765606300133
1775544795.599215,245.44,804.94,0.10475299342327817,0.059386109528314836,0.06370985543511823,0.11175765144046493
1775544795.6323676,244.66,806.04,0.10092165764076112,0.06100226286860537,0.08434161343936622,0.1283485468375833
1775544795.6678803,244.2,803.98,0.0996680225165064,0.05180324064916998,0.06736046481181397,0.12070711886504702
1775544795.6970775,242.42,804.38,0.07945513539570133,0.026954333539349284,0.06957968588416774,0.12004196336627043
1775544795.7296185,243.12,802.22,0.05195609917711396,0.022808647559078604,0.0795910757349352,0.13449008589836184
1775544795.7592387,241.82,804.46,0.05320164965963808,0.06475306926635938,0.12243137981729497,0.19941347590963865
1775544795.7925193,241.88,801.9,0.06605594997255468,0.09608148571838801,0.15974570441725164,0.24305554629833032
1775544795.8241396,240.32,803.84,0.0993744675026441,0.12793414612363105,0.18557842350723452,0.274249353624052
1775544795.8563159,240.82,801.1,0.1746221440089441,0.22049000488112244,0.2644088074065467,0.3224606180847889
1775544795.8882558,242.5,803.26,0.23536616337214977,0.29784175780500466,0.3210320551628624,0.3688428952396158
1775544795.922487,242.5,801.14,0.27161155965774747,0.3290506419143954,0.3457115644135445,0.40031119220731515
1775544795.9681869,241.96,802.08,0.2773911330674586,0.3342404271963881,0.3492629028696496,0.4002568372488404
1775544795.9994125,241.9,800.26,0.2980788011714402,0.3676123660680277,0.37642850019339813,0.42996780040734606
1775544796.03233,241.14,801.74,0.31078477253477627,0.3860111194185747,0.3974996524448175,0.4481626255501898
1775544796.0642924,240.64,800.14,0.32101409067191494,0.39498708201351834,0.4083544649420256,0.4580675389878082
1775544796.0976572,240.7,801.52,0.3238961809994762,0.4032346904369354,0.41869113747003317,0.46514786312395484
1775544796.1283367,241.04,798.98,0.32852047933224887,0.40713273247235565,0.4240079601726547,0.4717980637799866
1775544796.1594286,241.3,800.3,0.3273014486011267,0.4095199013399113,0.42476829583213804,0.4763294080499406
1775544796.1924014,240.28,797.32,0.32882391553107393,0.4128428034716107,0.4261109412983856,0.478683169389673
1775544796.224271,240.56,798.58,0.32890665384590234,0.41129609255191224,0.4284759730988182,0.47968892933818164
1775544796.2562435,241.54,796.88,0.33079527861059527,0.4136725372732638,0.42765433288802807,0.47861692707226755
1775544796.2896652,241.4,799.26,0.3302357129451857,0.4162345714308914,0.431892030888926,0.4836817948944644
1775544796.320404,240.6,798.36,0.3314636180403337,0.4170686321265965,0.4309523832471529,0.4830268838085266
1775544796.354194,241.82,798.48,0.3313462600543674,0.4166663741639238,0.4317773220942495,0.48391444149522844
1775544796.398887,242.0,796.54,0.33193193190726566,0.4167309511682226,0.43276471493641633,0.48375552243457887
1775544796.433757,240.84,796.4,0.33148552664203124,0.4156912842417321,0.4309643579181112,0.4837306187888469
1775544796.4633758,241.4,795.44,0.3321064053176342,0.4189495932895736,0.4330768089584484,0.48505176031579633
1775544796.498432,241.04,796.0,0.3325633982923325,0.4206997661801588,0.43526116362054595,0.4872972852754189
1775544796.5272086,240.56,794.78,0.33746208628683405,0.4241136946681472,0.43804765982446275,0.48884914322859424
1775544796.5602753,239.54,795.7,0.3360262025612864,0.4240682107971065,0.43898311786781175,0.4906985759120711
1775544796.5915258,239.88,795.56,0.33415671279087766,0.42311155918030635,0.4377219119789107,0.48903403935595535
1775544796.6231892,239.26,795.0,0.33853953709753903,0.4231186254879516,0.4382695719379347,0.4874044982267692
1775544796.6562579,241.42,795.92,0.3343408603915363,0.4216606889808344,0.4367317366423092,0.4872075467835849
1775544796.688299,241.22,794.78,0.33738678803010663,0.4234578784173853,0.439612183603308,0.4874993361759378
1775544796.7195122,240.5,795.56,0.33789192673450735,0.4242886678163824,0.4407956323546342,0.48873822800939865
1775544796.7521687,239.62,793.9,0.3356413979367,0.4226502416090593,0.43824113746878807,0.4882275446292744
1775544796.7858112,239.22,795.22,0.3344512398408732,0.4225434310635024,0.43646436189238164,0.48660191524914165
1775544796.83205,239.46,794.88,0.33366746283753995,0.4220086906051715,0.4369559755600209,0.4879232548121468
1775544796.8643374,240.7,796.38,0.33447496108848307,0.4217632343238247,0.4383744252053258,0.48832375716455734
1775544796.8993492,240.12,796.26,0.33623738550707133,0.42494429710257065,0.43977659337025043,0.4876565386837659
1775544796.9294634,239.58,799.3,0.33571569779327864,0.425674057054475,0.4392116056797357,0.4909609864999106
1775544796.960429,240.42,798.52,0.3353771549199592,0.4257041379397307,0.4394104511114355,0.4920652600242977
1775544796.9936259,241.56,799.64,0.3369856680190802,0.42552122170482803,0.44064220162121304,0.48924790642038574
1775544797.0244598,241.2,798.26,0.3362555868272917,0.42638386041114695,0.4391928353069537,0.4907057745376075
1775544797.0577767,241.8,799.56,0.3361756738004512,0.4257471385665518,0.4410356986199326,0.49203516822410304
1775544797.0883372,242.62,798.0,0.3364595547926458,0.42627366725014487,0.4404604200918404,0.49264552077424567
1775544797.1203642,242.94,799.2,0.33551972608424435,0.4281621970803385,0.44097136152267385,0.4931391133925464
1775544797.1524959,242.56,798.7,0.33846499412814907,0.42653823459666973,0.4420557912138926,0.49261431197685074
1775544797.1861198,244.1,800.6,0.33681283817402846,0.4266522706158956,0.4401949034506045,0.4925400156028996
1775544797.2328172,244.66,798.18,0.33734801922212415,0.4270481815015664,0.4413261285494521,0.49436312135237886
1775544797.2631857,242.64,799.54,0.3356026280642674,0.4264635490784215,0.44170148240588014,0.4943652239383845
1775544797.300235,242.18,798.6,0.33581610225616554,0.4271529367272302,0.441896381608499,0.49368722532243203
1775544797.3275464,242.64,799.96,0.3359760394316373,0.4257689630479736,0.4426236662871988,0.4948684597174283
1775544797.3603148,241.9,799.32,0.3347607360422427,0.4293427159291667,0.4439516195958323,0.4957593724966687
1775544797.392148,242.7,801.34,0.33569238837401905,0.4296583806942772,0.44214898225756166,0.4946090977217677
1775544797.4243133,243.34,799.9,0.3357174603833798,0.42953853376716367,0.44163217288078416,0.495722588840007
1775544797.4562366,241.9,801.48,0.33689142045750065,0.42734010186503674,0.4429377603096367,0.4944096487481118
1775544797.4873316,242.06,800.4,0.3350370209535058,0.42804385929638067,0.44324931821644614,0.49661166562106124
1775544797.51918,242.98,802.36,0.3374403597395432,0.42665893855000936,0.4450944804476023,0.4955830144171402
1775544797.5536697,240.94,801.5,0.3338090838817213,0.4279580427125694,0.4424298296731987,0.49461706877937844
1775544797.583478,240.34,802.24,0.3354071522788647,0.42732391782738,0.44237601021176426,0.49262148029466757
1775544797.6162703,239.96,801.38,0.33516329792433797,0.42786665154853015,0.4427356239232176,0.49342143699611085
1775544797.6493316,240.46,802.1,0.33640989876466937,0.42606318468360727,0.4417241675555994,0.4927389608095426
1775544797.7004852,240.34,800.44,0.33677201894761444,0.42800619635788995,0.4432056839718432,0.4939379582315349
1775544797.7275894,239.78,801.5,0.33635573601106555,0.426532690238944,0.4422161325352778,0.492064942820308
1775544797.7601414,239.54,800.36,0.33808215083752235,0.42718909829699864,0.44314187118874077,0.4929323909033709
1775544797.7922711,239.12,802.86,0.3371254784984718,0.4272436880516439,0.4441089706954465,0.49397186698070394
1775544797.8241463,237.5,801.34,0.335223757434272,0.4296547266604071,0.44288025814683135,0.4944737000658685
1775544797.8564534,234.6,804.36,0.3376994414881203,0.42945525418821157,0.44429643169995053,0.4949898398482676
1775544797.887396,233.62,802.96,0.3352858432954905,0.4311825222633789,0.4444334373718559,0.49664050224198986
1775544797.9192734,232.64,805.7,0.3365048027627095,0.43306926098032233,0.4451250000110463,0.4960420083754748
1775544797.952243,232.08,803.28,0.3374577254273854,0.43276167878311067,0.44568891504028413,0.49544564347538944
1775544797.9833884,231.96,805.36,0.3345141223740239,0.4311045335031764,0.4465702131441556,0.49631365828672697
1775544798.015169,229.6,803.64,0.33374962855435947,0.43039760871256727,0.4446209207879681,0.49540435161434326
1775544798.048907,230.12,805.98,0.33623979176294283,0.4314624943786387,0.4455858863901685,0.49587632210184646
1775544798.0961034,229.3,805.1,0.3361962622084962,0.431839346177047,0.4466331510397713,0.49694949079293943
1775544798.1272519,231.3,807.36,0.33586718587665243,0.43056999262610557,0.44438141745036264,0.49369998220887557
1775544798.1603012,230.14,805.82,0.3360795558583139,0.433038383697979,0.4444778946551397,0.49445913521837737
1775544798.193643,232.58,809.38,0.3377672357962644,0.4331137894115779,0.44698570593363585,0.4957729793245407
1775544798.2244167,231.94,807.52,0.33881582352559375,0.43370982834993416,0.44712675526148965,0.4961067921021253
1775544798.257856,231.84,809.48,0.3360558134622598,0.43261208217583796,0.44771648538312014,0.4970741699923777
1775544798.2872653,232.12,808.08,0.33660395323772535,0.4323148884702912,0.44845174958986656,0.49556117448565884
1775544798.3209193,232.0,809.7,0.33960113214721543,0.43386465269152674,0.4476371367903724,0.49588211322926384
1775544798.3523693,231.0,808.86,0.3356716774575566,0.43081816063636946,0.4483748169983375,0.4958048169051577
1775544798.3832324,230.08,810.38,0.33811208511327095,0.4332559917408654,0.446490431208331,0.49559901965310316
1775544798.416454,231.14,809.62,0.3394284531825913,0.43292341671038304,0.4470469169083851,0.49477840369477394
1775544798.4473982,233.48,811.36,0.33679048543632084,0.43277114084068347,0.4480260414883622,0.4951326499752648
1775544798.481121,233.76,810.84,0.33927957920917995,0.4345408278622659,0.4462916198097641,0.49599466521524443
1775544798.5147374,233.52,812.6,0.335557490124774,0.4354304030614086,0.4472237208605689,0.4969164428378163
1775544798.560184,233.18,811.58,0.33602069311157917,0.43391914854783903,0.4487777336242715,0.49655479674056263
1775544798.5915475,234.54,811.1,0.33859265819693385,0.4337575209360184,0.44826628092972803,0.49577898521847397
1775544798.6243317,233.42,810.5,0.33284625710419036,0.42672247893542126,0.44333795998607023,0.49366554842128835
1775544798.6562235,230.74,811.92,0.32400013725925403,0.4142621337397362,0.4271814657867237,0.4735208849499881
1775544798.688276,230.16,810.28,0.29866959210006355,0.35250620199432586,0.36802980287771064,0.4306821187180285
1775544798.7202392,230.12,812.94,0.18285118728081604,0.19231638396210998,0.24025690782300843,0.34546754449958433
1775544798.7521756,228.52,812.68,0.09926363657647576,0.10715627445994519,0.15005271400176987,0.270325154132486
1775544798.7841449,228.12,814.94,0.07485881685954232,0.05973051003172267,0.09962197720751063,0.1727605067925383
1775544798.817657,227.4,813.88,0.0787802943945049,0.04711352901329597,0.056891530081585526,0.11458604946321421
1775544798.8484175,226.4,813.96,0.08619584111930156,0.037865221346476415,0.04618558436103215,0.08831237704765774
1775544798.8825922,226.2,814.18,0.0966730378358342,0.042631232632093216,0.02321551059934703,0.0651645983208464
1775544798.9202826,225.6,815.82,0.10558563009534273,0.04903718566416394,0.006711603864124436,0.05715155060624056
1775544798.9616675,225.24,814.42,0.11478375318110873,0.05649489226973871,0.02891404015650121,0.06609025422895896
1775544798.9912617,225.44,815.98,0.12714355574781575,0.06955904151876194,0.03037361191280436,0.05928543378842195
1775544799.023284,225.82,815.64,0.13994649453388203,0.08495222054351799,0.04837407857623994,0.06691837127932239
1775544799.0561478,225.74,816.62,0.14342669925196933,0.0865427536378355,0.05423774824099565,0.07560667017241736
1775544799.0883338,225.46,815.82,0.139221847934498,0.08698009039611414,0.07165951137830262,0.09266171447319564
1775544799.1204314,227.4,816.66,0.14072758934022542,0.08698873063152401,0.06651160515467477,0.0873588855282434
1775544799.1524365,227.18,817.02,0.13048915918303358,0.07723704307991448,0.0642289202617359,0.09549229877976277
1775544799.183314,227.14,817.84,0.12622835837512883,0.0727114048610811,0.06168260131281868,0.10115726965803501
1775544799.2162619,227.42,817.36,0.12634398160821103,0.07313317578190673,0.06268520491400925,0.10428260835101935
1775544799.2475474,228.46,818.88,0.12100333728373669,0.06838258336321715,0.05991721134252679,0.10376589269040316
1775544799.2793896,227.44,818.5,0.11981704885982433,0.06711610736330655,0.058699237995402276,0.10586410134965371
1775544799.3026624,227.08,819.22,0.1157148436326973,0.0641381301506759,0.05815583595646337,0.11022686574128444
1775544799.3277235,226.72,820.32,0.11277471780134889,0.06354944928947917,0.05625206896593456,0.11031364120118121
1775544799.359513,226.18,822.38,0.11251062339069255,0.06288871057288928,0.06514324609493208,0.11747138720254505
1775544799.392262,225.68,821.5,0.10813417747424314,0.06312218083267745,0.07094469846044807,0.1264345301032832
1775544799.4241226,225.88,821.9,0.10700719180266731,0.06404825529373356,0.07855468270980565,0.13211168243690813
1775544799.4574094,226.44,822.62,0.10570409692966531,0.06472961433757207,0.0793557217603777,0.13133094469123663
1775544799.4883397,229.58,821.22,0.10261116364520359,0.06223597337349317,0.07746872063073015,0.13599757365518372
1775544799.521819,230.0,821.68,0.09795569401927669,0.06245364300782841,0.08700772945182667,0.14457544696691585
1775544799.5515423,230.32,820.54,0.09179313955344041,0.06794712617993223,0.09996630572286601,0.15814645564733026
1775544799.5857193,231.36,821.16,0.09482985211666065,0.06791715327867685,0.10121515168417985,0.161888943997724
1775544799.616043,232.96,820.62,0.09612499293214664,0.07563464790912916,0.11113438439586698,0.16899034918840913
1775544799.648543,233.2,821.68,0.0926776544230163,0.06903344215391544,0.10225697929886843,0.16302662665964723
1775544799.6803408,235.22,822.56,0.09345757254821838,0.07404652284206144,0.11020085543177707,0.16940521121862115
1775544799.712181,235.78,823.46,0.09678329571427934,0.0755624896813613,0.11165612637797646,0.16930743404272186
1775544799.744932,232.74,822.1,0.0927909306953851,0.07228541999543946,0.10905168030876705,0.16915780480345863
1775544799.7925713,235.46,821.4,0.0878266565933697,0.07549342279534905,0.11281873736074426,0.17135353173387216
1775544799.8241653,233.26,819.84,0.09162400113115082,0.07323366522570017,0.10698867752826835,0.16705067992704092
1775544799.8562887,234.64,821.44,0.09196681617129476,0.07664323749726006,0.11323382046208863,0.16889678564377228
1775544799.888577,233.9,820.88,0.09071252777449933,0.07499661235736707,0.11041366455493404,0.16689902766109016
1775544799.919448,236.08,822.5,0.09354502769677665,0.07748907372610811,0.11439074085091402,0.16945998828980696
1775544799.951361,232.66,825.26,0.08893724686803461,0.07335420729589151,0.1120199452879403,0.1677339943577152
1775544799.9834125,233.46,826.1,0.08693970180718655,0.07301483022543856,0.11245854370589509,0.16927174490727984
1775544800.0153818,235.38,826.64,0.08921138488722055,0.07328325501356943,0.11105614145740689,0.16811211765624023
1775544800.0473127,234.62,826.16,0.08971493113811835,0.0723536232827956,0.11034306124083512,0.1653516660552142
1775544800.0801349,234.8,826.6,0.08968806056624277,0.07066964990705746,0.10874217886703001,0.16437173574927283
1775544800.1114466,236.1,828.8,0.08889137885820841,0.07187882571093393,0.10931244927100027,0.16508049851889492
1775544800.1458347,234.68,827.5,0.08978026811283714,0.07282047324169878,0.11075774073764726,0.1667947190658221
1775544800.1789181,235.56,828.54,0.08966592341027428,0.0730673814811973,0.10983705956820944,0.16471732443921047
1775544800.2247717,233.36,832.58,0.08572259039493772,0.068522822778281,0.10771436285836004,0.16275554010511836
1775544800.2552795,235.46,821.04,0.08529837283385526,0.06656999835681625,0.10613369267675014,0.16307571266880097
1775544800.2882342,238.68,824.44,0.08459247616242999,0.06856239041154509,0.11023024816318867,0.16557896458413845
1775544800.3195918,238.8,826.5,0.08755914496416455,0.07244819428947188,0.11104553359773776,0.16578188191373575
1775544800.351477,230.06,825.26,0.08745537643285317,0.06985224138769815,0.10808053828782765,0.16236162101413187
1775544800.383293,230.12,822.98,0.08678179069842006,0.07042824946644227,0.11077631895813206,0.1648698657799673
1775544800.416347,229.56,823.98,0.08549635383490647,0.06626112568238456,0.10623403386898624,0.16011186651872752
1775544800.4472847,230.8,821.42,0.08706092399488179,0.06873810350676095,0.10867758511933721,0.16248569596078496
1775544800.4803305,230.52,822.76,0.08650617746949632,0.06789875985396214,0.10774664541505889,0.16295642004093053
1775544800.5113776,230.06,818.76,0.08733659170868387,0.07018648576881714,0.10956827437836529,0.1627120842464079
1775544800.5440211,232.14,822.48,0.08541113005209908,0.0733405076553461,0.11331586575868575,0.1652864667446208
1775544800.577671,238.38,823.42,0.08653029069149829,0.07139755488808315,0.11121047527254964,0.16417015057282855
1775544800.624516,239.52,827.38,0.08710193130724068,0.07222044341530479,0.11194075029074575,0.16407524913330132
1775544800.6561368,241.52,827.04,0.08458062267886911,0.06780893516917487,0.10881668133712882,0.16204565434928025
1775544800.686949,240.5,829.9,0.08745075564613902,0.0712478796319457,0.11065567259544563,0.16194151970586365
1775544800.7213302,243.22,824.74,0.08445068875054942,0.06946589959843699,0.10878654889485716,0.16226990690365972
1775544800.752178,244.88,830.38,0.08625129380651177,0.07252855028549682,0.11176394856860652,0.16304711677964417
1775544800.7857826,246.4,820.2,0.08513956364376153,0.06881794487304414,0.10893400586416921,0.1608420015753529
1775544800.816332,238.36,822.04,0.08322308036336443,0.06688300267006692,0.10669447533095867,0.15798059004809317
1775544800.8496127,242.82,821.02,0.0863853876145055,0.0686262978762896,0.10777207153413526,0.16056686880091475
1775544800.8803399,242.84,823.58,0.08339995069495278,0.06640437493961615,0.10627621026960525,0.15911155560661822
1775544800.9124255,243.4,826.1,0.0850140504934901,0.06781871373338237,0.10738008081674422,0.16026075417651914
1775544800.9432292,244.18,832.0,0.08407475366525993,0.06818876322462815,0.10855614822704691,0.16248832841246127
1775544800.9754343,245.58,827.74,0.08344323181547468,0.06707168461552054,0.1067579248461266,0.15929874626850035
1775544801.0096757,246.66,828.52,0.08306905128829566,0.06666913350223827,0.10846292075384564,0.1607465375796701
1775544801.05645,248.68,828.46,0.08273900267185345,0.06837706091207302,0.10960449227787174,0.1621825169803933
1775544801.0873523,244.44,828.36,0.08434231904888825,0.07119714865630689,0.11183948461135694,0.16216506301024358
1775544801.119348,243.7,825.26,0.08416864395869988,0.06963901905708798,0.11063849190909665,0.16031752258891876
1775544801.1523533,244.26,828.48,0.08407043170049222,0.06842899630265578,0.10877065940856909,0.1597250615380118
1775544801.1843512,249.24,829.86,0.08209191579706221,0.06373824567255972,0.10420628108089862,0.15931395304737636
1775544801.2164047,246.04,834.48,0.08303922463946531,0.06802485214365818,0.10846380903094875,0.16140127826238165
1775544801.2475963,247.72,830.06,0.08416911863288154,0.06777802155152636,0.1086257806626195,0.16082390246695616
1775544801.280363,243.96,834.18,0.08069011959791898,0.06337606100798587,0.10446285676893069,0.15743618256587516
1775544801.314949,244.72,830.52,0.08219701104168335,0.06440808849655681,0.106347045115179,0.15819361744781482
1775544801.3617265,241.2,833.04,0.0863011389380427,0.06851501864004919,0.1129647910630936,0.1669874286706299
1775544801.3913505,244.78,830.52,0.08969841652548441,0.07716609641579973,0.11956501040996732,0.17250684796028087
1775544801.4248936,247.26,831.08,0.08823238640024292,0.07867035326027993,0.125709859569737,0.17763888676666853
1775544801.458554,245.76,829.72,0.09040359992908095,0.08072485405783904,0.1373173030905448,0.18142466537586704
1775544801.50572,250.02,833.72,0.08830228276540858,0.07704476517313212,0.13104045433811967,0.17798918726261637
1775544801.5364182,249.22,829.16,0.07523078124870305,0.05693361350569291,0.1317313894376681,0.18063215982304573
1775544801.5683248,253.88,833.76,0.06697099764140643,0.07169301782207285,0.1439098611264002,0.18110801628551565
1775544801.6020453,253.72,828.66,0.02187917033424348,0.05748496469476486,0.12828409429743862,0.17894967299807268
1775544801.64813,260.12,828.94,0.012331568444135693,0.06629426404674604,0.1297091961442229,0.1941771374903899
1775544801.6803513,259.12,821.7,0.04823379324781016,0.07361854623212359,0.13258538268363088,0.2073332467940989
1775544801.7113433,260.36,820.38,0.0503696318380934,0.08830105191202915,0.14089130784045162,0.2288370246627141
1775544801.7440064,264.22,820.04,0.08434140012399856,0.11558242072514639,0.1719085268210402,0.2584244650214863
1775544801.7781034,260.9,819.4,0.15281366801919405,0.19090539213189764,0.23173552275749978,0.29815437577308346
1775544801.824172,264.06,813.88,0.21378232627064284,0.2616213100903682,0.2802884879973417,0.33721585891410516
1775544801.856587,269.28,815.64,0.2549962707440164,0.3086659430411152,0.32799994922611253,0.3777641909406273
1775544801.8902602,268.9,814.18,0.2773156714343411,0.33597683179416815,0.3481367564346221,0.3969250299317564
1775544801.9248433,269.68,800.98,0.2937482640229242,0.356079492587867,0.36572201250604297,0.41013574662819047
1775544801.9684942,270.38,808.18,0.29028514676481615,0.35611259536243983,0.3629406717838528,0.41152313318679007
1775544802.0001667,260.74,810.3,0.2988949183084816,0.36635425292560275,0.37407587087375205,0.42332775042846515
1775544802.034382,266.12,811.1,0.30273524973940985,0.37462458828763867,0.38323347551842624,0.432734384759
1775544802.0794563,274.54,815.04,0.30689595368119277,0.38196901791959986,0.3911234460528777,0.44201760531340245
1775544802.11343,278.06,814.06,0.30964477008647706,0.38256320537248356,0.3953713940690878,0.44312145498003347
1775544802.144427,278.08,814.22,0.30957793390381727,0.383290979942104,0.3973438247432626,0.4439201414942897
1775544802.1776469,277.04,813.22,0.3102325790946736,0.3870242333998962,0.40052188189798577,0.4481327107780408
1775544802.2085698,278.68,814.18,0.31151563393002374,0.38794639770308204,0.4026733023614983,0.450569843862211
1775544802.24033,280.22,812.26,0.3113001121243184,0.3873723422545209,0.4026537798401422,0.45211422949223506
1775544802.2724936,275.76,814.66,0.3102546279305485,0.3882131926628886,0.4014467145802909,0.4539154475293968
1775544802.3068635,272.08,798.44,0.30969221078522974,0.3897447250922007,0.40219041691327667,0.4575422378395633
1775544802.3363652,270.76,799.02,0.30867874540086704,0.3897708839940032,0.40229004856944967,0.45646314358975976
1775544802.3673966,268.38,793.58,0.3089065821651251,0.38973825153452313,0.4024659165290127,0.45718000376501844
1775544802.40017,264.02,792.3,0.31009154033128594,0.39187609266645346,0.4025955537056398,0.4581340160158996
1775544802.4342494,263.46,796.42,0.31245556386279744,0.3944556911579116,0.4048586649515803,0.46122048427231055
1775544802.4803674,256.72,787.26,0.31152187605034787,0.39388998293832383,0.4061267179607422,0.46185673887453205
1775544802.5110548,255.12,800.18,0.311316199931224,0.39411731606875067,0.4077379593490154,0.4645823494258414
1775544802.5439904,263.44,795.3,0.3132074814461878,0.3961441301853666,0.40931569734423506,0.4681351125144933
1775544802.576298,262.54,795.08,0.31464782060070934,0.39838038007044285,0.41192547235018506,0.4689324406618903
1775544802.6083734,258.34,794.08,0.31409924577758325,0.3965289818512937,0.4090139699575056,0.46925409550063424
1775544802.6403444,266.3,782.68,0.3126304462221924,0.395459246218471,0.40949355259359377,0.4677492467070411
1775544802.67361,264.18,784.42,0.3180743896263429,0.3977025432740626,0.410878171924453,0.47372331578908883
1775544802.7072942,263.4,796.32,0.3164170925659282,0.397297104201101,0.4092352215671707,0.46827857637036924
1775544802.737963,262.54,797.66,0.31392613421758025,0.3977986878334417,0.4071166472000117,0.46672265236772
1775544802.7682872,263.72,794.54,0.3152832769511012,0.3982056147001748,0.4075882426898214,0.4692773798642084
1775544802.807226,269.6,781.58,0.3152554340594367,0.396988602169308,0.40627608022228257,0.4654492500368696
1775544802.8314748,272.34,792.08,0.3152427633600505,0.3967060841327854,0.40653952631167234,0.46646031086503403
1775544802.8650868,269.98,787.28,0.31614574984568966,0.39831376403144914,0.40862839301057485,0.46839642396713244
1775544802.9123495,265.24,788.6,0.3150644110133218,0.3972198390283807,0.40752612287258644,0.46893921276017053
1775544802.943233,265.26,786.72,0.3119003667653379,0.3974904607566994,0.4089977220923433,0.4706907412116145
1775544802.9763172,263.16,789.6,0.3133599641672607,0.3975313389695683,0.4085312616354132,0.4712841438260571
1775544803.0079193,264.78,786.86,0.31806061863450263,0.40092025318972885,0.4108357402386881,0.4718645069484128
1775544803.0402036,263.82,790.24,0.31808702280645157,0.4022233913023704,0.4103449228017501,0.4732067825482602
1775544803.0722647,261.44,786.8,0.32037942302773104,0.40361712216204126,0.4146831449556752,0.47392517614752216
1775544803.1078646,257.72,781.46,0.32187445922039803,0.40551062402679144,0.415468261852981,0.47482825889496044
1775544803.1363485,251.68,781.08,0.3221273120687646,0.4064253840868349,0.414502226895872,0.47501631352847506
1775544803.1684692,252.06,780.64,0.3210254812359386,0.40512579282317135,0.41465666597617695,0.47434069173704924
1775544803.2079935,241.3,778.14,0.3213714735356613,0.40649349450735434,0.41538361299069926,0.47460274203784153
1775544803.2323074,243.86,781.04,0.32031344932175665,0.4073301764824368,0.41754231106145706,0.476618439503819
1775544803.2645204,238.34,776.92,0.3178661128752637,0.4061870655347272,0.41939273424411105,0.4796649167510146
1775544803.2981398,236.4,776.82,0.3235317265533676,0.40942995473685034,0.4180266954644538,0.4778960559473333
1775544803.3316293,232.34,775.26,0.3222001526602095,0.4080086238590737,0.4160106112812557,0.47627078951337043
1775544803.3777995,235.98,784.94,0.321367757183559,0.4068352952001252,0.41737916069575853,0.4764534446294804
1775544803.4080667,229.34,789.78,0.32425996898365844,0.40889351596803136,0.4167301016970481,0.4767979125774348
1775544803.4418874,226.02,789.48,0.32295564219007944,0.40707279640505045,0.4155838577084491,0.4757284894402341
1775544803.4721363,227.18,789.28,0.32199491120288165,0.4081077158985253,0.4158313052104351,0.4770065389973155
1775544803.5081034,222.66,794.14,0.32255901534680553,0.4066907480258697,0.4162842846231008,0.4770426080077051
1775544803.541632,215.78,803.12,0.3262009538075697,0.4091998906520732,0.41759273158057814,0.4772143868321735
1775544803.5682526,215.52,802.4,0.3248537753342183,0.41097412315296655,0.4179769154936835,0.47720253799108525
1775544803.608473,214.16,816.86,0.32257672803339515,0.41000695151322136,0.4181108770147633,0.47770376721675284
1775544803.6312265,214.12,818.38,0.32343456539446636,0.4079866738393596,0.4176500035256004,0.478200016019103
1775544803.6641214,217.62,817.58,0.3253568802787028,0.4089150520609022,0.41688015338511886,0.4764620714111811
1775544803.6962786,215.36,812.82,0.32160066644242763,0.4102600222397387,0.41825142267464116,0.4769956322536412
1775544803.730498,216.16,813.16,0.32445472840251516,0.41095772565789346,0.4165573741522434,0.47552739898476765
1775544803.7761452,215.3,812.86,0.3247331715299326,0.4073537380162309,0.4157714650426659,0.47786391242865733
1775544803.8077788,219.94,809.5,0.3232541486951463,0.40863003092098704,0.4163349572234337,0.47585040688787444
1775544803.8395019,222.2,821.52,0.3248463175460439,0.40981758636831855,0.415817948188693,0.4770419684713815
1775544803.8722045,219.08,828.64,0.3226189280828252,0.40698427471261966,0.4129948365908476,0.4736984790968271
1775544803.9077528,218.24,833.32,0.3225703098625664,0.40880681574538946,0.41302212996883114,0.4737549229982187
1775544803.9377263,219.36,829.62,0.3225651455273381,0.4065245625646857,0.41203148691165475,0.4732989488522057
1775544803.968294,217.04,842.3,0.32076893085788755,0.40823488965887245,0.4125377610983209,0.4712035571875886
1775544804.0019822,216.3,837.94,0.31695857396419,0.40357113553569485,0.40975051996791045,0.4719119548513556
1775544804.0323026,217.88,842.54,0.31839899646013536,0.40601960504327017,0.4098745480476177,0.46903534638846783
1775544804.0660918,216.46,840.96,0.3166234597676593,0.40548793766491664,0.4091280133663481,0.46917259950925727
1775544804.0954273,216.54,840.94,0.31733480527045843,0.4073178762666998,0.4100589125495791,0.4698007258758811
1775544804.1252215,223.52,851.08,0.31511367838605536,0.40580533546717235,0.40831350253904963,0.4689042276657556
1775544804.159137,224.16,847.1,0.31493646539385395,0.40386435858089487,0.40850052415101673,0.46833872943543486
1775544804.1930273,222.64,854.46,0.3162667991309464,0.4063913904528064,0.4079866877233934,0.46781128069292294
1775544804.2264137,221.32,850.88,0.3174267887947516,0.4071072640376812,0.40971427898619184,0.4699114068831511
1775544804.272202,228.1,845.76,0.31546489399400174,0.40732481863098186,0.4086259260556978,0.4668232150419943
1775544804.3086183,222.28,854.58,0.31520231220146644,0.40345536374851876,0.4111783330926933,0.4717293171220768
1775544804.3364313,220.58,848.48,0.3139194065733465,0.4024096747536983,0.40940651431869524,0.47306728466128506
1775544804.36884,221.7,837.68,0.3132775795748071,0.4047658111127736,0.40900120247576743,0.47052750745124217
1775544804.4002666,218.72,831.88,0.3111037042948451,0.40201413251417484,0.40753138696033553,0.47229479376163674
1775544804.431568,217.78,835.28,0.31243270017860264,0.4040496631391511,0.4076917742886192,0.4701750998091875
1775544804.4642718,215.46,849.46,0.3104729520234986,0.4052924965220334,0.4066105494847659,0.46869574771516614
1775544804.4962437,215.32,841.52,0.3089029597453573,0.39910063889650355,0.40474120003182124,0.46621036297819995
1775544804.5285714,210.14,849.42,0.30853602060245494,0.4057114500981847,0.40682078005962874,0.4670022332825672
1775544804.5624683,210.9,845.12,0.30903083444472706,0.40496368500554664,0.40663621723183013,0.4649081188879531
1775544804.6090887,212.18,845.84,0.3089885740777554,0.40367541561916026,0.40460948610364766,0.4638661147503064
1775544804.6417804,212.08,841.88,0.3087496869851165,0.4031257460992792,0.40476629560638067,0.4634904709095244
1775544804.672061,212.92,842.98,0.30973196839317474,0.40331332411049,0.405893399083513,0.46262330548690406
1775544804.7092202,216.04,842.44,0.3104634354740239,0.4048324454426275,0.4047376669717322,0.463816019038679
1775544804.7363014,213.62,845.72,0.3119826945744383,0.40455660146161077,0.4060843520132826,0.4651005980692856
1775544804.7683296,215.0,852.62,0.3108905960747056,0.40671734268015947,0.40635575452943135,0.46465029357325094
1775544804.8002777,215.76,854.06,0.31219708138349,0.40584268053298933,0.406140222125051,0.4680175990751924
1775544804.8310366,214.9,856.94,0.3123959070594145,0.4042471888719644,0.40755978348695404,0.4707273940349713
1775544804.8643358,220.4,858.5,0.3122853703453547,0.4086418677750401,0.40867983858906703,0.4684670576510231
1775544804.895501,218.22,857.04,0.31455963918277,0.4067205913429947,0.40926546804163705,0.4706923341736628
1775544804.9281757,215.86,854.24,0.3131987198730334,0.41004194675617894,0.41074434183975805,0.4703802875610097
1775544804.960122,215.88,850.82,0.3130341532600418,0.4105253915441015,0.41102239705089066,0.4721693233596084
