Timestamp,Inner_Env,Outer_Env,Index_Dist,Mid_Dist,Ring_Dist,Pinky_Dist,Label
1775545080.7505534,2234.0,506.34,0.2224916833506335,0.2793352791679913,0.2895976690639487,0.3336253270825288,0
1775545080.791051,2234.0,506.22,0.2157177525380074,0.2739020860471511,0.2827009834687454,0.3328959687561882,0
1775545080.830593,2234.0,505.88,0.2214260245304225,0.2750215694194433,0.2824042526938785,0.3296428809294922,0
1775545080.8662443,2234.0,505.8,0.2209286508131566,0.2744120874222434,0.2809350690155432,0.329615853389641,0
1775545080.8948233,2234.0,505.42,0.2230608167663548,0.277272437125438,0.281003785812917,0.3289608718330262,0
1775545080.926469,2234.0,505.46,0.2195518743690132,0.2759009047270304,0.2804747245132684,0.3297566544595368,0
1775545080.958073,2234.0,505.02,0.2196967032374296,0.2778795068852635,0.2818384801302465,0.3290554470686268,0
1775545080.990266,2234.0,504.66,0.2191849763039997,0.2764972223996933,0.2838300130377046,0.3287487553053235,0
1775545081.0272012,2234.0,552.6,0.2200524867743988,0.2744922106424542,0.2786101900464032,0.3245713007572536,0
1775545081.0549595,2234.0,600.32,0.2187450739803748,0.2717977058351511,0.2777267338719701,0.3262790877696968,0
1775545081.0862172,2234.0,603.24,0.221898548996041,0.2728372600184676,0.2783680430054382,0.3282049692080733,0
1775545081.1104617,2234.0,608.46,0.2187235764816832,0.2756326116669567,0.2813493484539847,0.3281529317095437,0
1775545081.14801,2234.0,615.12,0.2178867990545396,0.2751185203452943,0.2828269780994296,0.32887890360209,0
1775545081.1730378,2234.0,608.54,0.2174028587089919,0.275392604312469,0.2809595818602755,0.3280685590930048,0
1775545081.20079,2234.0,610.64,0.2166158581769859,0.2733683987157081,0.2805025242034358,0.3279291745107485,0
1775545081.2285552,2234.0,618.78,0.2186898791779885,0.2750832059309743,0.2798760568742219,0.3257019908232095,0
1775545081.2563243,2234.0,611.08,0.2196010459543299,0.2749632642951479,0.2786035431549901,0.323210254322806,0
1775545081.2842543,2234.0,624.36,0.2197544767711556,0.2752601151010817,0.2786542764080611,0.3255851183168113,0
1775545081.31195,2234.0,616.32,0.219801926884127,0.2741218549881856,0.2775747915841173,0.3246850540551707,0
1775545081.346647,2234.0,631.72,0.2200548764848306,0.2767281830259067,0.2808239180371488,0.3264470411027271,0
1775545081.3814082,2234.0,628.94,0.2212594323420031,0.2770296092128892,0.282370956097576,0.3300306224223151,0
1775545081.418604,2234.0,644.22,0.2213486731629647,0.2784118911210378,0.2873171052179724,0.3324473313759206,0
1775545081.4533272,2234.0,644.96,0.2234148418874152,0.2814674142353603,0.2925549610593414,0.3365504402585046,0
1775545081.478581,2234.0,660.5,0.2238798019589396,0.2810868294078212,0.2946518002235398,0.3390797541770401,0
1775545081.5132651,2234.0,663.02,0.2249383998575032,0.2839008975157808,0.2997440939234999,0.3418977945608045,0
1775545081.541094,2234.0,678.1,0.2258375684926544,0.2849526779909885,0.3011182211775096,0.3429472229929587,0
1775545081.5688412,2234.0,682.16,0.2282274219036359,0.2860454842392452,0.3031539798112497,0.3442905018164581,0
1775545081.610643,2234.0,696.44,0.2321985163269245,0.291392497586029,0.3086224097729056,0.3469626237196439,0
1775545081.652864,2234.0,701.66,0.236660809787207,0.2940670058520964,0.3076278457000307,0.3473549384103345,0
1775545081.6870496,2234.0,715.34,0.2372572460913846,0.2964395038193297,0.3083534235085904,0.3498272188676,0
1775545081.7248914,2234.0,721.04,0.240873511843561,0.2984071437614906,0.3090702764699249,0.3497481253190935,0
1775545081.7495005,2234.0,733.96,0.2402280272688285,0.3002429595762942,0.3104069326106908,0.3552445074862712,0
1775545081.7976625,2234.0,740.44,0.2418050959875453,0.3017496412206076,0.3113522623308873,0.3585938211206059,0
1775545081.836185,2234.0,753.24,0.2381512129016835,0.2989136304782513,0.3105349939819699,0.3593332151885494,0
1775545081.877312,2234.0,760.2,0.2391543770428281,0.3023997638199786,0.3137582257021145,0.3609900551704975,0
1775545081.9020882,2234.0,772.64,0.2414122328568473,0.3044513104956549,0.3160371888465181,0.363335652364497,0
1775545081.9195836,2234.0,780.58,0.2419549861466064,0.3045859434081925,0.314678560865041,0.3626198368733989,0
1775545081.950319,2234.0,793.08,0.2444993737149741,0.3056168649198727,0.3181129905307891,0.3650257253616757,0
1775545081.9821577,2234.0,800.46,0.2429061295255886,0.3060049144209817,0.3173875100250105,0.363629296322278,0
1775545082.0196004,2234.0,812.42,0.2439933744270436,0.3083882817312237,0.3205468847398244,0.366520728047002,0
1775545082.0501838,2234.0,819.72,0.2460949265156432,0.3092344533913121,0.3219562036450645,0.3668823567989253,0
1775545082.0956533,2234.0,831.68,0.244310867491468,0.3077696017000009,0.3190523759067019,0.3648668935061929,0
1775545082.1252365,2234.0,838.22,0.2472357045436754,0.3079166134359466,0.3198775008572653,0.3636049872541776,0
1775545082.1597586,2234.0,850.28,0.245440670496255,0.3100220303325182,0.3199049538579425,0.3656759000247884,0
1775545082.1937263,2234.0,856.7,0.2455258760657593,0.3106266636394394,0.3198358557105498,0.3678452116333395,0
1775545082.221894,2234.0,868.74,0.249227378113949,0.3112812698039253,0.3233369090181138,0.3676748539521905,0
1775545082.2551212,2234.0,874.66,0.2472050246312118,0.3106093833587281,0.3222094746552513,0.3678918929817421,0
1775545082.288299,2234.0,886.88,0.2461581092160262,0.3109025804486585,0.3198493236135686,0.369129897975745,0
1775545082.3362155,2234.0,892.88,0.2485551352722179,0.3128104647080415,0.325954292372288,0.3695019299585525,0
1775545082.3824904,2234.0,905.06,0.2489137792950278,0.3126532934024106,0.3245144322367772,0.368758971567904,0
1775545082.4193475,2234.0,911.58,0.2485002722421173,0.313040153919642,0.3227693000529489,0.3683130115532342,0
1775545082.4464197,2234.0,924.22,0.2468342385138247,0.3142462698761591,0.3223028325569659,0.3694363789713353,0
1775545082.4781072,2234.0,931.04,0.2463505360407359,0.3139349440415531,0.3248849600857881,0.3701368685715913,0
1775545082.5104723,2234.0,944.06,0.2487923157019612,0.3145255783967536,0.3241779081605186,0.3705132117226883,0
1775545082.541931,2234.0,951.66,0.2468012115341154,0.3145350800995485,0.3254913397229772,0.372393130631325,0
1775545082.5743964,2234.0,964.58,0.2483202126405524,0.3143846049747676,0.3258725635706206,0.3717375576018812,0
1775545082.6065886,2234.0,972.38,0.2476161422096797,0.3136928517962444,0.3266318580084846,0.3714182818390101,0
1775545082.6381838,2234.0,984.88,0.2477000314756908,0.3170880191082064,0.3260127857233146,0.3740885713627033,0
1775545082.6715782,2234.0,943.8,0.2498247765254373,0.3169245075306066,0.3298178529712982,0.3749002487021081,0
1775545082.7052066,2234.0,908.16,0.2488781347932587,0.3169425392697985,0.3283480649229673,0.3748084503086233,0
1775545082.7517514,2234.0,911.72,0.2501032730161048,0.3166248247739822,0.328800418206252,0.3747493005023381,0
1775545082.7821667,2234.0,918.06,0.250861102015918,0.3184940681124376,0.3298239489058922,0.3774823362901575,0
1775545082.8161006,2234.0,917.56,0.2495797334025914,0.3183757833931218,0.3306817153990367,0.3775909326951783,0
1775545082.8463008,2234.0,935.76,0.252893803541987,0.3202634254413,0.3312292975725528,0.3785056054397835,0
1775545082.8784232,2234.0,939.78,0.2526937302875214,0.3191462402619651,0.3328244430878317,0.3795694110678774,0
1775545082.9104424,2234.0,943.26,0.2551708056595577,0.3204470584371263,0.3341702744117184,0.3810894667660279,0
1775545082.9422607,2234.0,956.96,0.256512728640473,0.3231770563194208,0.3361687957805639,0.3816353532880135,0
1775545082.9736552,2234.0,955.26,0.25852388867933,0.3252457090873953,0.3369652742665299,0.3832202601343672,0
1775545083.0061738,2234.0,969.06,0.2579615426735465,0.3262088617147584,0.3382578762292764,0.3832958670580437,0
1775545083.0383785,2234.0,965.14,0.2612040815042888,0.3283577631365785,0.3414490621414165,0.3845790117978898,0
1775545083.0705185,2234.0,973.56,0.2604722716814256,0.3308573329972766,0.3419914969229156,0.3849100728625085,0
1775545083.1024327,2234.0,969.78,0.2622511323839578,0.3328876150959325,0.3428115803406844,0.387383137894868,0
1775545083.1365974,2234.0,974.58,0.2615922960221373,0.3322665149074012,0.3433086630821371,0.3892544538165438,0
1775545083.1826458,2234.0,970.12,0.2612272129362122,0.3312392256131354,0.3445643083102208,0.392252427249137,0
1775545083.213472,2234.0,972.74,0.2624950942197232,0.3313162775770537,0.3462010601722627,0.3923586221035546,0
1775545083.2451978,2234.0,968.5,0.2617063286148522,0.3323401764751384,0.3451104784198764,0.3903259095682354,0
1775545083.2783654,2234.0,969.78,0.2623023386044353,0.3329582578150815,0.3473813956759012,0.3940055266313424,0
1775545083.311792,2234.0,966.22,0.2628454155273216,0.3326552423990213,0.3461867465803035,0.3923128784836405,0
1775545083.3427577,2234.0,966.24,0.2627881418184198,0.3325258996268883,0.3469500101962844,0.3936074966898341,0
1775545083.3756983,2234.0,963.38,0.2629259099876381,0.3338044615829775,0.3482777896512167,0.3930130301314871,0
1775545083.4065068,2234.0,962.78,0.2636858873295292,0.3333194127724858,0.3479885513047058,0.3936184562171977,0
1775545083.4401774,2234.0,960.7,0.261009659255624,0.3315747039236782,0.3462555429888645,0.3936859169074762,0
1775545083.4702463,2234.0,959.22,0.2631564580996565,0.3322976204511757,0.3471648902307712,0.3931552160045716,0
1775545083.501508,2234.0,957.18,0.2626659910731742,0.3307944845893665,0.3458594205836945,0.3914874366126428,0
1775545083.535047,2234.0,955.26,0.2633959425195973,0.3309509678785664,0.345322907311021,0.3928958460226872,0
1775545083.5676415,2234.0,954.08,0.2623029830372405,0.3305743585893856,0.3447191224278713,0.3927621197256766,0
1775545083.6143303,2234.0,952.08,0.2636386256604168,0.3312795740902511,0.3458731147834513,0.3927824667387124,0
1775545083.6462529,2234.0,950.46,0.262514973446855,0.330893415386088,0.346012765517068,0.3922312312238545,0
1775545083.6799912,2234.0,948.18,0.2619782576841221,0.3305248944376736,0.34226067817683,0.3910895389550654,0
1775545083.7253025,2234.0,946.94,0.2617122662213199,0.3299394559073327,0.3434392268133616,0.3918160604508471,0
1775545083.758378,2234.0,944.72,0.261234011428869,0.3298448912629622,0.3426795463777715,0.3909029098175196,0
1775545083.790182,2234.0,943.8,0.2610641599497985,0.3291335229414987,0.3406516688315298,0.3906502789931562,0
1775545083.823821,2234.0,941.66,0.2618305401688943,0.329044078946031,0.3427383337780945,0.3911209343827012,0
1775545083.8705325,2234.0,940.48,0.2607427834372899,0.3270526960989644,0.3392896499687713,0.389305363449675,0
1775545083.9014044,2234.0,939.2,0.2602578077539582,0.3254912777116033,0.3375284264377752,0.3872253065683985,0
1775545083.9343104,2234.0,938.16,0.2593887820298981,0.3249207330233419,0.3378912024409206,0.3881977919248808,0
1775545083.9679515,2234.0,936.98,0.2582091376796424,0.3221423077546703,0.335682882045684,0.3877225387779516,0
1775545084.0015306,2234.0,935.8,0.2529294485359518,0.3065494581165796,0.3267325328633996,0.383958658535971,0
1775545084.0405135,2234.0,934.58,0.2462647917265981,0.2953639061178221,0.3221903931124886,0.3800585588227236,0
1775545084.0784955,2234.0,933.62,0.2469430125980597,0.2956161538064197,0.3225907838747098,0.379590987501767,0
1775545084.1110537,2234.0,932.2,0.2373982762421898,0.2825881571522254,0.3102005515572476,0.3775082240838298,0
1775545084.144802,2234.0,931.02,0.2163889008401235,0.256461374722631,0.2889596756934379,0.3685510459320954,0
1775545084.189535,2234.0,929.16,0.1893111217928913,0.2268926612444099,0.2689652422840868,0.3594551418516171,0
1775545084.2226264,2234.0,927.44,0.1698030073081145,0.213737782798956,0.2621992202450445,0.3505191211393141,0
1775545084.2566266,2234.0,924.72,0.1206428319557267,0.1657394653885282,0.2247534312407787,0.3113310859025018,0
1775545084.3013568,2234.0,923.0,0.1071416105395291,0.1641521188112263,0.2229300440897836,0.2947121161590832,0
1775545084.3533173,2234.0,919.72,0.0830476309102573,0.1425833845191869,0.1994318039470634,0.2509890653049219,1
1775545084.3975298,2234.0,918.54,0.0779193874893022,0.1389649488298177,0.1949374784019417,0.2416796567614968,1
1775545084.4304736,2234.0,916.42,0.0615093314856107,0.1299332085080346,0.1874373518091226,0.2293734377553989,1
1775545084.4624443,2234.0,915.32,0.0409033465878468,0.1066829660185988,0.1599140784596626,0.198912532060147,1
1775545084.494395,2234.0,913.54,0.019616288032829,0.0874104548632212,0.1391225794450324,0.1770182756541786,1
1775545084.5252242,2234.0,913.14,0.0352108671659831,0.0675888368185163,0.1173566308776247,0.1548858023193351,1
1775545084.5588317,2234.0,911.7,0.0270448818059492,0.0644917535465455,0.1156602154560961,0.154482807131609,1
1775545084.6067371,2234.0,911.22,0.0435153693830412,0.0564348656443601,0.1123718740948292,0.1497033421000229,1
1775545084.640061,2234.0,909.36,0.0506604558184638,0.0439956640187384,0.1027983056107962,0.1421243637102504,1
1775545084.670197,2234.0,908.88,0.0766680556673847,0.0440811886533129,0.0907606079181445,0.1249836632592063,1
1775545084.7038734,2234.0,907.26,0.0927562383885464,0.0513186695054342,0.0832227317947286,0.1096797403238859,1
1775545084.7343514,2234.0,906.5,0.1043941830240759,0.0613967031079002,0.0778279623447718,0.1046162820755092,1
1775545084.7696729,2234.0,905.26,0.1213457293782353,0.0740908513259166,0.0678832644059048,0.0908623513883738,1
1775545084.7971654,2234.0,904.64,0.117834025010593,0.0723861173429379,0.0614585441714918,0.0878300151612444,1
1775545084.8301814,2234.0,903.34,0.1214020483467812,0.0745544102340621,0.0543690806577129,0.0826319357229814,1
1775545084.8614364,2234.0,902.92,0.1232325682464888,0.0745924036786363,0.0553849562217476,0.0802152413099719,1
1775545084.8941617,2234.0,901.56,0.1263712378164232,0.0745266001902419,0.0506789470187676,0.0756199667070303,1
1775545084.925525,2234.0,901.84,0.1263992635860641,0.0750262414368097,0.0531043465756807,0.0803498513330182,1
1775545084.9585643,2234.0,900.74,0.1269092170179973,0.0763092906224235,0.058135379510918,0.0815832656138864,1
1775545084.9921885,2234.0,900.96,0.1212010618863475,0.0724082841224232,0.058013628207147,0.0813428280555374,1
1775545085.0381029,2234.0,900.32,0.1262324329792863,0.0739432943414705,0.0552308531517485,0.079846231025665,1
1775545085.0701933,2234.0,900.58,0.1291914514302496,0.0757182026990087,0.0592852620486378,0.085062460327447,1
1775545085.1021664,2234.0,899.58,0.1276299635850461,0.0745952756808009,0.0598264208193722,0.0873595069201754,1
1775545085.134472,2234.0,899.94,0.129744602517221,0.0767886035569856,0.0574226735318896,0.0839882892481957,1
1775545085.1661856,2234.0,898.92,0.1268434592034313,0.0750329101763375,0.0592950998059176,0.0879412558343298,1
1775545085.1985106,2234.0,899.32,0.1329244982396427,0.0809274708808249,0.0565299355140897,0.0826142485795879,1
1775545085.2294965,2234.0,898.44,0.1283818750010701,0.0754238489946411,0.0544848663119481,0.0878985151896257,1
1775545085.263461,2234.0,898.88,0.120136287181839,0.0723271169188452,0.0667002517873668,0.1017724845337026,1
1775545085.2943614,2234.0,897.86,0.1145242708020806,0.0705103682020677,0.0796573384816636,0.1188486050007918,1
1775545085.3269498,2234.0,897.8,0.1139602787501376,0.0716523235567303,0.0817997035940979,0.1209165425119273,1
1775545085.3583317,2234.0,896.24,0.1123415220055295,0.0701921071932611,0.0853265648922955,0.1251836248876652,1
1775545085.391909,2234.0,896.36,0.110520884899766,0.0699471305874829,0.0838261242753255,0.1224251334317135,1
1775545085.426223,2234.0,895.12,0.1129664208278567,0.0717241979884102,0.084259783266024,0.1218780974671873,1
1775545085.470291,2234.0,895.34,0.1103363165445547,0.0697319346215762,0.0858488749985949,0.1256948290820056,1
1775545085.5025268,2234.0,894.02,0.1120601343539164,0.0711006734550248,0.0879003922150981,0.1258262399015023,1
1775545085.5347178,2234.0,894.3,0.1088350339354324,0.0677200112196623,0.0861677473980757,0.1247843626710824,1
1775545085.5660462,2234.0,893.34,0.109462648131988,0.069439091410356,0.0894519963840183,0.1292239543038704,1
1775545085.5974638,2234.0,893.92,0.1132532447623385,0.0704886050684993,0.0872602422751984,0.1236841097151131,1
1775545085.6302052,2234.0,892.74,0.1134421642491687,0.0691283311299226,0.0862954848894815,0.1246082369889369,1
1775545085.662346,2234.0,893.22,0.1077039122513656,0.0664498505298424,0.0875584315814767,0.1256039207474758,1
1775545085.6942022,2234.0,892.3,0.1095899039591527,0.0649590337932914,0.0851390446668494,0.1240836090593206,1
1775545085.7262836,2234.0,892.96,0.1101303265266628,0.0673975172342194,0.0877617380307668,0.126528426548729,1
1775545085.758307,2234.0,891.98,0.1108699753701419,0.0649688346361443,0.0845865302324816,0.1230571059550754,1
1775545085.7904105,2234.0,892.54,0.108981392389818,0.0650092542674665,0.0842560080242422,0.1238064821966709,1
1775545085.825148,2234.0,891.2,0.1079885473628376,0.065237481863898,0.0872599063908754,0.1248236270448739,1
1775545085.8705318,2234.0,891.64,0.1064556225805653,0.0631230842386056,0.0852778901021666,0.1253762679530167,1
1775545085.9034936,2234.0,890.38,0.1067063765601392,0.0637225967648273,0.0840316423644074,0.1245808404296101,1
1775545085.9345946,2234.0,890.84,0.1060368200425129,0.063147542535705,0.0854796764392786,0.1240837525308825,1
1775545085.9683363,2234.0,889.7,0.104304142287556,0.0618387721104661,0.0809546953478057,0.1213831927848258,1
1775545086.0136292,2234.0,889.82,0.100778945614629,0.0629762605138409,0.0870536855674952,0.126481741564168,1
1775545086.0456407,2234.0,888.9,0.1010991023348589,0.0633748614020334,0.0886363143025823,0.1276279345666949,1
1775545086.0649447,2234.0,889.34,0.1062353036846141,0.062950814308602,0.084907797512842,0.1234707145621495,1
1775545086.1103156,2234.0,887.7,0.1024104478011595,0.0605195502278938,0.0813611274467396,0.1223717072113469,1
1775545086.1432972,2234.0,888.26,0.1021536507738362,0.0635477120935228,0.0883093053487738,0.1267318070178369,1
1775545086.1765344,2234.0,886.52,0.101786371934467,0.0619375284105785,0.0875918005590369,0.126224568827358,1
1775545086.2254505,2234.0,886.6,0.1030693555569757,0.0615206238109549,0.0837487538146502,0.1228549758765985,1
1775545086.2566624,2234.0,884.84,0.1026222593407532,0.0609220756859357,0.0837097622264247,0.124209071721277,1
1775545086.3024583,2234.0,884.98,0.1031625011929103,0.0622084235649047,0.0872565757484495,0.1262504770538868,1
1775545086.333599,2234.0,883.46,0.1032220501617526,0.0605149864436562,0.0811854517839811,0.1223195753882504,1
1775545086.3663971,2234.0,883.68,0.1013464143221432,0.0610575192088093,0.0845691110294227,0.12466051170453,1
1775545086.4001105,2234.0,881.94,0.1003622291506864,0.0603249102073699,0.0851140587360044,0.126137444059373,1
1775545086.4454994,2234.0,882.76,0.0995472039592701,0.0602661854444473,0.0840099320401298,0.1269658391378018,1
1775545086.4781718,2234.0,880.46,0.0989250905374911,0.0593932350735644,0.085287429753355,0.1270113181061795,1
1775545086.5102692,2234.0,880.7,0.1007058853162163,0.0602622939541966,0.0851872996150607,0.1273594346547623,1
1775545086.5445085,2234.0,879.12,0.1004293075251136,0.0613408080592411,0.0857281896218577,0.1259824205558489,1
1775545086.5913484,2234.0,879.3,0.1011639731553674,0.0632604178767926,0.0868611235602382,0.1258698651915137,1
1775545086.6262803,2234.0,877.72,0.0974658947580968,0.0625229088207098,0.087800163595329,0.1270546092631432,1
1775545086.6555347,2234.0,877.22,0.098616488547428,0.0593514606498284,0.0877380828248298,0.1273164522001729,1
1775545086.685676,2234.0,875.58,0.1001127818436813,0.060125671382542,0.0861710600153688,0.1260115765563666,1
1775545086.7179844,2234.0,875.12,0.0992742069912886,0.0603524769407102,0.0861336036449482,0.1271057239837608,1
1775545086.750271,2234.0,873.06,0.1038013466895107,0.0614105014566327,0.0858574008825295,0.1246219350193581,1
1775545086.782224,2234.0,872.46,0.1005914058789608,0.0596182786582605,0.0834851956176696,0.1258382808542207,1
1775545086.8159196,2234.0,870.88,0.1009110347556283,0.0593277318629491,0.0811308519794604,0.1222276240900197,1
1775545086.862394,2234.0,869.82,0.0977004098083823,0.0594968195201609,0.0865078335781431,0.1270475949618276,1
1775545086.8944309,2234.0,868.28,0.0998464716547639,0.0594397649689041,0.0804927977336097,0.1226997209990091,1
1775545086.9267082,2234.0,867.3,0.0985462602687766,0.0585842933083758,0.0852577866463887,0.1267579097291471,1
1775545086.9581568,2234.0,865.72,0.1026172856948672,0.0589277429758175,0.0785881568088648,0.1194660522355398,1
1775545086.990346,2234.0,864.2,0.1007164280553166,0.0590494822292144,0.0831754372715205,0.1232908535663801,1
1775545087.026971,2234.0,862.8,0.1024284486886465,0.0599293711530894,0.0820091113052637,0.1236947767194,1
1775545087.0532176,2234.0,861.02,0.1024839538687853,0.0603810235387558,0.0828741094222881,0.1226618307276505,1
1775545087.0853517,2234.0,860.14,0.1029355666735122,0.0589236890832492,0.0776776223510791,0.118500693958462,1
1775545087.118606,2234.0,858.42,0.1032578071604406,0.058049486111278,0.0794862376322031,0.121787667262296,1
1775545087.150324,2234.0,857.62,0.1045628549062023,0.058814956839201,0.0795249319635983,0.1213555175968879,1
1775545087.1826982,2234.0,855.54,0.1060273604477868,0.0596436433824045,0.0799529107059744,0.1201622040384921,1
1775545087.2155366,2234.0,854.96,0.1029836791824295,0.0590578912242799,0.0799645884296573,0.1204786424271454,1
1775545087.2495985,2234.0,852.58,0.1024654850520262,0.0586379716088963,0.0782987044688586,0.1193575855198698,1
1775545087.2958484,2234.0,852.0,0.1010549000332486,0.0590124812286678,0.0810992816730247,0.1221815524801038,1
1775545087.3274474,2234.0,849.8,0.1021968105861129,0.0562813907258084,0.0764217008236663,0.1201326261417724,1
1775545087.3598156,2234.0,849.64,0.0999708684397127,0.0579761028019628,0.0802817351931218,0.1226677357867289,1
1775545087.3894396,2234.0,847.24,0.0996745701110981,0.0609154058723589,0.0834585007867734,0.1238282796641046,1
1775545087.4223783,2234.0,847.22,0.1019325714876403,0.0580428694767005,0.0800072102529181,0.1212241403211383,1
1775545087.45339,2234.0,844.74,0.1012853646391349,0.058699831334036,0.0782454873286154,0.1212707004839462,1
1775545087.4862003,2234.0,844.92,0.0991308565414329,0.0581638763679929,0.0814745836835073,0.1211977178822926,1
1775545087.5177257,2234.0,842.36,0.1016665918430163,0.058861597927988,0.0805769123385566,0.1223730832135818,1
1775545087.5496614,2234.0,842.74,0.1013080225165036,0.0592604816068498,0.0817712686136148,0.1220190123801972,1
1775545087.5822413,2234.0,840.22,0.1000957591104218,0.0594715882080168,0.0841039007239353,0.1238532165015011,1
1775545087.614195,2234.0,840.64,0.1020868550812093,0.0562324056162963,0.0772847769409904,0.1195192880160298,1
1775545087.6463866,2234.0,837.9,0.1027184925221001,0.0585865680039272,0.0793543821956877,0.1203978458092998,1
1775545087.6799989,2234.0,837.82,0.0980594638281707,0.0600553920541639,0.0829188709970655,0.1230441420327734,1
1775545087.7272182,2234.0,835.24,0.1002102242634638,0.060714449486772,0.0837692945581325,0.1230933248173463,1
1775545087.7588103,2234.0,833.12,0.0972925547773852,0.0584482780993235,0.0831649750797367,0.1265936531849548,1
1775545087.7906349,2234.0,830.04,0.1009871947088025,0.0597078401936031,0.0805704310717254,0.1220610876840111,1
1775545087.8270907,2234.0,828.06,0.1024427882917363,0.0587954361207985,0.0793638843317139,0.1203905629910509,1
1775545087.8561535,2234.0,825.5,0.1001798897384951,0.0570483466583459,0.0789330845606229,0.1195926298129808,1
1775545087.8863015,2234.0,824.42,0.1001002928532287,0.0581063859085544,0.0810760714126347,0.1227295778238319,1
1775545087.9197962,2234.0,822.44,0.1005036779169766,0.0580991105762372,0.0831064637573765,0.1267868843117516,1
1775545087.950252,2234.0,821.88,0.1037872745107976,0.0588471997041348,0.0853259101822117,0.1274301026246683,1
1775545087.9835749,2234.0,820.4,0.0880379081455195,0.0578951047098456,0.0948516243677575,0.1413855046617765,1
1775545088.0146143,2234.0,820.34,0.0779716668757509,0.0639000792502148,0.1107168297549158,0.1580393179954268,1
1775545088.04641,2234.0,819.46,0.0745100391961314,0.0682662288800956,0.1239984182914403,0.1705060597539328,1
1775545088.0786157,2234.0,819.52,0.0680667963682429,0.0784471881492608,0.1299423138509177,0.1802933572973613,1
1775545088.1122954,2234.0,819.06,0.0549118663187823,0.0894296255702135,0.1466836468944906,0.1860006864620079,1
1775545088.1456227,2234.0,819.04,0.0334561772745513,0.078293243155509,0.1446860804874459,0.1947278080177745,1
1775545088.1901972,2234.0,819.24,0.0252507436154234,0.0840074449572049,0.1487655286564468,0.2076255420317787,1
1775545088.2223265,2234.0,818.84,0.0455278994200025,0.0952791001601227,0.1616832991927901,0.2535752048453843,1
1775545088.2542863,2234.0,818.86,0.0736846579152386,0.12131592237724,0.1878616230276345,0.2875003028497616,1
1775545088.286453,2234.0,818.86,0.138600538795619,0.1830578019064859,0.2420551382987911,0.3227725645521824,0
1775545088.3182857,2234.0,819.36,0.2115207488434582,0.2664867708997894,0.2949353623905772,0.3439323029783055,0
1775545088.350341,2234.0,819.72,0.2454707050341346,0.302039078176514,0.3232517334807197,0.3719222618273095,0
1775545088.3822982,2234.0,820.72,0.273408654003392,0.3316142344878698,0.3489528021353063,0.3934784670431324,0
1775545088.414272,2234.0,821.62,0.2916701278830025,0.3529122849182211,0.3671450293547014,0.4063904508392856,0
1775545088.4465046,2234.0,821.68,0.3057832287562911,0.3719183654406423,0.381848804815971,0.4213197031802049,0
1775545088.4797947,2234.0,821.54,0.3082201372275789,0.3786419653618287,0.3868888149315059,0.4291613174243611,0
1775545088.5135343,2234.0,821.96,0.3134846614831417,0.383012137537841,0.3908274764851385,0.4359387395335236,0
1775545088.5589128,2234.0,821.92,0.312019515143309,0.3826875798968715,0.3952651087162494,0.4429868588379965,0
1775545088.5904992,2234.0,822.3,0.3143050715465977,0.3855084624762563,0.3972770974068279,0.4435058919940479,0
1775545088.6235473,2234.0,822.08,0.309361761183629,0.3812793418345576,0.3945312562738047,0.4457957430268318,0
1775545088.6546054,2234.0,823.22,0.3066020455164634,0.381643769265555,0.394828066414926,0.4465415074195341,0
1775545088.6862893,2234.0,822.9,0.3099106793090362,0.3832233926016933,0.3948163907139727,0.445776048859463,0
1775545088.7184048,2234.0,824.66,0.3134230002758754,0.3858616573605439,0.3967646030126153,0.4458518365162424,0
1775545088.750437,2234.0,824.48,0.3123134702719815,0.3833011647153206,0.3934711225901811,0.443886105131157,0
1775545088.7822936,2234.0,827.08,0.3117377630842816,0.3823033780806429,0.392094081607405,0.445566031430409,0
1775545088.8145628,2234.0,827.0,0.3136593168425975,0.3848562066632321,0.3922375187627516,0.4424224377284823,0
1775545088.8467064,2234.0,830.02,0.3119904270188912,0.3829181081608181,0.3916161487692093,0.443775266497714,0
1775545088.8773167,2234.0,830.14,0.311642580610116,0.3829312809621389,0.3935251653768755,0.4421347182319033,0
1775545088.910239,2234.0,833.5,0.3114890332827251,0.3822373426167554,0.3938060608582954,0.4420176532634199,0
1775545088.9442918,2234.0,833.6,0.3082305112486274,0.3820274712862443,0.3920932598550636,0.4417313759423381,0
1775545088.99029,2234.0,836.6,0.3084387842652631,0.3821768605947307,0.3904877763807412,0.440171581928487,0
1775545089.0221112,2234.0,835.96,0.3074874928712134,0.3801407164446735,0.3904939312344044,0.4416724368826862,0
1775545089.0542755,2234.0,839.26,0.3062999028499404,0.3783940259688546,0.390135725370093,0.4385010207122959,0
1775545089.0863197,2234.0,838.34,0.3059792977235435,0.3781978940167,0.3884431922150234,0.4392324803302571,0
1775545089.1194887,2234.0,841.06,0.305886938341476,0.377409185668499,0.3894488704380608,0.4384887174529381,0
1775545089.1500702,2234.0,838.4,0.3091441583763584,0.3801846317564999,0.389733736292655,0.4399616883947296,0
1775545089.1838276,2234.0,840.46,0.3061325824419003,0.3780890295275794,0.3887965086713115,0.4400497177088707,0
1775545089.2141626,2234.0,837.28,0.3070940485069076,0.3780765159798834,0.3872159985346939,0.4405647885387171,0
1775545089.2476196,2234.0,838.82,0.3071763134004002,0.3790636843954222,0.3869002967260767,0.4422737336790254,0
1775545089.278304,2234.0,835.92,0.3072242917137197,0.3791781353207317,0.3877206112281531,0.4415541181941896,0
1775545089.3104076,2234.0,837.44,0.3067038837492969,0.3782245418280335,0.3866309932437514,0.4420375703321216,0
1775545089.3425388,2234.0,835.6,0.3048134727082596,0.3764617865812865,0.384036780128469,0.4370797471497686,0
1775545089.376419,2234.0,837.28,0.3059261455972347,0.3770336630466527,0.3833621509233917,0.4401606176862309,0
1775545089.4212627,2234.0,837.84,0.306789958399793,0.378441288521173,0.3866552746687873,0.4398465859050963,0
1775545089.4543695,2234.0,839.36,0.306345473016589,0.3775027072372511,0.383786720353906,0.4399891294563245,0
1775545089.4865098,2234.0,840.56,0.3064325440272408,0.3788211053752608,0.3879539765295736,0.4410714936421129,0
1775545089.5183656,2234.0,840.9,0.3062342248802909,0.3778526359984205,0.3853955144588707,0.4412644091346867,0
1775545089.5505862,2234.0,841.72,0.3060295419407537,0.3768164531816469,0.3850562097539645,0.4413536992437098,0
1775545089.5823672,2234.0,841.1,0.3064622328264905,0.3777677016719297,0.383227239490667,0.4406887895969171,0
1775545089.6161697,2234.0,841.32,0.3050138744784257,0.3761712109929473,0.3863612286827662,0.4425754301035274,0
1775545089.6621702,2234.0,840.52,0.3041308655310006,0.3763708789014723,0.383972106794115,0.4410399807371492,0
1775545089.6942904,2234.0,840.52,0.3064714054505513,0.3781908348733889,0.3877187861428047,0.4433926738304644,0
1775545089.7310803,2234.0,839.08,0.3053905211882013,0.3769574316092114,0.3845363302006067,0.443114003990034,0
1775545089.75952,2234.0,839.2,0.3055249561180695,0.3768452932880644,0.3855606011895524,0.4429256024419823,0
1775545089.7954378,2234.0,836.82,0.3050148504200697,0.3766009384465928,0.3829079580587665,0.4406540087883225,0
1775545089.841733,2234.0,837.4,0.3067754315677099,0.3775612568406077,0.3832704884660471,0.4410628977651816,0
1775545089.8704357,2234.0,834.58,0.3061637244439677,0.3770734109714931,0.3859974010195061,0.4406771230793945,0
1775545089.9042768,2234.0,835.36,0.3067760445377822,0.3781591818551774,0.3819202503784048,0.4383770544767842,0
1775545089.9502225,2234.0,832.8,0.3051305923136422,0.3762607501537193,0.3842458069254651,0.4408515863730382,0
1775545089.982317,2234.0,833.16,0.3045363815175503,0.3749080745536907,0.3818955341754264,0.4385737458381704,0
1775545090.014511,2234.0,830.62,0.3052113010039569,0.3763561884991139,0.3844488128667301,0.4401211136129417,0
1775545090.0483708,2234.0,830.54,0.3066120481190836,0.3759177938097653,0.3834982158893816,0.4404749937703413,0
1775545090.094846,2234.0,828.24,0.3074525462566141,0.3773887638966903,0.3835427812380674,0.4397204387151372,0
1775545090.131457,2234.0,827.46,0.3035982932448943,0.374303927630517,0.3807697726951648,0.4399442402885957,0
1775545090.1606324,2234.0,826.18,0.303236219806305,0.3741474003803932,0.3831172561028251,0.440627543070996,0
1775545090.2054777,2234.0,826.26,0.3044435148150179,0.3751964838722292,0.3838767612781325,0.4413595297696634,0
1775545090.2384193,2234.0,824.86,0.30372769349882,0.3755618423405625,0.386646174672071,0.4402912086453897,0
1775545090.27048,2234.0,824.76,0.3047081622566581,0.3767603437057038,0.3866408557941101,0.4404000683832383,0
1775545090.3022077,2234.0,823.24,0.3054618510789803,0.3776511081159039,0.3865255425372575,0.442184254167447,0
1775545090.3334582,2234.0,823.56,0.3064001508709349,0.3783085397304905,0.3862700385729565,0.4437774110684174,0
1775545090.3671525,2234.0,821.98,0.3077001475973897,0.3798239092605595,0.386593754835488,0.4431644382533343,0
1775545090.41425,2234.0,822.5,0.3078976204365395,0.3799601376799844,0.3854205912717763,0.443847755514863,0
1775545090.4476311,2234.0,820.56,0.3067909812780752,0.3784696208530446,0.3861673176620952,0.4430661285088072,0
1775545090.4783244,2234.0,820.6,0.3092489737134278,0.380213884778232,0.3888737551132554,0.4433687892509297,0
1775545090.511745,2234.0,817.84,0.3116218594332569,0.3832715393440203,0.3881352272876221,0.4449275096465744,0
1775545090.5423555,2234.0,817.28,0.3096597069062977,0.3806413527225423,0.3863675302019647,0.4438290740438906,0
1775545090.5758457,2234.0,814.14,0.306984443562363,0.3787279293050304,0.3873443814996583,0.4420413055050338,0
1775545090.6056652,2234.0,814.08,0.3108229284416947,0.3828108597940441,0.3876842240261971,0.4427301019871637,0
1775545090.637344,2234.0,810.22,0.310395333269319,0.3826203756562031,0.3893694589637214,0.4442963575446778,0
1775545090.6703558,2234.0,810.24,0.3091640359711006,0.3804194238243514,0.3870241140906533,0.4446332696051337,0
1775545090.701557,2234.0,806.58,0.308975659540774,0.3819199466788922,0.3891597111981342,0.4429400446566307,0
1775545090.7339978,2234.0,807.2,0.3087180421349242,0.3793496896720596,0.387042724483189,0.4425362782553781,0
1775545090.7663517,2234.0,803.18,0.3114741650704016,0.380747431448922,0.3899062710508312,0.4410148405352525,0
1775545090.8001132,2234.0,804.08,0.3102677938977911,0.3800316675991992,0.3886818992684662,0.4441208181990585,0
1775545090.8463085,2234.0,800.5,0.3115816899656073,0.3824318228645026,0.3913519428109013,0.4414877911355088,0
1775545090.8770564,2234.0,802.96,0.3091358944499488,0.3832274238480568,0.3898684572039901,0.4414354775153895,0
1775545090.9104972,2234.0,800.58,0.3135450480552313,0.3879094282495838,0.392910136720499,0.4441101580746547,0
1775545090.941449,2234.0,803.38,0.3133965165169299,0.3856560880134164,0.3900942219221628,0.4428359143508215,0
1775545090.9744878,2234.0,801.72,0.3162652096003094,0.387188883036132,0.3928047956061329,0.4448277863053466,0
1775545091.0059483,2234.0,804.04,0.314185209932351,0.3873741433593983,0.3924945276863433,0.4463601154678352,0
1775545091.0374706,2234.0,802.94,0.3152867745040088,0.3869164488247838,0.393833485904822,0.4430869579962361,0
1775545091.071703,2234.0,804.26,0.3121172258861324,0.3838805477404993,0.3927163955949969,0.4433766545432696,0
1775545091.102182,2234.0,803.26,0.311276462882967,0.3853022816716043,0.3912419774540855,0.4437685811309879,0
1775545091.135821,2234.0,804.7,0.312133822414869,0.3870958471579537,0.3916725960365758,0.4458640615633264,0
1775545091.1664212,2234.0,804.18,0.3147747009509032,0.3906562559743326,0.3919548834794196,0.442314359301425,0
1775545091.1998477,2234.0,804.92,0.3177566462846497,0.391936404263743,0.3949067586005484,0.4475261578719965,0
1775545091.233066,2234.0,805.44,0.3163220171188998,0.3893818998354849,0.394099631700733,0.4475195631106434,0
1775545091.2784293,2234.0,805.36,0.3175041393354598,0.3917839141121296,0.3951472976337725,0.4481975043223317,0
1775545091.30924,2234.0,806.98,0.3179765487075757,0.3900437241317315,0.3958610368196545,0.4478468513487948,0
1775545091.3423977,2234.0,806.5,0.3193540019794377,0.3945445713053369,0.3982021142380392,0.4499840696059103,0
1775545091.3743243,2234.0,808.1,0.3185098059227602,0.3955418033252039,0.3967981216721124,0.4481424285990323,0
1775545091.406189,2234.0,807.32,0.3145588250014267,0.3890898522723146,0.3912751443405614,0.4447044296054948,0
1775545091.4373577,2234.0,809.22,0.314808873172067,0.3903421875612183,0.3911128187484076,0.4474728562786928,0
1775545091.4702375,2234.0,808.14,0.3134596253308438,0.3907931515384778,0.393970512401836,0.4489790671894371,0
1775545091.5024178,2234.0,810.96,0.3116504029913071,0.3867741343492,0.3898838393828567,0.4455841621621081,0
1775545091.5339386,2234.0,809.84,0.3113724777349734,0.3884850155067523,0.3903160300062945,0.4469155547623658,0
1775545091.5653625,2234.0,812.54,0.30863682125272,0.3857491894530495,0.3900000000365939,0.4462596050575281,0
1775545091.5985136,2234.0,811.42,0.3107430947120352,0.388541065493649,0.3905506846931252,0.4457794234992571,0
1775545091.633958,2234.0,814.0,0.3104457859308626,0.3870668041436285,0.3880849126942278,0.4436108306994214,0
1775545091.663036,2234.0,812.86,0.3102258871695371,0.387489071498565,0.3902009174534331,0.4458849188782238,0
1775545091.711352,2234.0,815.42,0.3096995526519706,0.3877015767191173,0.3892634559293267,0.4451638933388725,0
1775545091.7414515,2234.0,814.28,0.3095360160895779,0.3874491663358342,0.3903486097048949,0.4464198574054184,0
1775545091.7758174,2234.0,816.56,0.310432867539389,0.3876877506413324,0.3923428403946793,0.4430274504122347,0
1775545091.8053238,2234.0,815.6,0.3108204711487586,0.385876863982927,0.392797767872164,0.4443628461625976,0
1775545091.8394885,2234.0,817.78,0.3107305472103722,0.3861054150740633,0.3929490282583388,0.4476583774608155,0
1775545091.8705058,2234.0,816.76,0.3081808254864814,0.3867148307002216,0.3910257501430221,0.4471075534662987,0
1775545091.9022713,2234.0,819.08,0.3065208343652676,0.3868652191610104,0.3889789423224163,0.4474345634681384,0
1775545091.9349487,2234.0,818.18,0.3055750201517789,0.3843120393420106,0.3859373430002966,0.4431214062369634,0
1775545091.9663785,2234.0,820.32,0.3047336221339408,0.3870025107564141,0.386807858568502,0.441999577949091,0
1775545091.9982953,2234.0,819.16,0.3021983127986785,0.3802769035208022,0.3839821104932181,0.4411567248771693,0
1775545092.0348582,2226.2,835.28,0.2992437791711904,0.3806976087685891,0.383907068089837,0.4385581577905422,0
1775545092.0646234,2218.92,830.76,0.3008581704806405,0.3827642695046079,0.3833844754355979,0.4389890820637602,0
1775545092.1095169,2174.58,832.72,0.2988296261606883,0.3798139901166317,0.3845012004831114,0.4392502680314743,0
1775545092.1414468,2147.64,832.04,0.294969891868259,0.3787986465530271,0.3795023309736586,0.4367215754158824,0
1775545092.174409,2105.9,835.74,0.290966754724804,0.3748651093840722,0.3749478866513364,0.4338486731553129,0
1775545092.2062924,2073.72,836.06,0.2939430610482116,0.3743745823568171,0.3745930068935587,0.4297443253063474,0
1775545092.2375832,2031.6,840.22,0.2929351675211582,0.3738204135740928,0.3763903950849664,0.4313750088789407,0
1775545092.270367,1997.34,839.84,0.2940983168634501,0.3743776148326028,0.3761556870460287,0.4314830360822837,0
1775545092.3023863,1953.94,844.34,0.2937680875255188,0.3711643113345043,0.3755002401919673,0.4294631593161186,0
1775545092.33539,1917.04,843.52,0.2933421583108447,0.3700598197790387,0.3754447835314301,0.4278231466308771,0
1775545092.3664043,1875.4,847.38,0.2932673516872108,0.3697415095611627,0.3737363873443454,0.4284245801975357,0
1775545092.3996377,1839.6,846.76,0.2916490077166817,0.3709427402220511,0.3741107551069951,0.4304525839157531,0
1775545092.4354224,1799.18,851.28,0.2903360791166976,0.3695251638692768,0.3722533570685443,0.4286730413730851,0
1775545092.4637525,1762.58,850.62,0.2884954599399867,0.3693854965402217,0.3707432726986091,0.4284666734078852,0
1775545092.496371,1721.0,855.16,0.2857075217564491,0.3671587536251836,0.3708860483243391,0.4277044620317313,0
1775545092.5421357,1685.16,854.5,0.2879843210836083,0.3693148145196344,0.3729484968239051,0.4278851143595089,0
1775545092.5731912,1643.36,858.7,0.2902542514986858,0.3707205016839829,0.3716411648026371,0.4276885863710806,0
1775545092.6066363,1607.3,857.96,0.2912468974570653,0.3710833512542985,0.3726023026341716,0.4274403103191156,0
1775545092.6373951,1566.02,862.14,0.2897660769180271,0.3696282079402226,0.3744276580780439,0.4292898986264512,0
1775545092.6704018,1527.84,861.76,0.2895888174780416,0.3705775054034687,0.3763074735116746,0.4321087173932157,0
1775545092.7015214,1486.04,865.18,0.2882167709024194,0.3694613371302612,0.3760633234352944,0.4315012807882963,0
1775545092.735458,1449.7,865.18,0.2892217299218373,0.3708977028575708,0.3766273270388891,0.4325040709065187,0
1775545092.766277,1407.1,868.28,0.2883987217424941,0.3689681968461474,0.3772683551810031,0.4317178092473826,0
1775545092.798401,1370.24,868.38,0.2882673148125083,0.3711477489220717,0.3772318800641336,0.4321075147672274,0
1775545092.8353877,1326.8,871.16,0.2889396187078326,0.3694960271862065,0.3771933146271041,0.4327885810548846,0
1775545092.8621533,1290.38,871.36,0.2881441504090059,0.3695304321229795,0.3771388868470994,0.4327504320252864,0
1775545092.8943615,1248.2,873.68,0.2887570784707055,0.3717632115743937,0.377230054510724,0.4341668033077917,0
1775545092.9279852,1211.14,874.56,0.289246220577677,0.3713665915620678,0.3777321947967206,0.4334385294716336,0
1775545092.974973,1168.36,876.34,0.2874710805552838,0.3694858452368198,0.3769749581103736,0.4336305118915743,0
1775545093.0064826,1130.98,877.74,0.2849045735314185,0.3674751762033603,0.3766892330203996,0.4340980271593276,0
1775545093.0398376,1087.48,879.32,0.2853002098202277,0.3673589996112509,0.3766840691403801,0.4318569890277644,0
1775545093.0736098,1050.72,880.56,0.2858488674103165,0.3691423745269644,0.375617598706521,0.4302971425042334,0
1775545093.120994,1007.68,882.38,0.2875242480265966,0.3705424200091405,0.3768809390059668,0.429277302956155,0
1775545093.1505232,971.02,884.06,0.2859993691626917,0.3678510405847647,0.3761996417654596,0.4316610289275637,0
1775545093.1826751,929.58,885.38,0.2853596020278462,0.3678013433461807,0.3738121688478844,0.4292162772314597,0
1775545093.216254,894.38,886.6,0.2846737381789124,0.3684570410032627,0.374482589007159,0.4306688042589967,0
1775545093.2537663,851.2,888.22,0.2856716870648229,0.3686570716625483,0.3749594542598882,0.4303073441310728,0
1775545093.2944105,814.7,889.54,0.2853058768773703,0.3677883782434195,0.3748355331469262,0.4303946761491603,0
1775545093.3263648,771.72,891.22,0.2860598316586367,0.3688153038404544,0.3755094000569276,0.4289271997745646,0
1775545093.360648,733.96,892.58,0.2870442467893782,0.3699956641407886,0.3764195275296484,0.4307672058314568,0
1775545093.4053814,692.06,893.9,0.2860716522656615,0.3685802545694717,0.376724491941888,0.4318515449289217,0
1775545093.4370823,655.52,895.34,0.2856568356356666,0.3688175891990985,0.3783272789823397,0.433675448209296,0
1775545093.4703474,613.56,896.28,0.285536797805869,0.3684417660448611,0.3774516029273032,0.4335569580271506,0
1775545093.5040872,575.68,898.1,0.2850804272139631,0.3691620043463231,0.376813553764536,0.4342395634763711,0
1775545093.550381,533.76,899.08,0.2859527275794699,0.370402098811453,0.3787140632580567,0.4356081781821137,0
1775545093.5822735,496.7,900.5,0.2864628591186084,0.3730769766692886,0.378099128962181,0.4377699983572505,0
1775545093.6142297,454.8,902.06,0.2861835586075567,0.3725625920636762,0.3813736374308759,0.4381098113809678,0
1775545093.6482651,416.72,903.56,0.2855161804219349,0.3705250099180908,0.3795896680393822,0.4380473887891832,0
1775545093.6944156,374.08,905.14,0.288900535951907,0.3743773619153456,0.3833163989258244,0.4401033597993052,0
1775545093.7277758,338.02,906.42,0.2873767068596874,0.3735102038182303,0.3819782453693784,0.4400718491033558,0
1775545093.7582378,303.42,893.44,0.2891112641886613,0.3750661401198206,0.383677420228858,0.4400098885150123,0
1775545093.7918086,273.86,898.56,0.2888192577183593,0.3758823860675049,0.3831778438081212,0.4406286129988177,0
1775545093.822386,276.42,899.38,0.2869358709783687,0.3753865667609555,0.3797849289194779,0.440052287495431,0
1775545093.8543603,266.94,900.4,0.2877202647072196,0.3724792668225624,0.3809727391274782,0.4391486373848551,0
1775545093.8861132,265.24,900.06,0.2882188209666214,0.3743740215656467,0.3826402629547478,0.4360005423973985,0
1775545093.9535909,261.84,900.54,0.2863624036412023,0.3733562549520406,0.3815283193722524,0.4390801972429718,0
1775545093.998283,260.2,899.86,0.2860703334683356,0.37211095645061,0.3823905282676662,0.4412704532272464,0
1775545094.029328,257.88,900.16,0.2873425905570572,0.3749791393745454,0.3819080066087942,0.4427101810913431,0
1775545094.062357,259.48,899.74,0.286340000470977,0.373249926098493,0.3835163083417786,0.4436262265497567,0
1775545094.0943775,258.5,900.46,0.2851800247704143,0.3726201422362177,0.3825003006639464,0.4420402230693663,0
1775545094.1264672,256.96,900.62,0.2862183292142691,0.3733299470604028,0.3833998206589561,0.4428133248152638,0
1775545094.1581757,254.84,900.86,0.2864130483092815,0.374810895960215,0.3831018596335417,0.4430267621456667,0
1775545094.1895676,253.18,900.32,0.2864991187881817,0.3741554197571378,0.38489381896227,0.4436637215627419,0
1775545094.2222848,254.14,900.46,0.2862307957353208,0.3732895096358062,0.3828304510587493,0.4419021575183645,0
1775545094.2542012,253.52,899.82,0.2844316239007189,0.372044076951834,0.3805612628747024,0.4397189457734717,0
1775545094.287567,252.38,900.12,0.2855552366642188,0.371632819209116,0.3823901734294085,0.4394024143812821,0
1775545094.31824,251.18,899.66,0.2861927437801572,0.374346972855306,0.3796101537537134,0.437421998090219,0
1775545094.3518102,244.88,900.24,0.2866319148939714,0.3738105056845888,0.3819770303501933,0.4402034950058279,0
1775545094.3861115,244.44,899.66,0.2863721665518334,0.3749286338342524,0.3788156737525795,0.4398429888580716,0
1775545094.4316623,244.68,899.88,0.286207703614464,0.3723633018643617,0.3795673450204312,0.4382997000080843,0
1775545094.462188,244.26,899.76,0.2855249029594561,0.3701334141593451,0.3807589201549887,0.4394733005466084,0
1775545094.494557,244.26,899.92,0.2859441077600156,0.3714615965258366,0.3801689959124469,0.4387571841954205,0
1775545094.5261412,245.72,899.76,0.2864871461030109,0.3722714801207599,0.3797072675394474,0.4394305081795877,0
1775545094.5584767,246.5,899.62,0.2855965185876615,0.3722026038695554,0.3786402932628353,0.4395985238637411,0
1775545094.5903792,248.58,899.74,0.2848219066487544,0.3712983055051898,0.3769922641073218,0.4375230936482147,0
1775545094.6223807,248.34,899.62,0.2840997311357749,0.3707601963620272,0.376861018863918,0.4388558639897958,0
1775545094.6544292,246.8,899.76,0.2825676042508446,0.3669176529687907,0.3743045724689796,0.4386182878374602,0
1775545094.6862695,248.64,899.54,0.2795434942956977,0.3670169984867171,0.3763382421805321,0.4372262633495544,0
1775545094.718318,250.04,899.88,0.282293110072417,0.3699127926678951,0.3767205925919417,0.4370845637426006,0
1775545094.7504714,251.58,899.5,0.2804544675593363,0.3670983947344287,0.3765083512493301,0.4362889766145085,0
1775545094.7840636,253.14,899.76,0.2821354305215839,0.3681443281072855,0.3771301614612175,0.4364396510669465,0
1775545094.830206,254.36,899.92,0.2825340195214434,0.3680215555299809,0.3750550272661855,0.4324411580324064,0
1775545094.8621614,255.7,899.48,0.2829549942398685,0.367608113003925,0.3749459791216358,0.4310656238691417,0
1775545094.8944252,257.18,899.36,0.2842791098582309,0.3696729262335911,0.3758385376193129,0.4314664698061773,0
1775545094.9276454,258.1,898.94,0.2808423180385659,0.366983568798522,0.3711265029570169,0.4321067798138097,0
1775545094.9582825,256.68,898.96,0.2819921533719497,0.3677589438158355,0.3730001679736431,0.4328795770457867,0
1775545094.9917,258.74,898.68,0.2823717058928938,0.3684034857896921,0.3758240659225374,0.432935553891893,0
1775545095.0223696,260.46,898.96,0.2822864801153582,0.3687247533947503,0.373963130250984,0.4332447973651008,0
1775545095.055711,262.0,898.52,0.2821881500630521,0.3673921764615724,0.3714095260027305,0.4326455596124688,0
1775545095.086387,262.52,898.46,0.2812799699323093,0.3659474341074713,0.37242713219197,0.4343721664094104,0
1775545095.1173806,263.82,898.32,0.2815266469094212,0.366637928660634,0.3734813107170194,0.4354820977315533,0
1775545095.150503,264.38,898.42,0.2813035244022654,0.3685394188296848,0.3751346041487441,0.4361865429197308,0
1775545095.1841192,265.08,898.04,0.2826626003833304,0.3678335459621723,0.3775338920237119,0.4386499097302911,0
1775545095.230127,267.18,897.54,0.283106912894953,0.3699195345597254,0.3780639298227402,0.4403592165542069,0
1775545095.2628832,266.86,897.46,0.2830237352367606,0.3694744728522968,0.3781526995714779,0.4411582058288868,0
1775545095.2941406,267.26,897.76,0.2833370698090554,0.3689316937831704,0.3804453341909588,0.4411732675064364,0
1775545095.3264356,266.62,896.98,0.2824427044438732,0.3684358292300801,0.3799131042085529,0.4403417634377647,0
1775545095.358564,269.06,897.16,0.2855524713343836,0.3699991794816425,0.380889420294331,0.4406317730230732,0
1775545095.390681,267.76,896.82,0.2851165791646223,0.3694704867171583,0.381615238833994,0.4400501710849429,0
1775545095.4224255,265.84,897.22,0.2824641049704696,0.3701984329300025,0.3795318502837514,0.4426515376703794,0
1775545095.4534583,266.22,896.72,0.2831669401977711,0.3697458173493254,0.3786097205319609,0.4433251453817579,0
1775545095.485433,266.6,896.1,0.2836730230694302,0.3692449204752595,0.3770360832380832,0.4401837335432909,0
1775545095.518358,265.14,896.18,0.2824876087978197,0.3718552355308157,0.3788623034464055,0.4432709313150209,0
1775545095.551419,264.58,896.1,0.2828670733026709,0.3697413339506911,0.3767045583167216,0.4408447788496718,0
1775545095.582383,265.6,896.0,0.2830744148776161,0.36887950149092,0.3778204195671125,0.4411638868303141,0
1775545095.6160731,264.32,896.1,0.2824372349727225,0.3699215159356026,0.3779851629379679,0.4419673831949425,0
1775545095.650902,265.58,895.74,0.2820058862506627,0.3675438106184752,0.3794142458080771,0.4410380535792589,0
1775545095.695678,265.44,895.76,0.2814993441112361,0.3674859444550875,0.3764721760515431,0.4415677690452566,0
1775545095.7263415,264.96,895.34,0.2817552289496003,0.3665347755046155,0.3782344627820224,0.4401556888787293,0
1775545095.7583442,265.9,895.16,0.2807050127730809,0.3669272481918981,0.3774225115358121,0.4401120448392942,0
1775545095.7900913,267.4,894.6,0.281652035714738,0.3696968412662541,0.3799314853617893,0.4426039467830325,0
1775545095.8214266,271.58,894.66,0.2804966637947898,0.3678125024086133,0.3785683318362874,0.4429996554300395,0
1775545095.854542,270.6,894.4,0.2793420321018084,0.3672213584767579,0.3777070287153442,0.4429078772844579,0
1775545095.8915412,269.64,894.68,0.2832654473533121,0.3682803471560752,0.3802839826582931,0.4446147428721935,0
1775545095.918775,269.3,895.14,0.2812541055936494,0.3669447518034408,0.3780565730653853,0.4419479067522993,0
1775545095.9504747,268.58,895.04,0.2804840144045485,0.3677185673556443,0.376568850519397,0.4422616753173233,0
1775545095.9824069,269.3,895.14,0.2792592349690606,0.3667655365443583,0.3777276259519525,0.4434301238467631,0
1775545096.0134823,274.6,895.08,0.2790633705240384,0.3659848576375463,0.3777863707771071,0.4451279918839423,0
1775545096.0475447,275.82,894.94,0.281086951932696,0.368121920982357,0.3801107841878994,0.4445888444287121,0
1775545096.094339,277.16,894.86,0.2844373948680038,0.3668278125617327,0.3785423855704984,0.4407929513740422,0
1775545096.1255202,278.7,894.76,0.2818735418851448,0.3674040230102797,0.3791998576786065,0.4449083908232998,0
1775545096.1583536,278.0,895.14,0.2805643761391114,0.3685079998988997,0.3769634620974087,0.4423517773947251,0
1775545096.1916502,276.24,894.64,0.2783674560271844,0.3651275362111094,0.3762612744186152,0.4440918378582553,0
1775545096.2221751,276.68,895.0,0.2805434898258851,0.3668299269985294,0.3775692285901258,0.4421077105427003,0
1775545096.2556217,277.42,894.94,0.2816071039487455,0.3635634701327515,0.3763115070694739,0.4404838758870445,0
1775545096.2865014,277.26,894.96,0.2803783533728863,0.3661306654544871,0.3771274702986509,0.442594101089884,0
1775545096.3201532,278.14,894.64,0.2806068428967967,0.3629798483496506,0.3764885088163018,0.4400226984554808,0
1775545096.3548863,275.48,894.66,0.2801076900085578,0.3636740661492249,0.3753862259845223,0.4380221020091471,0
1775545096.3983283,273.68,894.76,0.2801930470084509,0.3644977292648108,0.3747063697948607,0.4389166003843334,0
1775545096.4305804,271.92,894.96,0.2748350997039026,0.3619172298527403,0.373758302082411,0.4410728165080732,0
1775545096.4642313,269.52,894.64,0.2755596219304453,0.3600025500401846,0.3711309175028893,0.4358043661485984,0
1775545096.5092793,267.94,894.68,0.2760270258879519,0.3606877230936188,0.3693010916784437,0.4353038622050023,0
1775545096.5418875,264.98,894.9,0.2762578064831119,0.359372525392476,0.3701996357332506,0.4345746248634203,0
1775545096.5736527,264.78,894.98,0.2716103638219665,0.3588952144183824,0.3685269275778252,0.435116776999469,0
1775545096.607314,261.76,894.88,0.275309132982123,0.3584012298351712,0.3685061708616663,0.43089219729939,0
1775545096.6404655,260.26,895.46,0.272916175654622,0.3573066166240811,0.3653661659492255,0.4310229771635515,0
1775545096.6866176,258.54,895.18,0.2721571423349919,0.3571348819078813,0.3655812463199971,0.428689793435218,0
1775545096.7184584,257.28,894.96,0.2732424183839723,0.3561416260678732,0.3657059471986942,0.4276716584534408,0
1775545096.7525554,256.08,894.36,0.2708528146933069,0.344462225235152,0.3575398072377208,0.4215030915767954,0
1775545096.7984428,256.26,894.68,0.2658190453737984,0.3322517199740915,0.3500172663905992,0.4202760805765,0
1775545096.8302157,254.04,894.24,0.2628577863954187,0.3218679347382402,0.343109304902216,0.4168365836801791,0
1775545096.8626738,251.84,894.92,0.2552539911790259,0.310274236883909,0.3345721419734582,0.4099893889008784,0
1775545096.8964112,249.92,894.88,0.2309033021274487,0.2746132409771585,0.309966072201476,0.3964565056232332,0
1775545096.9427135,248.32,895.44,0.1942445366503406,0.2353269832557268,0.2861219896613354,0.3757891467329365,0
1775545096.9746711,247.26,895.14,0.1958623628388107,0.2370619285140447,0.2864344671048902,0.3742811861918891,0
1775545097.0079894,247.2,895.36,0.1425115378112302,0.1578201311161647,0.2136506656018365,0.3318670195272767,0
1775545097.0417273,246.24,895.28,0.0985379039693281,0.1257417924409099,0.1847202759978632,0.2861767876170024,1
1775545097.086084,244.6,895.34,0.0473140152230672,0.100787781219935,0.1677044512468177,0.2232773333142843,1
1775545097.1180413,246.0,894.92,0.0300627575529039,0.0854102965568716,0.1444934717473014,0.1867816424191904,1
1775545097.1504028,0.0,0.0,0.0276918344580812,0.0389276262818046,0.1008200597921244,0.1402243529375858,1
1775545097.182389,200.48,874.4,0.0469457747768126,0.0370532788645496,0.0953093010183128,0.1259290018471348,1
1775545097.2135963,199.96,874.94,0.0904088857371021,0.0561733106942408,0.0958870044243641,0.1210965056226443,1
1775545097.2452583,200.86,873.4,0.1123812673857164,0.0750700965344072,0.0926222002221095,0.1167710318980924,1
1775545097.2785842,200.32,874.74,0.1094482721283253,0.0719158456927481,0.0921071418922926,0.119699020529494,1
1775545097.3095038,198.9,871.1,0.1035208633219317,0.0667326844910697,0.0844704911542602,0.1195554501236964,1
1775545097.341475,198.66,869.8,0.1011281329240539,0.0733733802025706,0.1019551004009477,0.1432644177864855,1
1775545097.37437,197.4,867.56,0.1052847970392277,0.0931048890063884,0.1307625360044995,0.1780978303376078,1
1775545097.4065588,194.12,866.68,0.1125298872925328,0.101333460140649,0.1377689149178487,0.1854017363216438,1
1775545097.4415123,195.26,865.16,0.1089549323728065,0.0952294790235339,0.1283513530948543,0.1776549783336154,1
1775545097.4725864,196.82,866.84,0.1042245394335117,0.0878406964532759,0.1130357781772227,0.1594700686681836,1
1775545097.5195808,195.1,864.02,0.1052227460103232,0.0859323669918541,0.1090655058852854,0.148978439541384,1
1775545097.550477,195.38,861.64,0.1066721578913876,0.0807186125307381,0.097731071570121,0.1424901955872427,1
1775545097.5836573,193.88,860.36,0.0996878774361148,0.0789144270700949,0.098049213490273,0.1403120841889173,1
1775545097.6133094,193.14,860.44,0.1054692169724059,0.0746852812820753,0.0901814298487442,0.1377376902817538,1
1775545097.6469142,191.96,859.82,0.0951806863905949,0.0712346454457026,0.0931935710524794,0.1387749719913007,1
1775545097.6774125,190.58,858.14,0.0930990085167087,0.0667519658892922,0.0888064403338664,0.1342220663997121,1
1775545097.709103,190.76,853.84,0.0871631725219361,0.0659945116293257,0.0900113740478874,0.138391461556229,1
1775545097.741909,189.22,854.4,0.0883407409190708,0.0621734713776634,0.0847082775377286,0.1345144128361594,1
1775545097.774442,187.98,852.72,0.0847000756786628,0.0651138168170921,0.0894035509683902,0.1379532278532146,1
1775545097.8065665,182.28,850.36,0.0848728062493393,0.0630447170322116,0.0889080030654343,0.136793033569865,1
1775545097.8417983,182.4,849.0,0.0863316217197944,0.0633964216108738,0.0904823379236996,0.1385659373182235,1
1775545097.8693027,179.62,846.3,0.0862111996256293,0.0652575267781138,0.092321280457334,0.1414265605899366,1
1775545097.90211,183.2,844.88,0.0861577924911745,0.0616554262565787,0.0896253625271501,0.1391987243050884,1
1775545097.9417815,183.9,844.74,0.0875302943041639,0.0601120349123975,0.0857097843766978,0.1355397684048831,1
1775545097.9813116,183.54,842.72,0.0848768486990131,0.0565779499356868,0.0811762575446697,0.1315739518458813,1
1775545098.014328,181.52,843.4,0.0841089368980118,0.0564521393474886,0.0843036797019578,0.1343701849686374,1
1775545098.0451376,186.18,842.98,0.07094429485589,0.0666696526935181,0.0951415533869209,0.1423384782033071,1
1775545098.0785627,183.7,843.34,0.0774835449217653,0.0621054262186671,0.0888348365737735,0.139282391002718,1
1775545098.1103525,186.86,841.8,0.0860039206059307,0.0586539791354288,0.0766753069843697,0.1276529926823511,1
1775545098.143214,191.7,842.34,0.0841561529860068,0.059273730989248,0.0785441704130581,0.1305580522468525,1
1775545098.174603,194.22,841.7,0.0804418870056212,0.057976575498795,0.0812176223568535,0.1348548522325334,1
1775545098.2078738,197.22,844.0,0.0816758247805939,0.0582330954191398,0.0789872365404418,0.1315321350909524,1
1775545098.2423196,197.32,843.52,0.082468456543634,0.057277548026282,0.0747358545923809,0.1280801167881238,1
1775545098.2717686,192.9,845.06,0.081451712682347,0.0569103313161431,0.0770887847643611,0.1306112322887467,1
1775545098.302193,192.62,842.48,0.0829357520443147,0.0589868879249417,0.0801040339707104,0.1307792459006508,1
1775545098.3343284,188.86,840.1,0.0832511178299508,0.0571546963998577,0.0768549762140589,0.1297849249039059,1
1775545098.3674858,195.4,840.1,0.0816632330613862,0.0590609358952454,0.079818445538653,0.1308594603462219,1
1775545098.4142826,197.0,839.32,0.0834701365240516,0.0588983828113904,0.0792411459991877,0.1282568528402964,1
1775545098.4453466,201.58,840.88,0.0812964420857355,0.0574847507636196,0.0792643403396225,0.1301781454619344,1
1775545098.4781146,201.86,838.16,0.0785898674588846,0.0565585258317569,0.0771236496163648,0.1287183622149935,1
1775545098.5103197,203.96,837.62,0.0790832123457097,0.0570432507539781,0.0782211579287064,0.1314636572135033,1
1775545098.5425584,202.8,840.08,0.0784919807667936,0.055583060720438,0.0788475083563104,0.1305644857502968,1
1775545098.573424,203.92,836.7,0.0806402612362698,0.0611042629637025,0.0814216556236673,0.1308140714989774,1
1775545098.6070826,201.1,837.22,0.0823157034219399,0.0581350439392893,0.0811159440168355,0.131654099444317,1
1775545098.6546557,206.46,834.36,0.0834724233553936,0.0579643370079289,0.0813061052304923,0.1309924863821522,1
1775545098.6861897,214.98,836.28,0.0767000988460572,0.0542855885402539,0.0804746201286129,0.1299320433676681,1
1775545098.7183547,214.2,837.14,0.0804558165005017,0.05389641987331,0.0774134498690527,0.1287757860550465,1
1775545098.7524142,216.6,837.26,0.0820678536040871,0.0527110102367828,0.0767831107678918,0.1273432389039216,1
1775545098.7996464,217.46,841.56,0.0809942598970913,0.0512362445624853,0.0770814791200446,0.1295524579895449,1
1775545098.8293295,212.06,842.56,0.0855287442749091,0.053243163758835,0.0748321527987902,0.1265108579472321,1
1775545098.8627274,211.38,845.26,0.0811768829537321,0.0581240631968874,0.0824456938781497,0.1311044563011356,1
1775545098.8965068,209.56,845.24,0.0831162174409254,0.0582908711150303,0.0793897205816859,0.1278824137688275,1
1775545098.943122,213.38,850.0,0.0814636006065127,0.056450320285021,0.0787755570802706,0.1273559161704117,1
1775545098.9745536,223.5,849.3,0.0805661545036339,0.0586163906657323,0.0818091778176538,0.1289427848427196,1
1775545099.0063574,229.08,850.96,0.0819914487814355,0.0556998815832058,0.0777347112164991,0.1283091379920947,1
1775545099.0430603,222.3,854.88,0.0817077068102885,0.0578053051837699,0.0821304474148151,0.1298468491785712,1
1775545099.0862906,223.36,857.36,0.0807828250086074,0.0541623552741763,0.077455928165538,0.1264337599612265,1
1775545099.1182525,225.84,860.28,0.0823308836621022,0.0559814386408117,0.0774064110114621,0.1255776189901204,1
1775545099.1492653,221.96,860.92,0.0785585070816997,0.0527684801978498,0.0738266302775298,0.1275727842102836,1
1775545099.1830184,217.58,858.96,0.0801150905723687,0.0560628440780529,0.0790500075093114,0.1275132607535229,1
1775545099.2303116,217.78,859.64,0.0840376604406956,0.0553153014862225,0.0750472088313961,0.1243257344269852,1
1775545099.262287,215.8,861.84,0.0815801602912786,0.0558675895394084,0.0799748445772942,0.1314783909922408,1
1775545099.294238,215.02,861.1,0.081844535763558,0.0572194637433764,0.0795466533943978,0.1285011585376037,1
1775545099.3278644,215.0,861.5,0.0814860783583094,0.0557067371742637,0.0801808208011395,0.1295396625980276,1
1775545099.3614216,215.92,861.84,0.0833626288256256,0.0551841433731293,0.0780716171963622,0.127009002259472,1
1775545099.4062812,210.74,864.1,0.0829143230211045,0.0557643740653264,0.0787365987183129,0.1277131761757062,1
1775545099.443691,208.2,867.0,0.0821979920397783,0.0555959381405349,0.0780033027219716,0.1246140280546282,1
1775545099.4715035,209.64,865.36,0.0821019291345503,0.0547787317842399,0.0763060014823746,0.1241879302619573,1
1775545099.5013902,217.18,865.32,0.0825048080454721,0.0543596902635751,0.0761915249053957,0.1257122666001412,1
1775545099.5350835,221.7,868.14,0.0805877855934302,0.0589500466736175,0.0814630284411103,0.1291538266670967,1
1775545099.5652137,227.04,867.26,0.0842601484905193,0.0552453529601464,0.0759693234649399,0.1244590780576479,1
1775545099.600031,237.74,871.58,0.0804702198706471,0.0530303089277064,0.0761395301512168,0.1270981785832321,1
1775545099.629274,243.3,871.64,0.0798849308841338,0.0536868165832399,0.0772447571662859,0.1281769703477986,1
1775545099.662392,239.34,867.36,0.0836755931285223,0.050155331510593,0.0703961409956469,0.1230082853060314,1
1775545099.6944268,256.32,867.1,0.081247927039514,0.0527195757805463,0.074944280263816,0.1274575902851285,1
1775545099.7263052,255.32,868.76,0.0829184443290026,0.0536828084037977,0.0761686395693667,0.1264832329783246,1
1775545099.759946,251.96,867.54,0.0817610339568798,0.0545582668243995,0.0778661436154834,0.1274057794156556,1
1775545099.8064263,252.24,867.82,0.0817079773796629,0.0522485416297405,0.0753695565868631,0.1258303187150578,1
1775545099.8384068,265.26,867.96,0.0818393634879772,0.0531880233653109,0.0784775342635915,0.1264613377139284,1
1775545099.8703551,260.32,864.16,0.0826251235269169,0.0526676053308159,0.07675179529946,0.1263372962088158,1
1775545099.90225,263.68,862.12,0.0823137182822379,0.0546575204213351,0.0778130461413765,0.125864655928177,1
1775545099.9344215,256.98,859.16,0.0815524792046758,0.0561081979525098,0.0798603125237183,0.1276022126616866,1
1775545099.9664123,259.1,860.22,0.0806094529446773,0.0548192299079702,0.0794672483245616,0.1273429903325623,1
1775545099.998257,258.9,858.62,0.0827856596880287,0.0537947278093186,0.076843713966071,0.1235923296123357,1
1775545100.030467,260.54,858.38,0.0820882782780372,0.0530673365932975,0.0778443218225214,0.1251645941686341,1
1775545100.062158,264.7,862.12,0.0833865435794237,0.0541658547650327,0.0784393406525996,0.1239711795588956,1
1775545100.0955615,258.46,865.74,0.0838381551732801,0.0555381788824845,0.0769497294892509,0.1238935931737983,1
1775545100.1259046,256.94,866.78,0.079324694317528,0.0543610442561146,0.0799472825103642,0.1282445148168476,1
1775545100.1601024,251.46,863.72,0.0810113958583633,0.0552788287660758,0.0789178620319403,0.1250816558581982,1
1775545100.1940598,256.62,865.76,0.084121290710837,0.0538510043665979,0.0781144861204276,0.1233330836065246,1
1775545100.2386923,253.08,865.78,0.0834902062851561,0.0508049316607781,0.0740702227473624,0.1232706207436551,1
1775545100.2706158,249.12,863.08,0.0838298867943717,0.0540134572274545,0.0765543055948474,0.1236837803249904,1
1775545100.301485,249.7,866.8,0.0815341231698394,0.0526461743060144,0.0763537518114649,0.1251313216814216,1
1775545100.334278,250.66,866.36,0.0823789157775882,0.0544924182512395,0.080233405270872,0.1266462944793351,1
1775545100.3662808,248.2,867.42,0.0818711845916494,0.0519339765226544,0.078089841226704,0.1262906498023905,1
1775545100.3982613,239.56,868.58,0.0865427137130648,0.0498471932509888,0.0732648977004132,0.123274452691836,1
1775545100.4302795,239.2,867.74,0.0826927872565563,0.0529734833225873,0.0811830572395157,0.1294249128638789,1
1775545100.4629543,232.54,861.58,0.0839364732034578,0.0555221725830346,0.0852171277090002,0.1343647744802921,1
1775545100.4960985,233.14,861.38,0.0847681694213328,0.0560583073074601,0.084924752767055,0.132865105770666,1
1775545100.5452034,230.42,861.46,0.0845225424660268,0.0538625034644143,0.0862701472430078,0.1360092319492169,1
1775545100.575799,229.66,860.92,0.0820390274506093,0.0543630177749221,0.0892025228843101,0.139096483998808,1
1775545100.6222925,227.64,857.52,0.0819112900208297,0.0554588180060216,0.0909445812813882,0.1414345962727549,1
1775545100.653249,227.54,853.46,0.0820301568653609,0.0561800453850657,0.0920166636045105,0.1439570488298603,1
1775545100.6864128,216.52,851.9,0.0815793270853334,0.0617556270918628,0.1008000261205598,0.1542836876769792,1
1775545100.7183712,211.24,851.64,0.0751113306829672,0.0700348132701665,0.1167289549181276,0.1666225730579294,1
1775545100.750158,211.64,850.0,0.068472860429779,0.062292154650249,0.1136663774367147,0.163281160202408,1
1775545100.781354,209.08,848.44,0.0640214862421204,0.0539746113686497,0.1198097621576059,0.1692078229279265,1
1775545100.816081,215.4,845.9,0.0593034308899435,0.0770244529188101,0.1450008956885825,0.1835288052678975,1
1775545100.850248,216.6,849.48,0.0308633045186203,0.0661672191934893,0.1468079666925099,0.1821030412463349,1
1775545100.8957517,222.94,853.84,0.005052064769893,0.0672257040703774,0.1399132303206053,0.1920038984064299,1
1775545100.9261153,228.24,854.54,0.0286469367633995,0.0721010856376253,0.1418391402750073,0.2026846548483404,1
1775545100.9583015,224.4,854.0,0.0433060693300559,0.0862487719215661,0.1544001327260304,0.2301410930938686,1
1775545100.9903655,230.56,851.52,0.0541308393187064,0.1056219279302852,0.1703206321090208,0.2485146043833009,1
1775545101.0225642,231.44,850.18,0.0808458454079865,0.1275795170927707,0.1836961392929041,0.2577260416390647,1
1775545101.0541992,230.58,850.12,0.1472956954884214,0.1865678297043207,0.2287050454604277,0.2884576640807779,0
1775545101.0862255,233.4,847.8,0.1942733422674277,0.2530639967212503,0.2723068149961986,0.3202332959836136,0
1775545101.1184597,234.0,848.96,0.2235383026723731,0.2844060938647659,0.3038987081924691,0.3402564736994697,0
1775545101.1493862,233.8,848.0,0.2453255306906118,0.3149000395400037,0.3365042266392409,0.358870777715688,0
1775545101.18248,228.68,849.54,0.2623866971733929,0.3355797945086811,0.3596131939298914,0.379304078858333,0
1775545101.21428,230.68,847.64,0.2721199230350434,0.3464325740263078,0.3696173203556032,0.3953037553743389,0
1775545101.2463984,224.72,847.3,0.2820592320606609,0.3566679604535831,0.3805519531312144,0.4078030628637827,0
1775545101.2802198,213.22,842.78,0.2871873977411568,0.3634434840446126,0.3849479915745999,0.4203662555919958,0
1775545101.3265278,204.38,842.94,0.2865575184217414,0.362348364343701,0.3848467978010862,0.4235372374248378,0
1775545101.3569722,207.22,847.14,0.2891272244196877,0.3652041936622303,0.385685818508632,0.4263466973705045,0
1775545101.3918412,191.72,847.18,0.2911108990340597,0.3654787932074759,0.3892669130342486,0.4264919830597142,0
1775545101.4210136,196.66,845.46,0.2906647883228577,0.3653064136459899,0.3903688441873879,0.4259423115510123,0
1775545101.4557402,201.76,846.14,0.2916791331842229,0.3668607406309178,0.3913645728478965,0.4269444154968309,0
1775545101.4862468,203.02,843.66,0.2927773561264276,0.3676683822689034,0.3949606323633869,0.4284618316814295,0
1775545101.519865,186.22,844.96,0.2920643735566712,0.3684621625395392,0.3955982621224234,0.4307032860364448,0
1775545101.549556,187.58,844.28,0.2926371062930146,0.3691899453515371,0.3968603670450524,0.430659446700019,0
1775545101.5814602,181.32,847.84,0.2927077184628271,0.3706923311730271,0.3976922647430603,0.4304190692597136,0
1775545101.6134045,193.06,846.04,0.2939144096906503,0.3709558118764812,0.3977687708419254,0.4302890273408423,0
1775545101.647667,197.18,846.5,0.2939814588305835,0.3698363562843791,0.3965181344429941,0.4299025635190791,0
1775545101.6781185,203.4,841.64,0.2940442409197791,0.3702583891163437,0.3967505877761793,0.4330575208677059,0
1775545101.7117517,201.72,842.1,0.2939483225167869,0.3690331578024179,0.3947610785853836,0.4300545104466293,0
1775545101.758484,200.94,840.1,0.2955160900103962,0.3711454668423337,0.3964249937845122,0.4302806773731192,0
1775545101.7893047,201.02,839.88,0.2931220163310118,0.3682151779065635,0.3933200189413833,0.4239996070003489,0
1775545101.8223658,196.6,838.08,0.2923663810431284,0.3687036579884386,0.3938353847231808,0.4242116976897654,0
1775545101.854598,200.4,840.64,0.293658914368582,0.3692680834614597,0.3931910871812102,0.423059106371109,0
1775545101.8866332,189.32,840.22,0.2947836802519974,0.36862946524245,0.3937035934869998,0.4239913284725866,0
1775545101.917581,199.78,844.04,0.2953849635124785,0.3697509398118128,0.3951462229070683,0.4253456237335297,0
1775545101.949562,204.1,841.02,0.2937750922936752,0.3694995222209241,0.3943729524868101,0.4243376189227194,0
1775545101.98148,204.82,843.06,0.294829331130764,0.3688199688049224,0.3935839962036946,0.4226204509435941,0
1775545102.0142007,209.74,842.58,0.294032154944265,0.3690740541473027,0.3928427863158504,0.4215751791409373,0
1775545102.0477438,207.02,847.66,0.2938818193047351,0.3699012311924948,0.395144292189663,0.4255247832600403,0
1775545102.0958045,214.26,846.2,0.293990646156243,0.371192015246486,0.3974229958030494,0.4244803246976859,0
1775545102.1263378,215.92,847.3,0.295369995777115,0.3709109736288006,0.3964535110000238,0.4241649124525071,0
1775545102.1604776,218.62,850.9,0.2932857569166299,0.3697454921043208,0.395033935676098,0.4249177875041483,0
1775545102.205318,218.84,850.4,0.2935845945924513,0.3701217899661497,0.393753178243786,0.4251244463410867,0
1775545102.238536,225.5,852.34,0.2938061014878275,0.3700235454788274,0.3948276029643268,0.4248621616489965,0
1775545102.270291,226.0,849.54,0.2932885586991947,0.3686735302188054,0.3921939131784969,0.4242033896144078,0
1775545102.3039734,232.5,855.9,0.2944082018132057,0.369704896821126,0.3939873243146838,0.4247659612979118,0
1775545102.349394,226.38,863.54,0.2948063481294748,0.3710213782922659,0.3959913814063588,0.4295120435757046,0
1775545102.3821888,224.94,862.9,0.2934642365801356,0.3703399315285831,0.3941708449673731,0.4280959213903774,0
1775545102.4144185,227.82,866.74,0.29420765450172,0.3699794031989056,0.3937955124899203,0.4257114706906026,0
1775545102.4483998,236.28,865.76,0.2942627724282947,0.3689512416600261,0.3929997191175871,0.4258973616086797,0
1775545102.4937954,247.38,867.8,0.2941693834467877,0.3702815682737935,0.3944242661035973,0.4280234677749327,0
1775545102.526169,235.34,869.06,0.2928530294628597,0.368832598779934,0.3928951620567358,0.4257551860216059,0
1775545102.5583055,235.28,867.6,0.293556345548967,0.3709290642359391,0.3937107207994165,0.4273253363829134,0
1775545102.592657,228.94,862.68,0.2932081767779102,0.3719483939156291,0.3947925668923766,0.4277183647650654,0
1775545102.6383746,225.94,863.84,0.2945686502881519,0.3701038477262271,0.3941405574395492,0.4274133969410321,0
1775545102.6705012,232.6,865.58,0.2941196207315208,0.3707991016024083,0.393953853043518,0.4253074160697628,0
1775545102.7042005,237.28,868.9,0.2929846939514246,0.3709239239910623,0.3930327995319646,0.42569096957846,0
1775545102.7383957,233.16,869.42,0.2930548337941176,0.373873603288284,0.3938891973729604,0.4242019578568876,0
1775545102.783936,241.34,872.64,0.2964968931860026,0.3753681489403838,0.3959865972791279,0.4265533557601463,0
1775545102.8134968,240.2,875.94,0.2940107040746523,0.3736614445538376,0.393299983545202,0.4249702724012742,0
1775545102.8488142,240.98,876.92,0.292058112023375,0.3726851255056098,0.3932728406102849,0.4259433794529362,0
1775545102.877496,243.84,876.54,0.2935238829539506,0.3733551943248767,0.3947672835958962,0.4274755925937331,0
1775545102.9104493,242.28,878.12,0.292915409119902,0.3724483949834491,0.3940248457272635,0.4260149437801099,0
1775545102.9423556,237.12,882.76,0.2928124065245367,0.3723568333439344,0.3938273912383531,0.4267529351118512,0
1775545102.9732738,245.22,883.88,0.2909561140453334,0.3719620946136215,0.3921043047657687,0.4262088736804565,0
1775545103.0063872,246.56,885.24,0.2916221305344154,0.3712331185283485,0.3917615482592427,0.4261451202783627,0
1775545103.0372946,252.32,887.1,0.2917646191867559,0.3706057476361629,0.3902464164575513,0.4248367203475083,0
1775545103.070264,250.06,885.7,0.2888975339299081,0.3710696121480686,0.3912694656236746,0.4261735326212935,0
1775545103.1023512,251.06,886.26,0.2876639471344404,0.3678748742378122,0.3889968566474211,0.4268181012244968,0
1775545103.135998,251.48,885.42,0.2912405989694867,0.374125619805253,0.3927091603079136,0.4277252125694685,0
1775545103.1826105,246.58,888.3,0.291534514579204,0.3713984189918594,0.3939504717746394,0.4291833957369995,0
1775545103.2142398,244.88,886.88,0.2939177808643431,0.374417208871322,0.3955227997414576,0.4300013417070948,0
1775545103.2491124,249.22,889.5,0.2916990019270682,0.3731865045260865,0.3947401912298484,0.4307426899955367,0
1775545103.2787817,249.78,890.8,0.2927801557623775,0.3745151504686878,0.3956567177705028,0.4318056095026417,0
1775545103.3102274,251.84,891.58,0.2927711213569783,0.3747564500040923,0.3960767108488514,0.4313730763458187,0
1775545103.343572,241.66,888.92,0.2926880257931991,0.374061437508116,0.3957056634923913,0.4317022133819841,0
1775545103.3741555,236.12,888.88,0.2932176473277258,0.3711969085253796,0.3960547342943323,0.4316942115299732,0
1775545103.4078648,229.56,889.4,0.2911159345051737,0.3707804839420474,0.3936003862004011,0.4308660118843362,0
1775545103.4375107,231.38,892.96,0.2912270149960003,0.3701795340608919,0.3951383696418781,0.4302196767154121,0
1775545103.470717,232.16,893.3,0.2905398902731128,0.3706653468407425,0.3949178987665545,0.4303197124903258,0
1775545103.5013442,234.96,891.72,0.2898318170062655,0.3698802256951272,0.3933081237572639,0.4289502838613102,0
1775545103.5345144,235.3,891.04,0.289071862914402,0.3699488956057773,0.3927617119688155,0.4284255844861605,0
1775545103.5676134,232.06,894.1,0.2865634758849317,0.3656948749975109,0.3886503553966107,0.4239534272556182,0
1775545103.6141658,232.26,889.62,0.281699654004687,0.358275346817715,0.3833742264345997,0.4224485576918158,0
1775545103.6500058,224.0,884.18,0.2785659165545788,0.3509024098675261,0.3767830216961866,0.4219170737088177,0
1775545103.6775594,222.14,887.86,0.2644317892784273,0.3282631672301006,0.3588322610042044,0.4093257237705853,0
1775545103.7105336,223.46,891.12,0.2527626590303928,0.305961111079407,0.3398195815608979,0.3997309515827119,0
1775545103.741292,220.04,887.44,0.2402792840723507,0.28680682845964,0.3207366200344501,0.3945470901840243,0
1775545103.7722137,230.0,882.12,0.2190658653396837,0.2577704331511883,0.2988190934031545,0.3833364229021053,0
1775545103.8055768,221.3,879.56,0.191304487224697,0.2281957506063145,0.2783587959670159,0.3663953531722294,0
1775545103.8382013,221.8,880.84,0.1572522300671438,0.1957572052104643,0.2461034901385504,0.3403009263058066,0
1775545103.8701856,223.34,887.78,0.1372745313816394,0.1687552868722346,0.2240855348908464,0.307156038169811,0
1775545103.9023044,220.1,889.8,0.1198509854732678,0.1585797717325097,0.2135616081523286,0.2852470904986059,0
1775545103.9525185,218.08,878.14,0.0641772293704664,0.1122631997578743,0.1736628796514962,0.2292962942428811,1
1775545103.9829135,218.48,883.4,0.0662296636191485,0.1115176940606473,0.1715851336634088,0.2256783503407838,1
1775545104.0143342,219.02,878.82,0.0420325789553492,0.098483279086597,0.1584602220118806,0.199798068226148,1
1775545104.0507712,223.8,873.8,0.0233848008860983,0.0839232616593527,0.1420014784647505,0.1796448006622304,1
1775545104.0782912,220.92,874.92,0.0074256369187607,0.0575955080460908,0.1167415454981806,0.1529570355076404,1
1775545104.1117785,218.92,877.8,0.0334239179380174,0.0444813302182781,0.1072346489042697,0.1440939068843542,1
1775545104.142337,212.12,879.82,0.0649473488995876,0.0419718750228447,0.0956523103301231,0.1272999027452711,1
1775545104.1733906,202.06,880.96,0.0936619060592678,0.0564086888635337,0.0933748545970726,0.1141164845261701,1
1775545104.206625,212.34,886.18,0.1094944195249662,0.0741011314085862,0.1018325235871836,0.1145266180276871,1
1775545104.2383947,212.18,883.58,0.120027507345122,0.0778937117536637,0.0957958690974308,0.1089112575517107,1
1775545104.270349,212.36,881.74,0.1288052174147821,0.0819765662345027,0.0953448233551608,0.1086762975265087,1
1775545104.3023958,213.94,884.02,0.1283864781697721,0.0820746218953429,0.0953289122961712,0.1092799768463061,1
1775545104.3532662,207.92,883.3,0.1198976419550793,0.0797657540872397,0.0961045311662552,0.1212282763458502,1
1775545104.3998408,198.64,884.5,0.1262209074922838,0.0823468215177268,0.0995187279512166,0.1197559224236391,1
1775545104.4513912,199.14,892.16,0.11471785516788,0.0764020516104513,0.0970263849078552,0.1281695417356957,1
1775545104.4782016,191.6,890.4,0.1156873129013975,0.0771365560218929,0.0957997650630065,0.1311601442045488,1
1775545104.5103965,195.52,887.62,0.1111349039644597,0.0743691297942488,0.0937832408945995,0.1277146591359582,1
1775545104.542097,195.46,887.6,0.1076312452544012,0.0710550961933681,0.0913793544488659,0.1255496372582528,1
1775545104.5743964,189.44,888.9,0.107641423756614,0.0707884617096951,0.088136764181404,0.1197916728385453,1
1775545104.607855,189.52,889.5,0.1086288917200794,0.0684770510011601,0.0849487631237467,0.1162282448917049,1
1775545104.6383514,192.0,885.46,0.1110108153183516,0.069253487087755,0.076057710367377,0.1079759281877631,1
1775545104.6717489,185.56,885.22,0.1087294181265647,0.0662142947601659,0.0773485139066323,0.1114228455575709,1
1775545104.7015183,185.66,886.38,0.1119947674116176,0.0667711924806256,0.0798380798950309,0.1122995187521175,1
1775545104.7359538,179.04,889.18,0.1159124896913423,0.0682765211157756,0.0785006174621452,0.1092508616012591,1
1775545104.765324,177.22,889.62,0.1070858628275188,0.0644573502459276,0.0799627906468363,0.1128992851773566,1
1775545104.7984588,174.56,891.98,0.1107850963590487,0.0664723748114173,0.0789334408959031,0.1109950840049511,1
1775545104.8320894,171.58,890.34,0.1111218151951836,0.066648780315394,0.0789708250011279,0.1106378855630915,1
1775545104.8696742,171.1,889.48,0.1117917396323452,0.066501466423254,0.0784959749815418,0.1101439062601361,1
1775545104.9104333,170.02,889.66,0.1132175141351986,0.066489379266125,0.0776527732750925,0.1085501296589694,1
1775545104.9423585,167.0,892.2,0.1124561730128448,0.0671815340203583,0.07779639901375,0.1090303077607526,1
1775545104.9744248,166.28,891.54,0.1094638204589776,0.06557286167376,0.0791670553579679,0.1108566306321791,1
1775545105.0051734,163.74,890.9,0.1137516387165934,0.0675439730122482,0.0780096662082006,0.1096971485599309,1
1775545105.037287,167.2,896.56,0.1142747920842913,0.0667441059230936,0.0788936279306949,0.1125173308525318,1
1775545105.0697536,167.06,899.44,0.1147749938512268,0.0696406766747003,0.0797975423817618,0.1118718419744516,1
1775545105.1023424,168.04,901.22,0.1133661004485944,0.0698973862750281,0.077944377599334,0.1100544249168727,1
1775545105.1342747,166.06,899.42,0.1140085292968994,0.0697422880613133,0.0786332305626878,0.1093532472380847,1
1775545105.1663184,164.72,901.18,0.1109804170667039,0.0675909201370586,0.0786582748467181,0.1122441582898337,1
1775545105.1984582,160.86,900.62,0.1114668581609597,0.0648068350376939,0.0746967417827788,0.1071624837017576,1
1775545105.2319674,162.18,903.56,0.1144942021269013,0.0670654275625219,0.0757588843426188,0.1088251925695621,1
1775545105.2656677,164.28,905.3,0.1110348087531019,0.0673300401691268,0.0784585803460115,0.1115318505479421,1
1775545105.3117614,163.9,911.14,0.1123876976877527,0.0660633803812377,0.0755260134208334,0.1091873922241738,1
1775545105.3413446,161.9,918.56,0.110927453165575,0.0673218076276904,0.0767087734568275,0.1119657118620051,1
1775545105.373726,165.74,917.28,0.1120684877866562,0.0675915323505295,0.0772672693359957,0.111976418721306,1
1775545105.4095397,162.64,913.06,0.110159999474824,0.0675902018823702,0.0772484567624078,0.1112841470175286,1
1775545105.45389,161.6,914.76,0.1105131165371536,0.0655267662283777,0.0762572900109945,0.1111191089016899,1
1775545105.4853857,155.36,922.66,0.1121295699390633,0.0694096584307862,0.0803661702714151,0.1136993539318297,1
1775545105.5181875,152.7,920.84,0.1114378968161265,0.0693343437867997,0.081228825011772,0.1134827566514686,1
1775545105.5528164,165.52,920.46,0.1103869061427554,0.066906581069075,0.0771751125224048,0.1112817866566919,1
1775545105.5982342,161.5,914.92,0.1123052928128205,0.0697206309781435,0.0765780597946475,0.1123175135603783,1
1775545105.630268,163.92,914.44,0.111117062776388,0.06678033746086,0.0768677383604369,0.1117499314404461,1
1775545105.6621702,161.98,920.56,0.110522322514214,0.064811422369681,0.0754702270913127,0.1092563153315212,1
1775545105.6960716,164.74,921.0,0.1061908358521747,0.0640665937567609,0.0784368417669143,0.1118280516967967,1
1775545105.742369,156.86,923.86,0.1071867025145221,0.0648546591471385,0.0774156794761241,0.1128028859204484,1
1775545105.773351,152.86,928.96,0.1091178523570903,0.0645988115687851,0.0769010768049876,0.1118673772672436,1
1775545105.8062215,156.48,929.28,0.1081654461359932,0.065985305398158,0.0797498619254382,0.1144783302663841,1
1775545105.8400278,158.18,927.08,0.1063593378923722,0.0632944186778465,0.0780165538160298,0.1155136570133617,1
1775545105.8864102,164.58,924.14,0.1099206639203257,0.0647248407308613,0.0762285216749895,0.1099062711238101,1
1775545105.9196188,165.76,923.62,0.1084418367780874,0.063595782529123,0.0783342172699128,0.1136263308250786,1
1775545105.9532309,158.44,915.56,0.1092372165703972,0.064932112977759,0.0765768688172978,0.1111010548209023,1
1775545105.984364,158.36,918.96,0.1088764403988969,0.0648811960987292,0.0781313281013665,0.1131946250717232,1
1775545106.0177104,159.18,918.86,0.1067310184076708,0.0629984101663795,0.0759660526589285,0.1144419371318946,1
1775545106.0638518,155.74,918.04,0.1061466187810808,0.0640745809733087,0.0791081418387841,0.114391705168688,1
1775545106.094265,159.18,916.38,0.1064784190652196,0.0652902237842279,0.0809923145364463,0.117310572787143,1
1775545106.126531,159.96,918.62,0.1067157480217769,0.0654321065728901,0.0793252298746249,0.1146627853086602,1
1775545106.158297,163.62,909.64,0.1088671987679694,0.0640406051230961,0.0760531241353821,0.112682385568694,1
1775545106.1910365,165.02,910.88,0.1069349067055057,0.0650825508609309,0.0787698626772852,0.1127343771157335,1
1775545106.2251189,164.1,908.98,0.1065427203266035,0.0638959720478607,0.0770081985821926,0.1119809059669436,1
1775545106.2702205,171.22,915.54,0.1038192184481723,0.0619122651536252,0.0775200416383666,0.1141236540180646,1
1775545106.301311,172.84,920.06,0.1066228419467874,0.0619837749681151,0.078753589020498,0.1142937770677508,1
1775545106.3537807,173.82,922.84,0.1054184546690054,0.0631539788013927,0.0785525172775729,0.1143612753385477,1
1775545106.3982832,171.14,922.88,0.1062667489884813,0.0639765755186468,0.0761616832713727,0.1136171864898722,1
1775545106.430219,171.12,925.22,0.1074713576910229,0.0651514672933428,0.0768429303351411,0.1119133415740846,1
1775545106.462396,170.48,918.88,0.1084707694507741,0.064842170789513,0.0755523751126429,0.1127035159374521,1
1775545106.494495,172.02,918.04,0.1042937642432476,0.0620142542890985,0.0761586636682449,0.1129805191690669,1
1775545106.5263095,170.46,922.32,0.1062773750765319,0.0630415978192883,0.0752565310171453,0.1112371159772021,1
1775545106.5596387,174.18,924.56,0.1005278341390307,0.0609079971517582,0.0783193560387256,0.1132710585925241,1
1775545106.5903854,172.88,927.08,0.0925002140561179,0.0567877778591756,0.0817639393877174,0.120100825782189,1
1775545106.6240454,171.94,928.46,0.0926330709664117,0.056835172837922,0.0815606736207096,0.121410219749107,1
1775545106.657603,173.18,928.14,0.0879329377082381,0.0618009634600291,0.0958936048281945,0.1364760795770263,1
1775545106.7038224,192.78,925.06,0.0924884612698792,0.0735131006750955,0.1164179354447516,0.1553627072773885,1
1775545106.7342925,188.96,927.36,0.0747510167380145,0.0595406804826744,0.1175101367319873,0.1582074728119926,1
1775545106.7661352,194.8,930.5,0.0404432334988968,0.0377320582676666,0.1090727945888703,0.1566905664540362,1
1775545106.7982464,190.8,927.0,0.0273010138561857,0.0469044433684371,0.1150052656290483,0.1746950324414548,1
1775545106.830341,200.22,923.48,0.0324067624812771,0.0728926068194758,0.1356317986972724,0.2036733371541415,1
1775545106.8617668,203.12,923.46,0.0667258119199327,0.1107894829348241,0.1666659994555048,0.2411379482052458,1
1775545106.8943453,204.14,923.16,0.1530760092396744,0.1930773667069783,0.2168796328910473,0.2648017300671483,0
1775545106.925773,204.92,919.32,0.2174281314130818,0.262606953905765,0.2756867665788565,0.3030196996655568,0
1775545106.9585571,211.24,921.52,0.248525977593952,0.3051589083777846,0.3127844628546359,0.3300861308213829,0
1775545107.0062425,211.04,917.26,0.2489937823623561,0.304484256190253,0.3112727325112464,0.3301346137348221,0
1775545107.0372355,209.86,914.94,0.2704514265728435,0.3270666258270741,0.330565906259449,0.3491022986768664,0
1775545107.070135,212.72,912.14,0.2778822733687358,0.3343823056377769,0.3390759365438089,0.3652875501320966,0
1775545107.1023052,214.1,910.46,0.280007462376046,0.3407711479245024,0.3453864598713871,0.375482796092654,0
1775545107.1343143,212.18,910.3,0.2874133381531228,0.3474551320539139,0.3533524182637167,0.3839138108339054,0
1775545107.1663864,214.4,913.56,0.289304313361664,0.3529725593224513,0.3625554599576203,0.3992241643618593,0
1775545107.1993608,213.76,912.62,0.2878066217234688,0.3521746672313939,0.3614952512019232,0.4026098233712707,0
1775545107.23078,219.88,907.58,0.290124181986397,0.3547850803904703,0.365163356309615,0.4064835647841172,0
1775545107.263788,224.18,910.02,0.290205783545456,0.3564322734434263,0.3673218458389729,0.4107910111911634,0
1775545107.2975256,209.86,909.86,0.2915038341495228,0.3592389522102502,0.3687828840902378,0.4124185344594388,0
1775545107.3438127,208.12,908.46,0.2913049488058772,0.3586995542823438,0.368277711889639,0.4126648680945056,0
1775545107.3744216,219.6,910.38,0.2919112090015668,0.3597201280437612,0.3697237556742838,0.413582247409744,0
1775545107.405381,219.88,913.32,0.2929821604626304,0.3605804276153758,0.3702938030324674,0.4137745539141403,0
1775545107.4386747,223.5,913.4,0.2961311564081225,0.3634318850232032,0.3698457981331556,0.4169003479983884,0
1775545107.4708946,225.32,910.7,0.2962293249201836,0.3611399949971132,0.3702775016644762,0.4172880745165646,0
1775545107.5022836,224.36,902.92,0.2976301118439312,0.3627842727154904,0.371940965817232,0.4194844891885152,0
1775545107.5341911,226.32,900.9,0.294523957927285,0.3625535650606791,0.3722115571911953,0.4185802034899823,0
1775545107.566157,225.62,901.12,0.2949171238279089,0.3627957662192673,0.3734235676758939,0.4197129189013289,0
1775545107.598529,227.72,901.62,0.293730820288013,0.361914857514067,0.3713238328616948,0.4186264865565955,0
1775545107.62998,228.34,904.02,0.2936576868113879,0.3630350320325257,0.3735171798967585,0.4227811790189422,0
1775545107.6614273,229.48,907.98,0.2966793651603926,0.3653243442143228,0.3762433459923086,0.4214829911893507,0
1775545107.6944184,229.88,907.34,0.2960154874502922,0.3630579003094528,0.3745584296229196,0.4206041713694241,0
1775545107.7280087,228.06,909.88,0.2966074565381332,0.3635459348310269,0.3746644683141498,0.4201637703906418,0
1775545107.7745318,228.46,914.54,0.2991770965698936,0.3647283135127238,0.3762031362482737,0.42216734111857,0
1775545107.8053384,235.28,915.34,0.2982916838521123,0.3656769039987581,0.3769960618240441,0.423255684554278,0
1775545107.8395994,235.0,915.64,0.2987746139595598,0.36677742646608,0.3769440577970181,0.4232441103313953,0
1775545107.870277,231.16,915.64,0.297961130996449,0.3674837408774244,0.3777529113064947,0.4245835676511961,0
1775545107.9036324,231.74,916.32,0.2971687060330594,0.3660720112631129,0.3765741684568544,0.4233476829199757,0
1775545107.9335823,230.72,915.96,0.2969437927804912,0.366157984236952,0.37678592830759,0.4244334625377962,0
1775545107.967802,225.04,908.44,0.2945871758223783,0.3643501601229528,0.3752628646099543,0.4257024381033329,0
1775545107.9983008,228.8,903.3,0.2967000267262539,0.3653575334813477,0.3771863868042765,0.4251230146654273,0
1775545108.031882,229.16,901.12,0.2967047214650867,0.365373925642854,0.376684848493112,0.4241775877161344,0
1775545108.0773675,231.56,899.94,0.2971091106915579,0.3669146462992978,0.3783069329167498,0.4251018993190645,0
1775545108.110344,232.2,901.88,0.2974558345333155,0.367112296472953,0.378079442611515,0.4247578936541921,0
1775545108.1423874,232.04,905.74,0.2964586626232207,0.365854093395929,0.3774147572321,0.4258511598515397,0
1775545108.1733727,233.32,906.34,0.2969142986663668,0.3673665206829124,0.380143737064785,0.4274243969379125,0
1775545108.2073035,237.66,900.86,0.2960598876062436,0.366639855648941,0.378574585871557,0.4277847414222495,0
1775545108.2563653,237.18,899.92,0.2957697825483243,0.3662375411842253,0.3797192858000088,0.4271589686320498,0
1775545108.2865422,238.06,898.16,0.2979792961130425,0.3676051068946049,0.3804563145472381,0.4286822862853189,0
1775545108.3203242,241.18,899.3,0.2987867399354371,0.3679608835741418,0.3806615447074338,0.4284315760002492,0
1775545108.3666506,242.28,901.94,0.2981280374270788,0.3674948390913188,0.3797644122645153,0.4283031864800947,0
1775545108.3984628,224.66,901.42,0.2969815935992403,0.3671173250224995,0.3794902625743505,0.4280763269888909,0
1775545108.4303014,227.6,900.66,0.2972959635850127,0.3686709151450267,0.3804395497855933,0.4292398084920382,0
1775545108.4639578,225.08,897.16,0.2972576233892751,0.3687662053227327,0.3806454696580636,0.430021447981804,0
1775545108.511521,226.88,899.28,0.2939034765780137,0.3646478649301113,0.3789840576034126,0.428695802032896,0
1775545108.5430548,220.02,903.12,0.2949399940497815,0.36609542091165,0.3801869620358224,0.4284348831361559,0
1775545108.5758898,218.04,904.74,0.2964919866008526,0.367089204032025,0.3830513655704433,0.4293820917968892,0
1775545108.609527,221.72,908.58,0.2974683887868471,0.368003448538918,0.3824648499185886,0.428367735703291,0
1775545108.6568096,218.08,908.34,0.2965265975664226,0.3671853323037853,0.3813797219127852,0.4298696478343079,0
1775545108.6871326,215.52,909.66,0.2957676690397298,0.3666906828931724,0.3804908137825463,0.4289882134621613,0
1775545108.718273,214.76,908.66,0.2957890026204571,0.367156523297848,0.381994801688653,0.4286513820064628,0
1775545108.7507803,216.9,909.92,0.2968012121420389,0.3676782575581988,0.3836366893357334,0.4296385010808634,0
1775545108.784014,217.5,908.46,0.2961158253839992,0.3673347098720811,0.3845186976379569,0.4295611494884903,0
1775545108.8301902,220.26,908.34,0.2962383328705364,0.3669353836880673,0.3829596826113374,0.4286962889683881,0
1775545108.8611107,217.74,907.68,0.2945622438484203,0.3660727943831756,0.3818708310981142,0.4290779304400733,0
1775545108.8945162,218.16,907.56,0.2945609724413928,0.3662268413793261,0.3824087812914022,0.4289662022259369,0
1775545108.9252858,220.82,909.02,0.2959641633819798,0.3679554681588124,0.3830073735913937,0.4294030613377748,0
1775545108.9579556,214.56,910.82,0.2940408986891082,0.3658040188010477,0.3837851426253606,0.4289866203877885,0
1775545108.990222,214.02,909.72,0.2967719813970034,0.3674017350782604,0.3854119946730444,0.430674608641327,0
1775545109.0225654,216.26,911.48,0.2953230455157101,0.366617140886333,0.3839265282430286,0.4301879591491321,0
1775545109.0568607,220.72,912.14,0.2975353995194563,0.3692554739345573,0.3861496507227034,0.431391693677955,0
1775545109.0863986,213.56,911.92,0.2970995315030781,0.3694222073800352,0.3842359215030384,0.4318859793233123,0
1775545109.118334,216.58,909.6,0.2968367383072554,0.3683066521662399,0.3851928326912841,0.4305001720570977,0
1775545109.1519113,212.74,909.44,0.2952338262774056,0.3669486080610658,0.3845798120481457,0.4306320831027205,0
1775545109.1853554,213.68,909.58,0.2946748649897738,0.3686340442932104,0.3849127280640114,0.4311522657705187,0
1775545109.231797,215.2,912.32,0.2955060108777063,0.3698950711582815,0.3859659153560885,0.4307926048420064,0
1775545109.261332,213.32,914.46,0.2952384156356811,0.368072197340853,0.3853859073286489,0.4312429333181901,0
1775545109.2943733,214.88,914.14,0.2953868779962793,0.3684201860444541,0.3850066329662429,0.4310951431771295,0
1775545109.325175,207.48,914.24,0.2956854997919977,0.3698158049953856,0.3850488233872683,0.431042763906095,0
1775545109.3583016,206.34,913.0,0.2961167885658858,0.3681447954172628,0.385288023092865,0.4305668379762027,0
1775545109.3905027,204.42,909.26,0.2976925528342879,0.3721345410457251,0.3869404683611736,0.4314463184770564,0
1775545109.4223378,206.44,909.7,0.2963993005278784,0.3696970067490365,0.3868877248693833,0.4313656901076409,0
1775545109.4575317,203.44,908.86,0.2951486868843225,0.3696743643587731,0.386180520066181,0.4302615270692952,0
1775545109.4854646,206.4,905.0,0.2960633676081496,0.3699206222266208,0.3856260687866445,0.4295178624309161,0
1775545109.5173955,198.7,905.16,0.2958793452648428,0.370338605162861,0.3864657293146995,0.4301699088627417,0
1775545109.5504348,197.52,903.22,0.2976374635504794,0.3705292745882216,0.3861429026014419,0.4306415447171368,0
1775545109.5840538,198.74,903.94,0.2953446076096774,0.3693402234837599,0.385037782871867,0.4291456573895236,0
1775545109.6303046,198.18,902.66,0.2964688986051138,0.3705241607532975,0.3858509209168523,0.4299839034501802,0
1775545109.6613932,198.22,903.58,0.2962766590617882,0.370901306831997,0.3856793676272085,0.4293677191022211,0
1775545109.694629,199.9,905.74,0.2965118834440899,0.370847939597934,0.386468427084179,0.4299023871248968,0
1775545109.7253213,193.44,905.74,0.2973646636076377,0.3715305614953902,0.387611053051085,0.4304535101600841,0
1775545109.758214,196.46,905.32,0.2985298315951645,0.3714097688810737,0.3869511902253751,0.4295045123772485,0
1775545109.7915912,196.8,906.52,0.2956691099701031,0.3711190725335409,0.3870060542569927,0.4289399907267757,0
1775545109.8226612,194.78,904.2,0.2958416910006846,0.3689922864956456,0.3852636022766666,0.4308920602079926,0
1775545109.8581996,194.48,905.3,0.2959778963695428,0.3696448691230639,0.3871303798496329,0.4298484058670029,0
1775545109.8862698,196.68,904.96,0.2966331595812854,0.3696087163899479,0.3873603139507912,0.4303867369577553,0
1775545109.9197676,196.96,905.94,0.2976281015308262,0.3698415116323431,0.3871687756980778,0.4291419112026652,0
1775545109.9502306,199.1,905.26,0.2974236080447163,0.3694874729224211,0.387110936416444,0.4281545926133683,0
1775545109.981409,196.12,905.56,0.2946512491708204,0.3690192787832414,0.3856559461579512,0.4272830226455215,0
1775545110.01529,197.62,904.66,0.2924691587521589,0.3680483670713432,0.3818867227040814,0.4252709662069545,0
1775545110.062291,197.78,904.34,0.2910198754182001,0.3663024102738967,0.3789874355079016,0.4214737915569723,0
1775545110.093266,199.84,906.7,0.2895546858349471,0.3632935252388938,0.3723194039604949,0.4157126423820353,0
1775545110.126247,199.7,907.68,0.284476576364241,0.3514215680937604,0.3592593053410005,0.4061666332536108,0
1775545110.1585898,199.84,908.76,0.278817259986297,0.3397709220849524,0.3504209270174221,0.3958279168533888,0
1775545110.1902626,197.94,908.64,0.2566235154314903,0.3066629489201385,0.322584567113932,0.3726695164152043,0
1775545110.2223277,198.34,892.26,0.2286509524866175,0.2607293746433913,0.2861498496829046,0.3517695452398663,0
1775545110.258853,194.04,885.7,0.1697483804462166,0.1959012858221626,0.2413007854088792,0.3143950718540134,0
1775545110.286776,194.38,868.5,0.119327280151978,0.1394009751514024,0.1922345122614372,0.2745325997347193,1
1775545110.3181171,197.94,869.2,0.0679539541576757,0.1093833432530177,0.1703994275907427,0.2387652297964745,1
1775545110.3504393,194.68,848.84,0.0479642667246446,0.0931773797531887,0.1543223006553636,0.2128199925148382,1
1775545110.380998,197.64,837.16,0.0381109119245126,0.0625557440410826,0.1178026596877707,0.1651578919929169,1
1775545110.4157505,197.62,823.98,0.01200522995671,0.0552806722470851,0.1075146301158515,0.1448658694267358,1
1775545110.4485588,199.98,810.0,0.0500407202767568,0.0601133734884801,0.1103343086900352,0.1346233352744858,1
1775545110.4957516,201.18,790.16,0.0658641296795077,0.0496783560405555,0.0974959424776867,0.1223104012091906,1
1775545110.526024,201.68,777.66,0.0851498827073256,0.0622121634949158,0.1013709827977316,0.1224360925696061,1
1775545110.5601566,202.88,756.32,0.0941642632521913,0.0653348322754152,0.1014636452515994,0.1244894518629049,1
1775545110.590364,200.56,744.76,0.113099157686199,0.0773660600152696,0.1081117762679469,0.127432097355841,1
1775545110.6223836,204.46,723.62,0.1242733093522085,0.0851594575228725,0.1084069098313556,0.1297273319092128,1
1775545110.6594038,203.64,713.4,0.1267650929122092,0.087430142981134,0.0978218283702821,0.1206956438110151,1
1775545110.686296,203.9,692.54,0.1292676750033333,0.0844768174959534,0.0848946838849405,0.110454826639229,1
1775545110.7183516,201.24,681.38,0.1289088015032789,0.0813460267889593,0.072990911496238,0.1091880912417986,1
1775545110.750179,198.66,660.88,0.1284594049586717,0.0823204183954313,0.0804485215010979,0.1189735147470107,1
1775545110.7814922,197.4,649.9,0.1222346180851049,0.0795471262071713,0.0844858478697529,0.1247868500013048,1
1775545110.8147402,197.94,630.32,0.1226648931159578,0.0857855226287421,0.0973302949821117,0.1385157314395522,1
1775545110.8484764,197.52,619.24,0.1232912991550547,0.0841625777985536,0.0963878408913253,0.1363724651838462,1
1775545110.8942392,200.14,601.34,0.1172098971126694,0.0791717620668165,0.0928618513987095,0.1338964141411108,1
1775545110.9254043,203.54,602.14,0.1155603055525643,0.079195903363431,0.0948789479096965,0.1343917516979427,1
1775545110.9603212,203.84,638.7,0.1119482438328269,0.0740101708034955,0.089419596716268,0.1310090597829501,1
1775545110.9902651,204.36,681.38,0.1171314358416257,0.0740328621764334,0.087094774684285,0.125565127460137,1
1775545111.0226808,207.76,706.78,0.1168743375002969,0.0744965077427509,0.0854579935748212,0.1210548809373474,1
1775545111.0552592,209.74,714.78,0.1186584314305179,0.0758859395464439,0.0854082882550563,0.122129267109887,1
1775545111.0853107,210.04,715.34,0.1216493493430957,0.0777000731341889,0.0870757754484986,0.1187775696197759,1
1775545111.1184125,212.0,714.34,0.1219398426685526,0.0770969292095164,0.0855697679004545,0.1198473500147934,1
1775545111.150258,212.96,713.64,0.1233977907142367,0.0767049019965355,0.0802073846307928,0.1168451350433259,1
1775545111.1838298,210.38,711.76,0.1215547129107677,0.074920790288104,0.0803621999627714,0.1156241403924445,1
1775545111.2142398,214.66,712.06,0.1214231295123457,0.0768913144967242,0.0815490632230275,0.1202312059579392,1
1775545111.2463892,214.06,710.52,0.1200289318364465,0.0752212828225652,0.0796264085879363,0.1173264517180902,1
1775545111.2785566,213.56,709.5,0.1198992032872632,0.0743050747573924,0.0783191832921276,0.1168392945652844,1
1775545111.3121746,212.56,710.78,0.121603167975668,0.0764174748622722,0.0770238824132241,0.1130144990505229,1
1775545111.360837,211.66,710.18,0.1209234837507587,0.077178529158905,0.0781817101410794,0.1169327943944643,1
1775545111.3904345,211.22,709.96,0.1203133689317405,0.0749918620501075,0.0718887514165443,0.1114581076595424,1
1775545111.4221978,209.34,709.66,0.1247556884024659,0.0785455147530646,0.0734483375757943,0.1095383967738424,1
1775545111.4534645,208.5,709.0,0.1200192131155697,0.0760952982985031,0.0757768097979466,0.1114229968890185,1
1775545111.486261,211.04,708.84,0.1190076575677141,0.0772394601309264,0.0779798541094785,0.1136060085429601,1
1775545111.518278,211.3,706.28,0.1226346871370171,0.0794431906709758,0.0753532615644863,0.1107936755192639,1
1775545111.5501928,212.42,706.16,0.1199358028629196,0.0766174935410637,0.0747826639956662,0.1141935803968328,1
1775545111.582312,211.2,705.58,0.1208557031120585,0.0764229329924694,0.07454957089714,0.1108561708278569,1
1775545111.6161244,208.94,705.34,0.1171396684818214,0.0746210006462936,0.0757510320327542,0.1143474866845174,1
1775545111.6622252,212.84,704.28,0.1215712779619474,0.0779858842715486,0.0785644167540929,0.1150960008502797,1
1775545111.6959226,211.44,704.84,0.1198796733841978,0.0780734012560395,0.0763438232760966,0.1137207010403515,1
1775545111.724877,211.04,702.7,0.1218572668326603,0.0783242824406897,0.077060724046119,0.1150163135659022,1
1775545111.757907,210.0,702.12,0.1171475265532045,0.0778788223042306,0.0785284843716372,0.118356831611567,1
1775545111.7934074,208.74,701.26,0.1220395184018583,0.0809632423307877,0.0787256758799424,0.115601348407969,1
1775545111.8398943,211.96,700.5,0.1206635712309384,0.0806898213091029,0.0800816710550371,0.1168620888874918,1
1775545111.8703754,211.28,700.34,0.1209348138472136,0.0827521480205144,0.0777621527125613,0.1147209363164791,1
1775545111.90423,211.94,716.02,0.1206371496614194,0.0840592810080299,0.0811341766544442,0.1180933063402525,1
1775545111.950313,214.96,721.4,0.123580780363062,0.0845904492803936,0.0784930232066015,0.114191883167195,1
1775545111.9822824,216.52,736.66,0.1191605571918215,0.080392844414464,0.0808847815869398,0.1172281189160831,1
1775545112.0162518,215.22,735.88,0.1211835582533523,0.0821928971247555,0.0796204870552346,0.117295177052351,1
1775545112.0622375,217.44,756.26,0.1206261660397051,0.0811748106927355,0.0813277752931702,0.117900538336464,1
1775545112.0942192,216.94,768.6,0.1227363937038903,0.0818699466711751,0.0807775918743122,0.117480274844571,1
1775545112.1256826,217.64,780.76,0.1244765579771678,0.0851497694697176,0.0847652779606627,0.1197938964274558,1
1775545112.1615958,213.48,793.78,0.1234730980373497,0.0838228663209944,0.0825178137507917,0.1164893723636785,1
1775545112.20646,213.58,813.28,0.1227546617749456,0.0835101920572327,0.0789953440923659,0.1128072308885712,1
1775545112.2373946,211.94,825.74,0.1221591647904343,0.085348276549301,0.0805272788960722,0.1151306006833315,1
1775545112.2703316,213.66,847.34,0.1224197501673065,0.0815823945346496,0.0793120696765257,0.1159658475091427,1
1775545112.3039124,212.46,857.96,0.12150852380656,0.082808699053304,0.0805642961538478,0.1160065622027106,1
1775545112.3493662,210.04,878.78,0.1221020438568521,0.0829245575594441,0.0828166285534072,0.1196500580480553,1
1775545112.383586,209.04,888.92,0.1232957789989991,0.0850759258566953,0.0809459394563882,0.1160981982754267,1
1775545112.4142034,210.56,909.1,0.1257270071144853,0.0860749629405692,0.0832080028254173,0.1173439605246874,1
1775545112.4477887,212.22,920.44,0.1222719766502088,0.0837854081241527,0.0815868106896523,0.1171431527049976,1
1775545112.478273,214.16,940.02,0.1197379982539379,0.080910394147847,0.0801431861186808,0.1176372243560915,1
1775545112.5116785,210.32,951.44,0.1258976016703095,0.0839052358055028,0.0846362664750149,0.1192722293663068,1
1775545112.5423732,211.48,971.12,0.1248426596222498,0.0815416679907374,0.0786706182113776,0.1164571592758185,1
1775545112.5743804,210.32,981.2,0.118152654039386,0.0778547878328451,0.0804277538506618,0.1195976011227637,1
1775545112.6063209,209.66,1000.4,0.1201703233315606,0.0765079002901979,0.0792724111414883,0.1182621427815387,1
1775545112.6384597,205.04,998.6,0.1224649009544628,0.0789908247900517,0.0776136655573021,0.1161495211883648,1
1775545112.670408,205.24,962.8,0.1170150481121055,0.0768880178749402,0.0756499570139981,0.1164300891835234,1
1775545112.7041385,204.3,919.14,0.1126748591491668,0.0691022801264413,0.0746150521658119,0.1143834412612513,1
1775545112.750599,203.54,893.88,0.098275800482153,0.0672134497003929,0.0921586832625637,0.138971041874524,1
1775545112.7822068,203.66,885.88,0.0968414383380174,0.0671584256196174,0.1010513148551619,0.1486830515238463,1
1775545112.8143516,207.66,885.92,0.0939003192484137,0.0746078972247606,0.1183329767336215,0.1650627056907328,1
1775545112.8454244,208.96,886.18,0.0849671668221877,0.0543168400958654,0.1048398755135892,0.1569026217453278,1
1775545112.8782969,210.3,886.84,0.0741239364431312,0.0515706686519167,0.1191640875991389,0.1558394303882128,1
1775545112.9103174,208.76,886.98,0.0528439923224974,0.042238118131872,0.1204281515128222,0.155256496970987,1
1775545112.9422712,208.02,888.06,0.0417440775703261,0.0512849758271884,0.1212845199382599,0.1630789406177527,1
1775545112.9732509,210.92,889.42,0.0190689426210589,0.0451848119457741,0.1178729963016624,0.1748009053447148,1
1775545113.008081,213.74,889.3,0.0272454853513658,0.0506823419445107,0.1213775384003348,0.187987603520068,1
1775545113.0373728,215.02,888.9,0.0427088713960737,0.0767185423229674,0.1387378825694296,0.2158908382544074,1
1775545113.0716145,217.2,889.58,0.0423318825227804,0.0827072450459714,0.1476403915836069,0.2274989301920134,1
1775545113.102187,219.26,889.8,0.0637952156979835,0.1072368126753352,0.1677627033952236,0.2461313717495114,1
1775545113.1358275,220.76,890.7,0.1506600624054765,0.1854444600832337,0.2080499568058887,0.2733909446248442,0
1775545113.168568,221.24,890.4,0.1757816231788062,0.2326548286956216,0.2496801151247036,0.3075003579048716,0
1775545113.2141929,222.86,891.6,0.2073721621406236,0.2680028618735837,0.2821431327162286,0.3302672197758401,0
1775545113.2463071,223.52,894.02,0.2305081518395135,0.2948135120377294,0.308559199536985,0.3534839490925515,0
1775545113.278436,222.3,892.84,0.2552851388402432,0.3203200470841161,0.3340269380746809,0.3771027857066034,0
1775545113.3101008,222.4,893.1,0.2716074933763581,0.3368892271225607,0.3511843868908158,0.395236383830676,0
1775545113.341401,224.66,892.8,0.2844685354578824,0.3513792403724222,0.3686991979600245,0.411259575914188,0
1775545113.3743737,221.84,893.52,0.2969694026225064,0.3678528182492505,0.3841311551493588,0.426538492142004,0
1775545113.4064372,222.58,893.62,0.3015854000959405,0.3730081505734148,0.3928413283450715,0.4380732539352943,0
1775545113.438243,222.04,894.4,0.3072442980644697,0.3794722713762715,0.3992203888438863,0.4457546308315949,0
1775545113.4692326,223.06,894.8,0.3095301973577118,0.3818243034934258,0.4018083955464541,0.4526899260062368,0
1775545113.502213,223.58,894.08,0.3059752825184426,0.3786570620234414,0.40039104508419,0.4536079984690249,0
1775545113.5340214,221.72,895.1,0.306817829430917,0.3814158023744227,0.4019111247997305,0.4566343059620988,0
1775545113.5660365,225.38,894.7,0.3068063324024825,0.3813129512712292,0.402835937210025,0.4597581569187108,0
1775545113.5990114,230.16,894.56,0.304501461870979,0.3795985932060796,0.4037599173399779,0.4626184123651069,0
1775545113.6323702,232.02,894.76,0.3050786789259639,0.3799596334591075,0.4042190068555704,0.4646319403547026,0
1775545113.6783805,230.9,895.32,0.307083097632708,0.382065357601404,0.4076843651401407,0.4652833594716113,0
1775545113.7116575,231.6,894.72,0.3085949008650124,0.3836075235533314,0.4088451306997597,0.4668789373205374,0
1775545113.742757,232.18,894.94,0.3051943753150076,0.3799766105663773,0.4053610894585367,0.4646418871064482,0
1775545113.7760077,230.58,895.64,0.3085451217000375,0.3830057012797853,0.4071348131468977,0.4660146729598483,0
1775545113.8061852,230.66,896.52,0.3065234535840653,0.3814274721599456,0.4063230824127649,0.4656761418025669,0
1775545113.8382971,228.5,897.94,0.3067010597783112,0.380694288593714,0.4061564382990776,0.4661514042265242,0
1775545113.8691676,228.9,897.42,0.3055714796064162,0.3797027699896767,0.4058284622535308,0.4661099835099441,0
1775545113.90274,230.56,897.0,0.306282124949255,0.3809648416926334,0.4067157002921268,0.4668213125425663,0
1775545113.9361396,224.68,896.8,0.3048620820926316,0.3803880815340731,0.4064206471008536,0.4670862656827846,0
1775545113.9812138,224.68,896.88,0.3058789707383004,0.3816387164838951,0.4062797638927716,0.4667194425374124,0
1775545114.0197108,224.7,896.9,0.303171174387345,0.3789872099689996,0.4049388013302921,0.4666073798693231,0
1775545114.0483077,224.18,897.02,0.3043862533746199,0.3822464964388067,0.4067100778812063,0.4660580610978466,0
1775545114.0817983,223.28,895.9,0.308477564865122,0.3841796443176232,0.4093518965269388,0.4667152261808189,0
1775545114.1253085,222.28,894.88,0.3041692181709352,0.3810007569031057,0.4063202562065366,0.466328169508009,0
1775545114.157895,222.64,895.34,0.303907616822928,0.3810321401909174,0.4071734049230996,0.46728903586246,0
1775545114.190992,226.24,894.36,0.3057662032925077,0.3827809078128952,0.4086501992504341,0.4692373717490838,0
1775545114.2244313,224.54,893.72,0.3036435850988664,0.3815820045700699,0.408245667088355,0.4699025002644537,0
1775545114.2703016,225.82,893.76,0.3058943876746818,0.3834327934205315,0.4091350340455061,0.4694490908262206,0
1775545114.3035047,226.86,894.1,0.3042904905451304,0.3823034846686669,0.4080837633871113,0.4698619100161902,0
1775545114.3372636,226.74,893.54,0.3057375753143801,0.3819912211141073,0.4084322122449041,0.468290334210477,0
1775545114.3838656,224.48,891.98,0.3055145648273734,0.3854801750087364,0.409984085793888,0.4697335193689365,0
1775545114.4132545,224.18,891.7,0.3077014005034619,0.3884951919064766,0.411590201652419,0.4715634118512058,0
1775545114.4479012,224.4,891.96,0.3066433162088394,0.3890631376589918,0.4112540958156463,0.4715858053352101,0
1775545114.4812028,222.94,891.9,0.305797965531537,0.3897568344231017,0.4119454784416932,0.4723170809343658,0
1775545114.5253277,221.12,891.62,0.3064931232863452,0.3871442527562782,0.4101194889479573,0.4707626050165266,0
1775545114.5583377,220.78,891.8,0.3056852621059197,0.3855815746050186,0.4097584997413228,0.4745293380464199,0
1775545114.5903485,219.76,892.78,0.3050334687143903,0.3846715363261048,0.4103299440882073,0.4747206604819697,0
1775545114.6232717,223.02,893.08,0.3080356061021527,0.3860912822366553,0.4141018921988265,0.4714064490401307,0
1775545114.6691988,225.02,893.88,0.3066318616126637,0.3869085196134303,0.4141759519057872,0.4746253829271677,0
1775545114.7023485,221.78,893.3,0.3052381919935262,0.3847933499192024,0.4126544169288065,0.4722777396408275,0
1775545114.7529762,221.78,896.06,0.3054351344781528,0.3852821896030532,0.4120261987006248,0.4663066294778793,0
1775545114.798453,221.74,896.06,0.3043391886284961,0.3858038137929568,0.4112134665114969,0.4682321884598262,0
1775545114.8303351,221.98,896.84,0.3065168766899889,0.3867055175531736,0.4136571982662199,0.4681780339757109,0
1775545114.8649662,222.98,895.96,0.3057788291294401,0.3870050725248797,0.4095998467444881,0.4709038009567073,0
1775545114.8935204,222.26,896.42,0.3075976304351486,0.3881040842407572,0.4144959441307468,0.4702280047971151,0
1775545114.9264705,220.86,896.72,0.3053224628520229,0.3870363751560832,0.4110478566440171,0.4707531517286956,0
1775545114.965193,220.62,896.78,0.3064276612867195,0.3881973784580766,0.4123695841970614,0.4698951374069306,0
1775545114.994863,220.3,895.82,0.3069695438653053,0.3884894237222403,0.4131954594099847,0.4697658298257992,0
1775545115.0395465,219.72,895.44,0.3062930686320969,0.3878257261821772,0.4131564365153987,0.4702601729328907,0
1775545115.0696917,218.94,894.62,0.3050928154912004,0.3873977032079141,0.4128940414781345,0.4699876686157247,0
1775545115.103718,219.22,895.52,0.3036714609179632,0.3858859290836441,0.4159088527073624,0.4695202490810717,0
1775545115.134056,220.62,894.8,0.3045805985598648,0.3874721407029702,0.4208948240592705,0.46874733121008,0
1775545115.165647,220.38,894.92,0.3007259473312108,0.3820401883971462,0.4159305289108264,0.4661543198186328,0
1775545115.1974106,219.46,895.0,0.2987359206468801,0.3762366644574861,0.4089291901917894,0.4615113905727229,0
1775545115.2306683,219.42,894.72,0.2929446536403227,0.3670296584277828,0.4045065848963586,0.4606450726805356,0
1775545115.26579,218.66,894.72,0.2855462664742349,0.3557035380753513,0.3945509798239299,0.4543461223734523,0
1775545115.2937636,219.2,894.9,0.2579980932525151,0.3200009880532019,0.3641309231979646,0.442581662005803,0
1775545115.325467,217.54,894.6,0.2211813743962258,0.2755648504582365,0.3262244847136603,0.4168290684563555,0
1775545115.3583603,213.24,895.12,0.1915720108085095,0.2442623484788245,0.3031195294226971,0.3992273937911605,0
1775545115.3910272,210.36,894.68,0.1635147267280314,0.2149653143958323,0.2775360259814564,0.3791063051583599,0
1775545115.424587,209.82,895.42,0.1646071751283424,0.2168198322059317,0.2776424918756234,0.3772258727137925,0
1775545115.4693296,208.72,894.58,0.1513761478858893,0.1895508715361936,0.2565669681858182,0.3654884045177834,0
1775545115.5023746,207.96,893.86,0.122203306499427,0.169203425882335,0.2351519801312614,0.3350263746992109,0
1775545115.5339546,207.92,893.28,0.1072464512256064,0.1512422707005705,0.2182161328407621,0.3147955319810013,0
1775545115.5668194,206.32,893.04,0.0625506712741535,0.1195205047065292,0.1827824307154108,0.2402537220679198,1
1775545115.6001682,208.54,891.98,0.0402896841286098,0.100546585231902,0.16143873072001,0.2099628180752983,1
1775545115.630229,204.3,893.14,0.0285493733517151,0.0908707607218947,0.1514130967068427,0.1923066597368068,1
1775545115.6662092,204.4,892.84,0.0131674401297257,0.0769502647525868,0.1360719920568305,0.1726810293544034,1
1775545115.6944382,208.0,892.9,0.025371406260681,0.0628199542358609,0.120069521935759,0.1560689436898853,1
1775545115.7275252,208.52,893.16,0.034805312142931,0.0540400037350949,0.1107535257652048,0.1448702406746489,1
1775545115.7574975,207.98,893.36,0.0632386754090228,0.0548638853225087,0.1136134742927523,0.1432670278150099,1
1775545115.7904048,209.7,893.88,0.0873512670484255,0.0752555547985137,0.1291964241644731,0.1509390640516194,1
1775545115.824115,211.54,895.26,0.0984315606900086,0.0810676912970801,0.1250298635171456,0.1481847659158782,1
1775545115.869328,208.44,895.64,0.0939933655016843,0.0772432662067269,0.1177753986504277,0.1418486685700602,1
1775545115.9027252,207.44,895.4,0.0986540543878821,0.0815084585076805,0.1168555103784131,0.1401871418323683,1
1775545115.934405,204.66,895.8,0.1101699091788257,0.0895793761894948,0.1173615940529138,0.1403597562590111,1
1775545115.9669929,206.52,894.02,0.1102961544128395,0.0870941103734417,0.1103538932164519,0.1389778080031975,1
1775545115.9990654,206.64,894.14,0.1146722082373237,0.0940556298971545,0.1208935979806449,0.1457510441229113,1
1775545116.0301194,208.66,893.14,0.108663045315425,0.0866417242503799,0.1145193256555728,0.1472214982009458,1
1775545116.0669298,209.3,892.84,0.1124180506482856,0.0928307160225371,0.1271078541160109,0.1623077738675685,1
1775545116.0944307,213.42,894.2,0.1093930438574968,0.0909650921943448,0.1286232689323765,0.1698508529298372,1
1775545116.125765,213.22,894.18,0.1117902891695052,0.0929383265218862,0.1315019867931493,0.1709094695201821,1
1775545116.1572173,215.06,894.3,0.1153632812986467,0.090446868053828,0.1267417899456546,0.1639183912895767,1
1775545116.1903074,216.26,894.28,0.1185942024573394,0.0872125048155131,0.1173280628494079,0.1586102743153068,1
1775545116.2228413,215.7,892.56,0.1213809184493395,0.084659612649882,0.1090710765360791,0.1476028770170735,1
1775545116.2566457,216.84,892.4,0.1218025039686171,0.0837965944108181,0.1077961720756738,0.1461671682135289,1
1775545116.3035877,217.0,892.02,0.1227169701553713,0.0818342997205859,0.1000184688165049,0.1377155306275659,1
1775545116.3345456,216.58,892.5,0.1252302475322208,0.0824646646221936,0.0979150028549273,0.1352507639138205,1
1775545116.3677871,215.54,891.7,0.1255192283864264,0.0831810332384662,0.0939236386796811,0.128541897779994,1
1775545116.3982944,215.76,891.74,0.1209479468675919,0.0794059761524964,0.0910335303852566,0.1264806281811531,1
1775545116.4302917,216.46,891.36,0.1145159049351002,0.0771927101496794,0.0894778628624165,0.1281711445450689,1
1775545116.462218,215.18,890.96,0.1277735371543445,0.0830509948183842,0.0879185715209997,0.1229433598917373,1
1775545116.4944353,215.26,890.96,0.1266030151197211,0.0844931694855214,0.0898731586035918,0.1229840750005901,1
1775545116.5261624,212.7,891.64,0.1283042815280857,0.0853960531591905,0.0917512282183852,0.1238642539886981,1
1775545116.5582514,214.96,891.46,0.1282226667061596,0.0861405369719289,0.0889416550150554,0.1223681058596404,1
1775545116.5903552,214.28,891.18,0.1253927159016305,0.0808092645954269,0.0849077537926909,0.1210015391777395,1
1775545116.6224992,215.24,891.38,0.1307177664656825,0.0853710727554448,0.0891817836113666,0.1219825426891962,1
1775545116.654647,213.94,890.9,0.1257178134010458,0.0836998876363968,0.0887803510762468,0.1252177089124376,1
1775545116.6888084,214.18,892.56,0.1252171905959382,0.0813412502767906,0.0856282257979504,0.122929615758041,1
1775545116.734289,213.34,892.6,0.1229615411672487,0.0814673118421229,0.0846563267510299,0.1229459087964127,1
1775545116.768054,214.04,892.4,0.1185530066217754,0.0776432371590742,0.0826084577317501,0.1244953439190856,1
1775545116.7973514,213.12,892.14,0.1218886425020785,0.0780862074357335,0.0795328093856565,0.1182933977181834,1
1775545116.8302388,214.74,892.0,0.1233719022161162,0.0804498051379198,0.0813244121713124,0.1185823983561326,1
1775545116.8637211,215.2,890.68,0.121448453980316,0.0808883591677753,0.0858515402472,0.1238741808443125,1
1775545116.8942409,214.94,891.2,0.1234815906632727,0.0818177587342296,0.0856145156333809,0.1228033010649782,1
1775545116.927543,214.7,891.66,0.1178687292580302,0.0775264127777857,0.0840999719862799,0.1225969398927008,1
1775545116.9582286,214.22,890.4,0.1209526082336246,0.0801888176135503,0.0844962639118444,0.1210899790134946,1
1775545116.989836,214.96,891.18,0.120942477097671,0.0801536261951578,0.0838167434201158,0.1227044071930839,1
1775545117.0226357,214.44,891.08,0.1206870131736628,0.0815448411334564,0.0855723573017781,0.1239445909619729,1
1775545117.0544128,215.24,891.52,0.1219231263195449,0.080633660742657,0.0813808509538911,0.1204263171046314,1
1775545117.08637,214.2,889.26,0.117342065254198,0.079211280786748,0.0878773149615619,0.1262314436213028,1
1775545117.1202123,213.68,890.52,0.1196968400011561,0.0806960552118659,0.089001135756833,0.1288903520141935,1
1775545117.1683316,215.18,890.72,0.120814809132149,0.0816017408946272,0.0868134730918482,0.1255849698898131,1
1775545117.1972744,216.22,890.06,0.1166893938429122,0.0797736038769135,0.0879049561359,0.1276918883779913,1
1775545117.2305148,219.94,889.36,0.1176522811389126,0.0797115578221281,0.0876094350854617,0.1259967515717987,1
1775545117.262246,218.14,890.8,0.1185250385756326,0.0810592056343735,0.0888833239571279,0.1286114607052879,1
1775545117.2935264,222.84,890.46,0.1198825544082554,0.0794683650151572,0.0867366574865387,0.125977794488801,1
1775545117.3261778,222.06,890.34,0.1183535885841254,0.0806129052304485,0.0876934632427178,0.1297430162209901,1
1775545117.3574317,223.56,890.24,0.1189099867042944,0.0800787028882973,0.0878545083770323,0.1281691211288602,1
1775545117.3904743,221.64,889.56,0.1197875264190871,0.0805174541070091,0.088594610592169,0.1281529787948426,1
1775545117.4223452,222.66,889.1,0.1159074838258735,0.0806821593958469,0.0918338436509319,0.1319308259247905,1
1775545117.4545405,221.26,888.98,0.1134231172685142,0.0776661451069977,0.0899140396862622,0.1322426878914217,1
1775545117.4879012,222.04,888.54,0.1153843677411285,0.0763926769375002,0.0872596921839777,0.1284835190195869,1
1775545117.521606,225.14,887.78,0.1118403440529234,0.0748956673615934,0.0871357321078687,0.1300450362551392,1
1775545117.568863,225.22,887.4,0.1114323587792113,0.0739458490357538,0.0871588625920895,0.1299442222171689,1
1775545117.597758,225.86,886.56,0.114400355937946,0.0762913649121953,0.0877276384452578,0.130192990020774,1
1775545117.6317787,225.58,887.16,0.1164823499543869,0.0774632552806482,0.0884244821019442,0.1296722325435336,1
1775545117.6689515,223.94,886.52,0.1142934195893017,0.0780589043691245,0.0878105593742862,0.1281657202981257,1
1775545117.693317,224.02,886.76,0.1136368101924872,0.0765846431047884,0.0865643445429358,0.1287399161807152,1
1775545117.7262435,223.36,886.12,0.1154317220083114,0.0770244232767619,0.0884644753528892,0.1314035017524933,1
1775545117.758501,224.02,886.48,0.1141701841588458,0.0744416747865032,0.0856232366389975,0.1268652914772834,1
1775545117.7902803,225.28,885.18,0.111414882429095,0.0776077871494884,0.0902147819158113,0.1316371451425718,1
1775545117.8222525,225.6,885.16,0.1162534306432066,0.0801671605796316,0.0900754446538122,0.1325042076966664,1
1775545117.8544486,223.3,885.34,0.1156708531493837,0.0788921868946259,0.0891216359827185,0.1297717554696032,1
1775545117.886349,224.24,887.24,0.1149081826872999,0.0809628710833288,0.0913497555215175,0.1317724682556917,1
1775545117.9184833,222.72,886.6,0.1162320447443984,0.0793395325332732,0.0887924246116525,0.1304073983647017,1
1775545117.9521794,225.34,886.34,0.1119911540968965,0.0779669071200019,0.0907032804336345,0.1333055087537572,1
1775545117.98725,225.76,886.34,0.1147579594394954,0.077393837657403,0.0891205735561456,0.1302241475023395,1
1775545118.0293012,226.18,886.48,0.110531826018928,0.075281581959575,0.0890837987197366,0.1291169844664903,1
1775545118.0623586,224.02,886.18,0.1172278432197384,0.0803134827113863,0.089299775912913,0.1298406119718035,1
1775545118.0934238,224.06,886.54,0.1114044963162542,0.0750770828451235,0.0871783934753394,0.1281636930513191,1
1775545118.1278763,222.6,886.64,0.1130824510174677,0.0780425073468481,0.0889232183955079,0.1297512926758147,1
1775545118.1615624,223.24,886.02,0.1178927264515435,0.0800754939630729,0.0866283360132838,0.1284892448089185,1
1775545118.207475,224.9,885.28,0.1133556674711212,0.0773333840949558,0.0857807495232841,0.1277228899707445,1
1775545118.2385447,222.94,884.98,0.113150780526245,0.0811418800807128,0.0921513940037856,0.1334762547961663,1
1775545118.2711527,222.8,884.1,0.117323255143836,0.0800700088035205,0.0899555477329079,0.1312211656476933,1
1775545118.30494,222.6,884.14,0.1162648594032574,0.0781702823805801,0.085728324736817,0.1260849884772963,1
1775545118.3504815,222.42,883.92,0.1167782151541977,0.0812682504326997,0.0907636132950842,0.1288329467582025,1
1775545118.382558,223.88,884.08,0.1174626666257689,0.0808402706730919,0.0892495076386461,0.1305505592084785,1
1775545118.4154396,226.54,884.66,0.1153832392764834,0.0767497075747661,0.0856622170941789,0.1238528966369825,1
1775545118.4622252,225.24,884.64,0.1233465804573804,0.0831931673597937,0.0889023118344576,0.1271469365243828,1
1775545118.493613,224.72,884.24,0.1184426414177959,0.0805343713829681,0.087067799808045,0.1252225233863128,1
1775545118.5261476,225.7,883.3,0.1243902924846396,0.0841065476981292,0.0889001237055556,0.1225318907677914,1
1775545118.55977,225.46,884.3,0.1180963519720788,0.0824878408325537,0.0896021455128128,0.1242022008486233,1
1775545118.6061664,226.1,883.7,0.1183130158528861,0.0812372215116733,0.0910398227696508,0.123514417416536,1
1775545118.654071,226.6,882.94,0.1084619906565295,0.0774070665533737,0.0988262137687844,0.1378838218456526,1
1775545118.6880684,228.46,884.14,0.1085336028017657,0.0741749990986496,0.0913220420098982,0.1286304391060502,1
1775545118.7183576,227.38,883.24,0.1040906745535675,0.0782997543956498,0.107725499701474,0.1481181475583801,1
1775545118.750322,0.0,0.0,0.1019449751787835,0.0869682794094439,0.1299007664387407,0.1707286882077625,1
1775545118.7824583,238.64,878.2,0.0903878180147494,0.0741073613232946,0.1276344590000245,0.1740932277210048,1
1775545118.8157172,236.84,876.2,0.0846434529300291,0.0828794514003312,0.1364873629437982,0.1752684635134582,1
1775545118.8452282,236.7,876.66,0.0766961198522978,0.0710436016266968,0.1414430850397119,0.1686509360388505,1
1775545118.8797412,237.78,874.94,0.054187207345119,0.0549845610613926,0.1227142085155141,0.1594011714089873,1
1775545118.910612,234.6,872.3,0.0149449999157131,0.0617646806061304,0.1382436890153065,0.1916558754056971,1
1775545118.944276,236.74,865.98,0.0229235266033895,0.0641685127955356,0.1393266537315245,0.2130112529482812,1
1775545118.9781284,236.56,868.1,0.0427660505465349,0.0886047170605202,0.1566412239703831,0.2419638897301285,1
1775545119.02243,234.9,866.6,0.0810479975623615,0.1226102931215514,0.1880566832529468,0.2747000232488111,1
1775545119.0543745,234.16,866.94,0.1758470305160856,0.2276083213320584,0.2623207820729941,0.3202706868784625,0
1775545119.0853033,235.88,865.82,0.2262649693750956,0.2858261339797025,0.3007273838768908,0.3458816194958536,0
1775545119.1185093,238.5,866.84,0.263618788602764,0.3294606728626174,0.3462679143988331,0.391752315388561,0
1775545119.149392,239.22,864.86,0.2891145168829271,0.3624802458917993,0.3825797213950355,0.4207728249164004,0
1775545119.1822867,242.24,868.78,0.3085669720369841,0.3853244847151745,0.4063907351682785,0.4451942958393394,0
1775545119.2141974,243.0,865.66,0.3214184069655854,0.3990012582402888,0.4225118808534753,0.4646872449078648,0
1775545119.2453103,242.14,870.8,0.3294342722594461,0.4075173848737445,0.4325507856512248,0.4790380241141685,0
1775545119.2784166,243.26,868.76,0.3363761371438353,0.4161488991038331,0.4416896369605239,0.4931101827968167,0
1775545119.3103323,242.58,868.26,0.3379496322822623,0.4174721212876197,0.4426093200267645,0.4981692763587349,0
1775545119.3425164,245.5,867.04,0.3387455421668679,0.4188900499049356,0.4473472684171442,0.5036904024327936,0
1775545119.376499,245.32,865.4,0.3421607419808111,0.421337947873089,0.4520901604928223,0.5077342198284679,0
1775545119.4223547,243.26,863.02,0.342382318882664,0.4219355761987065,0.450962245923916,0.5078389276512423,0
1775545119.4558113,241.08,863.16,0.3406653861585096,0.4238075911025249,0.4531011930449883,0.5152838794467078,0
1775545119.4863284,240.9,861.26,0.341023529048682,0.4260484246630142,0.4607390059719617,0.5225949092005785,0
1775545119.5195408,243.26,865.7,0.3392566731858259,0.4258838711160579,0.4609139065314303,0.5222183999270391,0
1775545119.5502355,239.84,865.0,0.3396285081865131,0.4269778873345703,0.4600249158259974,0.5237560158178067,0
1775545119.5837493,240.62,863.7,0.3417997303243902,0.4270194717149964,0.4624155909685201,0.5248902389754025,0
1775545119.6137006,239.86,865.8,0.3415850554846565,0.4262585351453565,0.4621990103395866,0.5231629927418929,0
1775545119.6464565,241.52,865.94,0.3405021591818553,0.4259256123627613,0.4602092444493117,0.5222623822896864,0
1775545119.6773334,245.32,865.26,0.3422590486999002,0.4287292796494125,0.4613372422952743,0.521817972531203,0
1775545119.7103865,245.38,864.62,0.3424910847537719,0.4277748303289552,0.4620356344999227,0.5212438112082717,0
1775545119.74219,244.98,866.2,0.3412118828676784,0.4253936484154768,0.4597017331650722,0.519620700910609,0
1775545119.7737255,243.4,867.04,0.3399965238006315,0.4239950756985478,0.4586675354715721,0.5196686483427624,0
1775545119.8075788,242.94,866.46,0.3403991012071656,0.4251519065520426,0.4591590026493631,0.5209672345821593,0
1775545119.8403566,240.8,866.72,0.3400379071627518,0.4254471241039761,0.4591486411768736,0.5195399005431927,0
1775545119.8853962,245.32,866.82,0.3404146319045005,0.4253803365304105,0.4594382657490415,0.5186998052870119,0
1775545119.9185212,243.3,865.58,0.3393937115826968,0.4249783452442885,0.4579403958688067,0.5188440241285512,0
1775545119.9494271,241.28,865.12,0.3409925079424086,0.4261066311261429,0.4584696721806202,0.5204458090362833,0
1775545119.9825032,240.04,863.18,0.3414943983840326,0.426498216079169,0.4596956156939317,0.5202146689772679,0
1775545120.014469,241.86,863.96,0.3430484120040779,0.4274590468068077,0.46080756344356,0.5187181951233977,0
1775545120.0463376,241.1,861.74,0.3445658503864768,0.4288705410971317,0.4603612726535738,0.5202958841583756,0
1775545120.0804763,240.4,862.72,0.3437060271240987,0.4285502639728366,0.459526139995356,0.5187885499164414,0
1775545120.11014,238.2,861.94,0.3433792717398206,0.4293244047857368,0.4612262457659927,0.5198119351859647,0
1775545120.1435745,239.2,863.56,0.3444952156642251,0.4291969969469524,0.461077627002086,0.5191106227689984,0
1775545120.1744938,241.56,861.52,0.3457795693155735,0.4314605872929274,0.462472110130453,0.5202697705591981,0
1775545120.2082524,240.88,859.9,0.3468985508061762,0.4332107477183552,0.4632458228141766,0.5218414990990509,0
1775545120.2421453,240.52,858.02,0.3460143536692958,0.4327627363339861,0.463468172278101,0.5221245242114626,0
1775545120.2856069,233.12,860.84,0.3458370644541669,0.4331970214843227,0.4636718278523784,0.5225786610075146,0
1775545120.3174365,232.66,861.64,0.3459075128175222,0.4344988314957826,0.4639306479561249,0.5212304824616003,0
1775545120.351199,234.22,861.74,0.3470792898224854,0.4357083265974421,0.4643880392641281,0.5219381602445562,0
1775545120.391153,236.58,861.3,0.3460197616810744,0.4350420336754173,0.4641523859858093,0.5234433076413912,0
1775545120.4303052,240.22,864.5,0.3476345285862192,0.4352422267008379,0.4635442553511211,0.5215400189889502,0
1775545120.461295,241.74,864.44,0.3447036190817196,0.4359504266082625,0.4634603555117201,0.5217509727389827,0
1775545120.4949045,240.78,864.36,0.3464479782830191,0.4369058363737607,0.4652568323594035,0.5224255821056437,0
1775545120.529291,240.04,859.78,0.3441713187976793,0.4351332897799136,0.4624777132171723,0.5206426454127993,0
1775545120.5744305,237.02,859.58,0.3446952902153798,0.434523039978043,0.4622787630011385,0.5225076130758951,0
1775545120.608219,238.52,862.86,0.3457206223284701,0.4349368821491383,0.4626932130631377,0.5210414177387656,0
1775545120.654448,236.06,861.2,0.3467863898968158,0.4348792253668529,0.4639188946892236,0.5220558187946529,0
1775545120.686308,235.36,859.42,0.346212101365013,0.434787338683883,0.4640670333745018,0.5230547480925168,0
1775545120.7183208,234.0,860.16,0.3468919405070301,0.4343490550949355,0.463255813479577,0.5228597150392931,0
1775545120.7519977,233.04,859.5,0.3465455511251804,0.4343962929973413,0.4632225698638659,0.5227255263161756,0
1775545120.7916834,236.14,859.56,0.3445417794942624,0.4329161997323811,0.4627424491938518,0.5222922395157579,0
1775545120.831571,233.52,859.04,0.3455797357144629,0.4345756454718598,0.4627839045995729,0.5217798751553115,0
1775545120.8625174,239.2,858.52,0.3442746508663364,0.4333176152842675,0.4607684880426805,0.5217470941386941,0
1775545120.8970635,236.9,859.2,0.3468381331248358,0.4335206575984371,0.4598112177869291,0.5205688857297788,0
1775545120.941344,235.62,858.64,0.343294799031579,0.4323270257306607,0.4596253325907428,0.5216599333500109,0
1775545120.9738162,235.42,857.68,0.3432944837143044,0.4318501739650318,0.4599131999913844,0.5216282982603605,0
1775545121.0064192,236.3,856.32,0.3397835153040009,0.4304317037926813,0.4594211923547582,0.5212453679378586,0
1775545121.038314,234.86,856.64,0.3395377732032564,0.4305867513858781,0.4575055356558579,0.5208669965417024,0
1775545121.073661,232.76,857.66,0.3378311116336201,0.4284530494763196,0.4546203355071422,0.5188154123907545,0
1775545121.1024354,231.88,858.86,0.3343733036763077,0.4232694254942329,0.4539811726116579,0.5148385228636787,0
1775545121.1342382,232.98,858.0,0.3289196350649249,0.4129153089886667,0.4473540920238792,0.5083201267329934,0
1775545121.166355,232.62,857.78,0.3025274049547203,0.3685714294566748,0.4073404413255704,0.4881373009668714,0
1775545121.1909308,232.86,857.96,0.2783515764393474,0.3255738698166819,0.3694868685239287,0.4624479611264058,0
1775545121.2312927,231.0,856.96,0.2769276495128639,0.3288980939522771,0.3704116336709697,0.4623147707239706,0
1775545121.278214,235.48,856.92,0.2383452516845733,0.290895579438219,0.3448335971658526,0.4406985913228187,0
1775545121.3102343,235.68,857.5,0.1996259264498568,0.2520257457059163,0.315679603933187,0.4148744714697635,0
1775545121.3423548,237.72,857.14,0.1747304406342462,0.225913067725902,0.295558848668301,0.3973266441215446,0
1775545121.3744006,235.3,857.02,0.1589898447756381,0.2228321286463764,0.2931249412842653,0.3800263260219069,0
1775545121.407416,233.36,855.98,0.1561162550441263,0.222707532938906,0.2897589194564011,0.3595554676044274,0
1775545121.4373982,230.78,856.38,0.1527995993278104,0.2181978750153736,0.286023029184055,0.3486061558632053,0
1775545121.4743338,230.38,856.16,0.1576430653807515,0.2214732633734892,0.2869578326750575,0.3394887238872429,0
1775545121.502527,230.78,854.02,0.1629626976948654,0.2252176874486321,0.2895659768326596,0.3379443148624035,0
1775545121.5413702,232.98,855.92,0.1534579832340521,0.2169422874768505,0.2788167291003084,0.32438481378247,0
1775545121.5665174,234.48,855.5,0.1374912068851684,0.190302890639308,0.2499548482884511,0.2977846331175998,0
1775545121.5984724,232.52,854.98,0.1240125160386542,0.1706367503539943,0.2292931867070625,0.2777611857757527,0
1775545121.63034,233.0,855.32,0.1080942186020845,0.1518414622001303,0.2147540516869014,0.2640158341859981,0
1775545121.663277,235.96,854.92,0.1026956404399832,0.1460985119152683,0.2109510567994036,0.2625650960420408,1
1775545121.7103732,235.74,856.58,0.0762205919345785,0.1178759397127162,0.1783003964998502,0.2315975323651674,1
1775545121.7424858,233.22,856.42,0.0759826465582831,0.1170760786998756,0.1690784702940709,0.2184411161471508,1
1775545121.7750356,236.06,856.04,0.0826120551743057,0.1022474936386048,0.1488384987692621,0.1905196163956582,1
1775545121.8065715,236.46,854.44,0.0829998988647587,0.0828168905258874,0.131883032344003,0.1673981427547759,1
1775545121.8375518,236.86,854.44,0.093015697517851,0.0804995066537447,0.1225982557664324,0.1528983748363313,1
1775545121.8704083,236.06,853.52,0.0984573122231546,0.0841234437208278,0.121184733906098,0.1498766324813727,1
1775545121.901338,233.76,853.84,0.1003279108750047,0.0818818511046693,0.1161414665453999,0.1476468465038697,1
1775545121.9345512,235.34,854.64,0.1006148411598514,0.0697906809060609,0.0986314415531158,0.1408756638915124,1
1775545121.965535,234.56,855.96,0.1034991298576805,0.062121207786951,0.085935958642066,0.1320715659363804,1
1775545121.9985323,241.5,856.22,0.1063886690211356,0.0582010692575739,0.0772920857194288,0.1249307482916116,1
1775545122.0319266,240.44,854.12,0.1043243783163791,0.0568991581681456,0.0743327180134104,0.1205893705531083,1
1775545122.06238,237.92,854.32,0.1048382575348212,0.0540597661039331,0.0691645119633799,0.1183250410977772,1
1775545122.093909,237.68,853.52,0.1042751391384262,0.0538939191914671,0.0697374500436133,0.118485441909264,1
1775545122.1276164,236.78,851.52,0.1017462001910772,0.05296646035955,0.0655896043152359,0.1144634166309802,1
1775545122.1764488,235.2,850.94,0.1025774187973435,0.0518191660114466,0.0663117183698116,0.1161229696166818,1
1775545122.2063024,237.24,850.76,0.095984673058152,0.0502816571473467,0.0704100724979521,0.1201645053153857,1
1775545122.237311,236.88,854.64,0.0985899998472402,0.0510858524085191,0.0713114880499207,0.119514296529844,1
1775545122.2704213,240.9,853.36,0.0942528133219399,0.0502763208093032,0.072696530068016,0.1222603258937261,1
1775545122.3010652,239.26,852.36,0.0963805621893153,0.0516561048269759,0.0739919869840527,0.1216105592854086,1
1775545122.3343782,241.72,853.62,0.0953714561517031,0.0531900316178534,0.075936630047109,0.1227460149419939,1
1775545122.366182,242.48,853.74,0.0918230164725868,0.0491903061777369,0.0771012993252926,0.1294350939792991,1
1775545122.398459,243.18,852.48,0.0925471446523963,0.0526564802167995,0.0822619815505846,0.1328345489858741,1
1775545122.4302192,243.72,852.24,0.0928644726088121,0.0525018160016809,0.0826864889326764,0.1330466489150068,1
1775545122.4623015,241.02,850.92,0.0933376581537653,0.0519717262820573,0.0812717999852551,0.1306201882004396,1
1775545122.493913,245.48,851.04,0.0932133783287077,0.0510644856807408,0.0812297361874635,0.1311164142440637,1
1775545122.5272057,238.26,850.58,0.0926051853293598,0.051972677781548,0.0842877742688483,0.1334019054243837,1
1775545122.5768883,238.64,850.7,0.0906453357587197,0.0518124121538932,0.0842558963662495,0.1339561554347571,1
1775545122.606501,239.42,850.02,0.0902956485690028,0.0508916671601012,0.0837041493390911,0.132867264086812,1
1775545122.638301,240.38,849.74,0.094202263380128,0.0519745516263229,0.081349814956015,0.1300202023394015,1
1775545122.6715894,239.4,850.52,0.090337790825523,0.0504563931110532,0.0829856307158143,0.133429046084871,1
1775545122.7025871,239.32,849.74,0.0950061605685067,0.0489091913434276,0.0792277857150543,0.1276770150361114,1
1775545122.7357025,242.96,847.56,0.0897367830853909,0.0509892890868847,0.0830404212155143,0.133292932509938,1
1775545122.7663505,242.2,846.56,0.0939943457845749,0.0505506724495114,0.0815465459708163,0.1310276003809749,1
1775545122.7986093,243.5,846.84,0.0936250267811088,0.0499904704858322,0.0816369491663919,0.1316817583803204,1
1775545122.8302996,245.12,848.8,0.0926816369503268,0.0495549643015315,0.0802530518469189,0.1289794443714864,1
1775545122.862558,245.78,848.28,0.0882268266619019,0.0492775041698429,0.0813793790580502,0.1332746499592878,1
1775545122.8943338,244.78,847.36,0.0900906087155173,0.051813031165834,0.085929026216732,0.1357460880637927,1
1775545122.928091,245.02,847.66,0.0885689600750585,0.0498018635644737,0.0834817698828961,0.1350165403132286,1
1775545122.974376,244.2,846.64,0.0915376930214978,0.047494530970395,0.0822142011351838,0.1330533403542016,1
1775545123.0053697,239.02,846.78,0.0889152343117182,0.048864748316012,0.0825007653356623,0.1346941124274495,1
1775545123.038259,237.94,845.18,0.0905321574206548,0.0506040588463032,0.0847631556776097,0.1356466902921279,1
1775545123.069184,238.04,847.64,0.0874317367149391,0.0502103993672707,0.0847934227329225,0.1356142186760372,1
1775545123.1013348,239.3,847.14,0.0876661757828288,0.0489307055563279,0.0818416259049702,0.1328823739747718,1
1775545123.1343443,241.4,847.34,0.0877455145997112,0.0468876220646218,0.0798963594097652,0.1307260013668458,1
1775545123.1662917,242.14,846.88,0.0894199163977011,0.047483204410895,0.0811866636585394,0.1294410409838939,1
1775545123.198219,242.96,846.56,0.0892454430228348,0.0474362614451361,0.0809128750128616,0.131032401942799,1
1775545123.23095,241.7,846.0,0.0910182469587286,0.0455861944932542,0.0757517387621928,0.1246019896251943,1
1775545123.2652206,241.82,845.86,0.087709339523164,0.0481618880928397,0.0799495992422954,0.127498407911133,1
1775545123.311631,242.02,845.48,0.0878580981819685,0.0492989387386214,0.0813704227358099,0.1272109050324316,1
1775545123.3414075,239.18,845.58,0.0819668058704796,0.0486047225822365,0.0824114930900117,0.1287152676563445,1
1775545123.3751938,239.96,845.08,0.0853233320106702,0.0490265516846919,0.0820518849272284,0.1326708535060665,1
1775545123.4089525,243.98,844.54,0.0858727987838054,0.0477033090528652,0.0809010690150078,0.1306308886251155,1
1775545123.4555166,242.7,845.74,0.0839554744332187,0.0480314457577901,0.0822775592783848,0.1323512200939741,1
1775545123.486544,241.8,847.2,0.0855134918617189,0.0482353601497555,0.0807204940085806,0.1300459565263944,1
1775545123.5201955,242.14,846.9,0.0863969742858841,0.0515493974723194,0.0828279287478023,0.1312036452684568,1
1775545123.5661578,242.36,846.24,0.0876515738859523,0.049343399727676,0.0834615619908773,0.1322333374778969,1
1775545123.5984316,244.08,846.8,0.0885785842330247,0.049699495688842,0.0818295347527692,0.1309853668445887,1
1775545123.63028,242.5,846.42,0.0871737093179517,0.0500534250359518,0.084234070150494,0.1346905793078459,1
1775545123.6631134,242.44,844.12,0.0817056405677006,0.04916807253676,0.0836856308449596,0.1338683492361262,1
1775545123.6959114,241.6,843.0,0.0834393151822461,0.0487347162838738,0.0812162302826989,0.1302763670510753,1
1775545123.7402322,240.74,844.48,0.0847724061617364,0.048516266640985,0.0811393198290655,0.1300851569146384,1
1775545123.7793455,243.5,842.54,0.086871220549672,0.048330626865307,0.0814022919428991,0.1303496940005359,1
1775545123.807417,241.04,843.4,0.0801947432367311,0.0494558076772812,0.0844696148494232,0.1339443899059049,1
1775545123.8544776,239.46,843.38,0.0833241936711912,0.0452518613830878,0.0803964047720216,0.132602917413068,1
1775545123.8862815,238.22,843.1,0.0853678211193075,0.0466966590350424,0.0821148248802646,0.1327809687065737,1
1775545123.9183924,238.64,842.86,0.0805040265439446,0.0466896603545906,0.0840116064659122,0.1336318901798666,1
1775545123.9528618,237.84,842.7,0.083063530484088,0.0484908630970538,0.0845827246801252,0.1338753900603752,1
1775545123.9997134,238.48,843.04,0.0791657191540024,0.0490903825330582,0.0857296702300604,0.1353393152796307,1
1775545124.0303962,241.5,842.88,0.0824190663099838,0.0446980291341578,0.0800081237225146,0.1328757349293685,1
1775545124.0639222,241.6,842.38,0.0811944073641116,0.0457850579178885,0.0809584748094143,0.1327400533369848,1
1775545124.094148,238.84,842.82,0.0792409589710296,0.0457236262498335,0.0843898932464186,0.1354467553359715,1
1775545124.1278324,238.64,842.72,0.0830239331564966,0.0460694529152475,0.0809858676378481,0.131611710488893,1
1775545124.157227,236.44,843.1,0.0823049134019223,0.0468429770046243,0.0832454306620484,0.1340209153950964,1
1775545124.1903026,236.88,842.6,0.0786239272330068,0.0455272483339358,0.0834469817618046,0.1341193493410799,1
1775545124.2225907,233.74,841.94,0.0810714024778039,0.0475008937186339,0.0825031078073336,0.1331623875610138,1
1775545124.2544062,236.64,841.98,0.0804954283680214,0.0483311004241229,0.0847330700651088,0.1367971638648822,1
1775545124.286711,235.46,842.34,0.078541977616016,0.0435285912901915,0.0822027319913404,0.135212214885708,1
1775545124.3174012,236.36,842.44,0.0806553030742225,0.044088271992573,0.0824199427375985,0.1362865708572358,1
1775545124.3501508,235.44,842.48,0.0802251428024562,0.0432906435330069,0.0811549782712516,0.1333127428818664,1
1775545124.3844635,235.84,842.1,0.0795009478878858,0.0436621531533458,0.0800235368845059,0.1339477986638099,1
1775545124.429471,235.7,841.98,0.0780519729224324,0.0409685238244222,0.0771362031606694,0.1322486688454351,1
1775545124.4622748,233.02,841.56,0.0784226818288691,0.0423582726801232,0.0784359833932097,0.1326718046945198,1
1775545124.494656,233.86,841.96,0.079876782166427,0.0444791196965021,0.081419814297173,0.1353130657092826,1
1775545124.5263624,232.64,840.66,0.077437220306479,0.0495858462550874,0.0902436127077228,0.1401154066993919,1
1775545124.558408,231.6,839.98,0.0690067923927164,0.0540940180647755,0.1041708619260989,0.1521950190320654,1
1775545124.590337,230.46,839.1,0.0639024155025946,0.0666305189675976,0.1200981188390079,0.1668416616502425,1
1775545124.6237226,230.82,840.1,0.0650217435267663,0.0822089249570485,0.1452645795708048,0.181077266671331,1
1775545124.6543543,231.92,839.4,0.0588968692258368,0.0818138743925775,0.1498811051450906,0.1826450842405529,1
1775545124.6875966,230.34,838.96,0.0283911831265971,0.0657861317109715,0.1348376239297002,0.1850393315148354,1
1775545124.718263,235.8,838.4,0.0242634016404712,0.0720220733673353,0.1365551381085981,0.2048298987583852,1
1775545124.7532203,235.78,840.18,0.0655897008710465,0.1043711585715664,0.1615268517603747,0.2395714242305369,1
1775545124.7869017,235.76,837.32,0.1425677631750504,0.1813507795817332,0.1966409085092906,0.2778627039988569,0
1775545124.830231,236.02,837.8,0.1887361877970779,0.239371598279092,0.247173521576991,0.29808404129236,0
1775545124.8622973,232.78,836.22,0.2074706485247668,0.2628438701528175,0.2720101359054764,0.3143304756216107,0
1775545124.8941116,231.58,837.12,0.2195572596470174,0.2721077560068911,0.280088413253118,0.3144579014561893,0
1775545124.926155,231.96,836.82,0.2246495173129854,0.2819679690454352,0.2840043031591073,0.3165009868586783,0
1775545124.9574714,232.32,837.16,0.2267865660807694,0.2850906506873641,0.2837803166209857,0.3168041091530304,0
1775545124.9902284,234.38,835.5,0.2253846479721718,0.286377972641446,0.2841667111964824,0.3178890459658977,0
1775545125.022445,235.16,835.64,0.225326982149782,0.2838038124509777,0.2815609849295662,0.317338566952237,0
1775545125.0533652,236.36,834.36,0.2231202754983899,0.2816651318737108,0.2789765592815396,0.3148970329429717,0
1775545125.0864604,235.08,834.74,0.2201478397651681,0.2789095869690889,0.2767809594494966,0.3127304392429773,0
1775545125.1184075,234.7,834.0,0.2213261000291369,0.278986684772202,0.2760802089953207,0.3130104934004836,0
1775545125.1504586,234.76,833.4,0.2201108991998773,0.2781687465828047,0.2759189149180746,0.3124216221274516,0
1775545125.1825454,235.56,831.86,0.2167174819447156,0.279110532127732,0.2752960880723655,0.3116015732021417,0
1775545125.216177,233.14,832.04,0.2186223703343608,0.2809765199222984,0.2763439244461861,0.3131593636256943,0
1775545125.268931,233.0,832.14,0.2153268122511601,0.2784682940921026,0.2754827745170107,0.3115115470534273,0
1775545125.2944498,232.22,832.36,0.2150691998946657,0.2794240179974033,0.2744221356517934,0.3128387651359454,0
1775545125.3237977,233.5,829.98,0.2139141001829276,0.2785124586231705,0.2740663494672962,0.3097282122996497,0
1775545125.3500044,233.7,831.16,0.2128901979237493,0.2780186705779879,0.272818411719916,0.3088147234484267,0
1775545125.37739,235.66,830.92,0.2107663328892206,0.2777054109214116,0.2726924524549523,0.3087673022757596,0
1775545125.405055,236.28,830.74,0.2097591917228934,0.2781659493184893,0.2718723119470165,0.3079108864422542,0
1775545125.4325418,236.36,831.02,0.2086937856496083,0.278463086579806,0.2720628585227178,0.3073077843019938,0
1775545125.459813,236.16,830.8,0.2096460796434866,0.2784572801497511,0.2713491043336847,0.3070105938755669,0
1775545125.4858215,237.5,829.78,0.207885264743614,0.2761709835461581,0.271107632331474,0.3062053744371071,0
1775545125.5120182,235.92,829.88,0.2045881555750042,0.2737565597752783,0.2691534655287599,0.3058443625200494,0
1775545125.5421586,237.36,829.38,0.2026328560436474,0.275216638740461,0.2701436082852578,0.3077405098698654,0
1775545125.5681489,237.8,829.28,0.2000596143782372,0.2753102761418488,0.2681469369932956,0.305150823584168,0
1775545125.5953305,238.54,828.8,0.1994323084929141,0.2746684259198021,0.2695698716225196,0.3072718485597305,0
1775545125.6244273,236.92,828.0,0.1983132123399675,0.2728226275371365,0.2696812576160752,0.3075506499689665,0
1775545125.6650827,239.14,827.76,0.1979781833048856,0.273830183106717,0.2703128801082365,0.3067543880682021,0
1775545125.6935172,240.54,828.82,0.1979667465981145,0.2743744933958882,0.2701624256456669,0.306852054334888,0
1775545125.7213757,242.3,828.34,0.1964615946469942,0.274301413555313,0.2691276370192529,0.3042544224324953,0
1775545125.7484896,243.0,829.8,0.1970962851211149,0.2754483031478723,0.2701437898569978,0.3057046654380806,0
1775545125.7762325,244.58,829.24,0.1967005913456519,0.2745724787015182,0.2689630983182047,0.3048980256231822,0
1775545125.8110108,243.94,827.36,0.1974146025438654,0.2737376717462775,0.2685160975249783,0.3057185762120128,0
1775545125.8455906,243.82,826.68,0.1962193519530962,0.2742202941316933,0.2709414269408193,0.3078956088442183,0
1775545125.8829832,242.26,825.94,0.1954640946699926,0.2753463452090424,0.2715640873463832,0.3066820591219507,0
1775545125.9091136,242.9,825.52,0.1958992499373268,0.2738057488251574,0.270103101913291,0.3046937196817622,0
1775545125.9578528,243.0,825.42,0.1990340374329223,0.2762382057259412,0.2718665568303585,0.3073265178407104,0
1775545125.9855864,242.48,824.58,0.1980650291520493,0.2748446948085304,0.2692866867439567,0.3063245342526672,0
1775545126.019374,241.46,824.12,0.1992471927286233,0.2759847192049771,0.2704619183330011,0.305275910435444,0
1775545126.053748,240.92,823.98,0.2002499468937086,0.276010267317467,0.27052190591053,0.3063734895534164,0
1775545126.082938,240.08,823.38,0.1996143190925055,0.2754587351680632,0.2694448588002797,0.3057422976567528,0
1775545126.1110282,241.24,824.64,0.1993455322544065,0.2768260583837245,0.2698759125004276,0.3058747822770253,0
1775545126.140201,240.04,825.02,0.2001955189172228,0.2757304513862842,0.2688120011447958,0.3042659328499145,0
1775545126.1650257,241.06,824.34,0.1993973595939992,0.2755381103593122,0.2691086538278066,0.3046728541536856,0
1775545126.1997776,239.64,824.6,0.2019039530712856,0.2774743675211529,0.2703429273004499,0.3043540571439614,0
1775545126.242736,241.58,824.06,0.1987037982755058,0.2749259243842821,0.2705472292822496,0.3086840867170377,0
1775545126.2772162,241.86,824.26,0.1972569546178282,0.2750098788028668,0.2706325211668023,0.312876229117105,0
1775545126.305053,241.26,823.46,0.1980544754667159,0.2749562809868798,0.2712641636176587,0.3129622596216405,0
1775545126.3400986,241.26,823.66,0.1981717425708854,0.2744910819235828,0.2704144205533249,0.312204441901468,0
1775545126.3730075,241.56,823.78,0.198139407570753,0.2735472735546465,0.271926461184637,0.3136235397356025,0
1775545126.4038618,241.4,822.9,0.2015462532082833,0.2778383391478775,0.2730016396028634,0.3126046951026118,0
1775545126.440486,243.62,823.08,0.2000421820310405,0.2754977318289549,0.2720168626632369,0.3118342897607493,0
1775545126.4673078,243.54,823.46,0.2006657235339495,0.2751079523507216,0.2713831622719772,0.3126033187657078,0
1775545126.5049582,244.94,822.44,0.2006372287493086,0.2754800650040946,0.271910929485934,0.3128329037924586,0
1775545126.5349426,244.94,822.32,0.2025703708827713,0.2774018353132206,0.2713022283245242,0.3120037690320758,0
1775545126.5618672,240.3,820.6,0.2010571205506885,0.2764260828859661,0.2714638931951915,0.3123251254906081,0
1775545126.6049695,238.88,818.52,0.2024297004019002,0.2763346269290866,0.2718343290360032,0.3108491057269072,0
1775545126.6373174,241.44,817.74,0.1987204925103847,0.275212727307153,0.2717792208725359,0.3132238047626849,0
1775545126.671911,242.26,818.06,0.2006535278161164,0.2749592257043742,0.2725531896422509,0.3135971548972096,0
1775545126.7136695,242.86,817.5,0.2006829717928326,0.2761942786874107,0.2718794973513112,0.3134027489235798,0
1775545126.7414834,240.68,817.68,0.2001399264100391,0.2754220231303009,0.2718895550406993,0.3126482306470033,0
1775545126.780089,241.94,817.44,0.1990188280785303,0.2751832247859939,0.2728910269768052,0.3133890021312103,0
1775545126.8176675,244.36,817.7,0.1997344522179697,0.2766121580310976,0.2733860891675502,0.3135443730906664,0
1775545126.8453789,242.88,814.4,0.1996962241602592,0.2750128794888385,0.2742054027627466,0.314751174007741,0
1775545126.866223,242.0,813.68,0.1998837374850559,0.2769144299147579,0.2736221390625529,0.3127900902673092,0
1775545126.90186,242.3,812.92,0.1995249818279235,0.275880209360302,0.2740925263953895,0.3143903995974152,0
1775545126.9424696,242.8,813.4,0.2012356255188587,0.2764782191630108,0.2729026799209038,0.3138094171952156,0
1775545126.974482,241.82,813.74,0.1994330814772295,0.2757790629001877,0.2734264305030791,0.3137206577035162,0
1775545127.0064423,241.34,813.92,0.1998217939037914,0.2759982601470943,0.2739367823754506,0.3128446139161739,0
1775545127.0382323,242.3,814.38,0.200025317231877,0.2755028705478077,0.2744566337109513,0.3117094315581008,0
1775545127.067465,244.34,813.96,0.2022691947676064,0.2770567294391202,0.274649952852627,0.3121458262657203,0
1775545127.1047657,244.98,814.56,0.2018761006309246,0.2761798155126619,0.2729011603474904,0.3111653955881347,0
1775545127.1499205,248.02,813.6,0.201744509263245,0.2760100246221358,0.2710493830644819,0.3074990104527369,0
1775545127.1838162,246.56,817.68,0.2019322626117745,0.2752087916580688,0.2713915767201974,0.3106146084521901,0
1775545127.2160394,245.02,820.08,0.2016830347539358,0.2759289078270751,0.2715993524883551,0.3115255961658275,0
1775545127.2466223,244.0,818.88,0.2020841457876973,0.2778734498574043,0.2740514433689789,0.3113682589630296,0
1775545127.2955856,244.34,819.64,0.202168706171848,0.2779710624030027,0.2732776581797557,0.3112693313062853,0
1775545127.3492618,241.48,812.34,0.2017383459172848,0.2763176043009522,0.2733670158809183,0.3115308372324975,0
1775545127.3921356,239.94,812.26,0.2014595179710425,0.2757104160643226,0.2730007867966694,0.3130861039222074,0
1775545127.4208193,238.56,811.8,0.2022740114911627,0.2768591203466329,0.273055443367951,0.312704123585066,0
1775545127.4540975,238.06,808.02,0.201988039002468,0.2780596418621538,0.2752834765567107,0.3140004402442903,0
1775545127.4857843,237.92,809.5,0.2021204485701882,0.2756007745765431,0.2737558719232086,0.3123589331999336,0
1775545127.5174212,237.04,814.0,0.2044052991660092,0.2778253221925903,0.2749835801826287,0.3109151572240528,0
1775545127.549585,236.52,815.56,0.2027889949479749,0.2773961366857534,0.2727983947650062,0.310168358755848,0
1775545127.584692,237.26,815.24,0.2038096074976899,0.2765075078293975,0.2735773969948346,0.3121906669202689,0
1775545127.6190853,238.42,816.38,0.2015131930766681,0.2765754199720582,0.2740640585716073,0.3120615638337304,0
1775545127.6489954,237.88,816.22,0.201270886310716,0.2782081222005695,0.2752460829114055,0.3124314280521467,0
1775545127.6847389,239.36,813.74,0.2018638635861263,0.2768886123757234,0.2756654683844177,0.3123286286569524,0
1775545127.7094402,238.82,814.18,0.2032470206774078,0.2775438345253496,0.2741586732749665,0.3120266625394305,0
1775545127.7423944,239.34,813.84,0.2033054369651045,0.278784902930859,0.2755753187599532,0.3118988849978746,0
1775545127.7743714,240.62,814.74,0.2032891163231784,0.2763930979169268,0.2744918817916767,0.3123202427269529,0
1775545127.806351,242.1,814.6,0.2048715908051969,0.2800871998323349,0.2756680741284741,0.3114514347098713,0
1775545127.8399005,243.5,813.84,0.2052449064660854,0.2782253384860836,0.2735288595948212,0.3099795365834052,0
1775545127.8702884,244.64,816.52,0.2032403054263459,0.2775487713522232,0.2726704342149633,0.3094543284444471,0
1775545127.9034927,245.18,818.16,0.2038851627680239,0.2792781874002962,0.2739698344403005,0.3117910603341426,0
1775545127.92873,244.78,818.94,0.2030386504068821,0.2796572620187129,0.274520141460939,0.3123937455909394,0
1775545127.9650414,245.4,822.82,0.2040055573449349,0.2787966961117127,0.2737060266980357,0.3119935746394167,0
1775545127.9986496,246.3,824.52,0.2019878939731024,0.2781300932804728,0.2727326172727788,0.3120999025214578,0
1775545128.0461383,245.3,823.82,0.2030989703526479,0.2766962375506954,0.2743482875077445,0.3114239191476314,0
1775545128.0773618,246.06,822.1,0.2035956458886562,0.2776852079357781,0.2728076182916404,0.3112395747422599,0
1775545128.1102378,244.94,820.78,0.202059069338313,0.277475170432288,0.2735078479037116,0.3137473689601796,0
1775545128.142358,243.24,821.94,0.2015693197678686,0.2763207265479214,0.2729716928404496,0.3125137297459633,0
1775545128.1742709,243.28,820.46,0.2026860143827003,0.2772672010577167,0.2731590853393207,0.311962186315151,0
1775545128.206265,242.22,819.26,0.2008644681929984,0.2769969237048844,0.2742368821910686,0.3137240543850504,0
1775545128.238191,241.84,817.5,0.1998457452653091,0.2768201680570811,0.27530813738305,0.3143128012839533,0
1775545128.270198,245.1,824.38,0.2020539111939779,0.2766857170991562,0.273962361729699,0.3115964230723858,0
1775545128.302265,246.44,823.98,0.2015846418402687,0.2784183625882372,0.2750177068124071,0.3123327208990157,0
1775545128.3358667,247.34,825.26,0.2000899529635241,0.2774653563430787,0.27500325160598,0.3116950766719774,0
1775545128.385727,247.6,824.24,0.2024438905828852,0.2790234595346391,0.2762131506969181,0.3134894998345294,0
1775545128.4133584,248.84,827.98,0.2023206680782722,0.2777645096280971,0.2760624621167345,0.3140827753961647,0
1775545128.451378,249.76,830.44,0.1997651272664765,0.2783858387989013,0.2757974510569473,0.3129704441452066,0
1775545128.4856534,248.26,831.18,0.2020811974873004,0.2786113863521812,0.2760228345742959,0.3142034850854587,0
1775545128.5284786,247.26,823.94,0.1996808247540728,0.277651690803991,0.2748075871293981,0.3125572162797417,0
1775545128.5743492,247.46,828.72,0.2014708841391581,0.2775621788144982,0.2740309790196519,0.3125467429722663,0
1775545128.6077466,248.86,828.46,0.1995074777024405,0.2763964292682176,0.2732113383274536,0.3118669721350741,0
1775545128.6384544,247.28,831.82,0.200130576372838,0.2784094262047924,0.2742909325821182,0.3128951339790514,0
1775545128.6695056,246.52,831.72,0.2005788616340955,0.2796765939825307,0.2762964369709887,0.3134847355165369,0
1775545128.7022214,247.04,831.38,0.2009030010099073,0.2811299848721507,0.2787565811411477,0.3162228210608133,0
1775545128.734362,245.76,828.76,0.1975386433147131,0.2794734090359105,0.2770538136703209,0.312885345461157,0
1775545128.7679217,245.4,830.94,0.2014715584391944,0.2825687537354392,0.2773484446121315,0.3135650504927515,0
1775545128.8042772,243.02,831.24,0.1993881880361744,0.2816782036784933,0.27691919008512,0.3135603618175935,0
1775545128.846179,242.52,831.34,0.1996906001739396,0.2798285883131635,0.2761330391772173,0.3134227168536179,0
1775545128.8783476,242.22,831.48,0.2002611585155453,0.2811293483200783,0.2764147031576303,0.3146895763617889,0
1775545128.910521,240.7,827.0,0.2011255602511273,0.2820716777683612,0.2776398116953469,0.3144236166216549,0
1775545128.9422865,241.36,824.92,0.2014776319531468,0.2837281591487733,0.2793493077643826,0.3162759188076962,0
1775545128.9782093,238.06,827.2,0.2024430505113881,0.2821820427345758,0.2786042326701582,0.3142533810849245,0
1775545129.0056002,238.5,828.4,0.2048620521936945,0.2839797337372758,0.2794996771914488,0.3134661261688808,0
1775545129.037464,240.12,837.68,0.2015172727988456,0.2785663937897703,0.276111721367571,0.3126582572671361,0
1775545129.070237,240.94,835.14,0.2047203285815,0.2813667689635052,0.2783512882099356,0.3146761425361456,0
1775545129.103377,241.58,836.7,0.2035678931162097,0.2801895351260366,0.2767395514277239,0.3157865580387536,0
1775545129.133458,243.18,838.28,0.2035551131872321,0.281562691157745,0.2790298466117689,0.3165064368871489,0
1775545129.1670637,241.74,838.6,0.2026782903770256,0.2810501666248349,0.27896459730937,0.3157219454692411,0
1775545129.200981,244.18,837.56,0.2036386110923999,0.2812921710493386,0.2767046105127423,0.3149776416762958,0
1775545129.2478583,245.82,834.7,0.2040384249741898,0.2827850751103756,0.2778043283049961,0.3159712017725805,0
1775545129.2784595,245.16,832.1,0.2024730525327638,0.2816002648241472,0.2778121122587875,0.3169655298477616,0
1775545129.3091617,244.62,830.96,0.2045554160267365,0.2815922762571944,0.2784337322396528,0.3162479835024215,0
1775545129.3421593,243.82,831.94,0.2029551176767971,0.2811085295064942,0.2776627738084221,0.3164063218823,0
1775545129.3743527,243.34,835.92,0.2046203998195866,0.2823234931864918,0.2777888906295807,0.3138846511155365,0
1775545129.4068918,244.22,833.8,0.2031114178935222,0.2830444058044762,0.27880492888554,0.3174981422982157,0
1775545129.43843,243.82,829.26,0.2036365805803996,0.2805220390052099,0.2772488687128919,0.3149186256420591,0
1775545129.4699771,241.2,827.08,0.2022442800821146,0.2809506604622304,0.278209516246837,0.3181477523868788,0
1775545129.502308,237.18,828.5,0.2044191730454873,0.2807554400238971,0.278084389435232,0.3155588230456014,0
1775545129.539562,236.12,830.26,0.2007458504738881,0.2814601906380505,0.2779663408745488,0.3165819908328804,0
1775545129.566489,238.12,822.58,0.2027089293467527,0.2837042881080894,0.2797553764200335,0.3188152892834622,0
1775545129.6007173,237.84,820.36,0.2018109817514622,0.2802360446517322,0.276656038946069,0.3153332202995785,0
1775545129.6461625,235.24,818.8,0.2013308186633487,0.2807690479707628,0.2769636814678793,0.3156812642243349,0
1775545129.678341,234.72,813.5,0.2024975575909623,0.2811552252967903,0.277275943554266,0.316811178745189,0
1775545129.7101934,233.62,812.52,0.2020809849592829,0.2816585331998781,0.2778577764172024,0.3152069250851593,0
1775545129.7437568,234.2,809.94,0.203195264934449,0.282518941188963,0.2780260362867339,0.3160885801482205,0
1775545129.7744043,231.42,809.24,0.2015833727428067,0.2803900432681284,0.2769945338157299,0.3143613532508657,0
1775545129.8078856,230.94,810.46,0.2024546991359722,0.2834344868745432,0.2785241028023356,0.3147583537464978,0
1775545129.8374157,231.76,810.3,0.2007139116282874,0.2808661581219333,0.2773799478699276,0.3153638968769587,0
1775545129.8715887,233.58,810.72,0.2008364611097325,0.2805946251483022,0.2776153124323162,0.3166007483697822,0
1775545129.902399,232.72,812.26,0.2021925185882599,0.2806588274575895,0.2770848217796788,0.3136634006687763,0
1775545129.9344409,232.7,814.48,0.2006467615409375,0.2805494161215459,0.2764623587559748,0.3139357797608016,0
1775545129.9666317,232.16,811.02,0.20040451856427,0.2809174452397684,0.2758795155451923,0.3132364823038544,0
1775545129.9981952,233.08,813.2,0.2011697875157688,0.2801259687022046,0.2766692451372684,0.3153938590101858,0
1775545130.0334685,231.28,812.8,0.199958694370657,0.2800368022260224,0.2767422143997737,0.3157668074440428,0
1775545130.064572,230.86,811.92,0.1995591452818282,0.2794936834592189,0.2760456379044319,0.3147214290079511,0
1775545130.1100512,227.78,810.58,0.1992718217778946,0.2801565198741362,0.2763476258581278,0.3156587681828787,0
1775545130.1422565,227.34,804.76,0.1985785514678631,0.2794763129866072,0.2768018938923403,0.3159833728253057,0
1775545130.1745193,227.78,803.78,0.1980777414793441,0.2797648861948382,0.2755238698454665,0.3152605073405859,0
1775545130.2062745,226.82,810.3,0.1982507366050362,0.2803010919429385,0.2757769167897281,0.316668543589405,0
1775545130.2380962,231.12,808.82,0.1996782319937258,0.2811783779204975,0.2773712586264324,0.3176183515805868,0
1775545130.2704291,230.12,808.06,0.1979112306926021,0.2812409730179809,0.2779904088924098,0.3179963556475604,0
1775545130.3014462,233.24,807.98,0.1960199229617261,0.2813294540256252,0.2764706242066178,0.3160600927004275,0
1775545130.3345478,233.08,804.6,0.1982431231569896,0.2836858461232322,0.2790028043320098,0.3186115808157825,0
1775545130.3673885,233.2,804.92,0.1979639706557102,0.2846483846923624,0.2799487183499087,0.3205636266747188,0
1775545130.3986375,234.26,806.36,0.1969568661773043,0.2851558708175291,0.2799290215293425,0.3192592200706038,0
1775545130.4320486,233.7,800.24,0.1964787724983407,0.2845782749839057,0.2792073328052779,0.3189360327419865,0
1775545130.465649,232.88,798.4,0.1981802811736626,0.2840951125152519,0.2784485503490668,0.3197801122440117,0
1775545130.5109923,231.5,795.96,0.1992362090885322,0.2854016228678424,0.279855153579232,0.3200793287277523,0
1775545130.5432618,229.2,795.1,0.1992859177620966,0.2872366446312988,0.2811894444734135,0.3226032143871952,0
1775545130.5751226,230.54,794.22,0.2012357916148039,0.2883130031160711,0.2823575872187118,0.3222599772874998,0
1775545130.606168,231.12,794.04,0.1977670788840897,0.2863808292589568,0.2810060048655165,0.3209733985178872,0
1775545130.6383617,234.78,793.96,0.1988136180633406,0.2853800998526434,0.2806796887836925,0.323242009281333,0
1775545130.6694562,234.44,788.56,0.2006816615016535,0.2889997085335128,0.2836945852603606,0.3243704555441433,0
1775545130.7026496,234.62,788.32,0.1993663362039506,0.288096747465257,0.2833069008387011,0.3237888463704261,0
1775545130.7341335,233.92,789.96,0.1999697668947779,0.2882757156635259,0.2830429479501479,0.3241519194524148,0
1775545130.7653673,234.8,789.78,0.2011446282409023,0.2895361298751567,0.2834482904671976,0.3238652485443136,0
1775545130.7986753,235.2,791.72,0.202921791671056,0.2927344412534425,0.2848895539070092,0.3242592960867156,0
1775545130.8301058,236.76,790.2,0.2041534642028361,0.2934028368857583,0.2869234252774061,0.3245480633801446,0
1775545130.8638012,234.08,788.52,0.2031269625136483,0.2935710053581979,0.2884750057172038,0.327442119703212,0
1775545130.9103236,232.18,788.72,0.2036451118776713,0.2946634456801109,0.2892990164402485,0.3297927710898186,0
1775545130.9423022,232.82,790.56,0.2025392748056527,0.2923653366052142,0.2869765800591438,0.3285437350956739,0
1775545130.9743626,228.82,788.12,0.2005974561139062,0.2939985383701362,0.2880047189858902,0.3311469651411599,0
1775545131.0077846,228.46,785.74,0.2001491402839076,0.294805468995498,0.2897053448729123,0.3314280490496067,0
1775545131.0375936,228.94,785.52,0.2018271886151574,0.2966611072921304,0.2910223840605767,0.3319461896291693,0
1775545131.064797,228.16,785.58,0.2006298134989746,0.2966032032003653,0.2920206633709526,0.3328822901485234,0
1775545131.1015422,226.82,787.1,0.2015726062635454,0.2960765550354355,0.2910414236787342,0.3321657340985398,0
1775545131.152278,228.56,787.9,0.1986864939603956,0.2950434826644225,0.290722854923682,0.3331185402888665,0
1775545131.1837218,232.02,786.42,0.1941799286677908,0.2902359051850172,0.2882031706355257,0.3337144608642279,0
1775545131.209458,231.58,780.36,0.1983140196671248,0.2912501831890926,0.2873726462842279,0.3328230630334239,0
1775545131.2343304,229.34,786.44,0.1978525441221518,0.2913838576047097,0.2889197207076899,0.336303508201788,0
1775545131.2622857,227.44,784.26,0.1969296698235287,0.2903128548411683,0.2904401372609931,0.3354302887809043,0
1775545131.2901602,228.14,783.86,0.19643936357464,0.2917338363818403,0.2900561371704473,0.3315316560530535,0
1775545131.318416,228.16,783.34,0.1965568823839935,0.2902221711801296,0.2907518869535315,0.3323373143472604,0
1775545131.3455677,227.06,783.62,0.1993051775829388,0.2912150535937349,0.2891587186596693,0.3344973232392463,0
1775545131.3742158,226.42,782.62,0.1981838717203685,0.2905942555734164,0.2890138907455129,0.3329562281274218,0
1775545131.4010775,228.4,786.76,0.1957776045606743,0.2903814256821759,0.2879914173127582,0.3335221453189733,0
1775545131.4289064,228.36,785.84,0.2002608724122743,0.2941513615443293,0.2904736049706662,0.3334655856831795,0
1775545131.4635575,233.24,782.84,0.198883624655986,0.2920406868202512,0.289474453672458,0.3333305736947212,0
1775545131.4914567,231.2,782.84,0.1997498862794416,0.2908743650275583,0.2893839450272693,0.3349760598593986,0
1775545131.51916,228.54,781.16,0.1978616990008217,0.2903384685248489,0.2894288685503265,0.3340512318840193,0
1775545131.553894,227.6,778.82,0.1989207198600057,0.293209722572012,0.2897605162011658,0.3324865776504652,0
1775545131.5882003,223.86,780.16,0.1996878819423808,0.292799598406311,0.2901247100040419,0.3333168283639536,0
1775545131.616368,221.18,779.58,0.1994421488168027,0.292153463888387,0.2906621257036575,0.3342950658323514,0
1775545131.6511357,221.06,781.64,0.1976566869770169,0.2905563174554568,0.2878377031404221,0.3334577483469158,0
1775545131.678784,220.44,781.62,0.1999634061121473,0.2907163597486121,0.2881219616323286,0.3332805807568378,0
1775545131.713428,223.48,780.1,0.1979451253773936,0.2890498299709138,0.2882675734213061,0.3327977369600273,0
1775545131.7422905,223.54,782.6,0.1974841633554304,0.2890778479644834,0.2876149979562927,0.3325460260998258,0
1775545131.7692175,227.26,782.78,0.2005438759932144,0.2939585555275344,0.2903669511669363,0.3333446072722408,0
1775545131.8065312,226.84,781.26,0.1975465058241906,0.2896452568981804,0.2881851125765287,0.3334873703363049,0
1775545131.8372252,224.62,776.7,0.197836245343672,0.2907662077002299,0.2887843506878721,0.3323936499024478,0
1775545131.8693323,224.18,780.12,0.1989471332933457,0.2930505279800717,0.2898941166208075,0.3329225551314249,0
1775545131.9081151,221.26,779.76,0.1986586807635217,0.292981670434968,0.2892239461433483,0.3315046742582671,0
1775545131.956473,223.08,782.66,0.2017877372114021,0.2945011463563529,0.2894234753497707,0.3316483467911714,0
1775545131.9856071,217.22,779.36,0.2012704548653605,0.2918416826388,0.2873596277839676,0.3294754229708811,0
1775545132.0294013,216.38,778.74,0.2004603276749559,0.2897973388152075,0.2858186952292387,0.3282617000137353,0
1775545132.0623677,217.06,782.16,0.198197436310895,0.2851783238307632,0.2810892029400662,0.325615610003499,0
1775545132.0935187,217.9,782.1,0.1991363970995387,0.288804957833021,0.2855092180027604,0.3303389385917417,0
1775545132.1257951,223.92,783.1,0.2011118724963237,0.2898615679685456,0.2867541593316388,0.332065418226441,0
1775545132.1595566,224.78,785.38,0.1987016454204936,0.2900353534168216,0.2872864218294834,0.3326001875384974,0
1775545132.2062924,224.8,786.78,0.1983109806332517,0.2873897779156246,0.2854983477885022,0.3317172585455396,0
1775545132.2374482,223.88,785.36,0.1982631213006029,0.2888134832207671,0.2875264196805322,0.3316314906350465,0
1775545132.2720232,224.6,781.48,0.2004332486340559,0.2890890617048184,0.2880779270987766,0.3330527293225926,0
1775545132.302236,223.2,781.42,0.2006792369837523,0.2900697612193676,0.2873269425962738,0.3313666916595028,0
1775545132.3357255,221.18,777.74,0.2007477262711582,0.2896836589685028,0.2891601144190674,0.3333597065764203,0
1775545132.3662355,222.02,778.92,0.2008606801589931,0.2900019294934947,0.2868905481215782,0.3319489780015747,0
1775545132.399581,219.76,778.38,0.2014050282345747,0.2913421552750255,0.2889795356376729,0.3333360954967719,0
1775545132.4305103,218.26,777.98,0.1973694169335862,0.2853572110218467,0.2843614526696819,0.3316968118578384,0
1775545132.462476,217.26,777.72,0.2019723029191839,0.2899849432874361,0.2871820881562987,0.3314388059190445,0
1775545132.4937997,218.46,778.08,0.1993425423759385,0.2887877522916028,0.2858079467257363,0.3327489873784653,0
1775545132.5254714,219.2,777.32,0.1989519724083715,0.2872948731704986,0.2862220713180278,0.3325046437907692,0
1775545132.5592227,218.68,777.94,0.2024063643234656,0.2918946509864636,0.2882999838275927,0.3334979844832433,0
1775545132.573617,220.5,780.04,0.1996410236766611,0.2891423163827303,0.2867768560353328,0.3330341724389837,0
1775545132.623448,222.18,781.6,0.2023190818578535,0.2928402484563315,0.2894956654897088,0.334690355723404,0
1775545132.6385026,223.5,780.64,0.1994218415441819,0.2873195293696764,0.285698912350859,0.3341389414637622,0
1775545132.670261,223.86,781.6,0.1993193685862155,0.286306321146288,0.2838107007501098,0.3331187929202898,0
1775545132.702461,225.06,783.6,0.1984656572274572,0.2894025833524556,0.2876603006679572,0.3355694155801708,0
1775545132.752734,223.36,783.94,0.2005425799594833,0.290874872482036,0.2900529992175646,0.336807547254303,0
1775545132.798162,222.82,783.2,0.199310717474706,0.2898600215927986,0.2894752374404803,0.3375049142789968,0
1775545132.8293417,223.82,787.48,0.1992494971321241,0.2898179097724032,0.2888375024560617,0.3364069179870272,0
1775545132.862436,221.16,784.36,0.197168087161254,0.2871707542713983,0.2863432832812355,0.3351066402319288,0
1775545132.8956478,221.74,787.56,0.1999596041290003,0.2907002690131378,0.2894458456614311,0.3381544593643972,0
1775545132.9252384,220.62,789.24,0.1994670574689547,0.2900729287670856,0.2897035477651715,0.3379062102923525,0
1775545132.9598267,221.74,791.12,0.1984699684160466,0.2890121956096906,0.2891401306813136,0.3359361292184443,0
1775545132.993809,223.36,793.42,0.1986348592201475,0.290002918482503,0.2904629503898275,0.3377430038599744,0
1775545133.0398028,223.14,796.06,0.1973278864303271,0.2882583023642018,0.2867435952692886,0.3356827231080649,0
1775545133.0703683,221.54,794.32,0.1964373353360857,0.2875050333199891,0.2855992194016692,0.3339162432671973,0
1775545133.1024177,222.06,794.6,0.1995787767115203,0.2924882038938073,0.2898692952861801,0.3373856219964796,0
1775545133.1342428,217.34,795.92,0.1984411770675044,0.2894251705303224,0.2891414088292615,0.3373779784624356,0
1775545133.165749,215.96,792.92,0.1981057449896531,0.2922177669723795,0.2887303707321648,0.3379848285969644,0
1775545133.1974354,220.54,794.0,0.1957973914252944,0.2902262105547768,0.2879809276634562,0.3366095312987206,0
1775545133.2304127,220.42,793.44,0.1943424718303968,0.2879586817272376,0.2873124137354128,0.336726512338953,0
1775545133.2623482,223.08,790.92,0.1956599232203027,0.2894474746393764,0.2888377062259825,0.3375541971572643,0
1775545133.2944207,224.8,789.64,0.1942929212134259,0.2854439085770548,0.2842023511273856,0.3343515770504396,0
1775545133.3265648,224.8,786.7,0.1931613443254796,0.2884338954354624,0.2864292351254188,0.3355557546465269,0
1775545133.3573198,226.58,787.08,0.1929870537249784,0.2877663576314839,0.2863051542942529,0.3365312094075466,0
1775545133.3924875,223.94,786.44,0.1946238172864668,0.2887696385610957,0.2872057033664736,0.3362968332095383,0
1775545133.423524,223.26,785.9,0.1941026652108805,0.2888663849090478,0.2872606818348134,0.3361667729437091,0
1775545133.470191,218.16,787.02,0.1960596683534856,0.290755160179201,0.2869016303247447,0.3358920561812052,0
1775545133.5025194,218.16,785.64,0.1956072706484161,0.28819466876703,0.2874001327705731,0.337045366181066,0
1775545133.535642,214.84,788.94,0.1952294412611318,0.2864503256027622,0.2853257122196124,0.3352625732977883,0
1775545133.5654156,213.3,784.48,0.1935345035379527,0.2879269458520492,0.2864718668528878,0.3365171845312461,0
1775545133.5989578,213.1,782.88,0.1925831841251845,0.2864007159939166,0.2851432245045569,0.3331024341081692,0
1775545133.63058,211.4,779.06,0.1943132031446646,0.2873047387179788,0.2859900361776732,0.3343129416775999,0
1775545133.6635766,216.42,780.0,0.1930132057910217,0.2850643211720781,0.2840573896875454,0.3332428500395198,0
1775545133.6939774,216.84,777.92,0.1936024037342536,0.2863026370944084,0.2845850324229407,0.3334013021646777,0
1775545133.7260406,214.52,778.98,0.1902906972738515,0.2841904380115245,0.2845074961117182,0.3343632459950849,0
